round,pageUrl,id,home.name,home.id,away.name,away.id,status.finished,status.started,status.cancelled,status.awarded,status.scoreStr,status.reason.short,status.reason.long,status.reason.longKey,id_league_fotmob,name_league_fotmob,season,country_code_fotmob,logo_team_home,logo_team_away,match_date,match_time
1,https://www.fotmob.com/matches/liverpool-vs-afc-bournemouth/2he69q#4813374,4813374,Liverpool,8650,AFC Bournemouth,8678,True,True,False,False,4 - 2,FT,Full-Time,finished,47,Premier League,2025/2026,ENG,https://images.fotmob.com/image_resources/logo/teamlogo/8650.png,https://images.fotmob.com/image_resources/logo/teamlogo/8678.png,2025-08-15,21:00
1,https://www.fotmob.com/matches/aston-villa-vs-newcastle-united/3h9v0m#4813375,4813375,Aston Villa,10252,Newcastle United,10261,True,True,False,False,0 - 0,FT,Full-Time,finished,47,Premier League,2025/2026,ENG,https://images.fotmob.com/image_resources/logo/teamlogo/10252.png,https://images.fotmob.com/image_resources/logo/teamlogo/10261.png,2025-08-16,13:30
1,https://www.fotmob.com/matches/fulham-vs-brighton-hove-albion/3c2rvp#4813376,4813376,Brighton & Hove Albion,10204,Fulham,9879,True,True,False,False,1 - 1,FT,Full-Time,finished,47,Premier League,2025/2026,ENG,https://images.fotmob.com/image_resources/logo/teamlogo/10204.png,https://images.fotmob.com/image_resources/logo/teamlogo/9879.png,2025-08-16,16:00
1,https://www.fotmob.com/matches/sunderland-vs-west-ham-united/2fbl3n#4813378,4813378,Sunderland,8472,West Ham United,8654,True,True,False,False,3 - 0,FT,Full-Time,finished,47,Premier League,2025/2026,ENG,https://images.fotmob.com/image_resources/logo/teamlogo/8472.png,https://images.fotmob.com/image_resources/logo/teamlogo/8654.png,2025-08-16,16:00
1,https://www.fotmob.com/matches/burnley-vs-tottenham-hotspur/2bss1j#4813379,4813379,Tottenham Hotspur,8586,Burnley,8191,True,True,False,False,3 - 0,FT,Full-Time,finished,47,Premier League,2025/2026,ENG,https://images.fotmob.com/image_resources/logo/teamlogo/8586.png,https://images.fotmob.com/image_resources/logo/teamlogo/8191.png,2025-08-16,16:00
1,https://www.fotmob.com/matches/manchester-city-vs-wolverhampton-wanderers/2emo8d#4813380,4813380,Wolverhampton Wanderers,8602,Manchester City,8456,True,True,False,False,0 - 4,FT,Full-Time,finished,47,Premier League,2025/2026,ENG,https://images.fotmob.com/image_resources/logo/teamlogo/8602.png,https://images.fotmob.com/image_resources/logo/teamlogo/8456.png,2025-08-16,18:30
1,https://www.fotmob.com/matches/chelsea-vs-crystal-palace/2rhvvj#4813381,4813381,Chelsea,8455,Crystal Palace,9826,True,True,False,False,0 - 0,FT,Full-Time,finished,47,Premier League,2025/2026,ENG,https://images.fotmob.com/image_resources/logo/teamlogo/8455.png,https://images.fotmob.com/image_resources/logo/teamlogo/9826.png,2025-08-17,15:00
1,https://www.fotmob.com/matches/brentford-vs-nottingham-forest/3crchb#4813377,4813377,Nottingham Forest,10203,Brentford,9937,True,True,False,False,3 - 1,FT,Full-Time,finished,47,Premier League,2025/2026,ENG,https://images.fotmob.com/image_resources/logo/teamlogo/10203.png,https://images.fotmob.com/image_resources/logo/teamlogo/9937.png,2025-08-17,15:00
1,https://www.fotmob.com/matches/arsenal-vs-manchester-united/3c3mu0#4813382,4813382,Manchester United,10260,Arsenal,9825,True,True,False,False,0 - 1,FT,Full-Time,finished,47,Premier League,2025/2026,ENG,https://images.fotmob.com/image_resources/logo/teamlogo/10260.png,https://images.fotmob.com/image_resources/logo/teamlogo/9825.png,2025-08-17,17:30
1,https://www.fotmob.com/matches/leeds-united-vs-everton/2fdf72#4813383,4813383,Leeds United,8463,Everton,8668,True,True,False,False,1 - 0,FT,Full-Time,finished,47,Premier League,2025/2026,ENG,https://images.fotmob.com/image_resources/logo/teamlogo/8463.png,https://images.fotmob.com/image_resources/logo/teamlogo/8668.png,2025-08-18,21:00
2,https://www.fotmob.com/matches/chelsea-vs-west-ham-united/2f5ck5#4813394,4813394,West Ham United,8654,Chelsea,8455,True,True,False,False,1 - 5,FT,Full-Time,finished,47,Premier League,2025/2026,ENG,https://images.fotmob.com/image_resources/logo/teamlogo/8654.png,https://images.fotmob.com/image_resources/logo/teamlogo/8455.png,2025-08-22,21:00
2,https://www.fotmob.com/matches/manchester-city-vs-tottenham-hotspur/2egtpx#4813392,4813392,Manchester City,8456,Tottenham Hotspur,8586,True,True,False,False,0 - 2,FT,Full-Time,finished,47,Premier League,2025/2026,ENG,https://images.fotmob.com/image_resources/logo/teamlogo/8456.png,https://images.fotmob.com/image_resources/logo/teamlogo/8586.png,2025-08-23,13:30
2,https://www.fotmob.com/matches/wolverhampton-wanderers-vs-afc-bournemouth/2gwdd2#4813385,4813385,AFC Bournemouth,8678,Wolverhampton Wanderers,8602,True,True,False,False,1 - 0,FT,Full-Time,finished,47,Premier League,2025/2026,ENG,https://images.fotmob.com/image_resources/logo/teamlogo/8678.png,https://images.fotmob.com/image_resources/logo/teamlogo/8602.png,2025-08-23,16:00
2,https://www.fotmob.com/matches/brentford-vs-aston-villa/3dciw4#4813387,4813387,Brentford,9937,Aston Villa,10252,True,True,False,False,1 - 0,FT,Full-Time,finished,47,Premier League,2025/2026,ENG,https://images.fotmob.com/image_resources/logo/teamlogo/9937.png,https://images.fotmob.com/image_resources/logo/teamlogo/10252.png,2025-08-23,16:00
2,https://www.fotmob.com/matches/burnley-vs-sunderland/2anx64#4813388,4813388,Burnley,8191,Sunderland,8472,True,True,False,False,2 - 0,FT,Full-Time,finished,47,Premier League,2025/2026,ENG,https://images.fotmob.com/image_resources/logo/teamlogo/8191.png,https://images.fotmob.com/image_resources/logo/teamlogo/8472.png,2025-08-23,16:00
2,https://www.fotmob.com/matches/leeds-united-vs-arsenal/2rkmmx#4813386,4813386,Arsenal,9825,Leeds United,8463,True,True,False,False,5 - 0,FT,Full-Time,finished,47,Premier League,2025/2026,ENG,https://images.fotmob.com/image_resources/logo/teamlogo/9825.png,https://images.fotmob.com/image_resources/logo/teamlogo/8463.png,2025-08-23,18:30
2,https://www.fotmob.com/matches/crystal-palace-vs-nottingham-forest/3bfk5h#4813389,4813389,Crystal Palace,9826,Nottingham Forest,10203,True,True,False,False,1 - 1,FT,Full-Time,finished,47,Premier League,2025/2026,ENG,https://images.fotmob.com/image_resources/logo/teamlogo/9826.png,https://images.fotmob.com/image_resources/logo/teamlogo/10203.png,2025-08-24,15:00
2,https://www.fotmob.com/matches/everton-vs-brighton-hove-albion/2y16fs#4813390,4813390,Everton,8668,Brighton & Hove Albion,10204,True,True,False,False,2 - 0,FT,Full-Time,finished,47,Premier League,2025/2026,ENG,https://images.fotmob.com/image_resources/logo/teamlogo/8668.png,https://images.fotmob.com/image_resources/logo/teamlogo/10204.png,2025-08-24,15:00
2,https://www.fotmob.com/matches/fulham-vs-manchester-united/3cqww9#4813391,4813391,Fulham,9879,Manchester United,10260,True,True,False,False,1 - 1,FT,Full-Time,finished,47,Premier League,2025/2026,ENG,https://images.fotmob.com/image_resources/logo/teamlogo/9879.png,https://images.fotmob.com/image_resources/logo/teamlogo/10260.png,2025-08-24,17:30
2,https://www.fotmob.com/matches/liverpool-vs-newcastle-united/2ygyxm#4813393,4813393,Newcastle United,10261,Liverpool,8650,True,True,False,False,2 - 3,FT,Full-Time,finished,47,Premier League,2025/2026,ENG,https://images.fotmob.com/image_resources/logo/teamlogo/10261.png,https://images.fotmob.com/image_resources/logo/teamlogo/8650.png,2025-08-25,21:00
3,https://www.fotmob.com/matches/chelsea-vs-fulham/2s2omg#4813397,4813397,Chelsea,8455,Fulham,9879,True,True,False,False,2 - 0,FT,Full-Time,finished,47,Premier League,2025/2026,ENG,https://images.fotmob.com/image_resources/logo/teamlogo/8455.png,https://images.fotmob.com/image_resources/logo/teamlogo/9879.png,2025-08-30,13:30
3,https://www.fotmob.com/matches/burnley-vs-manchester-united/2tcrst#4813400,4813400,Manchester United,10260,Burnley,8191,True,True,False,False,3 - 2,FT,Full-Time,finished,47,Premier League,2025/2026,ENG,https://images.fotmob.com/image_resources/logo/teamlogo/10260.png,https://images.fotmob.com/image_resources/logo/teamlogo/8191.png,2025-08-30,16:00
3,https://www.fotmob.com/matches/sunderland-vs-brentford/2sw7v2#4813402,4813402,Sunderland,8472,Brentford,9937,True,True,False,False,2 - 1,FT,Full-Time,finished,47,Premier League,2025/2026,ENG,https://images.fotmob.com/image_resources/logo/teamlogo/8472.png,https://images.fotmob.com/image_resources/logo/teamlogo/9937.png,2025-08-30,16:00
3,https://www.fotmob.com/matches/tottenham-hotspur-vs-afc-bournemouth/2gqg4e#4813403,4813403,Tottenham Hotspur,8586,AFC Bournemouth,8678,True,True,False,False,0 - 1,FT,Full-Time,finished,47,Premier League,2025/2026,ENG,https://images.fotmob.com/image_resources/logo/teamlogo/8586.png,https://images.fotmob.com/image_resources/logo/teamlogo/8678.png,2025-08-30,16:00
3,https://www.fotmob.com/matches/wolverhampton-wanderers-vs-everton/2gso21#4813404,4813404,Wolverhampton Wanderers,8602,Everton,8668,True,True,False,False,2 - 3,FT,Full-Time,finished,47,Premier League,2025/2026,ENG,https://images.fotmob.com/image_resources/logo/teamlogo/8602.png,https://images.fotmob.com/image_resources/logo/teamlogo/8668.png,2025-08-30,16:00
3,https://www.fotmob.com/matches/leeds-united-vs-newcastle-united/2wdjjd#4813398,4813398,Leeds United,8463,Newcastle United,10261,True,True,False,False,0 - 0,FT,Full-Time,finished,47,Premier League,2025/2026,ENG,https://images.fotmob.com/image_resources/logo/teamlogo/8463.png,https://images.fotmob.com/image_resources/logo/teamlogo/10261.png,2025-08-30,18:30
3,https://www.fotmob.com/matches/manchester-city-vs-brighton-hove-albion/2vnwg2#4813396,4813396,Brighton & Hove Albion,10204,Manchester City,8456,True,True,False,False,2 - 1,FT,Full-Time,finished,47,Premier League,2025/2026,ENG,https://images.fotmob.com/image_resources/logo/teamlogo/10204.png,https://images.fotmob.com/image_resources/logo/teamlogo/8456.png,2025-08-31,15:00
3,https://www.fotmob.com/matches/west-ham-united-vs-nottingham-forest/2xv42z#4813401,4813401,Nottingham Forest,10203,West Ham United,8654,True,True,False,False,0 - 3,FT,Full-Time,finished,47,Premier League,2025/2026,ENG,https://images.fotmob.com/image_resources/logo/teamlogo/10203.png,https://images.fotmob.com/image_resources/logo/teamlogo/8654.png,2025-08-31,15:00
3,https://www.fotmob.com/matches/liverpool-vs-arsenal/2tmaz7#4813399,4813399,Liverpool,8650,Arsenal,9825,True,True,False,False,1 - 0,FT,Full-Time,finished,47,Premier League,2025/2026,ENG,https://images.fotmob.com/image_resources/logo/teamlogo/8650.png,https://images.fotmob.com/image_resources/logo/teamlogo/9825.png,2025-08-31,17:30
3,https://www.fotmob.com/matches/crystal-palace-vs-aston-villa/3c0md7#4813395,4813395,Aston Villa,10252,Crystal Palace,9826,True,True,False,False,0 - 3,FT,Full-Time,finished,47,Premier League,2025/2026,ENG,https://images.fotmob.com/image_resources/logo/teamlogo/10252.png,https://images.fotmob.com/image_resources/logo/teamlogo/9826.png,2025-08-31,20:00
4,https://www.fotmob.com/matches/arsenal-vs-nottingham-forest/3bf4p3#4813406,4813406,Arsenal,9825,Nottingham Forest,10203,True,True,False,False,3 - 0,FT,Full-Time,finished,47,Premier League,2025/2026,ENG,https://images.fotmob.com/image_resources/logo/teamlogo/9825.png,https://images.fotmob.com/image_resources/logo/teamlogo/10203.png,2025-09-13,13:30
4,https://www.fotmob.com/matches/afc-bournemouth-vs-brighton-hove-albion/2y583t#4813405,4813405,AFC Bournemouth,8678,Brighton & Hove Albion,10204,True,True,False,False,2 - 1,FT,Full-Time,finished,47,Premier League,2025/2026,ENG,https://images.fotmob.com/image_resources/logo/teamlogo/8678.png,https://images.fotmob.com/image_resources/logo/teamlogo/10204.png,2025-09-13,16:00
4,https://www.fotmob.com/matches/sunderland-vs-crystal-palace/2rojsh#4813409,4813409,Crystal Palace,9826,Sunderland,8472,True,True,False,False,0 - 0,FT,Full-Time,finished,47,Premier League,2025/2026,ENG,https://images.fotmob.com/image_resources/logo/teamlogo/9826.png,https://images.fotmob.com/image_resources/logo/teamlogo/8472.png,2025-09-13,16:00
4,https://www.fotmob.com/matches/everton-vs-aston-villa/2ykmb4#4813410,4813410,Everton,8668,Aston Villa,10252,True,True,False,False,0 - 0,FT,Full-Time,finished,47,Premier League,2025/2026,ENG,https://images.fotmob.com/image_resources/logo/teamlogo/8668.png,https://images.fotmob.com/image_resources/logo/teamlogo/10252.png,2025-09-13,16:00
4,https://www.fotmob.com/matches/leeds-united-vs-fulham/2s5tto#4813411,4813411,Fulham,9879,Leeds United,8463,True,True,False,False,1 - 0,FT,Full-Time,finished,47,Premier League,2025/2026,ENG,https://images.fotmob.com/image_resources/logo/teamlogo/9879.png,https://images.fotmob.com/image_resources/logo/teamlogo/8463.png,2025-09-13,16:00
4,https://www.fotmob.com/matches/wolverhampton-wanderers-vs-newcastle-united/2xxjcy#4813413,4813413,Newcastle United,10261,Wolverhampton Wanderers,8602,True,True,False,False,1 - 0,FT,Full-Time,finished,47,Premier League,2025/2026,ENG,https://images.fotmob.com/image_resources/logo/teamlogo/10261.png,https://images.fotmob.com/image_resources/logo/teamlogo/8602.png,2025-09-13,16:00
4,https://www.fotmob.com/matches/tottenham-hotspur-vs-west-ham-united/2ghkm2#4813414,4813414,West Ham United,8654,Tottenham Hotspur,8586,True,True,False,False,0 - 3,FT,Full-Time,finished,47,Premier League,2025/2026,ENG,https://images.fotmob.com/image_resources/logo/teamlogo/8654.png,https://images.fotmob.com/image_resources/logo/teamlogo/8586.png,2025-09-13,18:30
4,https://www.fotmob.com/matches/chelsea-vs-brentford/2spihp#4813407,4813407,Brentford,9937,Chelsea,8455,True,True,False,False,2 - 2,FT,Full-Time,finished,47,Premier League,2025/2026,ENG,https://images.fotmob.com/image_resources/logo/teamlogo/9937.png,https://images.fotmob.com/image_resources/logo/teamlogo/8455.png,2025-09-13,21:00
4,https://www.fotmob.com/matches/burnley-vs-liverpool/2cfu6v#4813408,4813408,Burnley,8191,Liverpool,8650,True,True,False,False,0 - 1,FT,Full-Time,finished,47,Premier League,2025/2026,ENG,https://images.fotmob.com/image_resources/logo/teamlogo/8191.png,https://images.fotmob.com/image_resources/logo/teamlogo/8650.png,2025-09-14,15:00
4,https://www.fotmob.com/matches/manchester-city-vs-manchester-united/2wabz2#4813412,4813412,Manchester City,8456,Manchester United,10260,True,True,False,False,3 - 0,FT,Full-Time,finished,47,Premier League,2025/2026,ENG,https://images.fotmob.com/image_resources/logo/teamlogo/8456.png,https://images.fotmob.com/image_resources/logo/teamlogo/10260.png,2025-09-14,17:30
5,https://www.fotmob.com/matches/liverpool-vs-everton/2hagld#4813420,4813420,Liverpool,8650,Everton,8668,True,True,False,False,2 - 1,FT,Full-Time,finished,47,Premier League,2025/2026,ENG,https://images.fotmob.com/image_resources/logo/teamlogo/8650.png,https://images.fotmob.com/image_resources/logo/teamlogo/8668.png,2025-09-20,13:30
5,https://www.fotmob.com/matches/tottenham-hotspur-vs-brighton-hove-albion/2x42vj#4813417,4813417,Brighton & Hove Albion,10204,Tottenham Hotspur,8586,True,True,False,False,2 - 2,FT,Full-Time,finished,47,Premier League,2025/2026,ENG,https://images.fotmob.com/image_resources/logo/teamlogo/10204.png,https://images.fotmob.com/image_resources/logo/teamlogo/8586.png,2025-09-20,16:00
5,https://www.fotmob.com/matches/burnley-vs-nottingham-forest/2sq9j2#4813418,4813418,Burnley,8191,Nottingham Forest,10203,True,True,False,False,1 - 1,FT,Full-Time,finished,47,Premier League,2025/2026,ENG,https://images.fotmob.com/image_resources/logo/teamlogo/8191.png,https://images.fotmob.com/image_resources/logo/teamlogo/10203.png,2025-09-20,16:00
5,https://www.fotmob.com/matches/west-ham-united-vs-crystal-palace/2toa9m#4813423,4813423,West Ham United,8654,Crystal Palace,9826,True,True,False,False,1 - 2,FT,Full-Time,finished,47,Premier League,2025/2026,ENG,https://images.fotmob.com/image_resources/logo/teamlogo/8654.png,https://images.fotmob.com/image_resources/logo/teamlogo/9826.png,2025-09-20,16:00
5,https://www.fotmob.com/matches/leeds-united-vs-wolverhampton-wanderers/2ep8dz#4813424,4813424,Wolverhampton Wanderers,8602,Leeds United,8463,True,True,False,False,1 - 3,FT,Full-Time,finished,47,Premier League,2025/2026,ENG,https://images.fotmob.com/image_resources/logo/teamlogo/8602.png,https://images.fotmob.com/image_resources/logo/teamlogo/8463.png,2025-09-20,16:00
5,https://www.fotmob.com/matches/chelsea-vs-manchester-united/2w9xj5#4813421,4813421,Manchester United,10260,Chelsea,8455,True,True,False,False,2 - 1,FT,Full-Time,finished,47,Premier League,2025/2026,ENG,https://images.fotmob.com/image_resources/logo/teamlogo/10260.png,https://images.fotmob.com/image_resources/logo/teamlogo/8455.png,2025-09-20,18:30
5,https://www.fotmob.com/matches/fulham-vs-brentford/38wlut#4813419,4813419,Fulham,9879,Brentford,9937,True,True,False,False,3 - 1,FT,Full-Time,finished,47,Premier League,2025/2026,ENG,https://images.fotmob.com/image_resources/logo/teamlogo/9879.png,https://images.fotmob.com/image_resources/logo/teamlogo/9937.png,2025-09-20,21:00
5,https://www.fotmob.com/matches/afc-bournemouth-vs-newcastle-united/2ysbu8#4813415,4813415,AFC Bournemouth,8678,Newcastle United,10261,True,True,False,False,0 - 0,FT,Full-Time,finished,47,Premier League,2025/2026,ENG,https://images.fotmob.com/image_resources/logo/teamlogo/8678.png,https://images.fotmob.com/image_resources/logo/teamlogo/10261.png,2025-09-21,15:00
5,https://www.fotmob.com/matches/sunderland-vs-aston-villa/2wdjjm#4813422,4813422,Sunderland,8472,Aston Villa,10252,True,True,False,False,1 - 1,FT,Full-Time,finished,47,Premier League,2025/2026,ENG,https://images.fotmob.com/image_resources/logo/teamlogo/8472.png,https://images.fotmob.com/image_resources/logo/teamlogo/10252.png,2025-09-21,15:00
5,https://www.fotmob.com/matches/manchester-city-vs-arsenal/2rhvvi#4813416,4813416,Arsenal,9825,Manchester City,8456,True,True,False,False,1 - 1,FT,Full-Time,finished,47,Premier League,2025/2026,ENG,https://images.fotmob.com/image_resources/logo/teamlogo/9825.png,https://images.fotmob.com/image_resources/logo/teamlogo/8456.png,2025-09-21,17:30
6,https://www.fotmob.com/matches/brentford-vs-manchester-united/3dfzjk#4813426,4813426,Brentford,9937,Manchester United,10260,True,True,False,False,3 - 1,FT,Full-Time,finished,47,Premier League,2025/2026,ENG,https://images.fotmob.com/image_resources/logo/teamlogo/9937.png,https://images.fotmob.com/image_resources/logo/teamlogo/10260.png,2025-09-27,13:30
6,https://www.fotmob.com/matches/chelsea-vs-brighton-hove-albion/2vni1p#4813427,4813427,Chelsea,8455,Brighton & Hove Albion,10204,True,True,False,False,1 - 3,FT,Full-Time,finished,47,Premier League,2025/2026,ENG,https://images.fotmob.com/image_resources/logo/teamlogo/8455.png,https://images.fotmob.com/image_resources/logo/teamlogo/10204.png,2025-09-27,16:00
6,https://www.fotmob.com/matches/liverpool-vs-crystal-palace/2tmp8g#4813428,4813428,Crystal Palace,9826,Liverpool,8650,True,True,False,False,2 - 1,FT,Full-Time,finished,47,Premier League,2025/2026,ENG,https://images.fotmob.com/image_resources/logo/teamlogo/9826.png,https://images.fotmob.com/image_resources/logo/teamlogo/8650.png,2025-09-27,16:00
6,https://www.fotmob.com/matches/leeds-united-vs-afc-bournemouth/2fh3fh#4813430,4813430,Leeds United,8463,AFC Bournemouth,8678,True,True,False,False,2 - 2,FT,Full-Time,finished,47,Premier League,2025/2026,ENG,https://images.fotmob.com/image_resources/logo/teamlogo/8463.png,https://images.fotmob.com/image_resources/logo/teamlogo/8678.png,2025-09-27,16:00
6,https://www.fotmob.com/matches/burnley-vs-manchester-city/2ai7j8#4813431,4813431,Manchester City,8456,Burnley,8191,True,True,False,False,5 - 1,FT,Full-Time,finished,47,Premier League,2025/2026,ENG,https://images.fotmob.com/image_resources/logo/teamlogo/8456.png,https://images.fotmob.com/image_resources/logo/teamlogo/8191.png,2025-09-27,16:00
6,https://www.fotmob.com/matches/sunderland-vs-nottingham-forest/2vtwiu#4813433,4813433,Nottingham Forest,10203,Sunderland,8472,True,True,False,False,0 - 1,FT,Full-Time,finished,47,Premier League,2025/2026,ENG,https://images.fotmob.com/image_resources/logo/teamlogo/10203.png,https://images.fotmob.com/image_resources/logo/teamlogo/8472.png,2025-09-27,18:30
6,https://www.fotmob.com/matches/tottenham-hotspur-vs-wolverhampton-wanderers/2fydv8#4813434,4813434,Tottenham Hotspur,8586,Wolverhampton Wanderers,8602,True,True,False,False,1 - 1,FT,Full-Time,finished,47,Premier League,2025/2026,ENG,https://images.fotmob.com/image_resources/logo/teamlogo/8586.png,https://images.fotmob.com/image_resources/logo/teamlogo/8602.png,2025-09-27,21:00
6,https://www.fotmob.com/matches/fulham-vs-aston-villa/3cnglp#4813425,4813425,Aston Villa,10252,Fulham,9879,True,True,False,False,3 - 1,FT,Full-Time,finished,47,Premier League,2025/2026,ENG,https://images.fotmob.com/image_resources/logo/teamlogo/10252.png,https://images.fotmob.com/image_resources/logo/teamlogo/9879.png,2025-09-28,15:00
6,https://www.fotmob.com/matches/arsenal-vs-newcastle-united/3c42by#4813432,4813432,Newcastle United,10261,Arsenal,9825,True,True,False,False,1 - 2,FT,Full-Time,finished,47,Premier League,2025/2026,ENG,https://images.fotmob.com/image_resources/logo/teamlogo/10261.png,https://images.fotmob.com/image_resources/logo/teamlogo/9825.png,2025-09-28,17:30
6,https://www.fotmob.com/matches/west-ham-united-vs-everton/2hby1v#4813429,4813429,Everton,8668,West Ham United,8654,True,True,False,False,1 - 1,FT,Full-Time,finished,47,Premier League,2025/2026,ENG,https://images.fotmob.com/image_resources/logo/teamlogo/8668.png,https://images.fotmob.com/image_resources/logo/teamlogo/8654.png,2025-09-29,21:00
7,https://www.fotmob.com/matches/afc-bournemouth-vs-fulham/2uiul6#4813435,4813435,AFC Bournemouth,8678,Fulham,9879,True,True,False,False,3 - 1,FT,Full-Time,finished,47,Premier League,2025/2026,ENG,https://images.fotmob.com/image_resources/logo/teamlogo/8678.png,https://images.fotmob.com/image_resources/logo/teamlogo/9879.png,2025-10-03,21:00
7,https://www.fotmob.com/matches/leeds-united-vs-tottenham-hotspur/2ejdsf#4813441,4813441,Leeds United,8463,Tottenham Hotspur,8586,True,True,False,False,1 - 2,FT,Full-Time,finished,47,Premier League,2025/2026,ENG,https://images.fotmob.com/image_resources/logo/teamlogo/8463.png,https://images.fotmob.com/image_resources/logo/teamlogo/8586.png,2025-10-04,13:30
7,https://www.fotmob.com/matches/west-ham-united-vs-arsenal/2tnw09#4813436,4813436,Arsenal,9825,West Ham United,8654,True,True,False,False,2 - 0,FT,Full-Time,finished,47,Premier League,2025/2026,ENG,https://images.fotmob.com/image_resources/logo/teamlogo/9825.png,https://images.fotmob.com/image_resources/logo/teamlogo/8654.png,2025-10-04,16:00
7,https://www.fotmob.com/matches/sunderland-vs-manchester-united/2wgr5i#4813442,4813442,Manchester United,10260,Sunderland,8472,True,True,False,False,2 - 0,FT,Full-Time,finished,47,Premier League,2025/2026,ENG,https://images.fotmob.com/image_resources/logo/teamlogo/10260.png,https://images.fotmob.com/image_resources/logo/teamlogo/8472.png,2025-10-04,16:00
7,https://www.fotmob.com/matches/chelsea-vs-liverpool/2f3vr7#4813439,4813439,Chelsea,8455,Liverpool,8650,True,True,False,False,2 - 1,FT,Full-Time,finished,47,Premier League,2025/2026,ENG,https://images.fotmob.com/image_resources/logo/teamlogo/8455.png,https://images.fotmob.com/image_resources/logo/teamlogo/8650.png,2025-10-04,18:30
7,https://www.fotmob.com/matches/burnley-vs-aston-villa/2t9lxd#4813437,4813437,Aston Villa,10252,Burnley,8191,True,True,False,False,2 - 1,FT,Full-Time,finished,47,Premier League,2025/2026,ENG,https://images.fotmob.com/image_resources/logo/teamlogo/10252.png,https://images.fotmob.com/image_resources/logo/teamlogo/8191.png,2025-10-05,15:00
7,https://www.fotmob.com/matches/everton-vs-crystal-palace/2tttz7#4813440,4813440,Everton,8668,Crystal Palace,9826,True,True,False,False,2 - 1,FT,Full-Time,finished,47,Premier League,2025/2026,ENG,https://images.fotmob.com/image_resources/logo/teamlogo/8668.png,https://images.fotmob.com/image_resources/logo/teamlogo/9826.png,2025-10-05,15:00
7,https://www.fotmob.com/matches/nottingham-forest-vs-newcastle-united/3gocct#4813443,4813443,Newcastle United,10261,Nottingham Forest,10203,True,True,False,False,2 - 0,FT,Full-Time,finished,47,Premier League,2025/2026,ENG,https://images.fotmob.com/image_resources/logo/teamlogo/10261.png,https://images.fotmob.com/image_resources/logo/teamlogo/10203.png,2025-10-05,15:00
7,https://www.fotmob.com/matches/wolverhampton-wanderers-vs-brighton-hove-albion/2xaiyv#4813444,4813444,Wolverhampton Wanderers,8602,Brighton & Hove Albion,10204,True,True,False,False,1 - 1,FT,Full-Time,finished,47,Premier League,2025/2026,ENG,https://images.fotmob.com/image_resources/logo/teamlogo/8602.png,https://images.fotmob.com/image_resources/logo/teamlogo/10204.png,2025-10-05,15:00
7,https://www.fotmob.com/matches/manchester-city-vs-brentford/2spwom#4813438,4813438,Brentford,9937,Manchester City,8456,True,True,False,False,0 - 1,FT,Full-Time,finished,47,Premier League,2025/2026,ENG,https://images.fotmob.com/image_resources/logo/teamlogo/9937.png,https://images.fotmob.com/image_resources/logo/teamlogo/8456.png,2025-10-05,17:30
8,https://www.fotmob.com/matches/chelsea-vs-nottingham-forest/2vn3ne#4813451,4813451,Nottingham Forest,10203,Chelsea,8455,True,True,False,False,0 - 3,FT,Full-Time,finished,47,Premier League,2025/2026,ENG,https://images.fotmob.com/image_resources/logo/teamlogo/10203.png,https://images.fotmob.com/image_resources/logo/teamlogo/8455.png,2025-10-18,13:30
8,https://www.fotmob.com/matches/brighton-hove-albion-vs-newcastle-united/3gos5a#4813445,4813445,Brighton & Hove Albion,10204,Newcastle United,10261,True,True,False,False,2 - 1,FT,Full-Time,finished,47,Premier League,2025/2026,ENG,https://images.fotmob.com/image_resources/logo/teamlogo/10204.png,https://images.fotmob.com/image_resources/logo/teamlogo/10261.png,2025-10-18,16:00
8,https://www.fotmob.com/matches/burnley-vs-leeds-united/2akph4#4813446,4813446,Burnley,8191,Leeds United,8463,True,True,False,False,2 - 0,FT,Full-Time,finished,47,Premier League,2025/2026,ENG,https://images.fotmob.com/image_resources/logo/teamlogo/8191.png,https://images.fotmob.com/image_resources/logo/teamlogo/8463.png,2025-10-18,16:00
8,https://www.fotmob.com/matches/afc-bournemouth-vs-crystal-palace/2txspy#4813447,4813447,Crystal Palace,9826,AFC Bournemouth,8678,True,True,False,False,3 - 3,FT,Full-Time,finished,47,Premier League,2025/2026,ENG,https://images.fotmob.com/image_resources/logo/teamlogo/9826.png,https://images.fotmob.com/image_resources/logo/teamlogo/8678.png,2025-10-18,16:00
8,https://www.fotmob.com/matches/manchester-city-vs-everton/2fauom#4813450,4813450,Manchester City,8456,Everton,8668,True,True,False,False,2 - 0,FT,Full-Time,finished,47,Premier League,2025/2026,ENG,https://images.fotmob.com/image_resources/logo/teamlogo/8456.png,https://images.fotmob.com/image_resources/logo/teamlogo/8668.png,2025-10-18,16:00
8,https://www.fotmob.com/matches/sunderland-vs-wolverhampton-wanderers/2esixh#4813452,4813452,Sunderland,8472,Wolverhampton Wanderers,8602,True,True,False,False,2 - 0,FT,Full-Time,finished,47,Premier League,2025/2026,ENG,https://images.fotmob.com/image_resources/logo/teamlogo/8472.png,https://images.fotmob.com/image_resources/logo/teamlogo/8602.png,2025-10-18,16:00
8,https://www.fotmob.com/matches/arsenal-vs-fulham/37l643#4813448,4813448,Fulham,9879,Arsenal,9825,True,True,False,False,0 - 1,FT,Full-Time,finished,47,Premier League,2025/2026,ENG,https://images.fotmob.com/image_resources/logo/teamlogo/9879.png,https://images.fotmob.com/image_resources/logo/teamlogo/9825.png,2025-10-18,18:30
8,https://www.fotmob.com/matches/tottenham-hotspur-vs-aston-villa/2xnfpj#4813453,4813453,Tottenham Hotspur,8586,Aston Villa,10252,True,True,False,False,1 - 2,FT,Full-Time,finished,47,Premier League,2025/2026,ENG,https://images.fotmob.com/image_resources/logo/teamlogo/8586.png,https://images.fotmob.com/image_resources/logo/teamlogo/10252.png,2025-10-19,15:00
8,https://www.fotmob.com/matches/liverpool-vs-manchester-united/2ygkcb#4813449,4813449,Liverpool,8650,Manchester United,10260,True,True,False,False,1 - 2,FT,Full-Time,finished,47,Premier League,2025/2026,ENG,https://images.fotmob.com/image_resources/logo/teamlogo/8650.png,https://images.fotmob.com/image_resources/logo/teamlogo/10260.png,2025-10-19,17:30
8,https://www.fotmob.com/matches/west-ham-united-vs-brentford/2uwdxd#4813454,4813454,West Ham United,8654,Brentford,9937,True,True,False,False,0 - 2,FT,Full-Time,finished,47,Premier League,2025/2026,ENG,https://images.fotmob.com/image_resources/logo/teamlogo/8654.png,https://images.fotmob.com/image_resources/logo/teamlogo/9937.png,2025-10-20,21:00
9,https://www.fotmob.com/matches/leeds-united-vs-west-ham-united/2f8a75#4813461,4813461,Leeds United,8463,West Ham United,8654,True,True,False,False,2 - 1,FT,Full-Time,finished,47,Premier League,2025/2026,ENG,https://images.fotmob.com/image_resources/logo/teamlogo/8463.png,https://images.fotmob.com/image_resources/logo/teamlogo/8654.png,2025-10-24,21:00
9,https://www.fotmob.com/matches/chelsea-vs-sunderland/2dayh4#4813459,4813459,Chelsea,8455,Sunderland,8472,True,True,False,False,1 - 2,FT,Full-Time,finished,47,Premier League,2025/2026,ENG,https://images.fotmob.com/image_resources/logo/teamlogo/8455.png,https://images.fotmob.com/image_resources/logo/teamlogo/8472.png,2025-10-25,16:00
9,https://www.fotmob.com/matches/fulham-vs-newcastle-united/3crcfp#4813463,4813463,Newcastle United,10261,Fulham,9879,True,True,False,False,2 - 1,FT,Full-Time,finished,47,Premier League,2025/2026,ENG,https://images.fotmob.com/image_resources/logo/teamlogo/10261.png,https://images.fotmob.com/image_resources/logo/teamlogo/9879.png,2025-10-25,16:00
9,https://www.fotmob.com/matches/brighton-hove-albion-vs-manchester-united/3goccs#4813462,4813462,Manchester United,10260,Brighton & Hove Albion,10204,True,True,False,False,4 - 2,FT,Full-Time,finished,47,Premier League,2025/2026,ENG,https://images.fotmob.com/image_resources/logo/teamlogo/10260.png,https://images.fotmob.com/image_resources/logo/teamlogo/10204.png,2025-10-25,18:30
9,https://www.fotmob.com/matches/liverpool-vs-brentford/2uusjv#4813458,4813458,Brentford,9937,Liverpool,8650,True,True,False,False,3 - 2,FT,Full-Time,finished,47,Premier League,2025/2026,ENG,https://images.fotmob.com/image_resources/logo/teamlogo/9937.png,https://images.fotmob.com/image_resources/logo/teamlogo/8650.png,2025-10-25,21:00
9,https://www.fotmob.com/matches/afc-bournemouth-vs-nottingham-forest/2y4tjb#4813455,4813455,AFC Bournemouth,8678,Nottingham Forest,10203,True,True,False,False,2 - 0,FT,Full-Time,finished,47,Premier League,2025/2026,ENG,https://images.fotmob.com/image_resources/logo/teamlogo/8678.png,https://images.fotmob.com/image_resources/logo/teamlogo/10203.png,2025-10-26,15:00
9,https://www.fotmob.com/matches/arsenal-vs-crystal-palace/36ytc8#4813456,4813456,Arsenal,9825,Crystal Palace,9826,True,True,False,False,1 - 0,FT,Full-Time,finished,47,Premier League,2025/2026,ENG,https://images.fotmob.com/image_resources/logo/teamlogo/9825.png,https://images.fotmob.com/image_resources/logo/teamlogo/9826.png,2025-10-26,15:00
9,https://www.fotmob.com/matches/manchester-city-vs-aston-villa/2w74gq#4813457,4813457,Aston Villa,10252,Manchester City,8456,True,True,False,False,1 - 0,FT,Full-Time,finished,47,Premier League,2025/2026,ENG,https://images.fotmob.com/image_resources/logo/teamlogo/10252.png,https://images.fotmob.com/image_resources/logo/teamlogo/8456.png,2025-10-26,15:00
9,https://www.fotmob.com/matches/burnley-vs-wolverhampton-wanderers/2byja7#4813464,4813464,Wolverhampton Wanderers,8602,Burnley,8191,True,True,False,False,2 - 3,FT,Full-Time,finished,47,Premier League,2025/2026,ENG,https://images.fotmob.com/image_resources/logo/teamlogo/8602.png,https://images.fotmob.com/image_resources/logo/teamlogo/8191.png,2025-10-26,15:00
9,https://www.fotmob.com/matches/tottenham-hotspur-vs-everton/2gmqxt#4813460,4813460,Everton,8668,Tottenham Hotspur,8586,True,True,False,False,0 - 3,FT,Full-Time,finished,47,Premier League,2025/2026,ENG,https://images.fotmob.com/image_resources/logo/teamlogo/8668.png,https://images.fotmob.com/image_resources/logo/teamlogo/8586.png,2025-10-26,17:30
10,https://www.fotmob.com/matches/leeds-united-vs-brighton-hove-albion/2vqp9d#4813465,4813465,Brighton & Hove Albion,10204,Leeds United,8463,True,True,False,False,3 - 0,FT,Full-Time,finished,47,Premier League,2025/2026,ENG,https://images.fotmob.com/image_resources/logo/teamlogo/10204.png,https://images.fotmob.com/image_resources/logo/teamlogo/8463.png,2025-11-01,16:00
10,https://www.fotmob.com/matches/burnley-vs-arsenal/2omsup#4813466,4813466,Burnley,8191,Arsenal,9825,True,True,False,False,0 - 2,FT,Full-Time,finished,47,Premier League,2025/2026,ENG,https://images.fotmob.com/image_resources/logo/teamlogo/8191.png,https://images.fotmob.com/image_resources/logo/teamlogo/9825.png,2025-11-01,16:00
10,https://www.fotmob.com/matches/crystal-palace-vs-brentford/38a4jj#4813467,4813467,Crystal Palace,9826,Brentford,9937,True,True,False,False,2 - 0,FT,Full-Time,finished,47,Premier League,2025/2026,ENG,https://images.fotmob.com/image_resources/logo/teamlogo/9826.png,https://images.fotmob.com/image_resources/logo/teamlogo/9937.png,2025-11-01,16:00
10,https://www.fotmob.com/matches/wolverhampton-wanderers-vs-fulham/2tookg#4813468,4813468,Fulham,9879,Wolverhampton Wanderers,8602,True,True,False,False,3 - 0,FT,Full-Time,finished,47,Premier League,2025/2026,ENG,https://images.fotmob.com/image_resources/logo/teamlogo/9879.png,https://images.fotmob.com/image_resources/logo/teamlogo/8602.png,2025-11-01,16:00
10,https://www.fotmob.com/matches/nottingham-forest-vs-manchester-united/3gnwkc#4813471,4813471,Nottingham Forest,10203,Manchester United,10260,True,True,False,False,2 - 2,FT,Full-Time,finished,47,Premier League,2025/2026,ENG,https://images.fotmob.com/image_resources/logo/teamlogo/10203.png,https://images.fotmob.com/image_resources/logo/teamlogo/10260.png,2025-11-01,16:00
10,https://www.fotmob.com/matches/chelsea-vs-tottenham-hotspur/2eggkj#4813473,4813473,Tottenham Hotspur,8586,Chelsea,8455,True,True,False,False,0 - 1,FT,Full-Time,finished,47,Premier League,2025/2026,ENG,https://images.fotmob.com/image_resources/logo/teamlogo/8586.png,https://images.fotmob.com/image_resources/logo/teamlogo/8455.png,2025-11-01,18:30
10,https://www.fotmob.com/matches/liverpool-vs-aston-villa/2ydbmv#4813469,4813469,Liverpool,8650,Aston Villa,10252,True,True,False,False,2 - 0,FT,Full-Time,finished,47,Premier League,2025/2026,ENG,https://images.fotmob.com/image_resources/logo/teamlogo/8650.png,https://images.fotmob.com/image_resources/logo/teamlogo/10252.png,2025-11-01,21:00
10,https://www.fotmob.com/matches/west-ham-united-vs-newcastle-united/2yilb8#4813474,4813474,West Ham United,8654,Newcastle United,10261,True,True,False,False,3 - 1,FT,Full-Time,finished,47,Premier League,2025/2026,ENG,https://images.fotmob.com/image_resources/logo/teamlogo/8654.png,https://images.fotmob.com/image_resources/logo/teamlogo/10261.png,2025-11-02,15:00
10,https://www.fotmob.com/matches/manchester-city-vs-afc-bournemouth/2feiv3#4813470,4813470,Manchester City,8456,AFC Bournemouth,8678,True,True,False,False,3 - 1,FT,Full-Time,finished,47,Premier League,2025/2026,ENG,https://images.fotmob.com/image_resources/logo/teamlogo/8456.png,https://images.fotmob.com/image_resources/logo/teamlogo/8678.png,2025-11-02,17:30
10,https://www.fotmob.com/matches/sunderland-vs-everton/2fgq72#4813472,4813472,Sunderland,8472,Everton,8668,True,True,False,False,1 - 1,FT,Full-Time,finished,47,Premier League,2025/2026,ENG,https://images.fotmob.com/image_resources/logo/teamlogo/8472.png,https://images.fotmob.com/image_resources/logo/teamlogo/8668.png,2025-11-03,21:00
11,https://www.fotmob.com/matches/tottenham-hotspur-vs-manchester-united/2xqo0r#4813483,4813483,Tottenham Hotspur,8586,Manchester United,10260,True,True,False,False,2 - 2,FT,Full-Time,finished,47,Premier League,2025/2026,ENG,https://images.fotmob.com/image_resources/logo/teamlogo/8586.png,https://images.fotmob.com/image_resources/logo/teamlogo/10260.png,2025-11-08,13:30
11,https://www.fotmob.com/matches/everton-vs-fulham/2uevfp#4813479,4813479,Everton,8668,Fulham,9879,True,True,False,False,2 - 0,FT,Full-Time,finished,47,Premier League,2025/2026,ENG,https://images.fotmob.com/image_resources/logo/teamlogo/8668.png,https://images.fotmob.com/image_resources/logo/teamlogo/9879.png,2025-11-08,16:00
11,https://www.fotmob.com/matches/burnley-vs-west-ham-united/2cha6h#4813484,4813484,West Ham United,8654,Burnley,8191,True,True,False,False,3 - 2,FT,Full-Time,finished,47,Premier League,2025/2026,ENG,https://images.fotmob.com/image_resources/logo/teamlogo/8654.png,https://images.fotmob.com/image_resources/logo/teamlogo/8191.png,2025-11-08,16:00
11,https://www.fotmob.com/matches/sunderland-vs-arsenal/2ro5o6#4813482,4813482,Sunderland,8472,Arsenal,9825,True,True,False,False,2 - 2,FT,Full-Time,finished,47,Premier League,2025/2026,ENG,https://images.fotmob.com/image_resources/logo/teamlogo/8472.png,https://images.fotmob.com/image_resources/logo/teamlogo/9825.png,2025-11-08,18:30
11,https://www.fotmob.com/matches/chelsea-vs-wolverhampton-wanderers/2emb2j#4813477,4813477,Chelsea,8455,Wolverhampton Wanderers,8602,True,True,False,False,3 - 0,FT,Full-Time,finished,47,Premier League,2025/2026,ENG,https://images.fotmob.com/image_resources/logo/teamlogo/8455.png,https://images.fotmob.com/image_resources/logo/teamlogo/8602.png,2025-11-08,21:00
11,https://www.fotmob.com/matches/afc-bournemouth-vs-aston-villa/2yooch#4813475,4813475,Aston Villa,10252,AFC Bournemouth,8678,True,True,False,False,4 - 0,FT,Full-Time,finished,47,Premier League,2025/2026,ENG,https://images.fotmob.com/image_resources/logo/teamlogo/10252.png,https://images.fotmob.com/image_resources/logo/teamlogo/8678.png,2025-11-09,15:00
11,https://www.fotmob.com/matches/brentford-vs-newcastle-united/3dgf4m#4813476,4813476,Brentford,9937,Newcastle United,10261,True,True,False,False,3 - 1,FT,Full-Time,finished,47,Premier League,2025/2026,ENG,https://images.fotmob.com/image_resources/logo/teamlogo/9937.png,https://images.fotmob.com/image_resources/logo/teamlogo/10261.png,2025-11-09,15:00
11,https://www.fotmob.com/matches/crystal-palace-vs-brighton-hove-albion/3bfzlv#4813478,4813478,Crystal Palace,9826,Brighton & Hove Albion,10204,True,True,False,False,0 - 0,FT,Full-Time,finished,47,Premier League,2025/2026,ENG,https://images.fotmob.com/image_resources/logo/teamlogo/9826.png,https://images.fotmob.com/image_resources/logo/teamlogo/10204.png,2025-11-09,15:00
11,https://www.fotmob.com/matches/leeds-united-vs-nottingham-forest/2vqauu#4813481,4813481,Nottingham Forest,10203,Leeds United,8463,True,True,False,False,3 - 1,FT,Full-Time,finished,47,Premier League,2025/2026,ENG,https://images.fotmob.com/image_resources/logo/teamlogo/10203.png,https://images.fotmob.com/image_resources/logo/teamlogo/8463.png,2025-11-09,15:00
11,https://www.fotmob.com/matches/manchester-city-vs-liverpool/2f48yd#4813480,4813480,Manchester City,8456,Liverpool,8650,True,True,False,False,3 - 0,FT,Full-Time,finished,47,Premier League,2025/2026,ENG,https://images.fotmob.com/image_resources/logo/teamlogo/8456.png,https://images.fotmob.com/image_resources/logo/teamlogo/8650.png,2025-11-09,17:30
12,https://www.fotmob.com/matches/burnley-vs-chelsea/2ahuos#4813488,4813488,Burnley,8191,Chelsea,8455,True,True,False,False,0 - 2,FT,Full-Time,finished,47,Premier League,2025/2026,ENG,https://images.fotmob.com/image_resources/logo/teamlogo/8191.png,https://images.fotmob.com/image_resources/logo/teamlogo/8455.png,2025-11-22,13:30
12,https://www.fotmob.com/matches/west-ham-united-vs-afc-bournemouth/2hfnrc#4813485,4813485,AFC Bournemouth,8678,West Ham United,8654,True,True,False,False,2 - 2,FT,Full-Time,finished,47,Premier League,2025/2026,ENG,https://images.fotmob.com/image_resources/logo/teamlogo/8678.png,https://images.fotmob.com/image_resources/logo/teamlogo/8654.png,2025-11-22,16:00
12,https://www.fotmob.com/matches/brentford-vs-brighton-hove-albion/3crs0s#4813487,4813487,Brighton & Hove Albion,10204,Brentford,9937,True,True,False,False,2 - 1,FT,Full-Time,finished,47,Premier League,2025/2026,ENG,https://images.fotmob.com/image_resources/logo/teamlogo/10204.png,https://images.fotmob.com/image_resources/logo/teamlogo/9937.png,2025-11-22,16:00
12,https://www.fotmob.com/matches/sunderland-vs-fulham/2s9d8f#4813489,4813489,Fulham,9879,Sunderland,8472,True,True,False,False,1 - 0,FT,Full-Time,finished,47,Premier League,2025/2026,ENG,https://images.fotmob.com/image_resources/logo/teamlogo/9879.png,https://images.fotmob.com/image_resources/logo/teamlogo/8472.png,2025-11-22,16:00
12,https://www.fotmob.com/matches/liverpool-vs-nottingham-forest/2xthvt#4813491,4813491,Liverpool,8650,Nottingham Forest,10203,True,True,False,False,0 - 3,FT,Full-Time,finished,47,Premier League,2025/2026,ENG,https://images.fotmob.com/image_resources/logo/teamlogo/8650.png,https://images.fotmob.com/image_resources/logo/teamlogo/10203.png,2025-11-22,16:00
12,https://www.fotmob.com/matches/wolverhampton-wanderers-vs-crystal-palace/2t3pt4#4813494,4813494,Wolverhampton Wanderers,8602,Crystal Palace,9826,True,True,False,False,0 - 2,FT,Full-Time,finished,47,Premier League,2025/2026,ENG,https://images.fotmob.com/image_resources/logo/teamlogo/8602.png,https://images.fotmob.com/image_resources/logo/teamlogo/9826.png,2025-11-22,16:00
12,https://www.fotmob.com/matches/manchester-city-vs-newcastle-united/2waqez#4813493,4813493,Newcastle United,10261,Manchester City,8456,True,True,False,False,2 - 1,FT,Full-Time,finished,47,Premier League,2025/2026,ENG,https://images.fotmob.com/image_resources/logo/teamlogo/10261.png,https://images.fotmob.com/image_resources/logo/teamlogo/8456.png,2025-11-22,18:30
12,https://www.fotmob.com/matches/leeds-united-vs-aston-villa/2w9xjd#4813490,4813490,Leeds United,8463,Aston Villa,10252,True,True,False,False,1 - 2,FT,Full-Time,finished,47,Premier League,2025/2026,ENG,https://images.fotmob.com/image_resources/logo/teamlogo/8463.png,https://images.fotmob.com/image_resources/logo/teamlogo/10252.png,2025-11-23,15:00
12,https://www.fotmob.com/matches/tottenham-hotspur-vs-arsenal/2sx06r#4813486,4813486,Arsenal,9825,Tottenham Hotspur,8586,True,True,False,False,4 - 1,FT,Full-Time,finished,47,Premier League,2025/2026,ENG,https://images.fotmob.com/image_resources/logo/teamlogo/9825.png,https://images.fotmob.com/image_resources/logo/teamlogo/8586.png,2025-11-23,17:30
12,https://www.fotmob.com/matches/everton-vs-manchester-united/2ynv4k#4813492,4813492,Manchester United,10260,Everton,8668,True,True,False,False,0 - 1,FT,Full-Time,finished,47,Premier League,2025/2026,ENG,https://images.fotmob.com/image_resources/logo/teamlogo/10260.png,https://images.fotmob.com/image_resources/logo/teamlogo/8668.png,2025-11-24,21:00
13,https://www.fotmob.com/matches/burnley-vs-brentford/2pu6rd#4813496,4813496,Brentford,9937,Burnley,8191,True,True,False,False,3 - 1,FT,Full-Time,finished,47,Premier League,2025/2026,ENG,https://images.fotmob.com/image_resources/logo/teamlogo/9937.png,https://images.fotmob.com/image_resources/logo/teamlogo/8191.png,2025-11-29,16:00
13,https://www.fotmob.com/matches/manchester-city-vs-leeds-united/2d8203#4813500,4813500,Manchester City,8456,Leeds United,8463,True,True,False,False,3 - 2,FT,Full-Time,finished,47,Premier League,2025/2026,ENG,https://images.fotmob.com/image_resources/logo/teamlogo/8456.png,https://images.fotmob.com/image_resources/logo/teamlogo/8463.png,2025-11-29,16:00
13,https://www.fotmob.com/matches/sunderland-vs-afc-bournemouth/2fkehz#4813502,4813502,Sunderland,8472,AFC Bournemouth,8678,True,True,False,False,3 - 2,FT,Full-Time,finished,47,Premier League,2025/2026,ENG,https://images.fotmob.com/image_resources/logo/teamlogo/8472.png,https://images.fotmob.com/image_resources/logo/teamlogo/8678.png,2025-11-29,16:00
13,https://www.fotmob.com/matches/everton-vs-newcastle-united/2yo9qd#4813499,4813499,Everton,8668,Newcastle United,10261,True,True,False,False,1 - 4,FT,Full-Time,finished,47,Premier League,2025/2026,ENG,https://images.fotmob.com/image_resources/logo/teamlogo/8668.png,https://images.fotmob.com/image_resources/logo/teamlogo/10261.png,2025-11-29,18:30
13,https://www.fotmob.com/matches/tottenham-hotspur-vs-fulham/2tici0#4813503,4813503,Tottenham Hotspur,8586,Fulham,9879,True,True,False,False,1 - 2,FT,Full-Time,finished,47,Premier League,2025/2026,ENG,https://images.fotmob.com/image_resources/logo/teamlogo/8586.png,https://images.fotmob.com/image_resources/logo/teamlogo/9879.png,2025-11-29,21:00
13,https://www.fotmob.com/matches/crystal-palace-vs-manchester-united/3c42bz#4813498,4813498,Crystal Palace,9826,Manchester United,10260,True,True,False,False,1 - 2,FT,Full-Time,finished,47,Premier League,2025/2026,ENG,https://images.fotmob.com/image_resources/logo/teamlogo/9826.png,https://images.fotmob.com/image_resources/logo/teamlogo/10260.png,2025-11-30,13:00
13,https://www.fotmob.com/matches/wolverhampton-wanderers-vs-aston-villa/2xtwe7#4813495,4813495,Aston Villa,10252,Wolverhampton Wanderers,8602,True,True,False,False,1 - 0,FT,Full-Time,finished,47,Premier League,2025/2026,ENG,https://images.fotmob.com/image_resources/logo/teamlogo/10252.png,https://images.fotmob.com/image_resources/logo/teamlogo/8602.png,2025-11-30,15:05
13,https://www.fotmob.com/matches/nottingham-forest-vs-brighton-hove-albion/3fzdi8#4813501,4813501,Nottingham Forest,10203,Brighton & Hove Albion,10204,True,True,False,False,0 - 2,FT,Full-Time,finished,47,Premier League,2025/2026,ENG,https://images.fotmob.com/image_resources/logo/teamlogo/10203.png,https://images.fotmob.com/image_resources/logo/teamlogo/10204.png,2025-11-30,15:05
13,https://www.fotmob.com/matches/liverpool-vs-west-ham-united/2h59kq#4813504,4813504,West Ham United,8654,Liverpool,8650,True,True,False,False,0 - 2,FT,Full-Time,finished,47,Premier League,2025/2026,ENG,https://images.fotmob.com/image_resources/logo/teamlogo/8654.png,https://images.fotmob.com/image_resources/logo/teamlogo/8650.png,2025-11-30,15:05
13,https://www.fotmob.com/matches/chelsea-vs-arsenal/2rhhrp#4813497,4813497,Chelsea,8455,Arsenal,9825,True,True,False,False,1 - 1,FT,Full-Time,finished,47,Premier League,2025/2026,ENG,https://images.fotmob.com/image_resources/logo/teamlogo/8455.png,https://images.fotmob.com/image_resources/logo/teamlogo/9825.png,2025-11-30,17:30
14,https://www.fotmob.com/matches/everton-vs-afc-bournemouth/2hkv2h#4813505,4813505,AFC Bournemouth,8678,Everton,8668,True,True,False,False,0 - 1,FT,Full-Time,finished,47,Premier League,2025/2026,ENG,https://images.fotmob.com/image_resources/logo/teamlogo/8678.png,https://images.fotmob.com/image_resources/logo/teamlogo/8668.png,2025-12-02,20:30
14,https://www.fotmob.com/matches/manchester-city-vs-fulham/2s32rr#4813509,4813509,Fulham,9879,Manchester City,8456,True,True,False,False,4 - 5,FT,Full-Time,finished,47,Premier League,2025/2026,ENG,https://images.fotmob.com/image_resources/logo/teamlogo/9879.png,https://images.fotmob.com/image_resources/logo/teamlogo/8456.png,2025-12-02,20:30
14,https://www.fotmob.com/matches/tottenham-hotspur-vs-newcastle-united/2xr2ka#4813513,4813513,Newcastle United,10261,Tottenham Hotspur,8586,True,True,False,False,2 - 2,FT,Full-Time,finished,47,Premier League,2025/2026,ENG,https://images.fotmob.com/image_resources/logo/teamlogo/10261.png,https://images.fotmob.com/image_resources/logo/teamlogo/8586.png,2025-12-02,21:15
14,https://www.fotmob.com/matches/arsenal-vs-brentford/389pak#4813506,4813506,Arsenal,9825,Brentford,9937,True,True,False,False,2 - 0,FT,Full-Time,finished,47,Premier League,2025/2026,ENG,https://images.fotmob.com/image_resources/logo/teamlogo/9825.png,https://images.fotmob.com/image_resources/logo/teamlogo/9937.png,2025-12-03,20:30
14,https://www.fotmob.com/matches/brighton-hove-albion-vs-aston-villa/3gku1s#4813507,4813507,Brighton & Hove Albion,10204,Aston Villa,10252,True,True,False,False,3 - 4,FT,Full-Time,finished,47,Premier League,2025/2026,ENG,https://images.fotmob.com/image_resources/logo/teamlogo/10204.png,https://images.fotmob.com/image_resources/logo/teamlogo/10252.png,2025-12-03,20:30
14,https://www.fotmob.com/matches/burnley-vs-crystal-palace/2on6r7#4813508,4813508,Burnley,8191,Crystal Palace,9826,True,True,False,False,0 - 1,FT,Full-Time,finished,47,Premier League,2025/2026,ENG,https://images.fotmob.com/image_resources/logo/teamlogo/8191.png,https://images.fotmob.com/image_resources/logo/teamlogo/9826.png,2025-12-03,20:30
14,https://www.fotmob.com/matches/wolverhampton-wanderers-vs-nottingham-forest/2xa4gh#4813514,4813514,Wolverhampton Wanderers,8602,Nottingham Forest,10203,True,True,False,False,0 - 1,FT,Full-Time,finished,47,Premier League,2025/2026,ENG,https://images.fotmob.com/image_resources/logo/teamlogo/8602.png,https://images.fotmob.com/image_resources/logo/teamlogo/10203.png,2025-12-03,20:30
14,https://www.fotmob.com/matches/chelsea-vs-leeds-united/2d7oy4#4813510,4813510,Leeds United,8463,Chelsea,8455,True,True,False,False,3 - 1,FT,Full-Time,finished,47,Premier League,2025/2026,ENG,https://images.fotmob.com/image_resources/logo/teamlogo/8463.png,https://images.fotmob.com/image_resources/logo/teamlogo/8455.png,2025-12-03,21:15
14,https://www.fotmob.com/matches/sunderland-vs-liverpool/2fa48t#4813511,4813511,Liverpool,8650,Sunderland,8472,True,True,False,False,1 - 1,FT,Full-Time,finished,47,Premier League,2025/2026,ENG,https://images.fotmob.com/image_resources/logo/teamlogo/8650.png,https://images.fotmob.com/image_resources/logo/teamlogo/8472.png,2025-12-03,21:15
14,https://www.fotmob.com/matches/west-ham-united-vs-manchester-united/2yi6pt#4813512,4813512,Manchester United,10260,West Ham United,8654,True,True,False,False,1 - 1,FT,Full-Time,finished,47,Premier League,2025/2026,ENG,https://images.fotmob.com/image_resources/logo/teamlogo/10260.png,https://images.fotmob.com/image_resources/logo/teamlogo/8654.png,2025-12-04,21:00
15,https://www.fotmob.com/matches/arsenal-vs-aston-villa/3c06vg#4813516,4813516,Aston Villa,10252,Arsenal,9825,True,True,False,False,2 - 1,FT,Full-Time,finished,47,Premier League,2025/2026,ENG,https://images.fotmob.com/image_resources/logo/teamlogo/10252.png,https://images.fotmob.com/image_resources/logo/teamlogo/9825.png,2025-12-06,13:30
15,https://www.fotmob.com/matches/chelsea-vs-afc-bournemouth/2fe5n5#4813515,4813515,AFC Bournemouth,8678,Chelsea,8455,True,True,False,False,0 - 0,FT,Full-Time,finished,47,Premier League,2025/2026,ENG,https://images.fotmob.com/image_resources/logo/teamlogo/8678.png,https://images.fotmob.com/image_resources/logo/teamlogo/8455.png,2025-12-06,16:00
15,https://www.fotmob.com/matches/everton-vs-nottingham-forest/2y0rvk#4813518,4813518,Everton,8668,Nottingham Forest,10203,True,True,False,False,3 - 0,FT,Full-Time,finished,47,Premier League,2025/2026,ENG,https://images.fotmob.com/image_resources/logo/teamlogo/8668.png,https://images.fotmob.com/image_resources/logo/teamlogo/10203.png,2025-12-06,16:00
15,https://www.fotmob.com/matches/manchester-city-vs-sunderland/2dbbjc#4813521,4813521,Manchester City,8456,Sunderland,8472,True,True,False,False,3 - 0,FT,Full-Time,finished,47,Premier League,2025/2026,ENG,https://images.fotmob.com/image_resources/logo/teamlogo/8456.png,https://images.fotmob.com/image_resources/logo/teamlogo/8472.png,2025-12-06,16:00
15,https://www.fotmob.com/matches/burnley-vs-newcastle-united/2td61d#4813522,4813522,Newcastle United,10261,Burnley,8191,True,True,False,False,2 - 1,FT,Full-Time,finished,47,Premier League,2025/2026,ENG,https://images.fotmob.com/image_resources/logo/teamlogo/10261.png,https://images.fotmob.com/image_resources/logo/teamlogo/8191.png,2025-12-06,16:00
15,https://www.fotmob.com/matches/tottenham-hotspur-vs-brentford/2u5c8b#4813523,4813523,Tottenham Hotspur,8586,Brentford,9937,True,True,False,False,2 - 0,FT,Full-Time,finished,47,Premier League,2025/2026,ENG,https://images.fotmob.com/image_resources/logo/teamlogo/8586.png,https://images.fotmob.com/image_resources/logo/teamlogo/9937.png,2025-12-06,16:00
15,https://www.fotmob.com/matches/leeds-united-vs-liverpool/2f6tdb#4813520,4813520,Leeds United,8463,Liverpool,8650,True,True,False,False,3 - 3,FT,Full-Time,finished,47,Premier League,2025/2026,ENG,https://images.fotmob.com/image_resources/logo/teamlogo/8463.png,https://images.fotmob.com/image_resources/logo/teamlogo/8650.png,2025-12-06,18:30
15,https://www.fotmob.com/matches/west-ham-united-vs-brighton-hove-albion/2xvimt#4813517,4813517,Brighton & Hove Albion,10204,West Ham United,8654,True,True,False,False,1 - 1,FT,Full-Time,finished,47,Premier League,2025/2026,ENG,https://images.fotmob.com/image_resources/logo/teamlogo/10204.png,https://images.fotmob.com/image_resources/logo/teamlogo/8654.png,2025-12-07,15:00
15,https://www.fotmob.com/matches/crystal-palace-vs-fulham/37llbg#4813519,4813519,Fulham,9879,Crystal Palace,9826,True,True,False,False,1 - 2,FT,Full-Time,finished,47,Premier League,2025/2026,ENG,https://images.fotmob.com/image_resources/logo/teamlogo/9879.png,https://images.fotmob.com/image_resources/logo/teamlogo/9826.png,2025-12-07,17:30
15,https://www.fotmob.com/matches/wolverhampton-wanderers-vs-manchester-united/2xx4sz#4813524,4813524,Wolverhampton Wanderers,8602,Manchester United,10260,True,True,False,False,1 - 4,FT,Full-Time,finished,47,Premier League,2025/2026,ENG,https://images.fotmob.com/image_resources/logo/teamlogo/8602.png,https://images.fotmob.com/image_resources/logo/teamlogo/10260.png,2025-12-08,21:00
16,https://www.fotmob.com/matches/chelsea-vs-everton/2fahgy#4813528,4813528,Chelsea,8455,Everton,8668,True,True,False,False,2 - 0,FT,Full-Time,finished,47,Premier League,2025/2026,ENG,https://images.fotmob.com/image_resources/logo/teamlogo/8455.png,https://images.fotmob.com/image_resources/logo/teamlogo/8668.png,2025-12-13,16:00
16,https://www.fotmob.com/matches/liverpool-vs-brighton-hove-albion/2xtwfj#4813530,4813530,Liverpool,8650,Brighton & Hove Albion,10204,True,True,False,False,2 - 0,FT,Full-Time,finished,47,Premier League,2025/2026,ENG,https://images.fotmob.com/image_resources/logo/teamlogo/8650.png,https://images.fotmob.com/image_resources/logo/teamlogo/10204.png,2025-12-13,16:00
16,https://www.fotmob.com/matches/burnley-vs-fulham/2p7opg#4813527,4813527,Burnley,8191,Fulham,9879,True,True,False,False,2 - 3,FT,Full-Time,finished,47,Premier League,2025/2026,ENG,https://images.fotmob.com/image_resources/logo/teamlogo/8191.png,https://images.fotmob.com/image_resources/logo/teamlogo/9879.png,2025-12-13,18:30
16,https://www.fotmob.com/matches/wolverhampton-wanderers-vs-arsenal/2t3bl7#4813525,4813525,Arsenal,9825,Wolverhampton Wanderers,8602,True,True,False,False,2 - 1,FT,Full-Time,finished,47,Premier League,2025/2026,ENG,https://images.fotmob.com/image_resources/logo/teamlogo/9825.png,https://images.fotmob.com/image_resources/logo/teamlogo/8602.png,2025-12-13,21:00
16,https://www.fotmob.com/matches/manchester-city-vs-crystal-palace/2ri9zd#4813529,4813529,Crystal Palace,9826,Manchester City,8456,True,True,False,False,0 - 3,FT,Full-Time,finished,47,Premier League,2025/2026,ENG,https://images.fotmob.com/image_resources/logo/teamlogo/9826.png,https://images.fotmob.com/image_resources/logo/teamlogo/8456.png,2025-12-14,15:00
16,https://www.fotmob.com/matches/tottenham-hotspur-vs-nottingham-forest/2x3odl#4813532,4813532,Nottingham Forest,10203,Tottenham Hotspur,8586,True,True,False,False,3 - 0,FT,Full-Time,finished,47,Premier League,2025/2026,ENG,https://images.fotmob.com/image_resources/logo/teamlogo/10203.png,https://images.fotmob.com/image_resources/logo/teamlogo/8586.png,2025-12-14,15:00
16,https://www.fotmob.com/matches/sunderland-vs-newcastle-united/2wh5lv#4813533,4813533,Sunderland,8472,Newcastle United,10261,True,True,False,False,1 - 0,FT,Full-Time,finished,47,Premier League,2025/2026,ENG,https://images.fotmob.com/image_resources/logo/teamlogo/8472.png,https://images.fotmob.com/image_resources/logo/teamlogo/10261.png,2025-12-14,15:00
16,https://www.fotmob.com/matches/west-ham-united-vs-aston-villa/2yexzh#4813534,4813534,West Ham United,8654,Aston Villa,10252,True,True,False,False,2 - 3,FT,Full-Time,finished,47,Premier League,2025/2026,ENG,https://images.fotmob.com/image_resources/logo/teamlogo/8654.png,https://images.fotmob.com/image_resources/logo/teamlogo/10252.png,2025-12-14,15:00
16,https://www.fotmob.com/matches/leeds-united-vs-brentford/2sso1t#4813526,4813526,Brentford,9937,Leeds United,8463,True,True,False,False,1 - 1,FT,Full-Time,finished,47,Premier League,2025/2026,ENG,https://images.fotmob.com/image_resources/logo/teamlogo/9937.png,https://images.fotmob.com/image_resources/logo/teamlogo/8463.png,2025-12-14,17:30
16,https://www.fotmob.com/matches/afc-bournemouth-vs-manchester-united/2yrx85#4813531,4813531,Manchester United,10260,AFC Bournemouth,8678,True,True,False,False,4 - 4,FT,Full-Time,finished,47,Premier League,2025/2026,ENG,https://images.fotmob.com/image_resources/logo/teamlogo/10260.png,https://images.fotmob.com/image_resources/logo/teamlogo/8678.png,2025-12-15,21:00
17,https://www.fotmob.com/matches/chelsea-vs-newcastle-united/2wabz1#4813542,4813542,Newcastle United,10261,Chelsea,8455,True,True,False,False,2 - 2,FT,Full-Time,finished,47,Premier League,2025/2026,ENG,https://images.fotmob.com/image_resources/logo/teamlogo/10261.png,https://images.fotmob.com/image_resources/logo/teamlogo/8455.png,2025-12-20,13:30
17,https://www.fotmob.com/matches/burnley-vs-afc-bournemouth/2cpydh#4813535,4813535,AFC Bournemouth,8678,Burnley,8191,True,True,False,False,1 - 1,FT,Full-Time,finished,47,Premier League,2025/2026,ENG,https://images.fotmob.com/image_resources/logo/teamlogo/8678.png,https://images.fotmob.com/image_resources/logo/teamlogo/8191.png,2025-12-20,16:00
17,https://www.fotmob.com/matches/sunderland-vs-brighton-hove-albion/2vuaxm#4813537,4813537,Brighton & Hove Albion,10204,Sunderland,8472,True,True,False,False,0 - 0,FT,Full-Time,finished,47,Premier League,2025/2026,ENG,https://images.fotmob.com/image_resources/logo/teamlogo/10204.png,https://images.fotmob.com/image_resources/logo/teamlogo/8472.png,2025-12-20,16:00
17,https://www.fotmob.com/matches/manchester-city-vs-west-ham-united/2f5prf#4813541,4813541,Manchester City,8456,West Ham United,8654,True,True,False,False,3 - 0,FT,Full-Time,finished,47,Premier League,2025/2026,ENG,https://images.fotmob.com/image_resources/logo/teamlogo/8456.png,https://images.fotmob.com/image_resources/logo/teamlogo/8654.png,2025-12-20,16:00
17,https://www.fotmob.com/matches/wolverhampton-wanderers-vs-brentford/2ubp0j#4813544,4813544,Wolverhampton Wanderers,8602,Brentford,9937,True,True,False,False,0 - 2,FT,Full-Time,finished,47,Premier League,2025/2026,ENG,https://images.fotmob.com/image_resources/logo/teamlogo/8602.png,https://images.fotmob.com/image_resources/logo/teamlogo/9937.png,2025-12-20,16:00
17,https://www.fotmob.com/matches/tottenham-hotspur-vs-liverpool/2gg3ek#4813543,4813543,Tottenham Hotspur,8586,Liverpool,8650,True,True,False,False,1 - 2,FT,Full-Time,finished,47,Premier League,2025/2026,ENG,https://images.fotmob.com/image_resources/logo/teamlogo/8586.png,https://images.fotmob.com/image_resources/logo/teamlogo/8650.png,2025-12-20,18:30
17,https://www.fotmob.com/matches/everton-vs-arsenal/2ttfpg#4813538,4813538,Everton,8668,Arsenal,9825,True,True,False,False,0 - 1,FT,Full-Time,finished,47,Premier League,2025/2026,ENG,https://images.fotmob.com/image_resources/logo/teamlogo/8668.png,https://images.fotmob.com/image_resources/logo/teamlogo/9825.png,2025-12-20,21:00
17,https://www.fotmob.com/matches/leeds-united-vs-crystal-palace/2rl0qz#4813540,4813540,Leeds United,8463,Crystal Palace,9826,True,True,False,False,4 - 1,FT,Full-Time,finished,47,Premier League,2025/2026,ENG,https://images.fotmob.com/image_resources/logo/teamlogo/8463.png,https://images.fotmob.com/image_resources/logo/teamlogo/9826.png,2025-12-20,21:00
17,https://www.fotmob.com/matches/aston-villa-vs-manchester-united/3h9f6s#4813536,4813536,Aston Villa,10252,Manchester United,10260,True,True,False,False,2 - 1,FT,Full-Time,finished,47,Premier League,2025/2026,ENG,https://images.fotmob.com/image_resources/logo/teamlogo/10252.png,https://images.fotmob.com/image_resources/logo/teamlogo/10260.png,2025-12-21,17:30
17,https://www.fotmob.com/matches/fulham-vs-nottingham-forest/3c2cdu#4813539,4813539,Fulham,9879,Nottingham Forest,10203,True,True,False,False,1 - 0,FT,Full-Time,finished,47,Premier League,2025/2026,ENG,https://images.fotmob.com/image_resources/logo/teamlogo/9879.png,https://images.fotmob.com/image_resources/logo/teamlogo/10203.png,2025-12-22,21:00
18,https://www.fotmob.com/matches/manchester-united-vs-newcastle-united/3hddo2#4813551,4813551,Manchester United,10260,Newcastle United,10261,True,True,False,False,1 - 0,FT,Full-Time,finished,47,Premier League,2025/2026,ENG,https://images.fotmob.com/image_resources/logo/teamlogo/10260.png,https://images.fotmob.com/image_resources/logo/teamlogo/10261.png,2025-12-26,21:00
18,https://www.fotmob.com/matches/manchester-city-vs-nottingham-forest/2vni1q#4813552,4813552,Nottingham Forest,10203,Manchester City,8456,True,True,False,False,1 - 2,FT,Full-Time,finished,47,Premier League,2025/2026,ENG,https://images.fotmob.com/image_resources/logo/teamlogo/10203.png,https://images.fotmob.com/image_resources/logo/teamlogo/8456.png,2025-12-27,13:30
18,https://www.fotmob.com/matches/arsenal-vs-brighton-hove-albion/3bfk5g#4813545,4813545,Arsenal,9825,Brighton & Hove Albion,10204,True,True,False,False,2 - 1,FT,Full-Time,finished,47,Premier League,2025/2026,ENG,https://images.fotmob.com/image_resources/logo/teamlogo/9825.png,https://images.fotmob.com/image_resources/logo/teamlogo/10204.png,2025-12-27,16:00
18,https://www.fotmob.com/matches/afc-bournemouth-vs-brentford/2v5yfp#4813546,4813546,Brentford,9937,AFC Bournemouth,8678,True,True,False,False,4 - 1,FT,Full-Time,finished,47,Premier League,2025/2026,ENG,https://images.fotmob.com/image_resources/logo/teamlogo/9937.png,https://images.fotmob.com/image_resources/logo/teamlogo/8678.png,2025-12-27,16:00
18,https://www.fotmob.com/matches/burnley-vs-everton/2cmc8m#4813547,4813547,Burnley,8191,Everton,8668,True,True,False,False,0 - 0,FT,Full-Time,finished,47,Premier League,2025/2026,ENG,https://images.fotmob.com/image_resources/logo/teamlogo/8191.png,https://images.fotmob.com/image_resources/logo/teamlogo/8668.png,2025-12-27,16:00
18,https://www.fotmob.com/matches/wolverhampton-wanderers-vs-liverpool/2gm0as#4813550,4813550,Liverpool,8650,Wolverhampton Wanderers,8602,True,True,False,False,2 - 1,FT,Full-Time,finished,47,Premier League,2025/2026,ENG,https://images.fotmob.com/image_resources/logo/teamlogo/8650.png,https://images.fotmob.com/image_resources/logo/teamlogo/8602.png,2025-12-27,16:00
18,https://www.fotmob.com/matches/west-ham-united-vs-fulham/2u9b5i#4813554,4813554,West Ham United,8654,Fulham,9879,True,True,False,False,0 - 1,FT,Full-Time,finished,47,Premier League,2025/2026,ENG,https://images.fotmob.com/image_resources/logo/teamlogo/8654.png,https://images.fotmob.com/image_resources/logo/teamlogo/9879.png,2025-12-27,16:00
18,https://www.fotmob.com/matches/chelsea-vs-aston-villa/2w6q11#4813548,4813548,Chelsea,8455,Aston Villa,10252,True,True,False,False,1 - 2,FT,Full-Time,finished,47,Premier League,2025/2026,ENG,https://images.fotmob.com/image_resources/logo/teamlogo/8455.png,https://images.fotmob.com/image_resources/logo/teamlogo/10252.png,2025-12-27,18:30
18,https://www.fotmob.com/matches/leeds-united-vs-sunderland/2dduzo#4813553,4813553,Sunderland,8472,Leeds United,8463,True,True,False,False,1 - 1,FT,Full-Time,finished,47,Premier League,2025/2026,ENG,https://images.fotmob.com/image_resources/logo/teamlogo/8472.png,https://images.fotmob.com/image_resources/logo/teamlogo/8463.png,2025-12-28,15:00
18,https://www.fotmob.com/matches/tottenham-hotspur-vs-crystal-palace/2sxee8#4813549,4813549,Crystal Palace,9826,Tottenham Hotspur,8586,True,True,False,False,0 - 1,FT,Full-Time,finished,47,Premier League,2025/2026,ENG,https://images.fotmob.com/image_resources/logo/teamlogo/9826.png,https://images.fotmob.com/image_resources/logo/teamlogo/8586.png,2025-12-28,17:30
19,https://www.fotmob.com/matches/burnley-vs-newcastle-united/2td61d#4813557,4813557,Burnley,8191,Newcastle United,10261,True,True,False,False,1 - 3,FT,Full-Time,finished,47,Premier League,2025/2026,ENG,https://images.fotmob.com/image_resources/logo/teamlogo/8191.png,https://images.fotmob.com/image_resources/logo/teamlogo/10261.png,2025-12-30,20:30
19,https://www.fotmob.com/matches/chelsea-vs-afc-bournemouth/2fe5n5#4813558,4813558,Chelsea,8455,AFC Bournemouth,8678,True,True,False,False,2 - 2,FT,Full-Time,finished,47,Premier League,2025/2026,ENG,https://images.fotmob.com/image_resources/logo/teamlogo/8455.png,https://images.fotmob.com/image_resources/logo/teamlogo/8678.png,2025-12-30,20:30
19,https://www.fotmob.com/matches/everton-vs-nottingham-forest/2y0rvk#4813562,4813562,Nottingham Forest,10203,Everton,8668,True,True,False,False,0 - 2,FT,Full-Time,finished,47,Premier League,2025/2026,ENG,https://images.fotmob.com/image_resources/logo/teamlogo/10203.png,https://images.fotmob.com/image_resources/logo/teamlogo/8668.png,2025-12-30,20:30
19,https://www.fotmob.com/matches/west-ham-united-vs-brighton-hove-albion/2xvimt#4813564,4813564,West Ham United,8654,Brighton & Hove Albion,10204,True,True,False,False,2 - 2,FT,Full-Time,finished,47,Premier League,2025/2026,ENG,https://images.fotmob.com/image_resources/logo/teamlogo/8654.png,https://images.fotmob.com/image_resources/logo/teamlogo/10204.png,2025-12-30,20:30
19,https://www.fotmob.com/matches/arsenal-vs-aston-villa/3c06vg#4813555,4813555,Arsenal,9825,Aston Villa,10252,True,True,False,False,4 - 1,FT,Full-Time,finished,47,Premier League,2025/2026,ENG,https://images.fotmob.com/image_resources/logo/teamlogo/9825.png,https://images.fotmob.com/image_resources/logo/teamlogo/10252.png,2025-12-30,21:15
19,https://www.fotmob.com/matches/wolverhampton-wanderers-vs-manchester-united/2xx4sz#4813561,4813561,Manchester United,10260,Wolverhampton Wanderers,8602,True,True,False,False,1 - 1,FT,Full-Time,finished,47,Premier League,2025/2026,ENG,https://images.fotmob.com/image_resources/logo/teamlogo/10260.png,https://images.fotmob.com/image_resources/logo/teamlogo/8602.png,2025-12-30,21:15
19,https://www.fotmob.com/matches/crystal-palace-vs-fulham/37llbg#4813559,4813559,Crystal Palace,9826,Fulham,9879,True,True,False,False,1 - 1,FT,Full-Time,finished,47,Premier League,2025/2026,ENG,https://images.fotmob.com/image_resources/logo/teamlogo/9826.png,https://images.fotmob.com/image_resources/logo/teamlogo/9879.png,2026-01-01,18:30
19,https://www.fotmob.com/matches/leeds-united-vs-liverpool/2f6tdb#4813560,4813560,Liverpool,8650,Leeds United,8463,True,True,False,False,0 - 0,FT,Full-Time,finished,47,Premier League,2025/2026,ENG,https://images.fotmob.com/image_resources/logo/teamlogo/8650.png,https://images.fotmob.com/image_resources/logo/teamlogo/8463.png,2026-01-01,18:30
19,https://www.fotmob.com/matches/tottenham-hotspur-vs-brentford/2u5c8b#4813556,4813556,Brentford,9937,Tottenham Hotspur,8586,True,True,False,False,0 - 0,FT,Full-Time,finished,47,Premier League,2025/2026,ENG,https://images.fotmob.com/image_resources/logo/teamlogo/9937.png,https://images.fotmob.com/image_resources/logo/teamlogo/8586.png,2026-01-01,21:00
19,https://www.fotmob.com/matches/manchester-city-vs-sunderland/2dbbjc#4813563,4813563,Sunderland,8472,Manchester City,8456,True,True,False,False,0 - 0,FT,Full-Time,finished,47,Premier League,2025/2026,ENG,https://images.fotmob.com/image_resources/logo/teamlogo/8472.png,https://images.fotmob.com/image_resources/logo/teamlogo/8456.png,2026-01-01,21:00
20,https://www.fotmob.com/matches/nottingham-forest-vs-aston-villa/3gke9k#4813566,4813566,Aston Villa,10252,Nottingham Forest,10203,True,True,False,False,3 - 1,FT,Full-Time,finished,47,Premier League,2025/2026,ENG,https://images.fotmob.com/image_resources/logo/teamlogo/10252.png,https://images.fotmob.com/image_resources/logo/teamlogo/10203.png,2026-01-03,13:30
20,https://www.fotmob.com/matches/burnley-vs-brighton-hove-albion/2sqnq1#4813567,4813567,Brighton & Hove Albion,10204,Burnley,8191,True,True,False,False,2 - 0,FT,Full-Time,finished,47,Premier League,2025/2026,ENG,https://images.fotmob.com/image_resources/logo/teamlogo/10204.png,https://images.fotmob.com/image_resources/logo/teamlogo/8191.png,2026-01-03,16:00
20,https://www.fotmob.com/matches/wolverhampton-wanderers-vs-west-ham-united/2gnhk2#4813574,4813574,Wolverhampton Wanderers,8602,West Ham United,8654,True,True,False,False,3 - 0,FT,Full-Time,finished,47,Premier League,2025/2026,ENG,https://images.fotmob.com/image_resources/logo/teamlogo/8602.png,https://images.fotmob.com/image_resources/logo/teamlogo/8654.png,2026-01-03,16:00
20,https://www.fotmob.com/matches/afc-bournemouth-vs-arsenal/2txefx#4813565,4813565,AFC Bournemouth,8678,Arsenal,9825,True,True,False,False,2 - 3,FT,Full-Time,finished,47,Premier League,2025/2026,ENG,https://images.fotmob.com/image_resources/logo/teamlogo/8678.png,https://images.fotmob.com/image_resources/logo/teamlogo/9825.png,2026-01-03,18:30
20,https://www.fotmob.com/matches/leeds-united-vs-manchester-united/2wd539#4813570,4813570,Leeds United,8463,Manchester United,10260,True,True,False,False,1 - 1,FT,Full-Time,finished,47,Premier League,2025/2026,ENG,https://images.fotmob.com/image_resources/logo/teamlogo/8463.png,https://images.fotmob.com/image_resources/logo/teamlogo/10260.png,2026-01-04,13:30
20,https://www.fotmob.com/matches/everton-vs-brentford/2v1yu4#4813568,4813568,Everton,8668,Brentford,9937,True,True,False,False,2 - 4,FT,Full-Time,finished,47,Premier League,2025/2026,ENG,https://images.fotmob.com/image_resources/logo/teamlogo/8668.png,https://images.fotmob.com/image_resources/logo/teamlogo/9937.png,2026-01-04,16:00
20,https://www.fotmob.com/matches/crystal-palace-vs-newcastle-united/3c4hty#4813572,4813572,Newcastle United,10261,Crystal Palace,9826,True,True,False,False,2 - 0,FT,Full-Time,finished,47,Premier League,2025/2026,ENG,https://images.fotmob.com/image_resources/logo/teamlogo/10261.png,https://images.fotmob.com/image_resources/logo/teamlogo/9826.png,2026-01-04,16:00
20,https://www.fotmob.com/matches/sunderland-vs-tottenham-hotspur/2emo7x#4813573,4813573,Tottenham Hotspur,8586,Sunderland,8472,True,True,False,False,1 - 1,FT,Full-Time,finished,47,Premier League,2025/2026,ENG,https://images.fotmob.com/image_resources/logo/teamlogo/8586.png,https://images.fotmob.com/image_resources/logo/teamlogo/8472.png,2026-01-04,16:00
20,https://www.fotmob.com/matches/liverpool-vs-fulham/2u7pyg#4813569,4813569,Fulham,9879,Liverpool,8650,True,True,False,False,2 - 2,FT,Full-Time,finished,47,Premier League,2025/2026,ENG,https://images.fotmob.com/image_resources/logo/teamlogo/9879.png,https://images.fotmob.com/image_resources/logo/teamlogo/8650.png,2026-01-04,16:15
20,https://www.fotmob.com/matches/chelsea-vs-manchester-city/2d55kw#4813571,4813571,Manchester City,8456,Chelsea,8455,True,True,False,False,1 - 1,FT,Full-Time,finished,47,Premier League,2025/2026,ENG,https://images.fotmob.com/image_resources/logo/teamlogo/8456.png,https://images.fotmob.com/image_resources/logo/teamlogo/8455.png,2026-01-04,18:30
21,https://www.fotmob.com/matches/west-ham-united-vs-nottingham-forest/2xv42z#4813584,4813584,West Ham United,8654,Nottingham Forest,10203,True,True,False,False,1 - 2,FT,Full-Time,finished,47,Premier League,2025/2026,ENG,https://images.fotmob.com/image_resources/logo/teamlogo/8654.png,https://images.fotmob.com/image_resources/logo/teamlogo/10203.png,2026-01-06,21:00
21,https://www.fotmob.com/matches/tottenham-hotspur-vs-afc-bournemouth/2gqg4e#4813575,4813575,AFC Bournemouth,8678,Tottenham Hotspur,8586,True,True,False,False,3 - 2,FT,Full-Time,finished,47,Premier League,2025/2026,ENG,https://images.fotmob.com/image_resources/logo/teamlogo/8678.png,https://images.fotmob.com/image_resources/logo/teamlogo/8586.png,2026-01-07,20:30
21,https://www.fotmob.com/matches/sunderland-vs-brentford/2sw7v2#4813577,4813577,Brentford,9937,Sunderland,8472,True,True,False,False,3 - 0,FT,Full-Time,finished,47,Premier League,2025/2026,ENG,https://images.fotmob.com/image_resources/logo/teamlogo/9937.png,https://images.fotmob.com/image_resources/logo/teamlogo/8472.png,2026-01-07,20:30
21,https://www.fotmob.com/matches/crystal-palace-vs-aston-villa/3c0md7#4813579,4813579,Crystal Palace,9826,Aston Villa,10252,True,True,False,False,0 - 0,FT,Full-Time,finished,47,Premier League,2025/2026,ENG,https://images.fotmob.com/image_resources/logo/teamlogo/9826.png,https://images.fotmob.com/image_resources/logo/teamlogo/10252.png,2026-01-07,20:30
21,https://www.fotmob.com/matches/wolverhampton-wanderers-vs-everton/2gso21#4813580,4813580,Everton,8668,Wolverhampton Wanderers,8602,True,True,False,False,1 - 1,FT,Full-Time,finished,47,Premier League,2025/2026,ENG,https://images.fotmob.com/image_resources/logo/teamlogo/8668.png,https://images.fotmob.com/image_resources/logo/teamlogo/8602.png,2026-01-07,20:30
21,https://www.fotmob.com/matches/chelsea-vs-fulham/2s2omg#4813581,4813581,Fulham,9879,Chelsea,8455,True,True,False,False,2 - 1,FT,Full-Time,finished,47,Premier League,2025/2026,ENG,https://images.fotmob.com/image_resources/logo/teamlogo/9879.png,https://images.fotmob.com/image_resources/logo/teamlogo/8455.png,2026-01-07,20:30
21,https://www.fotmob.com/matches/manchester-city-vs-brighton-hove-albion/2vnwg2#4813582,4813582,Manchester City,8456,Brighton & Hove Albion,10204,True,True,False,False,1 - 1,FT,Full-Time,finished,47,Premier League,2025/2026,ENG,https://images.fotmob.com/image_resources/logo/teamlogo/8456.png,https://images.fotmob.com/image_resources/logo/teamlogo/10204.png,2026-01-07,20:30
21,https://www.fotmob.com/matches/burnley-vs-manchester-united/2tcrst#4813578,4813578,Burnley,8191,Manchester United,10260,True,True,False,False,2 - 2,FT,Full-Time,finished,47,Premier League,2025/2026,ENG,https://images.fotmob.com/image_resources/logo/teamlogo/8191.png,https://images.fotmob.com/image_resources/logo/teamlogo/10260.png,2026-01-07,21:15
21,https://www.fotmob.com/matches/leeds-united-vs-newcastle-united/2wdjjd#4813583,4813583,Newcastle United,10261,Leeds United,8463,True,True,False,False,4 - 3,FT,Full-Time,finished,47,Premier League,2025/2026,ENG,https://images.fotmob.com/image_resources/logo/teamlogo/10261.png,https://images.fotmob.com/image_resources/logo/teamlogo/8463.png,2026-01-07,21:15
21,https://www.fotmob.com/matches/liverpool-vs-arsenal/2tmaz7#4813576,4813576,Arsenal,9825,Liverpool,8650,True,True,False,False,0 - 0,FT,Full-Time,finished,47,Premier League,2025/2026,ENG,https://images.fotmob.com/image_resources/logo/teamlogo/9825.png,https://images.fotmob.com/image_resources/logo/teamlogo/8650.png,2026-01-08,21:00
22,https://www.fotmob.com/matches/manchester-city-vs-manchester-united/2wabz2#4813590,4813590,Manchester United,10260,Manchester City,8456,True,True,False,False,2 - 0,FT,Full-Time,finished,47,Premier League,2025/2026,ENG,https://images.fotmob.com/image_resources/logo/teamlogo/10260.png,https://images.fotmob.com/image_resources/logo/teamlogo/8456.png,2026-01-17,13:30
22,https://www.fotmob.com/matches/chelsea-vs-brentford/2spihp#4813587,4813587,Chelsea,8455,Brentford,9937,True,True,False,False,2 - 0,FT,Full-Time,finished,47,Premier League,2025/2026,ENG,https://images.fotmob.com/image_resources/logo/teamlogo/8455.png,https://images.fotmob.com/image_resources/logo/teamlogo/9937.png,2026-01-17,16:00
22,https://www.fotmob.com/matches/leeds-united-vs-fulham/2s5tto#4813588,4813588,Leeds United,8463,Fulham,9879,True,True,False,False,1 - 0,FT,Full-Time,finished,47,Premier League,2025/2026,ENG,https://images.fotmob.com/image_resources/logo/teamlogo/8463.png,https://images.fotmob.com/image_resources/logo/teamlogo/9879.png,2026-01-17,16:00
22,https://www.fotmob.com/matches/burnley-vs-liverpool/2cfu6v#4813589,4813589,Liverpool,8650,Burnley,8191,True,True,False,False,1 - 1,FT,Full-Time,finished,47,Premier League,2025/2026,ENG,https://images.fotmob.com/image_resources/logo/teamlogo/8650.png,https://images.fotmob.com/image_resources/logo/teamlogo/8191.png,2026-01-17,16:00
22,https://www.fotmob.com/matches/sunderland-vs-crystal-palace/2rojsh#4813592,4813592,Sunderland,8472,Crystal Palace,9826,True,True,False,False,2 - 1,FT,Full-Time,finished,47,Premier League,2025/2026,ENG,https://images.fotmob.com/image_resources/logo/teamlogo/8472.png,https://images.fotmob.com/image_resources/logo/teamlogo/9826.png,2026-01-17,16:00
22,https://www.fotmob.com/matches/tottenham-hotspur-vs-west-ham-united/2ghkm2#4813593,4813593,Tottenham Hotspur,8586,West Ham United,8654,True,True,False,False,1 - 2,FT,Full-Time,finished,47,Premier League,2025/2026,ENG,https://images.fotmob.com/image_resources/logo/teamlogo/8586.png,https://images.fotmob.com/image_resources/logo/teamlogo/8654.png,2026-01-17,16:00
22,https://www.fotmob.com/matches/arsenal-vs-nottingham-forest/3bf4p3#4813591,4813591,Nottingham Forest,10203,Arsenal,9825,True,True,False,False,0 - 0,FT,Full-Time,finished,47,Premier League,2025/2026,ENG,https://images.fotmob.com/image_resources/logo/teamlogo/10203.png,https://images.fotmob.com/image_resources/logo/teamlogo/9825.png,2026-01-17,18:30
22,https://www.fotmob.com/matches/wolverhampton-wanderers-vs-newcastle-united/2xxjcy#4813594,4813594,Wolverhampton Wanderers,8602,Newcastle United,10261,True,True,False,False,0 - 0,FT,Full-Time,finished,47,Premier League,2025/2026,ENG,https://images.fotmob.com/image_resources/logo/teamlogo/8602.png,https://images.fotmob.com/image_resources/logo/teamlogo/10261.png,2026-01-18,15:00
22,https://www.fotmob.com/matches/everton-vs-aston-villa/2ykmb4#4813585,4813585,Aston Villa,10252,Everton,8668,True,True,False,False,0 - 1,FT,Full-Time,finished,47,Premier League,2025/2026,ENG,https://images.fotmob.com/image_resources/logo/teamlogo/10252.png,https://images.fotmob.com/image_resources/logo/teamlogo/8668.png,2026-01-18,17:30
22,https://www.fotmob.com/matches/afc-bournemouth-vs-brighton-hove-albion/2y583t#4813586,4813586,Brighton & Hove Albion,10204,AFC Bournemouth,8678,True,True,False,False,1 - 1,FT,Full-Time,finished,47,Premier League,2025/2026,ENG,https://images.fotmob.com/image_resources/logo/teamlogo/10204.png,https://images.fotmob.com/image_resources/logo/teamlogo/8678.png,2026-01-19,21:00
23,https://www.fotmob.com/matches/sunderland-vs-west-ham-united/2fbl3n#4813604,4813604,West Ham United,8654,Sunderland,8472,True,True,False,False,3 - 1,FT,Full-Time,finished,47,Premier League,2025/2026,ENG,https://images.fotmob.com/image_resources/logo/teamlogo/8654.png,https://images.fotmob.com/image_resources/logo/teamlogo/8472.png,2026-01-24,13:30
23,https://www.fotmob.com/matches/burnley-vs-tottenham-hotspur/2bss1j#4813598,4813598,Burnley,8191,Tottenham Hotspur,8586,True,True,False,False,2 - 2,FT,Full-Time,finished,47,Premier League,2025/2026,ENG,https://images.fotmob.com/image_resources/logo/teamlogo/8191.png,https://images.fotmob.com/image_resources/logo/teamlogo/8586.png,2026-01-24,16:00
23,https://www.fotmob.com/matches/fulham-vs-brighton-hove-albion/3c2rvp#4813601,4813601,Fulham,9879,Brighton & Hove Albion,10204,True,True,False,False,2 - 1,FT,Full-Time,finished,47,Premier League,2025/2026,ENG,https://images.fotmob.com/image_resources/logo/teamlogo/9879.png,https://images.fotmob.com/image_resources/logo/teamlogo/10204.png,2026-01-24,16:00
23,https://www.fotmob.com/matches/manchester-city-vs-wolverhampton-wanderers/2emo8d#4813602,4813602,Manchester City,8456,Wolverhampton Wanderers,8602,True,True,False,False,2 - 0,FT,Full-Time,finished,47,Premier League,2025/2026,ENG,https://images.fotmob.com/image_resources/logo/teamlogo/8456.png,https://images.fotmob.com/image_resources/logo/teamlogo/8602.png,2026-01-24,16:00
23,https://www.fotmob.com/matches/liverpool-vs-afc-bournemouth/2he69q#4813595,4813595,AFC Bournemouth,8678,Liverpool,8650,True,True,False,False,3 - 2,FT,Full-Time,finished,47,Premier League,2025/2026,ENG,https://images.fotmob.com/image_resources/logo/teamlogo/8678.png,https://images.fotmob.com/image_resources/logo/teamlogo/8650.png,2026-01-24,18:30
23,https://www.fotmob.com/matches/brentford-vs-nottingham-forest/3crchb#4813597,4813597,Brentford,9937,Nottingham Forest,10203,True,True,False,False,0 - 2,FT,Full-Time,finished,47,Premier League,2025/2026,ENG,https://images.fotmob.com/image_resources/logo/teamlogo/9937.png,https://images.fotmob.com/image_resources/logo/teamlogo/10203.png,2026-01-25,15:00
23,https://www.fotmob.com/matches/chelsea-vs-crystal-palace/2rhvvj#4813599,4813599,Crystal Palace,9826,Chelsea,8455,True,True,False,False,1 - 3,FT,Full-Time,finished,47,Premier League,2025/2026,ENG,https://images.fotmob.com/image_resources/logo/teamlogo/9826.png,https://images.fotmob.com/image_resources/logo/teamlogo/8455.png,2026-01-25,15:00
23,https://www.fotmob.com/matches/aston-villa-vs-newcastle-united/3h9v0m#4813603,4813603,Newcastle United,10261,Aston Villa,10252,True,True,False,False,0 - 2,FT,Full-Time,finished,47,Premier League,2025/2026,ENG,https://images.fotmob.com/image_resources/logo/teamlogo/10261.png,https://images.fotmob.com/image_resources/logo/teamlogo/10252.png,2026-01-25,15:00
23,https://www.fotmob.com/matches/arsenal-vs-manchester-united/3c3mu0#4813596,4813596,Arsenal,9825,Manchester United,10260,True,True,False,False,2 - 3,FT,Full-Time,finished,47,Premier League,2025/2026,ENG,https://images.fotmob.com/image_resources/logo/teamlogo/9825.png,https://images.fotmob.com/image_resources/logo/teamlogo/10260.png,2026-01-25,17:30
23,https://www.fotmob.com/matches/leeds-united-vs-everton/2fdf72#4813600,4813600,Everton,8668,Leeds United,8463,True,True,False,False,1 - 1,FT,Full-Time,finished,47,Premier League,2025/2026,ENG,https://images.fotmob.com/image_resources/logo/teamlogo/8668.png,https://images.fotmob.com/image_resources/logo/teamlogo/8463.png,2026-01-26,21:00
24,https://www.fotmob.com/matches/everton-vs-brighton-hove-albion/2y16fs#4813606,4813606,Brighton & Hove Albion,10204,Everton,8668,True,True,False,False,1 - 1,FT,Full-Time,finished,47,Premier League,2025/2026,ENG,https://images.fotmob.com/image_resources/logo/teamlogo/10204.png,https://images.fotmob.com/image_resources/logo/teamlogo/8668.png,2026-01-31,16:00
24,https://www.fotmob.com/matches/leeds-united-vs-arsenal/2rkmmx#4813608,4813608,Leeds United,8463,Arsenal,9825,True,True,False,False,0 - 4,FT,Full-Time,finished,47,Premier League,2025/2026,ENG,https://images.fotmob.com/image_resources/logo/teamlogo/8463.png,https://images.fotmob.com/image_resources/logo/teamlogo/9825.png,2026-01-31,16:00
24,https://www.fotmob.com/matches/wolverhampton-wanderers-vs-afc-bournemouth/2gwdd2#4813614,4813614,Wolverhampton Wanderers,8602,AFC Bournemouth,8678,True,True,False,False,0 - 2,FT,Full-Time,finished,47,Premier League,2025/2026,ENG,https://images.fotmob.com/image_resources/logo/teamlogo/8602.png,https://images.fotmob.com/image_resources/logo/teamlogo/8678.png,2026-01-31,16:00
24,https://www.fotmob.com/matches/chelsea-vs-west-ham-united/2f5ck5#4813607,4813607,Chelsea,8455,West Ham United,8654,True,True,False,False,3 - 2,FT,Full-Time,finished,47,Premier League,2025/2026,ENG,https://images.fotmob.com/image_resources/logo/teamlogo/8455.png,https://images.fotmob.com/image_resources/logo/teamlogo/8654.png,2026-01-31,18:30
24,https://www.fotmob.com/matches/liverpool-vs-newcastle-united/2ygyxm#4813609,4813609,Liverpool,8650,Newcastle United,10261,True,True,False,False,4 - 1,FT,Full-Time,finished,47,Premier League,2025/2026,ENG,https://images.fotmob.com/image_resources/logo/teamlogo/8650.png,https://images.fotmob.com/image_resources/logo/teamlogo/10261.png,2026-01-31,21:00
24,https://www.fotmob.com/matches/brentford-vs-aston-villa/3dciw4#4813605,4813605,Aston Villa,10252,Brentford,9937,True,True,False,False,0 - 1,FT,Full-Time,finished,47,Premier League,2025/2026,ENG,https://images.fotmob.com/image_resources/logo/teamlogo/10252.png,https://images.fotmob.com/image_resources/logo/teamlogo/9937.png,2026-02-01,15:00
24,https://www.fotmob.com/matches/fulham-vs-manchester-united/3cqww9#4813610,4813610,Manchester United,10260,Fulham,9879,True,True,False,False,3 - 2,FT,Full-Time,finished,47,Premier League,2025/2026,ENG,https://images.fotmob.com/image_resources/logo/teamlogo/10260.png,https://images.fotmob.com/image_resources/logo/teamlogo/9879.png,2026-02-01,15:00
24,https://www.fotmob.com/matches/crystal-palace-vs-nottingham-forest/3bfk5h#4813611,4813611,Nottingham Forest,10203,Crystal Palace,9826,True,True,False,False,1 - 1,FT,Full-Time,finished,47,Premier League,2025/2026,ENG,https://images.fotmob.com/image_resources/logo/teamlogo/10203.png,https://images.fotmob.com/image_resources/logo/teamlogo/9826.png,2026-02-01,15:00
24,https://www.fotmob.com/matches/manchester-city-vs-tottenham-hotspur/2egtpx#4813613,4813613,Tottenham Hotspur,8586,Manchester City,8456,True,True,False,False,2 - 2,FT,Full-Time,finished,47,Premier League,2025/2026,ENG,https://images.fotmob.com/image_resources/logo/teamlogo/8586.png,https://images.fotmob.com/image_resources/logo/teamlogo/8456.png,2026-02-01,17:30
24,https://www.fotmob.com/matches/burnley-vs-sunderland/2anx64#4813612,4813612,Sunderland,8472,Burnley,8191,True,True,False,False,3 - 0,FT,Full-Time,finished,47,Premier League,2025/2026,ENG,https://images.fotmob.com/image_resources/logo/teamlogo/8472.png,https://images.fotmob.com/image_resources/logo/teamlogo/8191.png,2026-02-02,21:00
25,https://www.fotmob.com/matches/leeds-united-vs-nottingham-forest/2vqauu#4813620,4813620,Leeds United,8463,Nottingham Forest,10203,True,True,False,False,3 - 1,FT,Full-Time,finished,47,Premier League,2025/2026,ENG,https://images.fotmob.com/image_resources/logo/teamlogo/8463.png,https://images.fotmob.com/image_resources/logo/teamlogo/10203.png,2026-02-06,21:00
25,https://www.fotmob.com/matches/tottenham-hotspur-vs-manchester-united/2xqo0r#4813622,4813622,Manchester United,10260,Tottenham Hotspur,8586,True,True,False,False,2 - 0,FT,Full-Time,finished,47,Premier League,2025/2026,ENG,https://images.fotmob.com/image_resources/logo/teamlogo/10260.png,https://images.fotmob.com/image_resources/logo/teamlogo/8586.png,2026-02-07,13:30
25,https://www.fotmob.com/matches/afc-bournemouth-vs-aston-villa/2yooch#4813615,4813615,AFC Bournemouth,8678,Aston Villa,10252,True,True,False,False,1 - 1,FT,Full-Time,finished,47,Premier League,2025/2026,ENG,https://images.fotmob.com/image_resources/logo/teamlogo/8678.png,https://images.fotmob.com/image_resources/logo/teamlogo/10252.png,2026-02-07,16:00
25,https://www.fotmob.com/matches/sunderland-vs-arsenal/2ro5o6#4813616,4813616,Arsenal,9825,Sunderland,8472,True,True,False,False,3 - 0,FT,Full-Time,finished,47,Premier League,2025/2026,ENG,https://images.fotmob.com/image_resources/logo/teamlogo/9825.png,https://images.fotmob.com/image_resources/logo/teamlogo/8472.png,2026-02-07,16:00
25,https://www.fotmob.com/matches/burnley-vs-west-ham-united/2cha6h#4813618,4813618,Burnley,8191,West Ham United,8654,True,True,False,False,0 - 2,FT,Full-Time,finished,47,Premier League,2025/2026,ENG,https://images.fotmob.com/image_resources/logo/teamlogo/8191.png,https://images.fotmob.com/image_resources/logo/teamlogo/8654.png,2026-02-07,16:00
25,https://www.fotmob.com/matches/everton-vs-fulham/2uevfp#4813619,4813619,Fulham,9879,Everton,8668,True,True,False,False,1 - 2,FT,Full-Time,finished,47,Premier League,2025/2026,ENG,https://images.fotmob.com/image_resources/logo/teamlogo/9879.png,https://images.fotmob.com/image_resources/logo/teamlogo/8668.png,2026-02-07,16:00
25,https://www.fotmob.com/matches/chelsea-vs-wolverhampton-wanderers/2emb2j#4813624,4813624,Wolverhampton Wanderers,8602,Chelsea,8455,True,True,False,False,1 - 3,FT,Full-Time,finished,47,Premier League,2025/2026,ENG,https://images.fotmob.com/image_resources/logo/teamlogo/8602.png,https://images.fotmob.com/image_resources/logo/teamlogo/8455.png,2026-02-07,16:00
25,https://www.fotmob.com/matches/brentford-vs-newcastle-united/3dgf4m#4813623,4813623,Newcastle United,10261,Brentford,9937,True,True,False,False,2 - 3,FT,Full-Time,finished,47,Premier League,2025/2026,ENG,https://images.fotmob.com/image_resources/logo/teamlogo/10261.png,https://images.fotmob.com/image_resources/logo/teamlogo/9937.png,2026-02-07,18:30
25,https://www.fotmob.com/matches/crystal-palace-vs-brighton-hove-albion/3bfzlv#4813617,4813617,Brighton & Hove Albion,10204,Crystal Palace,9826,True,True,False,False,0 - 1,FT,Full-Time,finished,47,Premier League,2025/2026,ENG,https://images.fotmob.com/image_resources/logo/teamlogo/10204.png,https://images.fotmob.com/image_resources/logo/teamlogo/9826.png,2026-02-08,15:00
25,https://www.fotmob.com/matches/manchester-city-vs-liverpool/2f48yd#4813621,4813621,Liverpool,8650,Manchester City,8456,True,True,False,False,1 - 2,FT,Full-Time,finished,47,Premier League,2025/2026,ENG,https://images.fotmob.com/image_resources/logo/teamlogo/8650.png,https://images.fotmob.com/image_resources/logo/teamlogo/8456.png,2026-02-08,17:30
26,https://www.fotmob.com/matches/chelsea-vs-leeds-united/2d7oy4#4813627,4813627,Chelsea,8455,Leeds United,8463,True,True,False,False,2 - 2,FT,Full-Time,finished,47,Premier League,2025/2026,ENG,https://images.fotmob.com/image_resources/logo/teamlogo/8455.png,https://images.fotmob.com/image_resources/logo/teamlogo/8463.png,2026-02-10,20:30
26,https://www.fotmob.com/matches/everton-vs-afc-bournemouth/2hkv2h#4813629,4813629,Everton,8668,AFC Bournemouth,8678,True,True,False,False,1 - 2,FT,Full-Time,finished,47,Premier League,2025/2026,ENG,https://images.fotmob.com/image_resources/logo/teamlogo/8668.png,https://images.fotmob.com/image_resources/logo/teamlogo/8678.png,2026-02-10,20:30
26,https://www.fotmob.com/matches/tottenham-hotspur-vs-newcastle-united/2xr2ka#4813633,4813633,Tottenham Hotspur,8586,Newcastle United,10261,True,True,False,False,1 - 2,FT,Full-Time,finished,47,Premier League,2025/2026,ENG,https://images.fotmob.com/image_resources/logo/teamlogo/8586.png,https://images.fotmob.com/image_resources/logo/teamlogo/10261.png,2026-02-10,20:30
26,https://www.fotmob.com/matches/west-ham-united-vs-manchester-united/2yi6pt#4813634,4813634,West Ham United,8654,Manchester United,10260,True,True,False,False,1 - 1,FT,Full-Time,finished,47,Premier League,2025/2026,ENG,https://images.fotmob.com/image_resources/logo/teamlogo/8654.png,https://images.fotmob.com/image_resources/logo/teamlogo/10260.png,2026-02-10,21:15
26,https://www.fotmob.com/matches/brighton-hove-albion-vs-aston-villa/3gku1s#4813625,4813625,Aston Villa,10252,Brighton & Hove Albion,10204,True,True,False,False,1 - 0,FT,Full-Time,finished,47,Premier League,2025/2026,ENG,https://images.fotmob.com/image_resources/logo/teamlogo/10252.png,https://images.fotmob.com/image_resources/logo/teamlogo/10204.png,2026-02-11,20:30
26,https://www.fotmob.com/matches/manchester-city-vs-fulham/2s32rr#4813630,4813630,Manchester City,8456,Fulham,9879,True,True,False,False,3 - 0,FT,Full-Time,finished,47,Premier League,2025/2026,ENG,https://images.fotmob.com/image_resources/logo/teamlogo/8456.png,https://images.fotmob.com/image_resources/logo/teamlogo/9879.png,2026-02-11,20:30
26,https://www.fotmob.com/matches/wolverhampton-wanderers-vs-nottingham-forest/2xa4gh#4813631,4813631,Nottingham Forest,10203,Wolverhampton Wanderers,8602,True,True,False,False,0 - 0,FT,Full-Time,finished,47,Premier League,2025/2026,ENG,https://images.fotmob.com/image_resources/logo/teamlogo/10203.png,https://images.fotmob.com/image_resources/logo/teamlogo/8602.png,2026-02-11,20:30
26,https://www.fotmob.com/matches/burnley-vs-crystal-palace/2on6r7#4813628,4813628,Crystal Palace,9826,Burnley,8191,True,True,False,False,2 - 3,FT,Full-Time,finished,47,Premier League,2025/2026,ENG,https://images.fotmob.com/image_resources/logo/teamlogo/9826.png,https://images.fotmob.com/image_resources/logo/teamlogo/8191.png,2026-02-11,20:40
26,https://www.fotmob.com/matches/sunderland-vs-liverpool/2fa48t#4813632,4813632,Sunderland,8472,Liverpool,8650,True,True,False,False,0 - 1,FT,Full-Time,finished,47,Premier League,2025/2026,ENG,https://images.fotmob.com/image_resources/logo/teamlogo/8472.png,https://images.fotmob.com/image_resources/logo/teamlogo/8650.png,2026-02-11,21:15
26,https://www.fotmob.com/matches/arsenal-vs-brentford/389pak#4813626,4813626,Brentford,9937,Arsenal,9825,True,True,False,False,1 - 1,FT,Full-Time,finished,47,Premier League,2025/2026,ENG,https://images.fotmob.com/image_resources/logo/teamlogo/9937.png,https://images.fotmob.com/image_resources/logo/teamlogo/9825.png,2026-02-12,21:00
31,https://www.fotmob.com/matches/wolverhampton-wanderers-vs-arsenal/2t3bl7#4813684,4813684,Wolverhampton Wanderers,8602,Arsenal,9825,True,True,False,False,2 - 2,FT,Full-Time,finished,47,Premier League,2025/2026,ENG,https://images.fotmob.com/image_resources/logo/teamlogo/8602.png,https://images.fotmob.com/image_resources/logo/teamlogo/9825.png,2026-02-18,21:00
27,https://www.fotmob.com/matches/leeds-united-vs-aston-villa/2w9xjd#4813635,4813635,Aston Villa,10252,Leeds United,8463,True,True,False,False,1 - 1,FT,Full-Time,finished,47,Premier League,2025/2026,ENG,https://images.fotmob.com/image_resources/logo/teamlogo/10252.png,https://images.fotmob.com/image_resources/logo/teamlogo/8463.png,2026-02-21,16:00
27,https://www.fotmob.com/matches/brentford-vs-brighton-hove-albion/3crs0s#4813636,4813636,Brentford,9937,Brighton & Hove Albion,10204,True,True,False,False,0 - 2,FT,Full-Time,finished,47,Premier League,2025/2026,ENG,https://images.fotmob.com/image_resources/logo/teamlogo/9937.png,https://images.fotmob.com/image_resources/logo/teamlogo/10204.png,2026-02-21,16:00
27,https://www.fotmob.com/matches/burnley-vs-chelsea/2ahuos#4813637,4813637,Chelsea,8455,Burnley,8191,True,True,False,False,1 - 1,FT,Full-Time,finished,47,Premier League,2025/2026,ENG,https://images.fotmob.com/image_resources/logo/teamlogo/8455.png,https://images.fotmob.com/image_resources/logo/teamlogo/8191.png,2026-02-21,16:00
27,https://www.fotmob.com/matches/west-ham-united-vs-afc-bournemouth/2hfnrc#4813644,4813644,West Ham United,8654,AFC Bournemouth,8678,True,True,False,False,0 - 0,FT,Full-Time,finished,47,Premier League,2025/2026,ENG,https://images.fotmob.com/image_resources/logo/teamlogo/8654.png,https://images.fotmob.com/image_resources/logo/teamlogo/8678.png,2026-02-21,18:30
27,https://www.fotmob.com/matches/manchester-city-vs-newcastle-united/2waqez#4813640,4813640,Manchester City,8456,Newcastle United,10261,True,True,False,False,2 - 1,FT,Full-Time,finished,47,Premier League,2025/2026,ENG,https://images.fotmob.com/image_resources/logo/teamlogo/8456.png,https://images.fotmob.com/image_resources/logo/teamlogo/10261.png,2026-02-21,21:00
27,https://www.fotmob.com/matches/wolverhampton-wanderers-vs-crystal-palace/2t3pt4#4813638,4813638,Crystal Palace,9826,Wolverhampton Wanderers,8602,True,True,False,False,1 - 0,FT,Full-Time,finished,47,Premier League,2025/2026,ENG,https://images.fotmob.com/image_resources/logo/teamlogo/9826.png,https://images.fotmob.com/image_resources/logo/teamlogo/8602.png,2026-02-22,15:00
27,https://www.fotmob.com/matches/liverpool-vs-nottingham-forest/2xthvt#4813641,4813641,Nottingham Forest,10203,Liverpool,8650,True,True,False,False,0 - 1,FT,Full-Time,finished,47,Premier League,2025/2026,ENG,https://images.fotmob.com/image_resources/logo/teamlogo/10203.png,https://images.fotmob.com/image_resources/logo/teamlogo/8650.png,2026-02-22,15:00
27,https://www.fotmob.com/matches/sunderland-vs-fulham/2s9d8f#4813642,4813642,Sunderland,8472,Fulham,9879,True,True,False,False,1 - 3,FT,Full-Time,finished,47,Premier League,2025/2026,ENG,https://images.fotmob.com/image_resources/logo/teamlogo/8472.png,https://images.fotmob.com/image_resources/logo/teamlogo/9879.png,2026-02-22,15:00
27,https://www.fotmob.com/matches/tottenham-hotspur-vs-arsenal/2sx06r#4813643,4813643,Tottenham Hotspur,8586,Arsenal,9825,True,True,False,False,1 - 4,FT,Full-Time,finished,47,Premier League,2025/2026,ENG,https://images.fotmob.com/image_resources/logo/teamlogo/8586.png,https://images.fotmob.com/image_resources/logo/teamlogo/9825.png,2026-02-22,17:30
27,https://www.fotmob.com/matches/everton-vs-manchester-united/2ynv4k#4813639,4813639,Everton,8668,Manchester United,10260,True,True,False,False,0 - 1,FT,Full-Time,finished,47,Premier League,2025/2026,ENG,https://images.fotmob.com/image_resources/logo/teamlogo/8668.png,https://images.fotmob.com/image_resources/logo/teamlogo/10260.png,2026-02-23,21:00
28,https://www.fotmob.com/matches/wolverhampton-wanderers-vs-aston-villa/2xtwe7#4813654,4813654,Wolverhampton Wanderers,8602,Aston Villa,10252,True,True,False,False,2 - 0,FT,Full-Time,finished,47,Premier League,2025/2026,ENG,https://images.fotmob.com/image_resources/logo/teamlogo/8602.png,https://images.fotmob.com/image_resources/logo/teamlogo/10252.png,2026-02-27,21:00
28,https://www.fotmob.com/matches/sunderland-vs-afc-bournemouth/2fkehz#4813645,4813645,AFC Bournemouth,8678,Sunderland,8472,True,True,False,False,1 - 1,FT,Full-Time,finished,47,Premier League,2025/2026,ENG,https://images.fotmob.com/image_resources/logo/teamlogo/8678.png,https://images.fotmob.com/image_resources/logo/teamlogo/8472.png,2026-02-28,13:30
28,https://www.fotmob.com/matches/burnley-vs-brentford/2pu6rd#4813648,4813648,Burnley,8191,Brentford,9937,True,True,False,False,3 - 4,FT,Full-Time,finished,47,Premier League,2025/2026,ENG,https://images.fotmob.com/image_resources/logo/teamlogo/8191.png,https://images.fotmob.com/image_resources/logo/teamlogo/9937.png,2026-02-28,16:00
28,https://www.fotmob.com/matches/liverpool-vs-west-ham-united/2h59kq#4813651,4813651,Liverpool,8650,West Ham United,8654,True,True,False,False,5 - 2,FT,Full-Time,finished,47,Premier League,2025/2026,ENG,https://images.fotmob.com/image_resources/logo/teamlogo/8650.png,https://images.fotmob.com/image_resources/logo/teamlogo/8654.png,2026-02-28,16:00
28,https://www.fotmob.com/matches/everton-vs-newcastle-united/2yo9qd#4813653,4813653,Newcastle United,10261,Everton,8668,True,True,False,False,2 - 3,FT,Full-Time,finished,47,Premier League,2025/2026,ENG,https://images.fotmob.com/image_resources/logo/teamlogo/10261.png,https://images.fotmob.com/image_resources/logo/teamlogo/8668.png,2026-02-28,16:00
28,https://www.fotmob.com/matches/manchester-city-vs-leeds-united/2d8203#4813650,4813650,Leeds United,8463,Manchester City,8456,True,True,False,False,0 - 1,FT,Full-Time,finished,47,Premier League,2025/2026,ENG,https://images.fotmob.com/image_resources/logo/teamlogo/8463.png,https://images.fotmob.com/image_resources/logo/teamlogo/8456.png,2026-02-28,18:30
28,https://www.fotmob.com/matches/nottingham-forest-vs-brighton-hove-albion/3fzdi8#4813647,4813647,Brighton & Hove Albion,10204,Nottingham Forest,10203,True,True,False,False,2 - 1,FT,Full-Time,finished,47,Premier League,2025/2026,ENG,https://images.fotmob.com/image_resources/logo/teamlogo/10204.png,https://images.fotmob.com/image_resources/logo/teamlogo/10203.png,2026-03-01,15:00
28,https://www.fotmob.com/matches/tottenham-hotspur-vs-fulham/2tici0#4813649,4813649,Fulham,9879,Tottenham Hotspur,8586,True,True,False,False,2 - 1,FT,Full-Time,finished,47,Premier League,2025/2026,ENG,https://images.fotmob.com/image_resources/logo/teamlogo/9879.png,https://images.fotmob.com/image_resources/logo/teamlogo/8586.png,2026-03-01,15:00
28,https://www.fotmob.com/matches/crystal-palace-vs-manchester-united/3c42bz#4813652,4813652,Manchester United,10260,Crystal Palace,9826,True,True,False,False,2 - 1,FT,Full-Time,finished,47,Premier League,2025/2026,ENG,https://images.fotmob.com/image_resources/logo/teamlogo/10260.png,https://images.fotmob.com/image_resources/logo/teamlogo/9826.png,2026-03-01,15:00
28,https://www.fotmob.com/matches/chelsea-vs-arsenal/2rhhrp#4813646,4813646,Arsenal,9825,Chelsea,8455,True,True,False,False,2 - 1,FT,Full-Time,finished,47,Premier League,2025/2026,ENG,https://images.fotmob.com/image_resources/logo/teamlogo/9825.png,https://images.fotmob.com/image_resources/logo/teamlogo/8455.png,2026-03-01,17:30
29,https://www.fotmob.com/matches/afc-bournemouth-vs-brentford/2v5yfp#4813655,4813655,AFC Bournemouth,8678,Brentford,9937,True,True,False,False,0 - 0,FT,Full-Time,finished,47,Premier League,2025/2026,ENG,https://images.fotmob.com/image_resources/logo/teamlogo/8678.png,https://images.fotmob.com/image_resources/logo/teamlogo/9937.png,2026-03-03,20:30
29,https://www.fotmob.com/matches/burnley-vs-everton/2cmc8m#4813658,4813658,Everton,8668,Burnley,8191,True,True,False,False,2 - 0,FT,Full-Time,finished,47,Premier League,2025/2026,ENG,https://images.fotmob.com/image_resources/logo/teamlogo/8668.png,https://images.fotmob.com/image_resources/logo/teamlogo/8191.png,2026-03-03,20:30
29,https://www.fotmob.com/matches/leeds-united-vs-sunderland/2dduzo#4813660,4813660,Leeds United,8463,Sunderland,8472,True,True,False,False,0 - 1,FT,Full-Time,finished,47,Premier League,2025/2026,ENG,https://images.fotmob.com/image_resources/logo/teamlogo/8463.png,https://images.fotmob.com/image_resources/logo/teamlogo/8472.png,2026-03-03,20:30
29,https://www.fotmob.com/matches/wolverhampton-wanderers-vs-liverpool/2gm0as#4813664,4813664,Wolverhampton Wanderers,8602,Liverpool,8650,True,True,False,False,2 - 1,FT,Full-Time,finished,47,Premier League,2025/2026,ENG,https://images.fotmob.com/image_resources/logo/teamlogo/8602.png,https://images.fotmob.com/image_resources/logo/teamlogo/8650.png,2026-03-03,21:15
29,https://www.fotmob.com/matches/chelsea-vs-aston-villa/2w6q11#4813656,4813656,Aston Villa,10252,Chelsea,8455,True,True,False,False,1 - 4,FT,Full-Time,finished,47,Premier League,2025/2026,ENG,https://images.fotmob.com/image_resources/logo/teamlogo/10252.png,https://images.fotmob.com/image_resources/logo/teamlogo/8455.png,2026-03-04,20:30
29,https://www.fotmob.com/matches/arsenal-vs-brighton-hove-albion/3bfk5g#4813657,4813657,Brighton & Hove Albion,10204,Arsenal,9825,True,True,False,False,0 - 1,FT,Full-Time,finished,47,Premier League,2025/2026,ENG,https://images.fotmob.com/image_resources/logo/teamlogo/10204.png,https://images.fotmob.com/image_resources/logo/teamlogo/9825.png,2026-03-04,20:30
29,https://www.fotmob.com/matches/west-ham-united-vs-fulham/2u9b5i#4813659,4813659,Fulham,9879,West Ham United,8654,True,True,False,False,0 - 1,FT,Full-Time,finished,47,Premier League,2025/2026,ENG,https://images.fotmob.com/image_resources/logo/teamlogo/9879.png,https://images.fotmob.com/image_resources/logo/teamlogo/8654.png,2026-03-04,20:30
29,https://www.fotmob.com/matches/manchester-city-vs-nottingham-forest/2vni1q#4813661,4813661,Manchester City,8456,Nottingham Forest,10203,True,True,False,False,2 - 2,FT,Full-Time,finished,47,Premier League,2025/2026,ENG,https://images.fotmob.com/image_resources/logo/teamlogo/8456.png,https://images.fotmob.com/image_resources/logo/teamlogo/10203.png,2026-03-04,20:30
29,https://www.fotmob.com/matches/manchester-united-vs-newcastle-united/3hddo2#4813662,4813662,Newcastle United,10261,Manchester United,10260,True,True,False,False,2 - 1,FT,Full-Time,finished,47,Premier League,2025/2026,ENG,https://images.fotmob.com/image_resources/logo/teamlogo/10261.png,https://images.fotmob.com/image_resources/logo/teamlogo/10260.png,2026-03-04,21:15
29,https://www.fotmob.com/matches/tottenham-hotspur-vs-crystal-palace/2sxee8#4813663,4813663,Tottenham Hotspur,8586,Crystal Palace,9826,True,True,False,False,1 - 3,FT,Full-Time,finished,47,Premier League,2025/2026,ENG,https://images.fotmob.com/image_resources/logo/teamlogo/8586.png,https://images.fotmob.com/image_resources/logo/teamlogo/9826.png,2026-03-05,21:00
30,https://www.fotmob.com/matches/burnley-vs-afc-bournemouth/2cpydh#4813667,4813667,Burnley,8191,AFC Bournemouth,8678,True,True,False,False,0 - 0,FT,Full-Time,finished,47,Premier League,2025/2026,ENG,https://images.fotmob.com/image_resources/logo/teamlogo/8191.png,https://images.fotmob.com/image_resources/logo/teamlogo/8678.png,2026-03-14,16:00
30,https://www.fotmob.com/matches/sunderland-vs-brighton-hove-albion/2vuaxm#4813673,4813673,Sunderland,8472,Brighton & Hove Albion,10204,True,True,False,False,0 - 1,FT,Full-Time,finished,47,Premier League,2025/2026,ENG,https://images.fotmob.com/image_resources/logo/teamlogo/8472.png,https://images.fotmob.com/image_resources/logo/teamlogo/10204.png,2026-03-14,16:00
30,https://www.fotmob.com/matches/everton-vs-arsenal/2ttfpg#4813665,4813665,Arsenal,9825,Everton,8668,True,True,False,False,2 - 0,FT,Full-Time,finished,47,Premier League,2025/2026,ENG,https://images.fotmob.com/image_resources/logo/teamlogo/9825.png,https://images.fotmob.com/image_resources/logo/teamlogo/8668.png,2026-03-14,18:30
30,https://www.fotmob.com/matches/chelsea-vs-newcastle-united/2wabz1#4813668,4813668,Chelsea,8455,Newcastle United,10261,True,True,False,False,0 - 1,FT,Full-Time,finished,47,Premier League,2025/2026,ENG,https://images.fotmob.com/image_resources/logo/teamlogo/8455.png,https://images.fotmob.com/image_resources/logo/teamlogo/10261.png,2026-03-14,18:30
30,https://www.fotmob.com/matches/manchester-city-vs-west-ham-united/2f5prf#4813674,4813674,West Ham United,8654,Manchester City,8456,True,True,False,False,1 - 1,FT,Full-Time,finished,47,Premier League,2025/2026,ENG,https://images.fotmob.com/image_resources/logo/teamlogo/8654.png,https://images.fotmob.com/image_resources/logo/teamlogo/8456.png,2026-03-14,21:00
30,https://www.fotmob.com/matches/leeds-united-vs-crystal-palace/2rl0qz#4813669,4813669,Crystal Palace,9826,Leeds United,8463,True,True,False,False,0 - 0,FT,Full-Time,finished,47,Premier League,2025/2026,ENG,https://images.fotmob.com/image_resources/logo/teamlogo/9826.png,https://images.fotmob.com/image_resources/logo/teamlogo/8463.png,2026-03-15,15:00
30,https://www.fotmob.com/matches/aston-villa-vs-manchester-united/3h9f6s#4813671,4813671,Manchester United,10260,Aston Villa,10252,True,True,False,False,3 - 1,FT,Full-Time,finished,47,Premier League,2025/2026,ENG,https://images.fotmob.com/image_resources/logo/teamlogo/10260.png,https://images.fotmob.com/image_resources/logo/teamlogo/10252.png,2026-03-15,15:00
30,https://www.fotmob.com/matches/fulham-vs-nottingham-forest/3c2cdu#4813672,4813672,Nottingham Forest,10203,Fulham,9879,True,True,False,False,0 - 0,FT,Full-Time,finished,47,Premier League,2025/2026,ENG,https://images.fotmob.com/image_resources/logo/teamlogo/10203.png,https://images.fotmob.com/image_resources/logo/teamlogo/9879.png,2026-03-15,15:00
30,https://www.fotmob.com/matches/tottenham-hotspur-vs-liverpool/2gg3ek#4813670,4813670,Liverpool,8650,Tottenham Hotspur,8586,True,True,False,False,1 - 1,FT,Full-Time,finished,47,Premier League,2025/2026,ENG,https://images.fotmob.com/image_resources/logo/teamlogo/8650.png,https://images.fotmob.com/image_resources/logo/teamlogo/8586.png,2026-03-15,17:30
30,https://www.fotmob.com/matches/wolverhampton-wanderers-vs-brentford/2ubp0j#4813666,4813666,Brentford,9937,Wolverhampton Wanderers,8602,True,True,False,False,2 - 2,FT,Full-Time,finished,47,Premier League,2025/2026,ENG,https://images.fotmob.com/image_resources/logo/teamlogo/9937.png,https://images.fotmob.com/image_resources/logo/teamlogo/8602.png,2026-03-16,21:00
31,https://www.fotmob.com/matches/afc-bournemouth-vs-manchester-united/2yrx85#4813675,4813675,AFC Bournemouth,8678,Manchester United,10260,True,True,False,False,2 - 2,FT,Full-Time,finished,47,Premier League,2025/2026,ENG,https://images.fotmob.com/image_resources/logo/teamlogo/8678.png,https://images.fotmob.com/image_resources/logo/teamlogo/10260.png,2026-03-20,21:00
31,https://www.fotmob.com/matches/liverpool-vs-brighton-hove-albion/2xtwfj#4813677,4813677,Brighton & Hove Albion,10204,Liverpool,8650,True,True,False,False,2 - 1,FT,Full-Time,finished,47,Premier League,2025/2026,ENG,https://images.fotmob.com/image_resources/logo/teamlogo/10204.png,https://images.fotmob.com/image_resources/logo/teamlogo/8650.png,2026-03-21,13:45
31,https://www.fotmob.com/matches/burnley-vs-fulham/2p7opg#4813679,4813679,Fulham,9879,Burnley,8191,True,True,False,False,3 - 1,FT,Full-Time,finished,47,Premier League,2025/2026,ENG,https://images.fotmob.com/image_resources/logo/teamlogo/9879.png,https://images.fotmob.com/image_resources/logo/teamlogo/8191.png,2026-03-21,16:00
31,https://www.fotmob.com/matches/chelsea-vs-everton/2fahgy#4813678,4813678,Everton,8668,Chelsea,8455,True,True,False,False,3 - 0,FT,Full-Time,finished,47,Premier League,2025/2026,ENG,https://images.fotmob.com/image_resources/logo/teamlogo/8668.png,https://images.fotmob.com/image_resources/logo/teamlogo/8455.png,2026-03-21,18:30
31,https://www.fotmob.com/matches/leeds-united-vs-brentford/2sso1t#4813680,4813680,Leeds United,8463,Brentford,9937,True,True,False,False,0 - 0,FT,Full-Time,finished,47,Premier League,2025/2026,ENG,https://images.fotmob.com/image_resources/logo/teamlogo/8463.png,https://images.fotmob.com/image_resources/logo/teamlogo/9937.png,2026-03-21,21:00
31,https://www.fotmob.com/matches/sunderland-vs-newcastle-united/2wh5lv#4813682,4813682,Newcastle United,10261,Sunderland,8472,True,True,False,False,1 - 2,FT,Full-Time,finished,47,Premier League,2025/2026,ENG,https://images.fotmob.com/image_resources/logo/teamlogo/10261.png,https://images.fotmob.com/image_resources/logo/teamlogo/8472.png,2026-03-22,13:00
31,https://www.fotmob.com/matches/west-ham-united-vs-aston-villa/2yexzh#4813676,4813676,Aston Villa,10252,West Ham United,8654,True,True,False,False,2 - 0,FT,Full-Time,finished,47,Premier League,2025/2026,ENG,https://images.fotmob.com/image_resources/logo/teamlogo/10252.png,https://images.fotmob.com/image_resources/logo/teamlogo/8654.png,2026-03-22,15:15
31,https://www.fotmob.com/matches/tottenham-hotspur-vs-nottingham-forest/2x3odl#4813683,4813683,Tottenham Hotspur,8586,Nottingham Forest,10203,True,True,False,False,0 - 3,FT,Full-Time,finished,47,Premier League,2025/2026,ENG,https://images.fotmob.com/image_resources/logo/teamlogo/8586.png,https://images.fotmob.com/image_resources/logo/teamlogo/10203.png,2026-03-22,15:15
32,https://www.fotmob.com/matches/wolverhampton-wanderers-vs-west-ham-united/2gnhk2#4813694,4813694,West Ham United,8654,Wolverhampton Wanderers,8602,True,True,False,False,4 - 0,FT,Full-Time,finished,47,Premier League,2025/2026,ENG,https://images.fotmob.com/image_resources/logo/teamlogo/8654.png,https://images.fotmob.com/image_resources/logo/teamlogo/8602.png,2026-04-10,21:00
32,https://www.fotmob.com/matches/afc-bournemouth-vs-arsenal/2txefx#4813685,4813685,Arsenal,9825,AFC Bournemouth,8678,True,True,False,False,1 - 2,FT,Full-Time,finished,47,Premier League,2025/2026,ENG,https://images.fotmob.com/image_resources/logo/teamlogo/9825.png,https://images.fotmob.com/image_resources/logo/teamlogo/8678.png,2026-04-11,13:30
32,https://www.fotmob.com/matches/everton-vs-brentford/2v1yu4#4813686,4813686,Brentford,9937,Everton,8668,True,True,False,False,2 - 2,FT,Full-Time,finished,47,Premier League,2025/2026,ENG,https://images.fotmob.com/image_resources/logo/teamlogo/9937.png,https://images.fotmob.com/image_resources/logo/teamlogo/8668.png,2026-04-11,16:00
32,https://www.fotmob.com/matches/burnley-vs-brighton-hove-albion/2sqnq1#4813687,4813687,Burnley,8191,Brighton & Hove Albion,10204,True,True,False,False,0 - 2,FT,Full-Time,finished,47,Premier League,2025/2026,ENG,https://images.fotmob.com/image_resources/logo/teamlogo/8191.png,https://images.fotmob.com/image_resources/logo/teamlogo/10204.png,2026-04-11,16:00
32,https://www.fotmob.com/matches/liverpool-vs-fulham/2u7pyg#4813690,4813690,Liverpool,8650,Fulham,9879,True,True,False,False,2 - 0,FT,Full-Time,finished,47,Premier League,2025/2026,ENG,https://images.fotmob.com/image_resources/logo/teamlogo/8650.png,https://images.fotmob.com/image_resources/logo/teamlogo/9879.png,2026-04-11,18:30
32,https://www.fotmob.com/matches/crystal-palace-vs-newcastle-united/3c4hty#4813689,4813689,Crystal Palace,9826,Newcastle United,10261,True,True,False,False,2 - 1,FT,Full-Time,finished,47,Premier League,2025/2026,ENG,https://images.fotmob.com/image_resources/logo/teamlogo/9826.png,https://images.fotmob.com/image_resources/logo/teamlogo/10261.png,2026-04-12,15:00
32,https://www.fotmob.com/matches/nottingham-forest-vs-aston-villa/3gke9k#4813692,4813692,Nottingham Forest,10203,Aston Villa,10252,True,True,False,False,1 - 1,FT,Full-Time,finished,47,Premier League,2025/2026,ENG,https://images.fotmob.com/image_resources/logo/teamlogo/10203.png,https://images.fotmob.com/image_resources/logo/teamlogo/10252.png,2026-04-12,15:00
32,https://www.fotmob.com/matches/sunderland-vs-tottenham-hotspur/2emo7x#4813693,4813693,Sunderland,8472,Tottenham Hotspur,8586,True,True,False,False,1 - 0,FT,Full-Time,finished,47,Premier League,2025/2026,ENG,https://images.fotmob.com/image_resources/logo/teamlogo/8472.png,https://images.fotmob.com/image_resources/logo/teamlogo/8586.png,2026-04-12,15:00
32,https://www.fotmob.com/matches/chelsea-vs-manchester-city/2d55kw#4813688,4813688,Chelsea,8455,Manchester City,8456,True,True,False,False,0 - 3,FT,Full-Time,finished,47,Premier League,2025/2026,ENG,https://images.fotmob.com/image_resources/logo/teamlogo/8455.png,https://images.fotmob.com/image_resources/logo/teamlogo/8456.png,2026-04-12,17:30
32,https://www.fotmob.com/matches/leeds-united-vs-manchester-united/2wd539#4813691,4813691,Manchester United,10260,Leeds United,8463,True,True,False,False,1 - 2,FT,Full-Time,finished,47,Premier League,2025/2026,ENG,https://images.fotmob.com/image_resources/logo/teamlogo/10260.png,https://images.fotmob.com/image_resources/logo/teamlogo/8463.png,2026-04-13,21:00
33,https://www.fotmob.com/matches/fulham-vs-brentford/38wlut#4813696,4813696,Brentford,9937,Fulham,9879,True,True,False,False,0 - 0,FT,Full-Time,finished,47,Premier League,2025/2026,ENG,https://images.fotmob.com/image_resources/logo/teamlogo/9937.png,https://images.fotmob.com/image_resources/logo/teamlogo/9879.png,2026-04-18,13:30
33,https://www.fotmob.com/matches/leeds-united-vs-wolverhampton-wanderers/2ep8dz#4813700,4813700,Leeds United,8463,Wolverhampton Wanderers,8602,True,True,False,False,3 - 0,FT,Full-Time,finished,47,Premier League,2025/2026,ENG,https://images.fotmob.com/image_resources/logo/teamlogo/8463.png,https://images.fotmob.com/image_resources/logo/teamlogo/8602.png,2026-04-18,16:00
33,https://www.fotmob.com/matches/afc-bournemouth-vs-newcastle-united/2ysbu8#4813702,4813702,Newcastle United,10261,AFC Bournemouth,8678,True,True,False,False,1 - 2,FT,Full-Time,finished,47,Premier League,2025/2026,ENG,https://images.fotmob.com/image_resources/logo/teamlogo/10261.png,https://images.fotmob.com/image_resources/logo/teamlogo/8678.png,2026-04-18,16:00
33,https://www.fotmob.com/matches/tottenham-hotspur-vs-brighton-hove-albion/2x42vj#4813704,4813704,Tottenham Hotspur,8586,Brighton & Hove Albion,10204,True,True,False,False,2 - 2,FT,Full-Time,finished,47,Premier League,2025/2026,ENG,https://images.fotmob.com/image_resources/logo/teamlogo/8586.png,https://images.fotmob.com/image_resources/logo/teamlogo/10204.png,2026-04-18,18:30
33,https://www.fotmob.com/matches/chelsea-vs-manchester-united/2w9xj5#4813697,4813697,Chelsea,8455,Manchester United,10260,True,True,False,False,0 - 1,FT,Full-Time,finished,47,Premier League,2025/2026,ENG,https://images.fotmob.com/image_resources/logo/teamlogo/8455.png,https://images.fotmob.com/image_resources/logo/teamlogo/10260.png,2026-04-18,21:00
33,https://www.fotmob.com/matches/sunderland-vs-aston-villa/2wdjjm#4813695,4813695,Aston Villa,10252,Sunderland,8472,True,True,False,False,4 - 3,FT,Full-Time,finished,47,Premier League,2025/2026,ENG,https://images.fotmob.com/image_resources/logo/teamlogo/10252.png,https://images.fotmob.com/image_resources/logo/teamlogo/8472.png,2026-04-19,15:00
33,https://www.fotmob.com/matches/liverpool-vs-everton/2hagld#4813699,4813699,Everton,8668,Liverpool,8650,True,True,False,False,1 - 2,FT,Full-Time,finished,47,Premier League,2025/2026,ENG,https://images.fotmob.com/image_resources/logo/teamlogo/8668.png,https://images.fotmob.com/image_resources/logo/teamlogo/8650.png,2026-04-19,15:00
33,https://www.fotmob.com/matches/burnley-vs-nottingham-forest/2sq9j2#4813703,4813703,Nottingham Forest,10203,Burnley,8191,True,True,False,False,4 - 1,FT,Full-Time,finished,47,Premier League,2025/2026,ENG,https://images.fotmob.com/image_resources/logo/teamlogo/10203.png,https://images.fotmob.com/image_resources/logo/teamlogo/8191.png,2026-04-19,15:00
33,https://www.fotmob.com/matches/manchester-city-vs-arsenal/2rhvvi#4813701,4813701,Manchester City,8456,Arsenal,9825,True,True,False,False,2 - 1,FT,Full-Time,finished,47,Premier League,2025/2026,ENG,https://images.fotmob.com/image_resources/logo/teamlogo/8456.png,https://images.fotmob.com/image_resources/logo/teamlogo/9825.png,2026-04-19,17:30
33,https://www.fotmob.com/matches/west-ham-united-vs-crystal-palace/2toa9m#4813698,4813698,Crystal Palace,9826,West Ham United,8654,True,True,False,False,0 - 0,FT,Full-Time,finished,47,Premier League,2025/2026,ENG,https://images.fotmob.com/image_resources/logo/teamlogo/9826.png,https://images.fotmob.com/image_resources/logo/teamlogo/8654.png,2026-04-20,21:00
34,https://www.fotmob.com/matches/chelsea-vs-brighton-hove-albion/2vni1p#4813707,4813707,Brighton & Hove Albion,10204,Chelsea,8455,True,True,False,False,3 - 0,FT,Full-Time,finished,47,Premier League,2025/2026,ENG,https://images.fotmob.com/image_resources/logo/teamlogo/10204.png,https://images.fotmob.com/image_resources/logo/teamlogo/8455.png,2026-04-21,21:00
34,https://www.fotmob.com/matches/leeds-united-vs-afc-bournemouth/2fh3fh#4813705,4813705,AFC Bournemouth,8678,Leeds United,8463,True,True,False,False,2 - 2,FT,Full-Time,finished,47,Premier League,2025/2026,ENG,https://images.fotmob.com/image_resources/logo/teamlogo/8678.png,https://images.fotmob.com/image_resources/logo/teamlogo/8463.png,2026-04-22,21:00
34,https://www.fotmob.com/matches/burnley-vs-manchester-city/2ai7j8#4813708,4813708,Burnley,8191,Manchester City,8456,True,True,False,False,0 - 1,FT,Full-Time,finished,47,Premier League,2025/2026,ENG,https://images.fotmob.com/image_resources/logo/teamlogo/8191.png,https://images.fotmob.com/image_resources/logo/teamlogo/8456.png,2026-04-22,21:00
34,https://www.fotmob.com/matches/sunderland-vs-nottingham-forest/2vtwiu#4813712,4813712,Sunderland,8472,Nottingham Forest,10203,True,True,False,False,0 - 5,FT,Full-Time,finished,47,Premier League,2025/2026,ENG,https://images.fotmob.com/image_resources/logo/teamlogo/8472.png,https://images.fotmob.com/image_resources/logo/teamlogo/10203.png,2026-04-24,21:00
34,https://www.fotmob.com/matches/fulham-vs-aston-villa/3cnglp#4813709,4813709,Fulham,9879,Aston Villa,10252,True,True,False,False,1 - 0,FT,Full-Time,finished,47,Premier League,2025/2026,ENG,https://images.fotmob.com/image_resources/logo/teamlogo/9879.png,https://images.fotmob.com/image_resources/logo/teamlogo/10252.png,2026-04-25,13:30
34,https://www.fotmob.com/matches/liverpool-vs-crystal-palace/2tmp8g#4813710,4813710,Liverpool,8650,Crystal Palace,9826,True,True,False,False,3 - 1,FT,Full-Time,finished,47,Premier League,2025/2026,ENG,https://images.fotmob.com/image_resources/logo/teamlogo/8650.png,https://images.fotmob.com/image_resources/logo/teamlogo/9826.png,2026-04-25,16:00
34,https://www.fotmob.com/matches/west-ham-united-vs-everton/2hby1v#4813713,4813713,West Ham United,8654,Everton,8668,True,True,False,False,2 - 1,FT,Full-Time,finished,47,Premier League,2025/2026,ENG,https://images.fotmob.com/image_resources/logo/teamlogo/8654.png,https://images.fotmob.com/image_resources/logo/teamlogo/8668.png,2026-04-25,16:00
34,https://www.fotmob.com/matches/tottenham-hotspur-vs-wolverhampton-wanderers/2fydv8#4813714,4813714,Wolverhampton Wanderers,8602,Tottenham Hotspur,8586,True,True,False,False,0 - 1,FT,Full-Time,finished,47,Premier League,2025/2026,ENG,https://images.fotmob.com/image_resources/logo/teamlogo/8602.png,https://images.fotmob.com/image_resources/logo/teamlogo/8586.png,2026-04-25,16:00
34,https://www.fotmob.com/matches/arsenal-vs-newcastle-united/3c42by#4813706,4813706,Arsenal,9825,Newcastle United,10261,True,True,False,False,1 - 0,FT,Full-Time,finished,47,Premier League,2025/2026,ENG,https://images.fotmob.com/image_resources/logo/teamlogo/9825.png,https://images.fotmob.com/image_resources/logo/teamlogo/10261.png,2026-04-25,18:30
34,https://www.fotmob.com/matches/brentford-vs-manchester-united/3dfzjk#4813711,4813711,Manchester United,10260,Brentford,9937,True,True,False,False,2 - 1,FT,Full-Time,finished,47,Premier League,2025/2026,ENG,https://images.fotmob.com/image_resources/logo/teamlogo/10260.png,https://images.fotmob.com/image_resources/logo/teamlogo/9937.png,2026-04-27,21:00
35,https://www.fotmob.com/matches/burnley-vs-leeds-united/2akph4#4813721,4813721,Leeds United,8463,Burnley,8191,True,True,False,False,3 - 1,FT,Full-Time,finished,47,Premier League,2025/2026,ENG,https://images.fotmob.com/image_resources/logo/teamlogo/8463.png,https://images.fotmob.com/image_resources/logo/teamlogo/8191.png,2026-05-01,21:00
35,https://www.fotmob.com/matches/west-ham-united-vs-brentford/2uwdxd#4813718,4813718,Brentford,9937,West Ham United,8654,True,True,False,False,3 - 0,FT,Full-Time,finished,47,Premier League,2025/2026,ENG,https://images.fotmob.com/image_resources/logo/teamlogo/9937.png,https://images.fotmob.com/image_resources/logo/teamlogo/8654.png,2026-05-02,16:00
35,https://www.fotmob.com/matches/brighton-hove-albion-vs-newcastle-united/3gos5a#4813723,4813723,Newcastle United,10261,Brighton & Hove Albion,10204,True,True,False,False,3 - 1,FT,Full-Time,finished,47,Premier League,2025/2026,ENG,https://images.fotmob.com/image_resources/logo/teamlogo/10261.png,https://images.fotmob.com/image_resources/logo/teamlogo/10204.png,2026-05-02,16:00
35,https://www.fotmob.com/matches/sunderland-vs-wolverhampton-wanderers/2esixh#4813724,4813724,Wolverhampton Wanderers,8602,Sunderland,8472,True,True,False,False,1 - 1,FT,Full-Time,finished,47,Premier League,2025/2026,ENG,https://images.fotmob.com/image_resources/logo/teamlogo/8602.png,https://images.fotmob.com/image_resources/logo/teamlogo/8472.png,2026-05-02,16:00
35,https://www.fotmob.com/matches/arsenal-vs-fulham/37l643#4813716,4813716,Arsenal,9825,Fulham,9879,True,True,False,False,3 - 0,FT,Full-Time,finished,47,Premier League,2025/2026,ENG,https://images.fotmob.com/image_resources/logo/teamlogo/9825.png,https://images.fotmob.com/image_resources/logo/teamlogo/9879.png,2026-05-02,18:30
35,https://www.fotmob.com/matches/afc-bournemouth-vs-crystal-palace/2txspy#4813715,4813715,AFC Bournemouth,8678,Crystal Palace,9826,True,True,False,False,3 - 0,FT,Full-Time,finished,47,Premier League,2025/2026,ENG,https://images.fotmob.com/image_resources/logo/teamlogo/8678.png,https://images.fotmob.com/image_resources/logo/teamlogo/9826.png,2026-05-03,15:00
35,https://www.fotmob.com/matches/liverpool-vs-manchester-united/2ygkcb#4813722,4813722,Manchester United,10260,Liverpool,8650,True,True,False,False,3 - 2,FT,Full-Time,finished,47,Premier League,2025/2026,ENG,https://images.fotmob.com/image_resources/logo/teamlogo/10260.png,https://images.fotmob.com/image_resources/logo/teamlogo/8650.png,2026-05-03,16:30
35,https://www.fotmob.com/matches/tottenham-hotspur-vs-aston-villa/2xnfpj#4813717,4813717,Aston Villa,10252,Tottenham Hotspur,8586,True,True,False,False,1 - 2,FT,Full-Time,finished,47,Premier League,2025/2026,ENG,https://images.fotmob.com/image_resources/logo/teamlogo/10252.png,https://images.fotmob.com/image_resources/logo/teamlogo/8586.png,2026-05-03,20:00
35,https://www.fotmob.com/matches/chelsea-vs-nottingham-forest/2vn3ne#4813719,4813719,Chelsea,8455,Nottingham Forest,10203,True,True,False,False,1 - 3,FT,Full-Time,finished,47,Premier League,2025/2026,ENG,https://images.fotmob.com/image_resources/logo/teamlogo/8455.png,https://images.fotmob.com/image_resources/logo/teamlogo/10203.png,2026-05-04,16:00
35,https://www.fotmob.com/matches/manchester-city-vs-everton/2fauom#4813720,4813720,Everton,8668,Manchester City,8456,True,True,False,False,3 - 3,FT,Full-Time,finished,47,Premier League,2025/2026,ENG,https://images.fotmob.com/image_resources/logo/teamlogo/8668.png,https://images.fotmob.com/image_resources/logo/teamlogo/8456.png,2026-05-04,21:00
36,https://www.fotmob.com/matches/chelsea-vs-liverpool/2f3vr7#4813729,4813729,Liverpool,8650,Chelsea,8455,True,True,False,False,1 - 1,FT,Full-Time,finished,47,Premier League,2025/2026,ENG,https://images.fotmob.com/image_resources/logo/teamlogo/8650.png,https://images.fotmob.com/image_resources/logo/teamlogo/8455.png,2026-05-09,13:30
36,https://www.fotmob.com/matches/wolverhampton-wanderers-vs-brighton-hove-albion/2xaiyv#4813725,4813725,Brighton & Hove Albion,10204,Wolverhampton Wanderers,8602,True,True,False,False,3 - 0,FT,Full-Time,finished,47,Premier League,2025/2026,ENG,https://images.fotmob.com/image_resources/logo/teamlogo/10204.png,https://images.fotmob.com/image_resources/logo/teamlogo/8602.png,2026-05-09,16:00
36,https://www.fotmob.com/matches/afc-bournemouth-vs-fulham/2uiul6#4813728,4813728,Fulham,9879,AFC Bournemouth,8678,True,True,False,False,0 - 1,FT,Full-Time,finished,47,Premier League,2025/2026,ENG,https://images.fotmob.com/image_resources/logo/teamlogo/9879.png,https://images.fotmob.com/image_resources/logo/teamlogo/8678.png,2026-05-09,16:00
36,https://www.fotmob.com/matches/sunderland-vs-manchester-united/2wgr5i#4813732,4813732,Sunderland,8472,Manchester United,10260,True,True,False,False,0 - 0,FT,Full-Time,finished,47,Premier League,2025/2026,ENG,https://images.fotmob.com/image_resources/logo/teamlogo/8472.png,https://images.fotmob.com/image_resources/logo/teamlogo/10260.png,2026-05-09,16:00
36,https://www.fotmob.com/matches/manchester-city-vs-brentford/2spwom#4813730,4813730,Manchester City,8456,Brentford,9937,True,True,False,False,3 - 0,FT,Full-Time,finished,47,Premier League,2025/2026,ENG,https://images.fotmob.com/image_resources/logo/teamlogo/8456.png,https://images.fotmob.com/image_resources/logo/teamlogo/9937.png,2026-05-09,18:30
36,https://www.fotmob.com/matches/burnley-vs-aston-villa/2t9lxd#4813726,4813726,Burnley,8191,Aston Villa,10252,True,True,False,False,2 - 2,FT,Full-Time,finished,47,Premier League,2025/2026,ENG,https://images.fotmob.com/image_resources/logo/teamlogo/8191.png,https://images.fotmob.com/image_resources/logo/teamlogo/10252.png,2026-05-10,15:00
36,https://www.fotmob.com/matches/everton-vs-crystal-palace/2tttz7#4813727,4813727,Crystal Palace,9826,Everton,8668,True,True,False,False,2 - 2,FT,Full-Time,finished,47,Premier League,2025/2026,ENG,https://images.fotmob.com/image_resources/logo/teamlogo/9826.png,https://images.fotmob.com/image_resources/logo/teamlogo/8668.png,2026-05-10,15:00
36,https://www.fotmob.com/matches/nottingham-forest-vs-newcastle-united/3gocct#4813731,4813731,Nottingham Forest,10203,Newcastle United,10261,True,True,False,False,1 - 1,FT,Full-Time,finished,47,Premier League,2025/2026,ENG,https://images.fotmob.com/image_resources/logo/teamlogo/10203.png,https://images.fotmob.com/image_resources/logo/teamlogo/10261.png,2026-05-10,15:00
36,https://www.fotmob.com/matches/west-ham-united-vs-arsenal/2tnw09#4813734,4813734,West Ham United,8654,Arsenal,9825,True,True,False,False,0 - 1,FT,Full-Time,finished,47,Premier League,2025/2026,ENG,https://images.fotmob.com/image_resources/logo/teamlogo/8654.png,https://images.fotmob.com/image_resources/logo/teamlogo/9825.png,2026-05-10,17:30
36,https://www.fotmob.com/matches/leeds-united-vs-tottenham-hotspur/2ejdsf#4813733,4813733,Tottenham Hotspur,8586,Leeds United,8463,True,True,False,False,1 - 1,FT,Full-Time,finished,47,Premier League,2025/2026,ENG,https://images.fotmob.com/image_resources/logo/teamlogo/8586.png,https://images.fotmob.com/image_resources/logo/teamlogo/8463.png,2026-05-11,21:00
31,https://www.fotmob.com/matches/manchester-city-vs-crystal-palace/2ri9zd#4813681,4813681,Manchester City,8456,Crystal Palace,9826,True,True,False,False,3 - 0,FT,Full-Time,finished,47,Premier League,2025/2026,ENG,https://images.fotmob.com/image_resources/logo/teamlogo/8456.png,https://images.fotmob.com/image_resources/logo/teamlogo/9826.png,2026-05-13,21:00
37,https://www.fotmob.com/matches/liverpool-vs-aston-villa/2ydbmv#4813737,4813737,Aston Villa,10252,Liverpool,8650,True,True,False,False,4 - 2,FT,Full-Time,finished,47,Premier League,2025/2026,ENG,https://images.fotmob.com/image_resources/logo/teamlogo/10252.png,https://images.fotmob.com/image_resources/logo/teamlogo/8650.png,2026-05-15,21:00
37,https://www.fotmob.com/matches/nottingham-forest-vs-manchester-united/3gnwkc#4813742,4813742,Manchester United,10260,Nottingham Forest,10203,True,True,False,False,3 - 2,FT,Full-Time,finished,47,Premier League,2025/2026,ENG,https://images.fotmob.com/image_resources/logo/teamlogo/10260.png,https://images.fotmob.com/image_resources/logo/teamlogo/10203.png,2026-05-17,13:30
37,https://www.fotmob.com/matches/crystal-palace-vs-brentford/38a4jj#4813738,4813738,Brentford,9937,Crystal Palace,9826,True,True,False,False,2 - 2,FT,Full-Time,finished,47,Premier League,2025/2026,ENG,https://images.fotmob.com/image_resources/logo/teamlogo/9937.png,https://images.fotmob.com/image_resources/logo/teamlogo/9826.png,2026-05-17,16:00
37,https://www.fotmob.com/matches/sunderland-vs-everton/2fgq72#4813740,4813740,Everton,8668,Sunderland,8472,True,True,False,False,1 - 3,FT,Full-Time,finished,47,Premier League,2025/2026,ENG,https://images.fotmob.com/image_resources/logo/teamlogo/8668.png,https://images.fotmob.com/image_resources/logo/teamlogo/8472.png,2026-05-17,16:00
37,https://www.fotmob.com/matches/leeds-united-vs-brighton-hove-albion/2vqp9d#4813741,4813741,Leeds United,8463,Brighton & Hove Albion,10204,True,True,False,False,1 - 0,FT,Full-Time,finished,47,Premier League,2025/2026,ENG,https://images.fotmob.com/image_resources/logo/teamlogo/8463.png,https://images.fotmob.com/image_resources/logo/teamlogo/10204.png,2026-05-17,16:00
37,https://www.fotmob.com/matches/wolverhampton-wanderers-vs-fulham/2tookg#4813744,4813744,Wolverhampton Wanderers,8602,Fulham,9879,True,True,False,False,1 - 1,FT,Full-Time,finished,47,Premier League,2025/2026,ENG,https://images.fotmob.com/image_resources/logo/teamlogo/8602.png,https://images.fotmob.com/image_resources/logo/teamlogo/9879.png,2026-05-17,16:00
37,https://www.fotmob.com/matches/west-ham-united-vs-newcastle-united/2yilb8#4813743,4813743,Newcastle United,10261,West Ham United,8654,True,True,False,False,3 - 1,FT,Full-Time,finished,47,Premier League,2025/2026,ENG,https://images.fotmob.com/image_resources/logo/teamlogo/10261.png,https://images.fotmob.com/image_resources/logo/teamlogo/8654.png,2026-05-17,18:30
37,https://www.fotmob.com/matches/burnley-vs-arsenal/2omsup#4813736,4813736,Arsenal,9825,Burnley,8191,True,True,False,False,1 - 0,FT,Full-Time,finished,47,Premier League,2025/2026,ENG,https://images.fotmob.com/image_resources/logo/teamlogo/9825.png,https://images.fotmob.com/image_resources/logo/teamlogo/8191.png,2026-05-18,21:00
37,https://www.fotmob.com/matches/manchester-city-vs-afc-bournemouth/2feiv3#4813735,4813735,AFC Bournemouth,8678,Manchester City,8456,True,True,False,False,1 - 1,FT,Full-Time,finished,47,Premier League,2025/2026,ENG,https://images.fotmob.com/image_resources/logo/teamlogo/8678.png,https://images.fotmob.com/image_resources/logo/teamlogo/8456.png,2026-05-19,20:30
37,https://www.fotmob.com/matches/chelsea-vs-tottenham-hotspur/2eggkj#4813739,4813739,Chelsea,8455,Tottenham Hotspur,8586,True,True,False,False,2 - 1,FT,Full-Time,finished,47,Premier League,2025/2026,ENG,https://images.fotmob.com/image_resources/logo/teamlogo/8455.png,https://images.fotmob.com/image_resources/logo/teamlogo/8586.png,2026-05-19,21:15
38,https://www.fotmob.com/matches/brighton-hove-albion-vs-manchester-united/3goccs#4813745,4813745,Brighton & Hove Albion,10204,Manchester United,10260,True,True,False,False,0 - 3,FT,Full-Time,finished,47,Premier League,2025/2026,ENG,https://images.fotmob.com/image_resources/logo/teamlogo/10204.png,https://images.fotmob.com/image_resources/logo/teamlogo/10260.png,2026-05-24,17:00
38,https://www.fotmob.com/matches/burnley-vs-wolverhampton-wanderers/2byja7#4813746,4813746,Burnley,8191,Wolverhampton Wanderers,8602,True,True,False,False,1 - 1,FT,Full-Time,finished,47,Premier League,2025/2026,ENG,https://images.fotmob.com/image_resources/logo/teamlogo/8191.png,https://images.fotmob.com/image_resources/logo/teamlogo/8602.png,2026-05-24,17:00
38,https://www.fotmob.com/matches/arsenal-vs-crystal-palace/36ytc8#4813747,4813747,Crystal Palace,9826,Arsenal,9825,True,True,False,False,1 - 2,FT,Full-Time,finished,47,Premier League,2025/2026,ENG,https://images.fotmob.com/image_resources/logo/teamlogo/9826.png,https://images.fotmob.com/image_resources/logo/teamlogo/9825.png,2026-05-24,17:00
38,https://www.fotmob.com/matches/fulham-vs-newcastle-united/3crcfp#4813748,4813748,Fulham,9879,Newcastle United,10261,True,True,False,False,2 - 0,FT,Full-Time,finished,47,Premier League,2025/2026,ENG,https://images.fotmob.com/image_resources/logo/teamlogo/9879.png,https://images.fotmob.com/image_resources/logo/teamlogo/10261.png,2026-05-24,17:00
38,https://www.fotmob.com/matches/liverpool-vs-brentford/2uusjv#4813749,4813749,Liverpool,8650,Brentford,9937,True,True,False,False,1 - 1,FT,Full-Time,finished,47,Premier League,2025/2026,ENG,https://images.fotmob.com/image_resources/logo/teamlogo/8650.png,https://images.fotmob.com/image_resources/logo/teamlogo/9937.png,2026-05-24,17:00
38,https://www.fotmob.com/matches/manchester-city-vs-aston-villa/2w74gq#4813750,4813750,Manchester City,8456,Aston Villa,10252,True,True,False,False,1 - 2,FT,Full-Time,finished,47,Premier League,2025/2026,ENG,https://images.fotmob.com/image_resources/logo/teamlogo/8456.png,https://images.fotmob.com/image_resources/logo/teamlogo/10252.png,2026-05-24,17:00
38,https://www.fotmob.com/matches/afc-bournemouth-vs-nottingham-forest/2y4tjb#4813751,4813751,Nottingham Forest,10203,AFC Bournemouth,8678,True,True,False,False,1 - 1,FT,Full-Time,finished,47,Premier League,2025/2026,ENG,https://images.fotmob.com/image_resources/logo/teamlogo/10203.png,https://images.fotmob.com/image_resources/logo/teamlogo/8678.png,2026-05-24,17:00
38,https://www.fotmob.com/matches/chelsea-vs-sunderland/2dayh4#4813752,4813752,Sunderland,8472,Chelsea,8455,True,True,False,False,2 - 1,FT,Full-Time,finished,47,Premier League,2025/2026,ENG,https://images.fotmob.com/image_resources/logo/teamlogo/8472.png,https://images.fotmob.com/image_resources/logo/teamlogo/8455.png,2026-05-24,17:00
38,https://www.fotmob.com/matches/tottenham-hotspur-vs-everton/2gmqxt#4813753,4813753,Tottenham Hotspur,8586,Everton,8668,True,True,False,False,1 - 0,FT,Full-Time,finished,47,Premier League,2025/2026,ENG,https://images.fotmob.com/image_resources/logo/teamlogo/8586.png,https://images.fotmob.com/image_resources/logo/teamlogo/8668.png,2026-05-24,17:00
38,https://www.fotmob.com/matches/leeds-united-vs-west-ham-united/2f8a75#4813754,4813754,West Ham United,8654,Leeds United,8463,True,True,False,False,3 - 0,FT,Full-Time,finished,47,Premier League,2025/2026,ENG,https://images.fotmob.com/image_resources/logo/teamlogo/8654.png,https://images.fotmob.com/image_resources/logo/teamlogo/8463.png,2026-05-24,17:00
1,https://www.fotmob.com/matches/marseille-vs-rennes/2t9n7h#4830466,4830466,Rennes,9851,Marseille,8592,True,True,False,False,1 - 0,FT,Full-Time,finished,53,Ligue 1,2025/2026,FRA,https://images.fotmob.com/image_resources/logo/teamlogo/9851.png,https://images.fotmob.com/image_resources/logo/teamlogo/8592.png,2025-08-15,20:45
1,https://www.fotmob.com/matches/lens-vs-lyon/2s3gtg#4830461,4830461,Lens,8588,Lyon,9748,True,True,False,False,0 - 1,FT,Full-Time,finished,53,Ligue 1,2025/2026,FRA,https://images.fotmob.com/image_resources/logo/teamlogo/8588.png,https://images.fotmob.com/image_resources/logo/teamlogo/9748.png,2025-08-16,17:00
1,https://www.fotmob.com/matches/le-havre-vs-monaco/362v61#4830463,4830463,Monaco,9829,Le Havre,9746,True,True,False,False,3 - 1,FT,Full-Time,finished,53,Ligue 1,2025/2026,FRA,https://images.fotmob.com/image_resources/logo/teamlogo/9829.png,https://images.fotmob.com/image_resources/logo/teamlogo/9746.png,2025-08-16,19:00
1,https://www.fotmob.com/matches/nice-vs-toulouse/38dxtn#4830465,4830465,Nice,9831,Toulouse,9941,True,True,False,False,0 - 1,FT,Full-Time,finished,53,Ligue 1,2025/2026,FRA,https://images.fotmob.com/image_resources/logo/teamlogo/9831.png,https://images.fotmob.com/image_resources/logo/teamlogo/9941.png,2025-08-16,21:05
1,https://www.fotmob.com/matches/brest-vs-lille/2fo2ub#4830460,4830460,Brest,8521,Lille,8639,True,True,False,False,3 - 3,FT,Full-Time,finished,53,Ligue 1,2025/2026,FRA,https://images.fotmob.com/image_resources/logo/teamlogo/8521.png,https://images.fotmob.com/image_resources/logo/teamlogo/8639.png,2025-08-17,15:00
1,https://www.fotmob.com/matches/paris-fc-vs-angers/1qlitv#4830458,4830458,Angers,8121,Paris FC,6379,True,True,False,False,1 - 0,FT,Full-Time,finished,53,Ligue 1,2025/2026,FRA,https://images.fotmob.com/image_resources/logo/teamlogo/8121.png,https://images.fotmob.com/image_resources/logo/teamlogo/6379.png,2025-08-17,17:15
1,https://www.fotmob.com/matches/auxerre-vs-lorient/2gteq5#4830459,4830459,Auxerre,8583,Lorient,8689,True,True,False,False,1 - 0,FT,Full-Time,finished,53,Ligue 1,2025/2026,FRA,https://images.fotmob.com/image_resources/logo/teamlogo/8583.png,https://images.fotmob.com/image_resources/logo/teamlogo/8689.png,2025-08-17,17:15
1,https://www.fotmob.com/matches/metz-vs-strasbourg/2srvl5#4830462,4830462,Metz,8550,Strasbourg,9848,True,True,False,False,0 - 1,FT,Full-Time,finished,53,Ligue 1,2025/2026,FRA,https://images.fotmob.com/image_resources/logo/teamlogo/8550.png,https://images.fotmob.com/image_resources/logo/teamlogo/9848.png,2025-08-17,17:15
1,https://www.fotmob.com/matches/nantes-vs-paris-saint-germain/379ruy#4830464,4830464,Nantes,9830,Paris Saint-Germain,9847,True,True,False,False,0 - 1,FT,Full-Time,finished,53,Ligue 1,2025/2026,FRA,https://images.fotmob.com/image_resources/logo/teamlogo/9830.png,https://images.fotmob.com/image_resources/logo/teamlogo/9847.png,2025-08-17,20:45
2,https://www.fotmob.com/matches/angers-vs-paris-saint-germain/2o4ahb#4830473,4830473,Paris Saint-Germain,9847,Angers,8121,True,True,False,False,1 - 0,FT,Full-Time,finished,53,Ligue 1,2025/2026,FRA,https://images.fotmob.com/image_resources/logo/teamlogo/9847.png,https://images.fotmob.com/image_resources/logo/teamlogo/8121.png,2025-08-22,20:45
2,https://www.fotmob.com/matches/paris-fc-vs-marseille/1uqamy#4830471,4830471,Marseille,8592,Paris FC,6379,True,True,False,False,5 - 2,FT,Full-Time,finished,53,Ligue 1,2025/2026,FRA,https://images.fotmob.com/image_resources/logo/teamlogo/8592.png,https://images.fotmob.com/image_resources/logo/teamlogo/6379.png,2025-08-23,17:00
2,https://www.fotmob.com/matches/auxerre-vs-nice/2sy6tc#4830472,4830472,Nice,9831,Auxerre,8583,True,True,False,False,3 - 1,FT,Full-Time,finished,53,Ligue 1,2025/2026,FRA,https://images.fotmob.com/image_resources/logo/teamlogo/9831.png,https://images.fotmob.com/image_resources/logo/teamlogo/8583.png,2025-08-23,19:00
2,https://www.fotmob.com/matches/metz-vs-lyon/2rojqb#4830470,4830470,Lyon,9748,Metz,8550,True,True,False,False,3 - 0,FT,Full-Time,finished,53,Ligue 1,2025/2026,FRA,https://images.fotmob.com/image_resources/logo/teamlogo/9748.png,https://images.fotmob.com/image_resources/logo/teamlogo/8550.png,2025-08-23,21:05
2,https://www.fotmob.com/matches/lorient-vs-rennes/2uc395#4830469,4830469,Lorient,8689,Rennes,9851,True,True,False,False,4 - 0,FT,Full-Time,finished,53,Ligue 1,2025/2026,FRA,https://images.fotmob.com/image_resources/logo/teamlogo/8689.png,https://images.fotmob.com/image_resources/logo/teamlogo/9851.png,2025-08-24,15:00
2,https://www.fotmob.com/matches/lens-vs-le-havre/2s2oir#4830467,4830467,Le Havre,9746,Lens,8588,True,True,False,False,1 - 2,FT,Full-Time,finished,53,Ligue 1,2025/2026,FRA,https://images.fotmob.com/image_resources/logo/teamlogo/9746.png,https://images.fotmob.com/image_resources/logo/teamlogo/8588.png,2025-08-24,17:15
2,https://www.fotmob.com/matches/nantes-vs-strasbourg/37a71l#4830474,4830474,Strasbourg,9848,Nantes,9830,True,True,False,False,1 - 0,FT,Full-Time,finished,53,Ligue 1,2025/2026,FRA,https://images.fotmob.com/image_resources/logo/teamlogo/9848.png,https://images.fotmob.com/image_resources/logo/teamlogo/9830.png,2025-08-24,17:15
2,https://www.fotmob.com/matches/brest-vs-toulouse/2th5t2#4830475,4830475,Toulouse,9941,Brest,8521,True,True,False,False,2 - 0,FT,Full-Time,finished,53,Ligue 1,2025/2026,FRA,https://images.fotmob.com/image_resources/logo/teamlogo/9941.png,https://images.fotmob.com/image_resources/logo/teamlogo/8521.png,2025-08-24,17:15
2,https://www.fotmob.com/matches/lille-vs-monaco/2tjj7j#4830468,4830468,Lille,8639,Monaco,9829,True,True,False,False,1 - 0,FT,Full-Time,finished,53,Ligue 1,2025/2026,FRA,https://images.fotmob.com/image_resources/logo/teamlogo/8639.png,https://images.fotmob.com/image_resources/logo/teamlogo/9829.png,2025-08-24,20:45
3,https://www.fotmob.com/matches/brest-vs-lens/2f5cib#4830478,4830478,Lens,8588,Brest,8521,True,True,False,False,3 - 1,FT,Full-Time,finished,53,Ligue 1,2025/2026,FRA,https://images.fotmob.com/image_resources/logo/teamlogo/8588.png,https://images.fotmob.com/image_resources/logo/teamlogo/8521.png,2025-08-29,20:45
3,https://www.fotmob.com/matches/lille-vs-lorient/2he6a1#4830479,4830479,Lorient,8689,Lille,8639,True,True,False,False,1 - 7,FT,Full-Time,finished,53,Ligue 1,2025/2026,FRA,https://images.fotmob.com/image_resources/logo/teamlogo/8689.png,https://images.fotmob.com/image_resources/logo/teamlogo/8639.png,2025-08-30,17:00
3,https://www.fotmob.com/matches/auxerre-vs-nantes/2sxslt#4830482,4830482,Nantes,9830,Auxerre,8583,True,True,False,False,1 - 0,FT,Full-Time,finished,53,Ligue 1,2025/2026,FRA,https://images.fotmob.com/image_resources/logo/teamlogo/9830.png,https://images.fotmob.com/image_resources/logo/teamlogo/8583.png,2025-08-30,19:00
3,https://www.fotmob.com/matches/paris-saint-germain-vs-toulouse/38kq0z#4830484,4830484,Toulouse,9941,Paris Saint-Germain,9847,True,True,False,False,3 - 6,FT,Full-Time,finished,53,Ligue 1,2025/2026,FRA,https://images.fotmob.com/image_resources/logo/teamlogo/9941.png,https://images.fotmob.com/image_resources/logo/teamlogo/9847.png,2025-08-30,21:05
3,https://www.fotmob.com/matches/angers-vs-rennes/2o5ty5#4830476,4830476,Angers,8121,Rennes,9851,True,True,False,False,1 - 1,FT,Full-Time,finished,53,Ligue 1,2025/2026,FRA,https://images.fotmob.com/image_resources/logo/teamlogo/8121.png,https://images.fotmob.com/image_resources/logo/teamlogo/9851.png,2025-08-31,15:00
3,https://www.fotmob.com/matches/le-havre-vs-nice/363pdo#4830477,4830477,Le Havre,9746,Nice,9831,True,True,False,False,3 - 1,FT,Full-Time,finished,53,Ligue 1,2025/2026,FRA,https://images.fotmob.com/image_resources/logo/teamlogo/9746.png,https://images.fotmob.com/image_resources/logo/teamlogo/9831.png,2025-08-31,17:15
3,https://www.fotmob.com/matches/monaco-vs-strasbourg/379ruz#4830481,4830481,Monaco,9829,Strasbourg,9848,True,True,False,False,3 - 2,FT,Full-Time,finished,53,Ligue 1,2025/2026,FRA,https://images.fotmob.com/image_resources/logo/teamlogo/9829.png,https://images.fotmob.com/image_resources/logo/teamlogo/9848.png,2025-08-31,17:15
3,https://www.fotmob.com/matches/paris-fc-vs-metz/1ucu3j#4830483,4830483,Paris FC,6379,Metz,8550,True,True,False,False,3 - 2,FT,Full-Time,finished,53,Ligue 1,2025/2026,FRA,https://images.fotmob.com/image_resources/logo/teamlogo/6379.png,https://images.fotmob.com/image_resources/logo/teamlogo/8550.png,2025-08-31,17:15
3,https://www.fotmob.com/matches/marseille-vs-lyon/2s51f2#4830480,4830480,Lyon,9748,Marseille,8592,True,True,False,False,1 - 0,FT,Full-Time,finished,53,Ligue 1,2025/2026,FRA,https://images.fotmob.com/image_resources/logo/teamlogo/9748.png,https://images.fotmob.com/image_resources/logo/teamlogo/8592.png,2025-08-31,20:45
4,https://www.fotmob.com/matches/marseille-vs-lorient/2gwqpe#4830488,4830488,Marseille,8592,Lorient,8689,True,True,False,False,4 - 0,FT,Full-Time,finished,53,Ligue 1,2025/2026,FRA,https://images.fotmob.com/image_resources/logo/teamlogo/8592.png,https://images.fotmob.com/image_resources/logo/teamlogo/8689.png,2025-09-12,20:45
4,https://www.fotmob.com/matches/nantes-vs-nice/37310i#4830490,4830490,Nice,9831,Nantes,9830,True,True,False,False,1 - 0,FT,Full-Time,finished,53,Ligue 1,2025/2026,FRA,https://images.fotmob.com/image_resources/logo/teamlogo/9831.png,https://images.fotmob.com/image_resources/logo/teamlogo/9830.png,2025-09-13,17:00
4,https://www.fotmob.com/matches/auxerre-vs-monaco/2sxeeb#4830485,4830485,Auxerre,8583,Monaco,9829,True,True,False,False,1 - 2,FT,Full-Time,finished,53,Ligue 1,2025/2026,FRA,https://images.fotmob.com/image_resources/logo/teamlogo/8583.png,https://images.fotmob.com/image_resources/logo/teamlogo/9829.png,2025-09-13,21:05
4,https://www.fotmob.com/matches/lille-vs-toulouse/2us06f#4830487,4830487,Lille,8639,Toulouse,9941,True,True,False,False,2 - 1,FT,Full-Time,finished,53,Ligue 1,2025/2026,FRA,https://images.fotmob.com/image_resources/logo/teamlogo/8639.png,https://images.fotmob.com/image_resources/logo/teamlogo/9941.png,2025-09-14,15:00
4,https://www.fotmob.com/matches/paris-fc-vs-brest/1u3kbv#4830486,4830486,Brest,8521,Paris FC,6379,True,True,False,False,1 - 2,FT,Full-Time,finished,53,Ligue 1,2025/2026,FRA,https://images.fotmob.com/image_resources/logo/teamlogo/8521.png,https://images.fotmob.com/image_resources/logo/teamlogo/6379.png,2025-09-14,17:15
4,https://www.fotmob.com/matches/angers-vs-metz/2aqs46#4830489,4830489,Metz,8550,Angers,8121,True,True,False,False,1 - 1,FT,Full-Time,finished,53,Ligue 1,2025/2026,FRA,https://images.fotmob.com/image_resources/logo/teamlogo/8550.png,https://images.fotmob.com/image_resources/logo/teamlogo/8121.png,2025-09-14,17:15
4,https://www.fotmob.com/matches/lens-vs-paris-saint-germain/2t6hdp#4830491,4830491,Paris Saint-Germain,9847,Lens,8588,True,True,False,False,2 - 0,FT,Full-Time,finished,53,Ligue 1,2025/2026,FRA,https://images.fotmob.com/image_resources/logo/teamlogo/9847.png,https://images.fotmob.com/image_resources/logo/teamlogo/8588.png,2025-09-14,17:15
4,https://www.fotmob.com/matches/le-havre-vs-strasbourg/36aub3#4830493,4830493,Strasbourg,9848,Le Havre,9746,True,True,False,False,1 - 0,FT,Full-Time,finished,53,Ligue 1,2025/2026,FRA,https://images.fotmob.com/image_resources/logo/teamlogo/9848.png,https://images.fotmob.com/image_resources/logo/teamlogo/9746.png,2025-09-14,17:15
4,https://www.fotmob.com/matches/lyon-vs-rennes/36cxwz#4830492,4830492,Rennes,9851,Lyon,9748,True,True,False,False,3 - 1,FT,Full-Time,finished,53,Ligue 1,2025/2026,FRA,https://images.fotmob.com/image_resources/logo/teamlogo/9851.png,https://images.fotmob.com/image_resources/logo/teamlogo/9748.png,2025-09-14,20:45
5,https://www.fotmob.com/matches/angers-vs-lyon/2n29lb#4830498,4830498,Lyon,9748,Angers,8121,True,True,False,False,1 - 0,FT,Full-Time,finished,53,Ligue 1,2025/2026,FRA,https://images.fotmob.com/image_resources/logo/teamlogo/9748.png,https://images.fotmob.com/image_resources/logo/teamlogo/8121.png,2025-09-19,20:45
5,https://www.fotmob.com/matches/nantes-vs-rennes/37bglo#4830501,4830501,Nantes,9830,Rennes,9851,True,True,False,False,2 - 2,FT,Full-Time,finished,53,Ligue 1,2025/2026,FRA,https://images.fotmob.com/image_resources/logo/teamlogo/9830.png,https://images.fotmob.com/image_resources/logo/teamlogo/9851.png,2025-09-20,17:00
5,https://www.fotmob.com/matches/brest-vs-nice/2s9rcv#4830495,4830495,Brest,8521,Nice,9831,True,True,False,False,4 - 1,FT,Full-Time,finished,53,Ligue 1,2025/2026,FRA,https://images.fotmob.com/image_resources/logo/teamlogo/8521.png,https://images.fotmob.com/image_resources/logo/teamlogo/9831.png,2025-09-20,19:00
5,https://www.fotmob.com/matches/lens-vs-lille/2gcrq9#4830497,4830497,Lens,8588,Lille,8639,True,True,False,False,3 - 0,FT,Full-Time,finished,53,Ligue 1,2025/2026,FRA,https://images.fotmob.com/image_resources/logo/teamlogo/8588.png,https://images.fotmob.com/image_resources/logo/teamlogo/8639.png,2025-09-20,21:05
5,https://www.fotmob.com/matches/paris-fc-vs-strasbourg/26e9n2#4830502,4830502,Paris FC,6379,Strasbourg,9848,True,True,False,False,2 - 3,FT,Full-Time,finished,53,Ligue 1,2025/2026,FRA,https://images.fotmob.com/image_resources/logo/teamlogo/6379.png,https://images.fotmob.com/image_resources/logo/teamlogo/9848.png,2025-09-21,15:00
5,https://www.fotmob.com/matches/auxerre-vs-toulouse/2u5qiz#4830494,4830494,Auxerre,8583,Toulouse,9941,True,True,False,False,1 - 0,FT,Full-Time,finished,53,Ligue 1,2025/2026,FRA,https://images.fotmob.com/image_resources/logo/teamlogo/8583.png,https://images.fotmob.com/image_resources/logo/teamlogo/9941.png,2025-09-21,17:15
5,https://www.fotmob.com/matches/lorient-vs-le-havre/2t6haw#4830496,4830496,Le Havre,9746,Lorient,8689,True,True,False,False,1 - 1,FT,Full-Time,finished,53,Ligue 1,2025/2026,FRA,https://images.fotmob.com/image_resources/logo/teamlogo/9746.png,https://images.fotmob.com/image_resources/logo/teamlogo/8689.png,2025-09-21,17:15
5,https://www.fotmob.com/matches/metz-vs-monaco/2skdzb#4830500,4830500,Monaco,9829,Metz,8550,True,True,False,False,5 - 2,FT,Full-Time,finished,53,Ligue 1,2025/2026,FRA,https://images.fotmob.com/image_resources/logo/teamlogo/9829.png,https://images.fotmob.com/image_resources/logo/teamlogo/8550.png,2025-09-21,17:15
5,https://www.fotmob.com/matches/marseille-vs-paris-saint-germain/2t82ab#4830499,4830499,Marseille,8592,Paris Saint-Germain,9847,True,True,False,False,1 - 0,FT,Full-Time,finished,53,Ligue 1,2025/2026,FRA,https://images.fotmob.com/image_resources/logo/teamlogo/8592.png,https://images.fotmob.com/image_resources/logo/teamlogo/9847.png,2025-09-22,20:00
6,https://www.fotmob.com/matches/marseille-vs-strasbourg/2t8gik#4830510,4830510,Strasbourg,9848,Marseille,8592,True,True,False,False,1 - 2,FT,Full-Time,finished,53,Ligue 1,2025/2026,FRA,https://images.fotmob.com/image_resources/logo/teamlogo/9848.png,https://images.fotmob.com/image_resources/logo/teamlogo/8592.png,2025-09-26,20:45
6,https://www.fotmob.com/matches/lorient-vs-monaco/2u3coy#4830505,4830505,Lorient,8689,Monaco,9829,True,True,False,False,3 - 1,FT,Full-Time,finished,53,Ligue 1,2025/2026,FRA,https://images.fotmob.com/image_resources/logo/teamlogo/8689.png,https://images.fotmob.com/image_resources/logo/teamlogo/9829.png,2025-09-27,17:00
6,https://www.fotmob.com/matches/nantes-vs-toulouse/38dikf#4830511,4830511,Toulouse,9941,Nantes,9830,True,True,False,False,2 - 2,FT,Full-Time,finished,53,Ligue 1,2025/2026,FRA,https://images.fotmob.com/image_resources/logo/teamlogo/9941.png,https://images.fotmob.com/image_resources/logo/teamlogo/9830.png,2025-09-27,19:00
6,https://www.fotmob.com/matches/auxerre-vs-paris-saint-germain/2t4i9k#4830508,4830508,Paris Saint-Germain,9847,Auxerre,8583,True,True,False,False,2 - 0,FT,Full-Time,finished,53,Ligue 1,2025/2026,FRA,https://images.fotmob.com/image_resources/logo/teamlogo/9847.png,https://images.fotmob.com/image_resources/logo/teamlogo/8583.png,2025-09-27,21:05
6,https://www.fotmob.com/matches/paris-fc-vs-nice/268cvm#4830507,4830507,Nice,9831,Paris FC,6379,True,True,False,False,1 - 1,FT,Full-Time,finished,53,Ligue 1,2025/2026,FRA,https://images.fotmob.com/image_resources/logo/teamlogo/9831.png,https://images.fotmob.com/image_resources/logo/teamlogo/6379.png,2025-09-28,15:00
6,https://www.fotmob.com/matches/angers-vs-brest/2agfd8#4830503,4830503,Angers,8121,Brest,8521,True,True,False,False,0 - 2,FT,Full-Time,finished,53,Ligue 1,2025/2026,FRA,https://images.fotmob.com/image_resources/logo/teamlogo/8121.png,https://images.fotmob.com/image_resources/logo/teamlogo/8521.png,2025-09-28,17:15
6,https://www.fotmob.com/matches/lille-vs-lyon/2snjea#4830504,4830504,Lille,8639,Lyon,9748,True,True,False,False,0 - 1,FT,Full-Time,finished,53,Ligue 1,2025/2026,FRA,https://images.fotmob.com/image_resources/logo/teamlogo/8639.png,https://images.fotmob.com/image_resources/logo/teamlogo/9748.png,2025-09-28,17:15
6,https://www.fotmob.com/matches/metz-vs-le-havre/2rnrhq#4830506,4830506,Metz,8550,Le Havre,9746,True,True,False,False,0 - 0,FT,Full-Time,finished,53,Ligue 1,2025/2026,FRA,https://images.fotmob.com/image_resources/logo/teamlogo/8550.png,https://images.fotmob.com/image_resources/logo/teamlogo/9746.png,2025-09-28,17:15
6,https://www.fotmob.com/matches/lens-vs-rennes/2t82af#4830509,4830509,Rennes,9851,Lens,8588,True,True,False,False,0 - 0,FT,Full-Time,finished,53,Ligue 1,2025/2026,FRA,https://images.fotmob.com/image_resources/logo/teamlogo/9851.png,https://images.fotmob.com/image_resources/logo/teamlogo/8588.png,2025-09-28,20:45
7,https://www.fotmob.com/matches/paris-fc-vs-lorient/1vliw7#4830519,4830519,Paris FC,6379,Lorient,8689,True,True,False,False,2 - 0,FT,Full-Time,finished,53,Ligue 1,2025/2026,FRA,https://images.fotmob.com/image_resources/logo/teamlogo/6379.png,https://images.fotmob.com/image_resources/logo/teamlogo/8689.png,2025-10-03,20:45
7,https://www.fotmob.com/matches/metz-vs-marseille/2fhgl9#4830517,4830517,Metz,8550,Marseille,8592,True,True,False,False,0 - 3,FT,Full-Time,finished,53,Ligue 1,2025/2026,FRA,https://images.fotmob.com/image_resources/logo/teamlogo/8550.png,https://images.fotmob.com/image_resources/logo/teamlogo/8592.png,2025-10-04,17:00
7,https://www.fotmob.com/matches/brest-vs-nantes/2s9d72#4830513,4830513,Brest,8521,Nantes,9830,True,True,False,False,0 - 0,FT,Full-Time,finished,53,Ligue 1,2025/2026,FRA,https://images.fotmob.com/image_resources/logo/teamlogo/8521.png,https://images.fotmob.com/image_resources/logo/teamlogo/9830.png,2025-10-04,19:00
7,https://www.fotmob.com/matches/auxerre-vs-lens/2fs4i2#4830512,4830512,Auxerre,8583,Lens,8588,True,True,False,False,1 - 2,FT,Full-Time,finished,53,Ligue 1,2025/2026,FRA,https://images.fotmob.com/image_resources/logo/teamlogo/8583.png,https://images.fotmob.com/image_resources/logo/teamlogo/8588.png,2025-10-04,21:05
7,https://www.fotmob.com/matches/lyon-vs-toulouse/37eu6q#4830516,4830516,Lyon,9748,Toulouse,9941,True,True,False,False,1 - 2,FT,Full-Time,finished,53,Ligue 1,2025/2026,FRA,https://images.fotmob.com/image_resources/logo/teamlogo/9748.png,https://images.fotmob.com/image_resources/logo/teamlogo/9941.png,2025-10-05,15:00
7,https://www.fotmob.com/matches/le-havre-vs-rennes/36c3o6#4830514,4830514,Le Havre,9746,Rennes,9851,True,True,False,False,2 - 2,FT,Full-Time,finished,53,Ligue 1,2025/2026,FRA,https://images.fotmob.com/image_resources/logo/teamlogo/9746.png,https://images.fotmob.com/image_resources/logo/teamlogo/9851.png,2025-10-05,17:15
7,https://www.fotmob.com/matches/monaco-vs-nice/372lud#4830518,4830518,Monaco,9829,Nice,9831,True,True,False,False,2 - 2,FT,Full-Time,finished,53,Ligue 1,2025/2026,FRA,https://images.fotmob.com/image_resources/logo/teamlogo/9829.png,https://images.fotmob.com/image_resources/logo/teamlogo/9831.png,2025-10-05,17:15
7,https://www.fotmob.com/matches/angers-vs-strasbourg/2o4och#4830520,4830520,Strasbourg,9848,Angers,8121,True,True,False,False,5 - 0,FT,Full-Time,finished,53,Ligue 1,2025/2026,FRA,https://images.fotmob.com/image_resources/logo/teamlogo/9848.png,https://images.fotmob.com/image_resources/logo/teamlogo/8121.png,2025-10-05,17:15
7,https://www.fotmob.com/matches/lille-vs-paris-saint-germain/2tqnus#4830515,4830515,Lille,8639,Paris Saint-Germain,9847,True,True,False,False,1 - 1,FT,Full-Time,finished,53,Ligue 1,2025/2026,FRA,https://images.fotmob.com/image_resources/logo/teamlogo/8639.png,https://images.fotmob.com/image_resources/logo/teamlogo/9847.png,2025-10-05,20:45
8,https://www.fotmob.com/matches/paris-saint-germain-vs-strasbourg/37hda8#4830527,4830527,Paris Saint-Germain,9847,Strasbourg,9848,True,True,False,False,3 - 3,FT,Full-Time,finished,53,Ligue 1,2025/2026,FRA,https://images.fotmob.com/image_resources/logo/teamlogo/9847.png,https://images.fotmob.com/image_resources/logo/teamlogo/9848.png,2025-10-17,20:45
8,https://www.fotmob.com/matches/lyon-vs-nice/364jld#4830526,4830526,Nice,9831,Lyon,9748,True,True,False,False,3 - 2,FT,Full-Time,finished,53,Ligue 1,2025/2026,FRA,https://images.fotmob.com/image_resources/logo/teamlogo/9831.png,https://images.fotmob.com/image_resources/logo/teamlogo/9748.png,2025-10-18,17:00
8,https://www.fotmob.com/matches/angers-vs-monaco/2nxd12#4830521,4830521,Angers,8121,Monaco,9829,True,True,False,False,1 - 1,FT,Full-Time,finished,53,Ligue 1,2025/2026,FRA,https://images.fotmob.com/image_resources/logo/teamlogo/8121.png,https://images.fotmob.com/image_resources/logo/teamlogo/9829.png,2025-10-18,19:00
8,https://www.fotmob.com/matches/marseille-vs-le-havre/2s4945#4830524,4830524,Marseille,8592,Le Havre,9746,True,True,False,False,6 - 2,FT,Full-Time,finished,53,Ligue 1,2025/2026,FRA,https://images.fotmob.com/image_resources/logo/teamlogo/8592.png,https://images.fotmob.com/image_resources/logo/teamlogo/9746.png,2025-10-18,21:05
8,https://www.fotmob.com/matches/paris-fc-vs-lens/1up0fk#4830522,4830522,Lens,8588,Paris FC,6379,True,True,False,False,2 - 1,FT,Full-Time,finished,53,Ligue 1,2025/2026,FRA,https://images.fotmob.com/image_resources/logo/teamlogo/8588.png,https://images.fotmob.com/image_resources/logo/teamlogo/6379.png,2025-10-19,15:00
8,https://www.fotmob.com/matches/brest-vs-lorient/2g6hwg#4830523,4830523,Lorient,8689,Brest,8521,True,True,False,False,3 - 3,FT,Full-Time,finished,53,Ligue 1,2025/2026,FRA,https://images.fotmob.com/image_resources/logo/teamlogo/8689.png,https://images.fotmob.com/image_resources/logo/teamlogo/8521.png,2025-10-19,17:15
8,https://www.fotmob.com/matches/auxerre-vs-rennes/2t635q#4830528,4830528,Rennes,9851,Auxerre,8583,True,True,False,False,2 - 2,FT,Full-Time,finished,53,Ligue 1,2025/2026,FRA,https://images.fotmob.com/image_resources/logo/teamlogo/9851.png,https://images.fotmob.com/image_resources/logo/teamlogo/8583.png,2025-10-19,17:15
8,https://www.fotmob.com/matches/metz-vs-toulouse/2tsn9b#4830529,4830529,Toulouse,9941,Metz,8550,True,True,False,False,4 - 0,FT,Full-Time,finished,53,Ligue 1,2025/2026,FRA,https://images.fotmob.com/image_resources/logo/teamlogo/9941.png,https://images.fotmob.com/image_resources/logo/teamlogo/8550.png,2025-10-19,17:15
8,https://www.fotmob.com/matches/lille-vs-nantes/2tjxgl#4830525,4830525,Nantes,9830,Lille,8639,True,True,False,False,0 - 2,FT,Full-Time,finished,53,Ligue 1,2025/2026,FRA,https://images.fotmob.com/image_resources/logo/teamlogo/9830.png,https://images.fotmob.com/image_resources/logo/teamlogo/8639.png,2025-10-19,20:45
9,https://www.fotmob.com/matches/paris-fc-vs-nantes/2680db#4830537,4830537,Paris FC,6379,Nantes,9830,True,True,False,False,1 - 2,FT,Full-Time,finished,53,Ligue 1,2025/2026,FRA,https://images.fotmob.com/image_resources/logo/teamlogo/6379.png,https://images.fotmob.com/image_resources/logo/teamlogo/9830.png,2025-10-24,20:45
9,https://www.fotmob.com/matches/brest-vs-paris-saint-germain/2sg21j#4830532,4830532,Brest,8521,Paris Saint-Germain,9847,True,True,False,False,0 - 3,FT,Full-Time,finished,53,Ligue 1,2025/2026,FRA,https://images.fotmob.com/image_resources/logo/teamlogo/8521.png,https://images.fotmob.com/image_resources/logo/teamlogo/9847.png,2025-10-25,17:00
9,https://www.fotmob.com/matches/monaco-vs-toulouse/38d3b8#4830536,4830536,Monaco,9829,Toulouse,9941,True,True,False,False,1 - 0,FT,Full-Time,finished,53,Ligue 1,2025/2026,FRA,https://images.fotmob.com/image_resources/logo/teamlogo/9829.png,https://images.fotmob.com/image_resources/logo/teamlogo/9941.png,2025-10-25,19:00
9,https://www.fotmob.com/matches/lens-vs-marseille/2fvfs6#4830533,4830533,Lens,8588,Marseille,8592,True,True,False,False,2 - 1,FT,Full-Time,finished,53,Ligue 1,2025/2026,FRA,https://images.fotmob.com/image_resources/logo/teamlogo/8588.png,https://images.fotmob.com/image_resources/logo/teamlogo/8592.png,2025-10-25,21:05
9,https://www.fotmob.com/matches/metz-vs-lille/2fyr5q#4830534,4830534,Lille,8639,Metz,8550,True,True,False,False,6 - 1,FT,Full-Time,finished,53,Ligue 1,2025/2026,FRA,https://images.fotmob.com/image_resources/logo/teamlogo/8639.png,https://images.fotmob.com/image_resources/logo/teamlogo/8550.png,2025-10-26,15:00
9,https://www.fotmob.com/matches/angers-vs-lorient/2c4nqw#4830530,4830530,Angers,8121,Lorient,8689,True,True,False,False,2 - 0,FT,Full-Time,finished,53,Ligue 1,2025/2026,FRA,https://images.fotmob.com/image_resources/logo/teamlogo/8121.png,https://images.fotmob.com/image_resources/logo/teamlogo/8689.png,2025-10-26,17:15
9,https://www.fotmob.com/matches/auxerre-vs-le-havre/2s0psn#4830531,4830531,Auxerre,8583,Le Havre,9746,True,True,False,False,0 - 1,FT,Full-Time,finished,53,Ligue 1,2025/2026,FRA,https://images.fotmob.com/image_resources/logo/teamlogo/8583.png,https://images.fotmob.com/image_resources/logo/teamlogo/9746.png,2025-10-26,17:15
9,https://www.fotmob.com/matches/nice-vs-rennes/37bvse#4830538,4830538,Rennes,9851,Nice,9831,True,True,False,False,1 - 2,FT,Full-Time,finished,53,Ligue 1,2025/2026,FRA,https://images.fotmob.com/image_resources/logo/teamlogo/9851.png,https://images.fotmob.com/image_resources/logo/teamlogo/9831.png,2025-10-26,17:15
9,https://www.fotmob.com/matches/lyon-vs-strasbourg/36bojq#4830535,4830535,Lyon,9748,Strasbourg,9848,True,True,False,False,2 - 1,FT,Full-Time,finished,53,Ligue 1,2025/2026,FRA,https://images.fotmob.com/image_resources/logo/teamlogo/9748.png,https://images.fotmob.com/image_resources/logo/teamlogo/9848.png,2025-10-26,20:45
10,https://www.fotmob.com/matches/brest-vs-le-havre/2rceek#4830539,4830539,Le Havre,9746,Brest,8521,True,True,False,False,1 - 0,FT,Full-Time,finished,53,Ligue 1,2025/2026,FRA,https://images.fotmob.com/image_resources/logo/teamlogo/9746.png,https://images.fotmob.com/image_resources/logo/teamlogo/8521.png,2025-10-29,19:00
10,https://www.fotmob.com/matches/lorient-vs-paris-saint-germain/2uai17#4830540,4830540,Lorient,8689,Paris Saint-Germain,9847,True,True,False,False,1 - 1,FT,Full-Time,finished,53,Ligue 1,2025/2026,FRA,https://images.fotmob.com/image_resources/logo/teamlogo/8689.png,https://images.fotmob.com/image_resources/logo/teamlogo/9847.png,2025-10-29,19:00
10,https://www.fotmob.com/matches/metz-vs-lens/2ffzon#4830542,4830542,Metz,8550,Lens,8588,True,True,False,False,2 - 0,FT,Full-Time,finished,53,Ligue 1,2025/2026,FRA,https://images.fotmob.com/image_resources/logo/teamlogo/8550.png,https://images.fotmob.com/image_resources/logo/teamlogo/8588.png,2025-10-29,19:00
10,https://www.fotmob.com/matches/lille-vs-nice/2tkbpo#4830544,4830544,Nice,9831,Lille,8639,True,True,False,False,2 - 0,FT,Full-Time,finished,53,Ligue 1,2025/2026,FRA,https://images.fotmob.com/image_resources/logo/teamlogo/9831.png,https://images.fotmob.com/image_resources/logo/teamlogo/8639.png,2025-10-29,19:00
10,https://www.fotmob.com/matches/angers-vs-marseille/2b5t3x#4830541,4830541,Marseille,8592,Angers,8121,True,True,False,False,2 - 2,FT,Full-Time,finished,53,Ligue 1,2025/2026,FRA,https://images.fotmob.com/image_resources/logo/teamlogo/8592.png,https://images.fotmob.com/image_resources/logo/teamlogo/8121.png,2025-10-29,21:05
10,https://www.fotmob.com/matches/monaco-vs-nantes/3726o8#4830543,4830543,Nantes,9830,Monaco,9829,True,True,False,False,3 - 5,FT,Full-Time,finished,53,Ligue 1,2025/2026,FRA,https://images.fotmob.com/image_resources/logo/teamlogo/9830.png,https://images.fotmob.com/image_resources/logo/teamlogo/9829.png,2025-10-29,21:05
10,https://www.fotmob.com/matches/paris-fc-vs-lyon/25flas#4830545,4830545,Paris FC,6379,Lyon,9748,True,True,False,False,3 - 3,FT,Full-Time,finished,53,Ligue 1,2025/2026,FRA,https://images.fotmob.com/image_resources/logo/teamlogo/6379.png,https://images.fotmob.com/image_resources/logo/teamlogo/9748.png,2025-10-29,21:05
10,https://www.fotmob.com/matches/auxerre-vs-strasbourg/2t4whk#4830546,4830546,Strasbourg,9848,Auxerre,8583,True,True,False,False,3 - 0,FT,Full-Time,finished,53,Ligue 1,2025/2026,FRA,https://images.fotmob.com/image_resources/logo/teamlogo/9848.png,https://images.fotmob.com/image_resources/logo/teamlogo/8583.png,2025-10-29,21:05
10,https://www.fotmob.com/matches/rennes-vs-toulouse/38mf3x#4830547,4830547,Toulouse,9941,Rennes,9851,True,True,False,False,2 - 2,FT,Full-Time,finished,53,Ligue 1,2025/2026,FRA,https://images.fotmob.com/image_resources/logo/teamlogo/9941.png,https://images.fotmob.com/image_resources/logo/teamlogo/9851.png,2025-10-29,21:05
11,https://www.fotmob.com/matches/nice-vs-paris-saint-germain/37a71k#4830554,4830554,Paris Saint-Germain,9847,Nice,9831,True,True,False,False,1 - 0,FT,Full-Time,finished,53,Ligue 1,2025/2026,FRA,https://images.fotmob.com/image_resources/logo/teamlogo/9847.png,https://images.fotmob.com/image_resources/logo/teamlogo/9831.png,2025-11-01,17:00
11,https://www.fotmob.com/matches/paris-fc-vs-monaco/267nv1#4830552,4830552,Monaco,9829,Paris FC,6379,True,True,False,False,0 - 1,FT,Full-Time,finished,53,Ligue 1,2025/2026,FRA,https://images.fotmob.com/image_resources/logo/teamlogo/9829.png,https://images.fotmob.com/image_resources/logo/teamlogo/6379.png,2025-11-01,19:00
11,https://www.fotmob.com/matches/auxerre-vs-marseille/2ftlic#4830548,4830548,Auxerre,8583,Marseille,8592,True,True,False,False,0 - 1,FT,Full-Time,finished,53,Ligue 1,2025/2026,FRA,https://images.fotmob.com/image_resources/logo/teamlogo/8583.png,https://images.fotmob.com/image_resources/logo/teamlogo/8592.png,2025-11-01,21:05
11,https://www.fotmob.com/matches/strasbourg-vs-rennes/37j22x#4830555,4830555,Rennes,9851,Strasbourg,9848,True,True,False,False,4 - 1,FT,Full-Time,finished,53,Ligue 1,2025/2026,FRA,https://images.fotmob.com/image_resources/logo/teamlogo/9851.png,https://images.fotmob.com/image_resources/logo/teamlogo/9848.png,2025-11-02,15:00
11,https://www.fotmob.com/matches/lens-vs-lorient/2gv9dg#4830550,4830550,Lens,8588,Lorient,8689,True,True,False,False,3 - 0,FT,Full-Time,finished,53,Ligue 1,2025/2026,FRA,https://images.fotmob.com/image_resources/logo/teamlogo/8588.png,https://images.fotmob.com/image_resources/logo/teamlogo/8689.png,2025-11-02,17:15
11,https://www.fotmob.com/matches/angers-vs-lille/2bmo4b#4830551,4830551,Lille,8639,Angers,8121,True,True,False,False,1 - 0,FT,Full-Time,finished,53,Ligue 1,2025/2026,FRA,https://images.fotmob.com/image_resources/logo/teamlogo/8639.png,https://images.fotmob.com/image_resources/logo/teamlogo/8121.png,2025-11-02,17:15
11,https://www.fotmob.com/matches/metz-vs-nantes/2sks5w#4830553,4830553,Nantes,9830,Metz,8550,True,True,False,False,0 - 2,FT,Full-Time,finished,53,Ligue 1,2025/2026,FRA,https://images.fotmob.com/image_resources/logo/teamlogo/9830.png,https://images.fotmob.com/image_resources/logo/teamlogo/8550.png,2025-11-02,17:15
11,https://www.fotmob.com/matches/le-havre-vs-toulouse/37dzsx#4830556,4830556,Toulouse,9941,Le Havre,9746,True,True,False,False,0 - 0,FT,Full-Time,finished,53,Ligue 1,2025/2026,FRA,https://images.fotmob.com/image_resources/logo/teamlogo/9941.png,https://images.fotmob.com/image_resources/logo/teamlogo/9746.png,2025-11-02,17:15
11,https://www.fotmob.com/matches/brest-vs-lyon/2rd6lj#4830549,4830549,Brest,8521,Lyon,9748,True,True,False,False,0 - 0,FT,Full-Time,finished,53,Ligue 1,2025/2026,FRA,https://images.fotmob.com/image_resources/logo/teamlogo/8521.png,https://images.fotmob.com/image_resources/logo/teamlogo/9748.png,2025-11-02,20:45
12,https://www.fotmob.com/matches/paris-fc-vs-rennes/26fb7k#4830564,4830564,Paris FC,6379,Rennes,9851,True,True,False,False,0 - 1,FT,Full-Time,finished,53,Ligue 1,2025/2026,FRA,https://images.fotmob.com/image_resources/logo/teamlogo/6379.png,https://images.fotmob.com/image_resources/logo/teamlogo/9851.png,2025-11-07,20:45
12,https://www.fotmob.com/matches/brest-vs-marseille/2f6tbp#4830561,4830561,Marseille,8592,Brest,8521,True,True,False,False,3 - 0,FT,Full-Time,finished,53,Ligue 1,2025/2026,FRA,https://images.fotmob.com/image_resources/logo/teamlogo/8592.png,https://images.fotmob.com/image_resources/logo/teamlogo/8521.png,2025-11-08,17:00
12,https://www.fotmob.com/matches/le-havre-vs-nantes/363a9u#4830558,4830558,Le Havre,9746,Nantes,9830,True,True,False,False,1 - 1,FT,Full-Time,finished,53,Ligue 1,2025/2026,FRA,https://images.fotmob.com/image_resources/logo/teamlogo/9746.png,https://images.fotmob.com/image_resources/logo/teamlogo/9830.png,2025-11-08,19:00
12,https://www.fotmob.com/matches/lens-vs-monaco/2szdfy#4830563,4830563,Monaco,9829,Lens,8588,True,True,False,False,1 - 4,FT,Full-Time,finished,53,Ligue 1,2025/2026,FRA,https://images.fotmob.com/image_resources/logo/teamlogo/9829.png,https://images.fotmob.com/image_resources/logo/teamlogo/8588.png,2025-11-08,21:05
12,https://www.fotmob.com/matches/lorient-vs-toulouse/2vbxze#4830559,4830559,Lorient,8689,Toulouse,9941,True,True,False,False,1 - 1,FT,Full-Time,finished,53,Ligue 1,2025/2026,FRA,https://images.fotmob.com/image_resources/logo/teamlogo/8689.png,https://images.fotmob.com/image_resources/logo/teamlogo/9941.png,2025-11-09,15:00
12,https://www.fotmob.com/matches/angers-vs-auxerre/2b2l2f#4830557,4830557,Angers,8121,Auxerre,8583,True,True,False,False,2 - 0,FT,Full-Time,finished,53,Ligue 1,2025/2026,FRA,https://images.fotmob.com/image_resources/logo/teamlogo/8121.png,https://images.fotmob.com/image_resources/logo/teamlogo/8583.png,2025-11-09,17:15
12,https://www.fotmob.com/matches/metz-vs-nice/2sl6ci#4830562,4830562,Metz,8550,Nice,9831,True,True,False,False,2 - 1,FT,Full-Time,finished,53,Ligue 1,2025/2026,FRA,https://images.fotmob.com/image_resources/logo/teamlogo/8550.png,https://images.fotmob.com/image_resources/logo/teamlogo/9831.png,2025-11-09,17:15
12,https://www.fotmob.com/matches/lille-vs-strasbourg/2tr24c#4830565,4830565,Strasbourg,9848,Lille,8639,True,True,False,False,2 - 0,FT,Full-Time,finished,53,Ligue 1,2025/2026,FRA,https://images.fotmob.com/image_resources/logo/teamlogo/9848.png,https://images.fotmob.com/image_resources/logo/teamlogo/8639.png,2025-11-09,17:15
12,https://www.fotmob.com/matches/lyon-vs-paris-saint-germain/36b9fd#4830560,4830560,Lyon,9748,Paris Saint-Germain,9847,True,True,False,False,2 - 3,FT,Full-Time,finished,53,Ligue 1,2025/2026,FRA,https://images.fotmob.com/image_resources/logo/teamlogo/9748.png,https://images.fotmob.com/image_resources/logo/teamlogo/9847.png,2025-11-09,20:45
13,https://www.fotmob.com/matches/marseille-vs-nice/2t1qq3#4830571,4830571,Nice,9831,Marseille,8592,True,True,False,False,1 - 5,FT,Full-Time,finished,53,Ligue 1,2025/2026,FRA,https://images.fotmob.com/image_resources/logo/teamlogo/9831.png,https://images.fotmob.com/image_resources/logo/teamlogo/8592.png,2025-11-21,20:45
13,https://www.fotmob.com/matches/lens-vs-strasbourg/2t6vlu#4830568,4830568,Lens,8588,Strasbourg,9848,True,True,False,False,1 - 0,FT,Full-Time,finished,53,Ligue 1,2025/2026,FRA,https://images.fotmob.com/image_resources/logo/teamlogo/8588.png,https://images.fotmob.com/image_resources/logo/teamlogo/9848.png,2025-11-22,17:00
13,https://www.fotmob.com/matches/monaco-vs-rennes/37b1ez#4830573,4830573,Rennes,9851,Monaco,9829,True,True,False,False,4 - 1,FT,Full-Time,finished,53,Ligue 1,2025/2026,FRA,https://images.fotmob.com/image_resources/logo/teamlogo/9851.png,https://images.fotmob.com/image_resources/logo/teamlogo/9829.png,2025-11-22,19:00
13,https://www.fotmob.com/matches/le-havre-vs-paris-saint-germain/36af6s#4830572,4830572,Paris Saint-Germain,9847,Le Havre,9746,True,True,False,False,3 - 0,FT,Full-Time,finished,53,Ligue 1,2025/2026,FRA,https://images.fotmob.com/image_resources/logo/teamlogo/9847.png,https://images.fotmob.com/image_resources/logo/teamlogo/9746.png,2025-11-22,21:05
13,https://www.fotmob.com/matches/auxerre-vs-lyon/2s1i32#4830566,4830566,Auxerre,8583,Lyon,9748,True,True,False,False,0 - 0,FT,Full-Time,finished,53,Ligue 1,2025/2026,FRA,https://images.fotmob.com/image_resources/logo/teamlogo/8583.png,https://images.fotmob.com/image_resources/logo/teamlogo/9748.png,2025-11-23,15:00
13,https://www.fotmob.com/matches/brest-vs-metz/2erfda#4830567,4830567,Brest,8521,Metz,8550,True,True,False,False,3 - 2,FT,Full-Time,finished,53,Ligue 1,2025/2026,FRA,https://images.fotmob.com/image_resources/logo/teamlogo/8521.png,https://images.fotmob.com/image_resources/logo/teamlogo/8550.png,2025-11-23,17:15
13,https://www.fotmob.com/matches/lorient-vs-nantes/2u3qze#4830570,4830570,Nantes,9830,Lorient,8689,True,True,False,False,1 - 1,FT,Full-Time,finished,53,Ligue 1,2025/2026,FRA,https://images.fotmob.com/image_resources/logo/teamlogo/9830.png,https://images.fotmob.com/image_resources/logo/teamlogo/8689.png,2025-11-23,17:15
13,https://www.fotmob.com/matches/angers-vs-toulouse/2p4l8e#4830574,4830574,Toulouse,9941,Angers,8121,True,True,False,False,0 - 1,FT,Full-Time,finished,53,Ligue 1,2025/2026,FRA,https://images.fotmob.com/image_resources/logo/teamlogo/9941.png,https://images.fotmob.com/image_resources/logo/teamlogo/8121.png,2025-11-23,17:15
13,https://www.fotmob.com/matches/paris-fc-vs-lille/1v5eh2#4830569,4830569,Lille,8639,Paris FC,6379,True,True,False,False,4 - 2,FT,Full-Time,finished,53,Ligue 1,2025/2026,FRA,https://images.fotmob.com/image_resources/logo/teamlogo/8639.png,https://images.fotmob.com/image_resources/logo/teamlogo/6379.png,2025-11-23,20:45
14,https://www.fotmob.com/matches/metz-vs-rennes/2st26k#4830580,4830580,Metz,8550,Rennes,9851,True,True,False,False,0 - 1,FT,Full-Time,finished,53,Ligue 1,2025/2026,FRA,https://images.fotmob.com/image_resources/logo/teamlogo/8550.png,https://images.fotmob.com/image_resources/logo/teamlogo/9851.png,2025-11-28,20:45
14,https://www.fotmob.com/matches/monaco-vs-paris-saint-germain/379cod#4830581,4830581,Monaco,9829,Paris Saint-Germain,9847,True,True,False,False,1 - 0,FT,Full-Time,finished,53,Ligue 1,2025/2026,FRA,https://images.fotmob.com/image_resources/logo/teamlogo/9829.png,https://images.fotmob.com/image_resources/logo/teamlogo/9847.png,2025-11-29,17:00
14,https://www.fotmob.com/matches/paris-fc-vs-auxerre/1uneoy#4830582,4830582,Paris FC,6379,Auxerre,8583,True,True,False,False,1 - 1,FT,Full-Time,finished,53,Ligue 1,2025/2026,FRA,https://images.fotmob.com/image_resources/logo/teamlogo/6379.png,https://images.fotmob.com/image_resources/logo/teamlogo/8583.png,2025-11-29,19:00
14,https://www.fotmob.com/matches/marseille-vs-toulouse/2u9b78#4830579,4830579,Marseille,8592,Toulouse,9941,True,True,False,False,2 - 2,FT,Full-Time,finished,53,Ligue 1,2025/2026,FRA,https://images.fotmob.com/image_resources/logo/teamlogo/8592.png,https://images.fotmob.com/image_resources/logo/teamlogo/9941.png,2025-11-29,21:05
14,https://www.fotmob.com/matches/brest-vs-strasbourg/2sgg7t#4830583,4830583,Strasbourg,9848,Brest,8521,True,True,False,False,1 - 2,FT,Full-Time,finished,53,Ligue 1,2025/2026,FRA,https://images.fotmob.com/image_resources/logo/teamlogo/9848.png,https://images.fotmob.com/image_resources/logo/teamlogo/8521.png,2025-11-30,15:00
14,https://www.fotmob.com/matches/angers-vs-lens/2b4diz#4830575,4830575,Angers,8121,Lens,8588,True,True,False,False,1 - 2,FT,Full-Time,finished,53,Ligue 1,2025/2026,FRA,https://images.fotmob.com/image_resources/logo/teamlogo/8121.png,https://images.fotmob.com/image_resources/logo/teamlogo/8588.png,2025-11-30,17:15
14,https://www.fotmob.com/matches/lille-vs-le-havre/2smr0r#4830576,4830576,Le Havre,9746,Lille,8639,True,True,False,False,0 - 1,FT,Full-Time,finished,53,Ligue 1,2025/2026,FRA,https://images.fotmob.com/image_resources/logo/teamlogo/9746.png,https://images.fotmob.com/image_resources/logo/teamlogo/8639.png,2025-11-30,17:15
14,https://www.fotmob.com/matches/lorient-vs-nice/2u459v#4830577,4830577,Lorient,8689,Nice,9831,True,True,False,False,3 - 1,FT,Full-Time,finished,53,Ligue 1,2025/2026,FRA,https://images.fotmob.com/image_resources/logo/teamlogo/8689.png,https://images.fotmob.com/image_resources/logo/teamlogo/9831.png,2025-11-30,17:15
14,https://www.fotmob.com/matches/lyon-vs-nantes/3644hh#4830578,4830578,Lyon,9748,Nantes,9830,True,True,False,False,3 - 0,FT,Full-Time,finished,53,Ligue 1,2025/2026,FRA,https://images.fotmob.com/image_resources/logo/teamlogo/9748.png,https://images.fotmob.com/image_resources/logo/teamlogo/9830.png,2025-11-30,20:45
15,https://www.fotmob.com/matches/brest-vs-monaco/2s8z1a#4830585,4830585,Brest,8521,Monaco,9829,True,True,False,False,1 - 0,FT,Full-Time,finished,53,Ligue 1,2025/2026,FRA,https://images.fotmob.com/image_resources/logo/teamlogo/8521.png,https://images.fotmob.com/image_resources/logo/teamlogo/9829.png,2025-12-05,19:00
15,https://www.fotmob.com/matches/marseille-vs-lille/2ge8wn#4830587,4830587,Lille,8639,Marseille,8592,True,True,False,False,1 - 0,FT,Full-Time,finished,53,Ligue 1,2025/2026,FRA,https://images.fotmob.com/image_resources/logo/teamlogo/8639.png,https://images.fotmob.com/image_resources/logo/teamlogo/8592.png,2025-12-05,21:00
15,https://www.fotmob.com/matches/lens-vs-nantes/2szrnl#4830589,4830589,Nantes,9830,Lens,8588,True,True,False,False,1 - 2,FT,Full-Time,finished,53,Ligue 1,2025/2026,FRA,https://images.fotmob.com/image_resources/logo/teamlogo/9830.png,https://images.fotmob.com/image_resources/logo/teamlogo/8588.png,2025-12-06,17:00
15,https://www.fotmob.com/matches/strasbourg-vs-toulouse/38l5ao#4830592,4830592,Toulouse,9941,Strasbourg,9848,True,True,False,False,1 - 0,FT,Full-Time,finished,53,Ligue 1,2025/2026,FRA,https://images.fotmob.com/image_resources/logo/teamlogo/9941.png,https://images.fotmob.com/image_resources/logo/teamlogo/9848.png,2025-12-06,19:00
15,https://www.fotmob.com/matches/paris-saint-germain-vs-rennes/37imvq#4830591,4830591,Paris Saint-Germain,9847,Rennes,9851,True,True,False,False,5 - 0,FT,Full-Time,finished,53,Ligue 1,2025/2026,FRA,https://images.fotmob.com/image_resources/logo/teamlogo/9847.png,https://images.fotmob.com/image_resources/logo/teamlogo/9851.png,2025-12-06,21:05
15,https://www.fotmob.com/matches/angers-vs-nice/2ny4qf#4830590,4830590,Nice,9831,Angers,8121,True,True,False,False,0 - 1,FT,Full-Time,finished,53,Ligue 1,2025/2026,FRA,https://images.fotmob.com/image_resources/logo/teamlogo/9831.png,https://images.fotmob.com/image_resources/logo/teamlogo/8121.png,2025-12-07,15:00
15,https://www.fotmob.com/matches/metz-vs-auxerre/2fe5ki#4830584,4830584,Auxerre,8583,Metz,8550,True,True,False,False,3 - 1,FT,Full-Time,finished,53,Ligue 1,2025/2026,FRA,https://images.fotmob.com/image_resources/logo/teamlogo/8583.png,https://images.fotmob.com/image_resources/logo/teamlogo/8550.png,2025-12-07,17:15
15,https://www.fotmob.com/matches/paris-fc-vs-le-havre/25ewet#4830586,4830586,Le Havre,9746,Paris FC,6379,True,True,False,False,0 - 0,FT,Full-Time,finished,53,Ligue 1,2025/2026,FRA,https://images.fotmob.com/image_resources/logo/teamlogo/9746.png,https://images.fotmob.com/image_resources/logo/teamlogo/6379.png,2025-12-07,17:15
15,https://www.fotmob.com/matches/lorient-vs-lyon/2t79r7#4830588,4830588,Lorient,8689,Lyon,9748,True,True,False,False,1 - 0,FT,Full-Time,finished,53,Ligue 1,2025/2026,FRA,https://images.fotmob.com/image_resources/logo/teamlogo/8689.png,https://images.fotmob.com/image_resources/logo/teamlogo/9748.png,2025-12-07,20:45
16,https://www.fotmob.com/matches/angers-vs-nantes/2nxqvq#4830593,4830593,Angers,8121,Nantes,9830,True,True,False,False,4 - 1,FT,Full-Time,finished,53,Ligue 1,2025/2026,FRA,https://images.fotmob.com/image_resources/logo/teamlogo/8121.png,https://images.fotmob.com/image_resources/logo/teamlogo/9830.png,2025-12-12,20:45
16,https://www.fotmob.com/matches/brest-vs-rennes/2shmqt#4830600,4830600,Rennes,9851,Brest,8521,True,True,False,False,3 - 1,FT,Full-Time,finished,53,Ligue 1,2025/2026,FRA,https://images.fotmob.com/image_resources/logo/teamlogo/9851.png,https://images.fotmob.com/image_resources/logo/teamlogo/8521.png,2025-12-13,17:00
16,https://www.fotmob.com/matches/metz-vs-paris-saint-germain/2srhe2#4830598,4830598,Metz,8550,Paris Saint-Germain,9847,True,True,False,False,2 - 3,FT,Full-Time,finished,53,Ligue 1,2025/2026,FRA,https://images.fotmob.com/image_resources/logo/teamlogo/8550.png,https://images.fotmob.com/image_resources/logo/teamlogo/9847.png,2025-12-13,19:00
16,https://www.fotmob.com/matches/paris-fc-vs-toulouse/27apit#4830599,4830599,Paris FC,6379,Toulouse,9941,True,True,False,False,0 - 3,FT,Full-Time,finished,53,Ligue 1,2025/2026,FRA,https://images.fotmob.com/image_resources/logo/teamlogo/6379.png,https://images.fotmob.com/image_resources/logo/teamlogo/9941.png,2025-12-13,21:05
16,https://www.fotmob.com/matches/le-havre-vs-lyon/354y61#4830596,4830596,Lyon,9748,Le Havre,9746,True,True,False,False,1 - 0,FT,Full-Time,finished,53,Ligue 1,2025/2026,FRA,https://images.fotmob.com/image_resources/logo/teamlogo/9748.png,https://images.fotmob.com/image_resources/logo/teamlogo/9746.png,2025-12-14,15:00
16,https://www.fotmob.com/matches/auxerre-vs-lille/2gax9w#4830594,4830594,Auxerre,8583,Lille,8639,True,True,False,False,3 - 4,FT,Full-Time,finished,53,Ligue 1,2025/2026,FRA,https://images.fotmob.com/image_resources/logo/teamlogo/8583.png,https://images.fotmob.com/image_resources/logo/teamlogo/8639.png,2025-12-14,17:15
16,https://www.fotmob.com/matches/lens-vs-nice/2t05v9#4830595,4830595,Lens,8588,Nice,9831,True,True,False,False,2 - 0,FT,Full-Time,finished,53,Ligue 1,2025/2026,FRA,https://images.fotmob.com/image_resources/logo/teamlogo/8588.png,https://images.fotmob.com/image_resources/logo/teamlogo/9831.png,2025-12-14,17:15
16,https://www.fotmob.com/matches/lorient-vs-strasbourg/2uawc5#4830601,4830601,Strasbourg,9848,Lorient,8689,True,True,False,False,0 - 0,FT,Full-Time,finished,53,Ligue 1,2025/2026,FRA,https://images.fotmob.com/image_resources/logo/teamlogo/9848.png,https://images.fotmob.com/image_resources/logo/teamlogo/8689.png,2025-12-14,17:15
16,https://www.fotmob.com/matches/marseille-vs-monaco/2t0yak#4830597,4830597,Marseille,8592,Monaco,9829,True,True,False,False,1 - 0,FT,Full-Time,finished,53,Ligue 1,2025/2026,FRA,https://images.fotmob.com/image_resources/logo/teamlogo/8592.png,https://images.fotmob.com/image_resources/logo/teamlogo/9829.png,2025-12-14,20:45
17,https://www.fotmob.com/matches/lens-vs-toulouse/2u7q06#4830610,4830610,Toulouse,9941,Lens,8588,True,True,False,False,0 - 3,FT,Full-Time,finished,53,Ligue 1,2025/2026,FRA,https://images.fotmob.com/image_resources/logo/teamlogo/9941.png,https://images.fotmob.com/image_resources/logo/teamlogo/8588.png,2026-01-02,20:45
17,https://www.fotmob.com/matches/lyon-vs-monaco/363pdm#4830607,4830607,Monaco,9829,Lyon,9748,True,True,False,False,1 - 3,FT,Full-Time,finished,53,Ligue 1,2025/2026,FRA,https://images.fotmob.com/image_resources/logo/teamlogo/9829.png,https://images.fotmob.com/image_resources/logo/teamlogo/9748.png,2026-01-03,17:00
17,https://www.fotmob.com/matches/nice-vs-strasbourg/37am88#4830608,4830608,Nice,9831,Strasbourg,9848,True,True,False,False,1 - 1,FT,Full-Time,finished,53,Ligue 1,2025/2026,FRA,https://images.fotmob.com/image_resources/logo/teamlogo/9831.png,https://images.fotmob.com/image_resources/logo/teamlogo/9848.png,2026-01-03,19:00
17,https://www.fotmob.com/matches/lille-vs-rennes/2ts8x6#4830604,4830604,Lille,8639,Rennes,9851,True,True,False,False,0 - 2,FT,Full-Time,finished,53,Ligue 1,2025/2026,FRA,https://images.fotmob.com/image_resources/logo/teamlogo/8639.png,https://images.fotmob.com/image_resources/logo/teamlogo/9851.png,2026-01-03,21:05
17,https://www.fotmob.com/matches/marseille-vs-nantes/2t1cib#4830606,4830606,Marseille,8592,Nantes,9830,True,True,False,False,0 - 2,FT,Full-Time,finished,53,Ligue 1,2025/2026,FRA,https://images.fotmob.com/image_resources/logo/teamlogo/8592.png,https://images.fotmob.com/image_resources/logo/teamlogo/9830.png,2026-01-04,15:00
17,https://www.fotmob.com/matches/brest-vs-auxerre/2f3ii7#4830602,4830602,Brest,8521,Auxerre,8583,True,True,False,False,2 - 0,FT,Full-Time,finished,53,Ligue 1,2025/2026,FRA,https://images.fotmob.com/image_resources/logo/teamlogo/8521.png,https://images.fotmob.com/image_resources/logo/teamlogo/8583.png,2026-01-04,17:15
17,https://www.fotmob.com/matches/angers-vs-le-havre/2n1i0k#4830603,4830603,Le Havre,9746,Angers,8121,True,True,False,False,2 - 1,FT,Full-Time,finished,53,Ligue 1,2025/2026,FRA,https://images.fotmob.com/image_resources/logo/teamlogo/9746.png,https://images.fotmob.com/image_resources/logo/teamlogo/8121.png,2026-01-04,17:15
17,https://www.fotmob.com/matches/metz-vs-lorient/2gh7c5#4830605,4830605,Lorient,8689,Metz,8550,True,True,False,False,1 - 1,FT,Full-Time,finished,53,Ligue 1,2025/2026,FRA,https://images.fotmob.com/image_resources/logo/teamlogo/8689.png,https://images.fotmob.com/image_resources/logo/teamlogo/8550.png,2026-01-04,17:15
17,https://www.fotmob.com/matches/paris-fc-vs-paris-saint-germain/26dx4a#4830609,4830609,Paris Saint-Germain,9847,Paris FC,6379,True,True,False,False,2 - 1,FT,Full-Time,finished,53,Ligue 1,2025/2026,FRA,https://images.fotmob.com/image_resources/logo/teamlogo/9847.png,https://images.fotmob.com/image_resources/logo/teamlogo/6379.png,2026-01-04,20:45
18,https://www.fotmob.com/matches/lorient-vs-monaco/2u3coy#4830614,4830614,Monaco,9829,Lorient,8689,True,True,False,False,1 - 3,FT,Full-Time,finished,53,Ligue 1,2025/2026,FRA,https://images.fotmob.com/image_resources/logo/teamlogo/9829.png,https://images.fotmob.com/image_resources/logo/teamlogo/8689.png,2026-01-16,19:00
18,https://www.fotmob.com/matches/lille-vs-paris-saint-germain/2tqnus#4830616,4830616,Paris Saint-Germain,9847,Lille,8639,True,True,False,False,3 - 0,FT,Full-Time,finished,53,Ligue 1,2025/2026,FRA,https://images.fotmob.com/image_resources/logo/teamlogo/9847.png,https://images.fotmob.com/image_resources/logo/teamlogo/8639.png,2026-01-16,21:00
18,https://www.fotmob.com/matches/auxerre-vs-lens/2fs4i2#4830612,4830612,Lens,8588,Auxerre,8583,True,True,False,False,1 - 0,FT,Full-Time,finished,53,Ligue 1,2025/2026,FRA,https://images.fotmob.com/image_resources/logo/teamlogo/8588.png,https://images.fotmob.com/image_resources/logo/teamlogo/8583.png,2026-01-17,17:00
18,https://www.fotmob.com/matches/nice-vs-toulouse/38dxtn#4830619,4830619,Toulouse,9941,Nice,9831,True,True,False,False,5 - 1,FT,Full-Time,finished,53,Ligue 1,2025/2026,FRA,https://images.fotmob.com/image_resources/logo/teamlogo/9941.png,https://images.fotmob.com/image_resources/logo/teamlogo/9831.png,2026-01-17,19:00
18,https://www.fotmob.com/matches/angers-vs-marseille/2b5t3x#4830611,4830611,Angers,8121,Marseille,8592,True,True,False,False,2 - 5,FT,Full-Time,finished,53,Ligue 1,2025/2026,FRA,https://images.fotmob.com/image_resources/logo/teamlogo/8121.png,https://images.fotmob.com/image_resources/logo/teamlogo/8592.png,2026-01-17,21:05
18,https://www.fotmob.com/matches/metz-vs-strasbourg/2srvl5#4830618,4830618,Strasbourg,9848,Metz,8550,True,True,False,False,2 - 1,FT,Full-Time,finished,53,Ligue 1,2025/2026,FRA,https://images.fotmob.com/image_resources/logo/teamlogo/9848.png,https://images.fotmob.com/image_resources/logo/teamlogo/8550.png,2026-01-18,15:00
18,https://www.fotmob.com/matches/paris-fc-vs-nantes/2680db#4830615,4830615,Nantes,9830,Paris FC,6379,True,True,False,False,1 - 2,FT,Full-Time,finished,53,Ligue 1,2025/2026,FRA,https://images.fotmob.com/image_resources/logo/teamlogo/9830.png,https://images.fotmob.com/image_resources/logo/teamlogo/6379.png,2026-01-18,17:15
18,https://www.fotmob.com/matches/le-havre-vs-rennes/36c3o6#4830617,4830617,Rennes,9851,Le Havre,9746,True,True,False,False,1 - 1,FT,Full-Time,finished,53,Ligue 1,2025/2026,FRA,https://images.fotmob.com/image_resources/logo/teamlogo/9851.png,https://images.fotmob.com/image_resources/logo/teamlogo/9746.png,2026-01-18,17:15
18,https://www.fotmob.com/matches/brest-vs-lyon/2rd6lj#4830613,4830613,Lyon,9748,Brest,8521,True,True,False,False,2 - 1,FT,Full-Time,finished,53,Ligue 1,2025/2026,FRA,https://images.fotmob.com/image_resources/logo/teamlogo/9748.png,https://images.fotmob.com/image_resources/logo/teamlogo/8521.png,2026-01-18,20:45
19,https://www.fotmob.com/matches/auxerre-vs-paris-saint-germain/2t4i9k#4830620,4830620,Auxerre,8583,Paris Saint-Germain,9847,True,True,False,False,0 - 1,FT,Full-Time,finished,53,Ligue 1,2025/2026,FRA,https://images.fotmob.com/image_resources/logo/teamlogo/8583.png,https://images.fotmob.com/image_resources/logo/teamlogo/9847.png,2026-01-23,20:00
19,https://www.fotmob.com/matches/lorient-vs-rennes/2uc395#4830628,4830628,Rennes,9851,Lorient,8689,True,True,False,False,0 - 2,FT,Full-Time,finished,53,Ligue 1,2025/2026,FRA,https://images.fotmob.com/image_resources/logo/teamlogo/9851.png,https://images.fotmob.com/image_resources/logo/teamlogo/8689.png,2026-01-24,17:00
19,https://www.fotmob.com/matches/le-havre-vs-monaco/362v61#4830622,4830622,Le Havre,9746,Monaco,9829,True,True,False,False,0 - 0,FT,Full-Time,finished,53,Ligue 1,2025/2026,FRA,https://images.fotmob.com/image_resources/logo/teamlogo/9746.png,https://images.fotmob.com/image_resources/logo/teamlogo/9829.png,2026-01-24,19:00
19,https://www.fotmob.com/matches/lens-vs-marseille/2fvfs6#4830624,4830624,Marseille,8592,Lens,8588,True,True,False,False,3 - 1,FT,Full-Time,finished,53,Ligue 1,2025/2026,FRA,https://images.fotmob.com/image_resources/logo/teamlogo/8592.png,https://images.fotmob.com/image_resources/logo/teamlogo/8588.png,2026-01-24,21:05
19,https://www.fotmob.com/matches/nantes-vs-nice/37310i#4830626,4830626,Nantes,9830,Nice,9831,True,True,False,False,1 - 4,FT,Full-Time,finished,53,Ligue 1,2025/2026,FRA,https://images.fotmob.com/image_resources/logo/teamlogo/9830.png,https://images.fotmob.com/image_resources/logo/teamlogo/9831.png,2026-01-25,15:00
19,https://www.fotmob.com/matches/brest-vs-toulouse/2th5t2#4830621,4830621,Brest,8521,Toulouse,9941,True,True,False,False,0 - 2,FT,Full-Time,finished,53,Ligue 1,2025/2026,FRA,https://images.fotmob.com/image_resources/logo/teamlogo/8521.png,https://images.fotmob.com/image_resources/logo/teamlogo/9941.png,2026-01-25,17:15
19,https://www.fotmob.com/matches/metz-vs-lyon/2rojqb#4830625,4830625,Metz,8550,Lyon,9748,True,True,False,False,2 - 5,FT,Full-Time,finished,53,Ligue 1,2025/2026,FRA,https://images.fotmob.com/image_resources/logo/teamlogo/8550.png,https://images.fotmob.com/image_resources/logo/teamlogo/9748.png,2026-01-25,17:15
19,https://www.fotmob.com/matches/paris-fc-vs-angers/1qlitv#4830627,4830627,Paris FC,6379,Angers,8121,True,True,False,False,0 - 0,FT,Full-Time,finished,53,Ligue 1,2025/2026,FRA,https://images.fotmob.com/image_resources/logo/teamlogo/6379.png,https://images.fotmob.com/image_resources/logo/teamlogo/8121.png,2026-01-25,17:15
19,https://www.fotmob.com/matches/lille-vs-strasbourg/2tr24c#4830623,4830623,Lille,8639,Strasbourg,9848,True,True,False,False,1 - 4,FT,Full-Time,finished,53,Ligue 1,2025/2026,FRA,https://images.fotmob.com/image_resources/logo/teamlogo/8639.png,https://images.fotmob.com/image_resources/logo/teamlogo/9848.png,2026-01-25,20:45
20,https://www.fotmob.com/matches/lens-vs-le-havre/2s2oir#4830630,4830630,Lens,8588,Le Havre,9746,True,True,False,False,1 - 0,FT,Full-Time,finished,53,Ligue 1,2025/2026,FRA,https://images.fotmob.com/image_resources/logo/teamlogo/8588.png,https://images.fotmob.com/image_resources/logo/teamlogo/9746.png,2026-01-30,20:45
20,https://www.fotmob.com/matches/paris-fc-vs-marseille/1uqamy#4830635,4830635,Paris FC,6379,Marseille,8592,True,True,False,False,2 - 2,FT,Full-Time,finished,53,Ligue 1,2025/2026,FRA,https://images.fotmob.com/image_resources/logo/teamlogo/6379.png,https://images.fotmob.com/image_resources/logo/teamlogo/8592.png,2026-01-31,17:00
20,https://www.fotmob.com/matches/lorient-vs-nantes/2u3qze#4830631,4830631,Lorient,8689,Nantes,9830,True,True,False,False,2 - 1,FT,Full-Time,finished,53,Ligue 1,2025/2026,FRA,https://images.fotmob.com/image_resources/logo/teamlogo/8689.png,https://images.fotmob.com/image_resources/logo/teamlogo/9830.png,2026-01-31,19:00
20,https://www.fotmob.com/matches/monaco-vs-rennes/37b1ez#4830633,4830633,Monaco,9829,Rennes,9851,True,True,False,False,4 - 0,FT,Full-Time,finished,53,Ligue 1,2025/2026,FRA,https://images.fotmob.com/image_resources/logo/teamlogo/9829.png,https://images.fotmob.com/image_resources/logo/teamlogo/9851.png,2026-01-31,21:05
20,https://www.fotmob.com/matches/lille-vs-lyon/2snjea#4830632,4830632,Lyon,9748,Lille,8639,True,True,False,False,1 - 0,FT,Full-Time,finished,53,Ligue 1,2025/2026,FRA,https://images.fotmob.com/image_resources/logo/teamlogo/9748.png,https://images.fotmob.com/image_resources/logo/teamlogo/8639.png,2026-02-01,15:00
20,https://www.fotmob.com/matches/angers-vs-metz/2aqs46#4830629,4830629,Angers,8121,Metz,8550,True,True,False,False,1 - 0,FT,Full-Time,finished,53,Ligue 1,2025/2026,FRA,https://images.fotmob.com/image_resources/logo/teamlogo/8121.png,https://images.fotmob.com/image_resources/logo/teamlogo/8550.png,2026-02-01,17:15
20,https://www.fotmob.com/matches/brest-vs-nice/2s9rcv#4830634,4830634,Nice,9831,Brest,8521,True,True,False,False,2 - 2,FT,Full-Time,finished,53,Ligue 1,2025/2026,FRA,https://images.fotmob.com/image_resources/logo/teamlogo/9831.png,https://images.fotmob.com/image_resources/logo/teamlogo/8521.png,2026-02-01,17:15
20,https://www.fotmob.com/matches/auxerre-vs-toulouse/2u5qiz#4830637,4830637,Toulouse,9941,Auxerre,8583,True,True,False,False,0 - 0,FT,Full-Time,finished,53,Ligue 1,2025/2026,FRA,https://images.fotmob.com/image_resources/logo/teamlogo/9941.png,https://images.fotmob.com/image_resources/logo/teamlogo/8583.png,2026-02-01,17:15
20,https://www.fotmob.com/matches/paris-saint-germain-vs-strasbourg/37hda8#4830636,4830636,Strasbourg,9848,Paris Saint-Germain,9847,True,True,False,False,1 - 2,FT,Full-Time,finished,53,Ligue 1,2025/2026,FRA,https://images.fotmob.com/image_resources/logo/teamlogo/9848.png,https://images.fotmob.com/image_resources/logo/teamlogo/9847.png,2026-02-01,20:45
21,https://www.fotmob.com/matches/metz-vs-lille/2fyr5q#4830643,4830643,Metz,8550,Lille,8639,True,True,False,False,0 - 0,FT,Full-Time,finished,53,Ligue 1,2025/2026,FRA,https://images.fotmob.com/image_resources/logo/teamlogo/8550.png,https://images.fotmob.com/image_resources/logo/teamlogo/8639.png,2026-02-06,20:45
21,https://www.fotmob.com/matches/lens-vs-rennes/2t82af#4830642,4830642,Lens,8588,Rennes,9851,True,True,False,False,3 - 1,FT,Full-Time,finished,53,Ligue 1,2025/2026,FRA,https://images.fotmob.com/image_resources/logo/teamlogo/8588.png,https://images.fotmob.com/image_resources/logo/teamlogo/9851.png,2026-02-07,17:00
21,https://www.fotmob.com/matches/brest-vs-lorient/2g6hwg#4830640,4830640,Brest,8521,Lorient,8689,True,True,False,False,2 - 0,FT,Full-Time,finished,53,Ligue 1,2025/2026,FRA,https://images.fotmob.com/image_resources/logo/teamlogo/8521.png,https://images.fotmob.com/image_resources/logo/teamlogo/8689.png,2026-02-07,19:00
21,https://www.fotmob.com/matches/lyon-vs-nantes/3644hh#4830644,4830644,Nantes,9830,Lyon,9748,True,True,False,False,0 - 1,FT,Full-Time,finished,53,Ligue 1,2025/2026,FRA,https://images.fotmob.com/image_resources/logo/teamlogo/9830.png,https://images.fotmob.com/image_resources/logo/teamlogo/9748.png,2026-02-07,21:05
21,https://www.fotmob.com/matches/monaco-vs-nice/372lud#4830645,4830645,Nice,9831,Monaco,9829,True,True,False,False,0 - 0,FT,Full-Time,finished,53,Ligue 1,2025/2026,FRA,https://images.fotmob.com/image_resources/logo/teamlogo/9831.png,https://images.fotmob.com/image_resources/logo/teamlogo/9829.png,2026-02-08,15:00
21,https://www.fotmob.com/matches/angers-vs-toulouse/2p4l8e#4830638,4830638,Angers,8121,Toulouse,9941,True,True,False,False,1 - 0,FT,Full-Time,finished,53,Ligue 1,2025/2026,FRA,https://images.fotmob.com/image_resources/logo/teamlogo/8121.png,https://images.fotmob.com/image_resources/logo/teamlogo/9941.png,2026-02-08,17:15
21,https://www.fotmob.com/matches/paris-fc-vs-auxerre/1uneoy#4830639,4830639,Auxerre,8583,Paris FC,6379,True,True,False,False,0 - 0,FT,Full-Time,finished,53,Ligue 1,2025/2026,FRA,https://images.fotmob.com/image_resources/logo/teamlogo/8583.png,https://images.fotmob.com/image_resources/logo/teamlogo/6379.png,2026-02-08,17:15
21,https://www.fotmob.com/matches/le-havre-vs-strasbourg/36aub3#4830641,4830641,Le Havre,9746,Strasbourg,9848,True,True,False,False,2 - 1,FT,Full-Time,finished,53,Ligue 1,2025/2026,FRA,https://images.fotmob.com/image_resources/logo/teamlogo/9746.png,https://images.fotmob.com/image_resources/logo/teamlogo/9848.png,2026-02-08,17:15
21,https://www.fotmob.com/matches/marseille-vs-paris-saint-germain/2t82ab#4830646,4830646,Paris Saint-Germain,9847,Marseille,8592,True,True,False,False,5 - 0,FT,Full-Time,finished,53,Ligue 1,2025/2026,FRA,https://images.fotmob.com/image_resources/logo/teamlogo/9847.png,https://images.fotmob.com/image_resources/logo/teamlogo/8592.png,2026-02-08,20:45
22,https://www.fotmob.com/matches/paris-saint-germain-vs-rennes/37imvq#4830655,4830655,Rennes,9851,Paris Saint-Germain,9847,True,True,False,False,3 - 1,FT,Full-Time,finished,53,Ligue 1,2025/2026,FRA,https://images.fotmob.com/image_resources/logo/teamlogo/9851.png,https://images.fotmob.com/image_resources/logo/teamlogo/9847.png,2026-02-13,19:00
22,https://www.fotmob.com/matches/monaco-vs-nantes/3726o8#4830653,4830653,Monaco,9829,Nantes,9830,True,True,False,False,3 - 1,FT,Full-Time,finished,53,Ligue 1,2025/2026,FRA,https://images.fotmob.com/image_resources/logo/teamlogo/9829.png,https://images.fotmob.com/image_resources/logo/teamlogo/9830.png,2026-02-13,21:05
22,https://www.fotmob.com/matches/marseille-vs-strasbourg/2t8gik#4830651,4830651,Marseille,8592,Strasbourg,9848,True,True,False,False,2 - 2,FT,Full-Time,finished,53,Ligue 1,2025/2026,FRA,https://images.fotmob.com/image_resources/logo/teamlogo/8592.png,https://images.fotmob.com/image_resources/logo/teamlogo/9848.png,2026-02-14,17:00
22,https://www.fotmob.com/matches/brest-vs-lille/2fo2ub#4830648,4830648,Lille,8639,Brest,8521,True,True,False,False,1 - 1,FT,Full-Time,finished,53,Ligue 1,2025/2026,FRA,https://images.fotmob.com/image_resources/logo/teamlogo/8639.png,https://images.fotmob.com/image_resources/logo/teamlogo/8521.png,2026-02-14,19:00
22,https://www.fotmob.com/matches/paris-fc-vs-lens/1up0fk#4830654,4830654,Paris FC,6379,Lens,8588,True,True,False,False,0 - 5,FT,Full-Time,finished,53,Ligue 1,2025/2026,FRA,https://images.fotmob.com/image_resources/logo/teamlogo/6379.png,https://images.fotmob.com/image_resources/logo/teamlogo/8588.png,2026-02-14,21:05
22,https://www.fotmob.com/matches/le-havre-vs-toulouse/37dzsx#4830647,4830647,Le Havre,9746,Toulouse,9941,True,True,False,False,2 - 1,FT,Full-Time,finished,53,Ligue 1,2025/2026,FRA,https://images.fotmob.com/image_resources/logo/teamlogo/9746.png,https://images.fotmob.com/image_resources/logo/teamlogo/9941.png,2026-02-15,15:00
22,https://www.fotmob.com/matches/angers-vs-lorient/2c4nqw#4830649,4830649,Lorient,8689,Angers,8121,True,True,False,False,2 - 0,FT,Full-Time,finished,53,Ligue 1,2025/2026,FRA,https://images.fotmob.com/image_resources/logo/teamlogo/8689.png,https://images.fotmob.com/image_resources/logo/teamlogo/8121.png,2026-02-15,17:15
22,https://www.fotmob.com/matches/metz-vs-auxerre/2fe5ki#4830652,4830652,Metz,8550,Auxerre,8583,True,True,False,False,1 - 3,FT,Full-Time,finished,53,Ligue 1,2025/2026,FRA,https://images.fotmob.com/image_resources/logo/teamlogo/8550.png,https://images.fotmob.com/image_resources/logo/teamlogo/8583.png,2026-02-15,17:15
22,https://www.fotmob.com/matches/lyon-vs-nice/364jld#4830650,4830650,Lyon,9748,Nice,9831,True,True,False,False,2 - 0,FT,Full-Time,finished,53,Ligue 1,2025/2026,FRA,https://images.fotmob.com/image_resources/logo/teamlogo/9748.png,https://images.fotmob.com/image_resources/logo/teamlogo/9831.png,2026-02-15,20:45
23,https://www.fotmob.com/matches/brest-vs-marseille/2f6tbp#4830658,4830658,Brest,8521,Marseille,8592,True,True,False,False,2 - 0,FT,Full-Time,finished,53,Ligue 1,2025/2026,FRA,https://images.fotmob.com/image_resources/logo/teamlogo/8521.png,https://images.fotmob.com/image_resources/logo/teamlogo/8592.png,2026-02-20,20:45
23,https://www.fotmob.com/matches/lens-vs-monaco/2szdfy#4830659,4830659,Lens,8588,Monaco,9829,True,True,False,False,2 - 3,FT,Full-Time,finished,53,Ligue 1,2025/2026,FRA,https://images.fotmob.com/image_resources/logo/teamlogo/8588.png,https://images.fotmob.com/image_resources/logo/teamlogo/9829.png,2026-02-21,17:00
23,https://www.fotmob.com/matches/paris-fc-vs-toulouse/27apit#4830664,4830664,Toulouse,9941,Paris FC,6379,True,True,False,False,1 - 1,FT,Full-Time,finished,53,Ligue 1,2025/2026,FRA,https://images.fotmob.com/image_resources/logo/teamlogo/9941.png,https://images.fotmob.com/image_resources/logo/teamlogo/6379.png,2026-02-21,19:00
23,https://www.fotmob.com/matches/metz-vs-paris-saint-germain/2srhe2#4830662,4830662,Paris Saint-Germain,9847,Metz,8550,True,True,False,False,3 - 0,FT,Full-Time,finished,53,Ligue 1,2025/2026,FRA,https://images.fotmob.com/image_resources/logo/teamlogo/9847.png,https://images.fotmob.com/image_resources/logo/teamlogo/8550.png,2026-02-21,21:05
23,https://www.fotmob.com/matches/auxerre-vs-rennes/2t635q#4830657,4830657,Auxerre,8583,Rennes,9851,True,True,False,False,0 - 3,FT,Full-Time,finished,53,Ligue 1,2025/2026,FRA,https://images.fotmob.com/image_resources/logo/teamlogo/8583.png,https://images.fotmob.com/image_resources/logo/teamlogo/9851.png,2026-02-22,15:00
23,https://www.fotmob.com/matches/angers-vs-lille/2bmo4b#4830656,4830656,Angers,8121,Lille,8639,True,True,False,False,0 - 1,FT,Full-Time,finished,53,Ligue 1,2025/2026,FRA,https://images.fotmob.com/image_resources/logo/teamlogo/8121.png,https://images.fotmob.com/image_resources/logo/teamlogo/8639.png,2026-02-22,17:15
23,https://www.fotmob.com/matches/le-havre-vs-nantes/363a9u#4830660,4830660,Nantes,9830,Le Havre,9746,True,True,False,False,2 - 0,FT,Full-Time,finished,53,Ligue 1,2025/2026,FRA,https://images.fotmob.com/image_resources/logo/teamlogo/9830.png,https://images.fotmob.com/image_resources/logo/teamlogo/9746.png,2026-02-22,17:15
23,https://www.fotmob.com/matches/lorient-vs-nice/2u459v#4830661,4830661,Nice,9831,Lorient,8689,True,True,False,False,3 - 3,FT,Full-Time,finished,53,Ligue 1,2025/2026,FRA,https://images.fotmob.com/image_resources/logo/teamlogo/9831.png,https://images.fotmob.com/image_resources/logo/teamlogo/8689.png,2026-02-22,17:15
23,https://www.fotmob.com/matches/lyon-vs-strasbourg/36bojq#4830663,4830663,Strasbourg,9848,Lyon,9748,True,True,False,False,3 - 1,FT,Full-Time,finished,53,Ligue 1,2025/2026,FRA,https://images.fotmob.com/image_resources/logo/teamlogo/9848.png,https://images.fotmob.com/image_resources/logo/teamlogo/9748.png,2026-02-22,20:45
24,https://www.fotmob.com/matches/lens-vs-strasbourg/2t6vlu#4830673,4830673,Strasbourg,9848,Lens,8588,True,True,False,False,1 - 1,FT,Full-Time,finished,53,Ligue 1,2025/2026,FRA,https://images.fotmob.com/image_resources/logo/teamlogo/9848.png,https://images.fotmob.com/image_resources/logo/teamlogo/8588.png,2026-02-27,20:45
24,https://www.fotmob.com/matches/rennes-vs-toulouse/38mf3x#4830672,4830672,Rennes,9851,Toulouse,9941,True,True,False,False,1 - 0,FT,Full-Time,finished,53,Ligue 1,2025/2026,FRA,https://images.fotmob.com/image_resources/logo/teamlogo/9851.png,https://images.fotmob.com/image_resources/logo/teamlogo/9941.png,2026-02-28,17:00
24,https://www.fotmob.com/matches/angers-vs-monaco/2nxd12#4830670,4830670,Monaco,9829,Angers,8121,True,True,False,False,2 - 0,FT,Full-Time,finished,53,Ligue 1,2025/2026,FRA,https://images.fotmob.com/image_resources/logo/teamlogo/9829.png,https://images.fotmob.com/image_resources/logo/teamlogo/8121.png,2026-02-28,19:00
24,https://www.fotmob.com/matches/le-havre-vs-paris-saint-germain/36af6s#4830665,4830665,Le Havre,9746,Paris Saint-Germain,9847,True,True,False,False,0 - 1,FT,Full-Time,finished,53,Ligue 1,2025/2026,FRA,https://images.fotmob.com/image_resources/logo/teamlogo/9746.png,https://images.fotmob.com/image_resources/logo/teamlogo/9847.png,2026-02-28,21:05
24,https://www.fotmob.com/matches/paris-fc-vs-nice/268cvm#4830671,4830671,Paris FC,6379,Nice,9831,True,True,False,False,1 - 0,FT,Full-Time,finished,53,Ligue 1,2025/2026,FRA,https://images.fotmob.com/image_resources/logo/teamlogo/6379.png,https://images.fotmob.com/image_resources/logo/teamlogo/9831.png,2026-03-01,15:00
24,https://www.fotmob.com/matches/lille-vs-nantes/2tjxgl#4830666,4830666,Lille,8639,Nantes,9830,True,True,False,False,1 - 0,FT,Full-Time,finished,53,Ligue 1,2025/2026,FRA,https://images.fotmob.com/image_resources/logo/teamlogo/8639.png,https://images.fotmob.com/image_resources/logo/teamlogo/9830.png,2026-03-01,17:15
24,https://www.fotmob.com/matches/auxerre-vs-lorient/2gteq5#4830667,4830667,Lorient,8689,Auxerre,8583,True,True,False,False,2 - 2,FT,Full-Time,finished,53,Ligue 1,2025/2026,FRA,https://images.fotmob.com/image_resources/logo/teamlogo/8689.png,https://images.fotmob.com/image_resources/logo/teamlogo/8583.png,2026-03-01,17:15
24,https://www.fotmob.com/matches/brest-vs-metz/2erfda#4830669,4830669,Metz,8550,Brest,8521,True,True,False,False,0 - 1,FT,Full-Time,finished,53,Ligue 1,2025/2026,FRA,https://images.fotmob.com/image_resources/logo/teamlogo/8550.png,https://images.fotmob.com/image_resources/logo/teamlogo/8521.png,2026-03-01,17:15
24,https://www.fotmob.com/matches/marseille-vs-lyon/2s51f2#4830668,4830668,Marseille,8592,Lyon,9748,True,True,False,False,3 - 2,FT,Full-Time,finished,53,Ligue 1,2025/2026,FRA,https://images.fotmob.com/image_resources/logo/teamlogo/8592.png,https://images.fotmob.com/image_resources/logo/teamlogo/9748.png,2026-03-01,20:45
25,https://www.fotmob.com/matches/monaco-vs-paris-saint-germain/379cod#4830681,4830681,Paris Saint-Germain,9847,Monaco,9829,True,True,False,False,1 - 3,FT,Full-Time,finished,53,Ligue 1,2025/2026,FRA,https://images.fotmob.com/image_resources/logo/teamlogo/9847.png,https://images.fotmob.com/image_resources/logo/teamlogo/9829.png,2026-03-06,20:45
25,https://www.fotmob.com/matches/angers-vs-nantes/2nxqvq#4830679,4830679,Nantes,9830,Angers,8121,True,True,False,False,0 - 1,FT,Full-Time,finished,53,Ligue 1,2025/2026,FRA,https://images.fotmob.com/image_resources/logo/teamlogo/9830.png,https://images.fotmob.com/image_resources/logo/teamlogo/8121.png,2026-03-07,17:00
25,https://www.fotmob.com/matches/auxerre-vs-strasbourg/2t4whk#4830674,4830674,Auxerre,8583,Strasbourg,9848,True,True,False,False,0 - 0,FT,Full-Time,finished,53,Ligue 1,2025/2026,FRA,https://images.fotmob.com/image_resources/logo/teamlogo/8583.png,https://images.fotmob.com/image_resources/logo/teamlogo/9848.png,2026-03-07,19:00
25,https://www.fotmob.com/matches/marseille-vs-toulouse/2u9b78#4830682,4830682,Toulouse,9941,Marseille,8592,True,True,False,False,0 - 1,FT,Full-Time,finished,53,Ligue 1,2025/2026,FRA,https://images.fotmob.com/image_resources/logo/teamlogo/9941.png,https://images.fotmob.com/image_resources/logo/teamlogo/8592.png,2026-03-07,21:05
25,https://www.fotmob.com/matches/metz-vs-lens/2ffzon#4830676,4830676,Lens,8588,Metz,8550,True,True,False,False,3 - 0,FT,Full-Time,finished,53,Ligue 1,2025/2026,FRA,https://images.fotmob.com/image_resources/logo/teamlogo/8588.png,https://images.fotmob.com/image_resources/logo/teamlogo/8550.png,2026-03-08,15:00
25,https://www.fotmob.com/matches/brest-vs-le-havre/2rceek#4830675,4830675,Brest,8521,Le Havre,9746,True,True,False,False,2 - 0,FT,Full-Time,finished,53,Ligue 1,2025/2026,FRA,https://images.fotmob.com/image_resources/logo/teamlogo/8521.png,https://images.fotmob.com/image_resources/logo/teamlogo/9746.png,2026-03-08,17:15
25,https://www.fotmob.com/matches/lille-vs-lorient/2he6a1#4830677,4830677,Lille,8639,Lorient,8689,True,True,False,False,1 - 1,FT,Full-Time,finished,53,Ligue 1,2025/2026,FRA,https://images.fotmob.com/image_resources/logo/teamlogo/8639.png,https://images.fotmob.com/image_resources/logo/teamlogo/8689.png,2026-03-08,17:15
25,https://www.fotmob.com/matches/nice-vs-rennes/37bvse#4830680,4830680,Nice,9831,Rennes,9851,True,True,False,False,0 - 4,FT,Full-Time,finished,53,Ligue 1,2025/2026,FRA,https://images.fotmob.com/image_resources/logo/teamlogo/9831.png,https://images.fotmob.com/image_resources/logo/teamlogo/9851.png,2026-03-08,17:15
25,https://www.fotmob.com/matches/paris-fc-vs-lyon/25flas#4830678,4830678,Lyon,9748,Paris FC,6379,True,True,False,False,1 - 1,FT,Full-Time,finished,53,Ligue 1,2025/2026,FRA,https://images.fotmob.com/image_resources/logo/teamlogo/9748.png,https://images.fotmob.com/image_resources/logo/teamlogo/6379.png,2026-03-08,20:45
26,https://www.fotmob.com/matches/auxerre-vs-marseille/2ftlic#4830686,4830686,Marseille,8592,Auxerre,8583,True,True,False,False,1 - 0,FT,Full-Time,finished,53,Ligue 1,2025/2026,FRA,https://images.fotmob.com/image_resources/logo/teamlogo/8592.png,https://images.fotmob.com/image_resources/logo/teamlogo/8583.png,2026-03-13,20:45
26,https://www.fotmob.com/matches/lens-vs-lorient/2gv9dg#4830685,4830685,Lorient,8689,Lens,8588,True,True,False,False,2 - 1,FT,Full-Time,finished,53,Ligue 1,2025/2026,FRA,https://images.fotmob.com/image_resources/logo/teamlogo/8689.png,https://images.fotmob.com/image_resources/logo/teamlogo/8588.png,2026-03-14,17:00
26,https://www.fotmob.com/matches/angers-vs-nice/2ny4qf#4830683,4830683,Angers,8121,Nice,9831,True,True,False,False,0 - 2,FT,Full-Time,finished,53,Ligue 1,2025/2026,FRA,https://images.fotmob.com/image_resources/logo/teamlogo/8121.png,https://images.fotmob.com/image_resources/logo/teamlogo/9831.png,2026-03-14,19:00
26,https://www.fotmob.com/matches/brest-vs-monaco/2s8z1a#4830688,4830688,Monaco,9829,Brest,8521,True,True,False,False,2 - 0,FT,Full-Time,finished,53,Ligue 1,2025/2026,FRA,https://images.fotmob.com/image_resources/logo/teamlogo/9829.png,https://images.fotmob.com/image_resources/logo/teamlogo/8521.png,2026-03-14,21:05
26,https://www.fotmob.com/matches/paris-fc-vs-strasbourg/26e9n2#4830691,4830691,Strasbourg,9848,Paris FC,6379,True,True,False,False,0 - 0,FT,Full-Time,finished,53,Ligue 1,2025/2026,FRA,https://images.fotmob.com/image_resources/logo/teamlogo/9848.png,https://images.fotmob.com/image_resources/logo/teamlogo/6379.png,2026-03-15,15:00
26,https://www.fotmob.com/matches/le-havre-vs-lyon/354y61#4830684,4830684,Le Havre,9746,Lyon,9748,True,True,False,False,0 - 0,FT,Full-Time,finished,53,Ligue 1,2025/2026,FRA,https://images.fotmob.com/image_resources/logo/teamlogo/9746.png,https://images.fotmob.com/image_resources/logo/teamlogo/9748.png,2026-03-15,17:15
26,https://www.fotmob.com/matches/metz-vs-toulouse/2tsn9b#4830687,4830687,Metz,8550,Toulouse,9941,True,True,False,False,3 - 4,FT,Full-Time,finished,53,Ligue 1,2025/2026,FRA,https://images.fotmob.com/image_resources/logo/teamlogo/8550.png,https://images.fotmob.com/image_resources/logo/teamlogo/9941.png,2026-03-15,17:15
26,https://www.fotmob.com/matches/lille-vs-rennes/2ts8x6#4830690,4830690,Rennes,9851,Lille,8639,True,True,False,False,1 - 2,FT,Full-Time,finished,53,Ligue 1,2025/2026,FRA,https://images.fotmob.com/image_resources/logo/teamlogo/9851.png,https://images.fotmob.com/image_resources/logo/teamlogo/8639.png,2026-03-15,20:45
27,https://www.fotmob.com/matches/angers-vs-lens/2b4diz#4830693,4830693,Lens,8588,Angers,8121,True,True,False,False,5 - 1,FT,Full-Time,finished,53,Ligue 1,2025/2026,FRA,https://images.fotmob.com/image_resources/logo/teamlogo/8588.png,https://images.fotmob.com/image_resources/logo/teamlogo/8121.png,2026-03-20,20:45
27,https://www.fotmob.com/matches/lorient-vs-toulouse/2vbxze#4830700,4830700,Toulouse,9941,Lorient,8689,True,True,False,False,1 - 0,FT,Full-Time,finished,53,Ligue 1,2025/2026,FRA,https://images.fotmob.com/image_resources/logo/teamlogo/9941.png,https://images.fotmob.com/image_resources/logo/teamlogo/8689.png,2026-03-21,17:00
27,https://www.fotmob.com/matches/brest-vs-auxerre/2f3ii7#4830692,4830692,Auxerre,8583,Brest,8521,True,True,False,False,3 - 0,FT,Full-Time,finished,53,Ligue 1,2025/2026,FRA,https://images.fotmob.com/image_resources/logo/teamlogo/8583.png,https://images.fotmob.com/image_resources/logo/teamlogo/8521.png,2026-03-21,19:00
27,https://www.fotmob.com/matches/nice-vs-paris-saint-germain/37a71k#4830697,4830697,Nice,9831,Paris Saint-Germain,9847,True,True,False,False,0 - 4,FT,Full-Time,finished,53,Ligue 1,2025/2026,FRA,https://images.fotmob.com/image_resources/logo/teamlogo/9831.png,https://images.fotmob.com/image_resources/logo/teamlogo/9847.png,2026-03-21,21:05
27,https://www.fotmob.com/matches/lyon-vs-monaco/363pdm#4830694,4830694,Lyon,9748,Monaco,9829,True,True,False,False,1 - 2,FT,Full-Time,finished,53,Ligue 1,2025/2026,FRA,https://images.fotmob.com/image_resources/logo/teamlogo/9748.png,https://images.fotmob.com/image_resources/logo/teamlogo/9829.png,2026-03-22,15:00
27,https://www.fotmob.com/matches/marseille-vs-lille/2ge8wn#4830695,4830695,Marseille,8592,Lille,8639,True,True,False,False,1 - 2,FT,Full-Time,finished,53,Ligue 1,2025/2026,FRA,https://images.fotmob.com/image_resources/logo/teamlogo/8592.png,https://images.fotmob.com/image_resources/logo/teamlogo/8639.png,2026-03-22,17:15
27,https://www.fotmob.com/matches/paris-fc-vs-le-havre/25ewet#4830698,4830698,Paris FC,6379,Le Havre,9746,True,True,False,False,3 - 2,FT,Full-Time,finished,53,Ligue 1,2025/2026,FRA,https://images.fotmob.com/image_resources/logo/teamlogo/6379.png,https://images.fotmob.com/image_resources/logo/teamlogo/9746.png,2026-03-22,17:15
27,https://www.fotmob.com/matches/metz-vs-rennes/2st26k#4830699,4830699,Rennes,9851,Metz,8550,True,True,False,False,0 - 0,FT,Full-Time,finished,53,Ligue 1,2025/2026,FRA,https://images.fotmob.com/image_resources/logo/teamlogo/9851.png,https://images.fotmob.com/image_resources/logo/teamlogo/8550.png,2026-03-22,17:15
27,https://www.fotmob.com/matches/nantes-vs-strasbourg/37a71l#4830696,4830696,Nantes,9830,Strasbourg,9848,True,True,False,False,2 - 3,FT,Full-Time,finished,53,Ligue 1,2025/2026,FRA,https://images.fotmob.com/image_resources/logo/teamlogo/9830.png,https://images.fotmob.com/image_resources/logo/teamlogo/9848.png,2026-03-22,20:45
28,https://www.fotmob.com/matches/paris-saint-germain-vs-toulouse/38kq0z#4830708,4830708,Paris Saint-Germain,9847,Toulouse,9941,True,True,False,False,3 - 1,FT,Full-Time,finished,53,Ligue 1,2025/2026,FRA,https://images.fotmob.com/image_resources/logo/teamlogo/9847.png,https://images.fotmob.com/image_resources/logo/teamlogo/9941.png,2026-04-03,20:45
28,https://www.fotmob.com/matches/nice-vs-strasbourg/37am88#4830709,4830709,Strasbourg,9848,Nice,9831,True,True,False,False,3 - 1,FT,Full-Time,finished,53,Ligue 1,2025/2026,FRA,https://images.fotmob.com/image_resources/logo/teamlogo/9848.png,https://images.fotmob.com/image_resources/logo/teamlogo/9831.png,2026-04-04,17:00
28,https://www.fotmob.com/matches/brest-vs-rennes/2shmqt#4830702,4830702,Brest,8521,Rennes,9851,True,True,False,False,3 - 4,FT,Full-Time,finished,53,Ligue 1,2025/2026,FRA,https://images.fotmob.com/image_resources/logo/teamlogo/8521.png,https://images.fotmob.com/image_resources/logo/teamlogo/9851.png,2026-04-04,19:00
28,https://www.fotmob.com/matches/lens-vs-lille/2gcrq9#4830704,4830704,Lille,8639,Lens,8588,True,True,False,False,3 - 0,FT,Full-Time,finished,53,Ligue 1,2025/2026,FRA,https://images.fotmob.com/image_resources/logo/teamlogo/8639.png,https://images.fotmob.com/image_resources/logo/teamlogo/8588.png,2026-04-04,21:05
28,https://www.fotmob.com/matches/angers-vs-lyon/2n29lb#4830701,4830701,Angers,8121,Lyon,9748,True,True,False,False,0 - 0,FT,Full-Time,finished,53,Ligue 1,2025/2026,FRA,https://images.fotmob.com/image_resources/logo/teamlogo/8121.png,https://images.fotmob.com/image_resources/logo/teamlogo/9748.png,2026-04-05,15:00
28,https://www.fotmob.com/matches/auxerre-vs-le-havre/2s0psn#4830703,4830703,Le Havre,9746,Auxerre,8583,True,True,False,False,1 - 1,FT,Full-Time,finished,53,Ligue 1,2025/2026,FRA,https://images.fotmob.com/image_resources/logo/teamlogo/9746.png,https://images.fotmob.com/image_resources/logo/teamlogo/8583.png,2026-04-05,17:15
28,https://www.fotmob.com/matches/paris-fc-vs-lorient/1vliw7#4830705,4830705,Lorient,8689,Paris FC,6379,True,True,False,False,1 - 1,FT,Full-Time,finished,53,Ligue 1,2025/2026,FRA,https://images.fotmob.com/image_resources/logo/teamlogo/8689.png,https://images.fotmob.com/image_resources/logo/teamlogo/6379.png,2026-04-05,17:15
28,https://www.fotmob.com/matches/metz-vs-nantes/2sks5w#4830706,4830706,Metz,8550,Nantes,9830,True,True,False,False,0 - 0,FT,Full-Time,finished,53,Ligue 1,2025/2026,FRA,https://images.fotmob.com/image_resources/logo/teamlogo/8550.png,https://images.fotmob.com/image_resources/logo/teamlogo/9830.png,2026-04-05,17:15
28,https://www.fotmob.com/matches/marseille-vs-monaco/2t0yak#4830707,4830707,Monaco,9829,Marseille,8592,True,True,False,False,2 - 1,FT,Full-Time,finished,53,Ligue 1,2025/2026,FRA,https://images.fotmob.com/image_resources/logo/teamlogo/9829.png,https://images.fotmob.com/image_resources/logo/teamlogo/8592.png,2026-04-05,20:45
29,https://www.fotmob.com/matches/paris-fc-vs-monaco/267nv1#4830716,4830716,Paris FC,6379,Monaco,9829,True,True,False,False,4 - 1,FT,Full-Time,finished,53,Ligue 1,2025/2026,FRA,https://images.fotmob.com/image_resources/logo/teamlogo/6379.png,https://images.fotmob.com/image_resources/logo/teamlogo/9829.png,2026-04-10,19:00
29,https://www.fotmob.com/matches/metz-vs-marseille/2fhgl9#4830714,4830714,Marseille,8592,Metz,8550,True,True,False,False,3 - 1,FT,Full-Time,finished,53,Ligue 1,2025/2026,FRA,https://images.fotmob.com/image_resources/logo/teamlogo/8592.png,https://images.fotmob.com/image_resources/logo/teamlogo/8550.png,2026-04-10,21:05
29,https://www.fotmob.com/matches/auxerre-vs-nantes/2sxslt#4830710,4830710,Auxerre,8583,Nantes,9830,True,True,False,False,0 - 0,FT,Full-Time,finished,53,Ligue 1,2025/2026,FRA,https://images.fotmob.com/image_resources/logo/teamlogo/8583.png,https://images.fotmob.com/image_resources/logo/teamlogo/9830.png,2026-04-11,19:00
29,https://www.fotmob.com/matches/angers-vs-rennes/2o5ty5#4830717,4830717,Rennes,9851,Angers,8121,True,True,False,False,2 - 1,FT,Full-Time,finished,53,Ligue 1,2025/2026,FRA,https://images.fotmob.com/image_resources/logo/teamlogo/9851.png,https://images.fotmob.com/image_resources/logo/teamlogo/8121.png,2026-04-11,21:05
29,https://www.fotmob.com/matches/le-havre-vs-nice/363pdo#4830715,4830715,Nice,9831,Le Havre,9746,True,True,False,False,1 - 1,FT,Full-Time,finished,53,Ligue 1,2025/2026,FRA,https://images.fotmob.com/image_resources/logo/teamlogo/9831.png,https://images.fotmob.com/image_resources/logo/teamlogo/9746.png,2026-04-12,17:15
29,https://www.fotmob.com/matches/lille-vs-toulouse/2us06f#4830718,4830718,Toulouse,9941,Lille,8639,True,True,False,False,0 - 4,FT,Full-Time,finished,53,Ligue 1,2025/2026,FRA,https://images.fotmob.com/image_resources/logo/teamlogo/9941.png,https://images.fotmob.com/image_resources/logo/teamlogo/8639.png,2026-04-12,17:15
29,https://www.fotmob.com/matches/lorient-vs-lyon/2t79r7#4830713,4830713,Lyon,9748,Lorient,8689,True,True,False,False,2 - 0,FT,Full-Time,finished,53,Ligue 1,2025/2026,FRA,https://images.fotmob.com/image_resources/logo/teamlogo/9748.png,https://images.fotmob.com/image_resources/logo/teamlogo/8689.png,2026-04-12,20:45
30,https://www.fotmob.com/matches/lens-vs-toulouse/2u7q06#4830720,4830720,Lens,8588,Toulouse,9941,True,True,False,False,3 - 2,FT,Full-Time,finished,53,Ligue 1,2025/2026,FRA,https://images.fotmob.com/image_resources/logo/teamlogo/8588.png,https://images.fotmob.com/image_resources/logo/teamlogo/9941.png,2026-04-17,20:45
30,https://www.fotmob.com/matches/marseille-vs-lorient/2gwqpe#4830722,4830722,Lorient,8689,Marseille,8592,True,True,False,False,2 - 0,FT,Full-Time,finished,53,Ligue 1,2025/2026,FRA,https://images.fotmob.com/image_resources/logo/teamlogo/8689.png,https://images.fotmob.com/image_resources/logo/teamlogo/8592.png,2026-04-18,17:00
30,https://www.fotmob.com/matches/angers-vs-le-havre/2n1i0k#4830719,4830719,Angers,8121,Le Havre,9746,True,True,False,False,1 - 1,FT,Full-Time,finished,53,Ligue 1,2025/2026,FRA,https://images.fotmob.com/image_resources/logo/teamlogo/8121.png,https://images.fotmob.com/image_resources/logo/teamlogo/9746.png,2026-04-18,19:00
30,https://www.fotmob.com/matches/lille-vs-nice/2tkbpo#4830721,4830721,Lille,8639,Nice,9831,True,True,False,False,0 - 0,FT,Full-Time,finished,53,Ligue 1,2025/2026,FRA,https://images.fotmob.com/image_resources/logo/teamlogo/8639.png,https://images.fotmob.com/image_resources/logo/teamlogo/9831.png,2026-04-18,21:05
30,https://www.fotmob.com/matches/auxerre-vs-monaco/2sxeeb#4830724,4830724,Monaco,9829,Auxerre,8583,True,True,False,False,2 - 2,FT,Full-Time,finished,53,Ligue 1,2025/2026,FRA,https://images.fotmob.com/image_resources/logo/teamlogo/9829.png,https://images.fotmob.com/image_resources/logo/teamlogo/8583.png,2026-04-19,15:00
30,https://www.fotmob.com/matches/paris-fc-vs-metz/1ucu3j#4830723,4830723,Metz,8550,Paris FC,6379,True,True,False,False,1 - 3,FT,Full-Time,finished,53,Ligue 1,2025/2026,FRA,https://images.fotmob.com/image_resources/logo/teamlogo/8550.png,https://images.fotmob.com/image_resources/logo/teamlogo/6379.png,2026-04-19,17:15
30,https://www.fotmob.com/matches/brest-vs-nantes/2s9d72#4830725,4830725,Nantes,9830,Brest,8521,True,True,False,False,1 - 1,FT,Full-Time,finished,53,Ligue 1,2025/2026,FRA,https://images.fotmob.com/image_resources/logo/teamlogo/9830.png,https://images.fotmob.com/image_resources/logo/teamlogo/8521.png,2026-04-19,17:15
30,https://www.fotmob.com/matches/strasbourg-vs-rennes/37j22x#4830727,4830727,Strasbourg,9848,Rennes,9851,True,True,False,False,0 - 3,FT,Full-Time,finished,53,Ligue 1,2025/2026,FRA,https://images.fotmob.com/image_resources/logo/teamlogo/9848.png,https://images.fotmob.com/image_resources/logo/teamlogo/9851.png,2026-04-19,17:15
30,https://www.fotmob.com/matches/lyon-vs-paris-saint-germain/36b9fd#4830726,4830726,Paris Saint-Germain,9847,Lyon,9748,True,True,False,False,1 - 2,FT,Full-Time,finished,53,Ligue 1,2025/2026,FRA,https://images.fotmob.com/image_resources/logo/teamlogo/9847.png,https://images.fotmob.com/image_resources/logo/teamlogo/9748.png,2026-04-19,20:45
26,https://www.fotmob.com/matches/nantes-vs-paris-saint-germain/379ruy#4830689,4830689,Paris Saint-Germain,9847,Nantes,9830,True,True,False,False,3 - 0,FT,Full-Time,finished,53,Ligue 1,2025/2026,FRA,https://images.fotmob.com/image_resources/logo/teamlogo/9847.png,https://images.fotmob.com/image_resources/logo/teamlogo/9830.png,2026-04-22,19:00
31,https://www.fotmob.com/matches/brest-vs-lens/2f5cib#4830729,4830729,Brest,8521,Lens,8588,True,True,False,False,3 - 3,FT,Full-Time,finished,53,Ligue 1,2025/2026,FRA,https://images.fotmob.com/image_resources/logo/teamlogo/8521.png,https://images.fotmob.com/image_resources/logo/teamlogo/8588.png,2026-04-24,20:45
31,https://www.fotmob.com/matches/auxerre-vs-lyon/2s1i32#4830732,4830732,Lyon,9748,Auxerre,8583,True,True,False,False,3 - 2,FT,Full-Time,finished,53,Ligue 1,2025/2026,FRA,https://images.fotmob.com/image_resources/logo/teamlogo/9748.png,https://images.fotmob.com/image_resources/logo/teamlogo/8583.png,2026-04-25,15:00
31,https://www.fotmob.com/matches/angers-vs-paris-saint-germain/2o4ahb#4830728,4830728,Angers,8121,Paris Saint-Germain,9847,True,True,False,False,0 - 3,FT,Full-Time,finished,53,Ligue 1,2025/2026,FRA,https://images.fotmob.com/image_resources/logo/teamlogo/8121.png,https://images.fotmob.com/image_resources/logo/teamlogo/9847.png,2026-04-25,19:00
31,https://www.fotmob.com/matches/monaco-vs-toulouse/38d3b8#4830736,4830736,Toulouse,9941,Monaco,9829,True,True,False,False,2 - 2,FT,Full-Time,finished,53,Ligue 1,2025/2026,FRA,https://images.fotmob.com/image_resources/logo/teamlogo/9941.png,https://images.fotmob.com/image_resources/logo/teamlogo/9829.png,2026-04-25,21:05
31,https://www.fotmob.com/matches/lorient-vs-strasbourg/2uawc5#4830731,4830731,Lorient,8689,Strasbourg,9848,True,True,False,False,2 - 3,FT,Full-Time,finished,53,Ligue 1,2025/2026,FRA,https://images.fotmob.com/image_resources/logo/teamlogo/8689.png,https://images.fotmob.com/image_resources/logo/teamlogo/9848.png,2026-04-26,15:00
31,https://www.fotmob.com/matches/metz-vs-le-havre/2rnrhq#4830730,4830730,Le Havre,9746,Metz,8550,True,True,False,False,4 - 4,FT,Full-Time,finished,53,Ligue 1,2025/2026,FRA,https://images.fotmob.com/image_resources/logo/teamlogo/9746.png,https://images.fotmob.com/image_resources/logo/teamlogo/8550.png,2026-04-26,17:15
31,https://www.fotmob.com/matches/paris-fc-vs-lille/1v5eh2#4830734,4830734,Paris FC,6379,Lille,8639,True,True,False,False,0 - 1,FT,Full-Time,finished,53,Ligue 1,2025/2026,FRA,https://images.fotmob.com/image_resources/logo/teamlogo/6379.png,https://images.fotmob.com/image_resources/logo/teamlogo/8639.png,2026-04-26,17:15
31,https://www.fotmob.com/matches/nantes-vs-rennes/37bglo#4830735,4830735,Rennes,9851,Nantes,9830,True,True,False,False,2 - 1,FT,Full-Time,finished,53,Ligue 1,2025/2026,FRA,https://images.fotmob.com/image_resources/logo/teamlogo/9851.png,https://images.fotmob.com/image_resources/logo/teamlogo/9830.png,2026-04-26,17:15
31,https://www.fotmob.com/matches/marseille-vs-nice/2t1qq3#4830733,4830733,Marseille,8592,Nice,9831,True,True,False,False,1 - 1,FT,Full-Time,finished,53,Ligue 1,2025/2026,FRA,https://images.fotmob.com/image_resources/logo/teamlogo/8592.png,https://images.fotmob.com/image_resources/logo/teamlogo/9831.png,2026-04-26,20:45
32,https://www.fotmob.com/matches/marseille-vs-nantes/2t1cib#4830741,4830741,Nantes,9830,Marseille,8592,True,True,False,False,3 - 0,FT,Full-Time,finished,53,Ligue 1,2025/2026,FRA,https://images.fotmob.com/image_resources/logo/teamlogo/9830.png,https://images.fotmob.com/image_resources/logo/teamlogo/8592.png,2026-05-02,15:00
32,https://www.fotmob.com/matches/lorient-vs-paris-saint-germain/2uai17#4830744,4830744,Paris Saint-Germain,9847,Lorient,8689,True,True,False,False,2 - 2,FT,Full-Time,finished,53,Ligue 1,2025/2026,FRA,https://images.fotmob.com/image_resources/logo/teamlogo/9847.png,https://images.fotmob.com/image_resources/logo/teamlogo/8689.png,2026-05-02,17:00
32,https://www.fotmob.com/matches/metz-vs-monaco/2skdzb#4830740,4830740,Metz,8550,Monaco,9829,True,True,False,False,1 - 2,FT,Full-Time,finished,53,Ligue 1,2025/2026,FRA,https://images.fotmob.com/image_resources/logo/teamlogo/8550.png,https://images.fotmob.com/image_resources/logo/teamlogo/9829.png,2026-05-02,19:00
32,https://www.fotmob.com/matches/lens-vs-nice/2t05v9#4830742,4830742,Nice,9831,Lens,8588,True,True,False,False,1 - 1,FT,Full-Time,finished,53,Ligue 1,2025/2026,FRA,https://images.fotmob.com/image_resources/logo/teamlogo/9831.png,https://images.fotmob.com/image_resources/logo/teamlogo/8588.png,2026-05-02,21:05
32,https://www.fotmob.com/matches/lille-vs-le-havre/2smr0r#4830738,4830738,Lille,8639,Le Havre,9746,True,True,False,False,1 - 1,FT,Full-Time,finished,53,Ligue 1,2025/2026,FRA,https://images.fotmob.com/image_resources/logo/teamlogo/8639.png,https://images.fotmob.com/image_resources/logo/teamlogo/9746.png,2026-05-03,15:00
32,https://www.fotmob.com/matches/angers-vs-auxerre/2b2l2f#4830737,4830737,Auxerre,8583,Angers,8121,True,True,False,False,3 - 1,FT,Full-Time,finished,53,Ligue 1,2025/2026,FRA,https://images.fotmob.com/image_resources/logo/teamlogo/8583.png,https://images.fotmob.com/image_resources/logo/teamlogo/8121.png,2026-05-03,17:15
32,https://www.fotmob.com/matches/paris-fc-vs-brest/1u3kbv#4830743,4830743,Paris FC,6379,Brest,8521,True,True,False,False,4 - 0,FT,Full-Time,finished,53,Ligue 1,2025/2026,FRA,https://images.fotmob.com/image_resources/logo/teamlogo/6379.png,https://images.fotmob.com/image_resources/logo/teamlogo/8521.png,2026-05-03,17:15
32,https://www.fotmob.com/matches/strasbourg-vs-toulouse/38l5ao#4830745,4830745,Strasbourg,9848,Toulouse,9941,True,True,False,False,1 - 2,FT,Full-Time,finished,53,Ligue 1,2025/2026,FRA,https://images.fotmob.com/image_resources/logo/teamlogo/9848.png,https://images.fotmob.com/image_resources/logo/teamlogo/9941.png,2026-05-03,17:15
32,https://www.fotmob.com/matches/lyon-vs-rennes/36cxwz#4830739,4830739,Lyon,9748,Rennes,9851,True,True,False,False,4 - 2,FT,Full-Time,finished,53,Ligue 1,2025/2026,FRA,https://images.fotmob.com/image_resources/logo/teamlogo/9748.png,https://images.fotmob.com/image_resources/logo/teamlogo/9851.png,2026-05-03,20:45
33,https://www.fotmob.com/matches/lens-vs-nantes/2szrnl#4830749,4830749,Lens,8588,Nantes,9830,True,True,False,False,1 - 0,FT,Full-Time,finished,53,Ligue 1,2025/2026,FRA,https://images.fotmob.com/image_resources/logo/teamlogo/8588.png,https://images.fotmob.com/image_resources/logo/teamlogo/9830.png,2026-05-08,20:45
33,https://www.fotmob.com/matches/angers-vs-strasbourg/2o4och#4830746,4830746,Angers,8121,Strasbourg,9848,True,True,False,False,1 - 1,FT,Full-Time,finished,53,Ligue 1,2025/2026,FRA,https://images.fotmob.com/image_resources/logo/teamlogo/8121.png,https://images.fotmob.com/image_resources/logo/teamlogo/9848.png,2026-05-10,21:00
33,https://www.fotmob.com/matches/auxerre-vs-nice/2sy6tc#4830747,4830747,Auxerre,8583,Nice,9831,True,True,False,False,2 - 1,FT,Full-Time,finished,53,Ligue 1,2025/2026,FRA,https://images.fotmob.com/image_resources/logo/teamlogo/8583.png,https://images.fotmob.com/image_resources/logo/teamlogo/9831.png,2026-05-10,21:00
33,https://www.fotmob.com/matches/marseille-vs-le-havre/2s4945#4830748,4830748,Le Havre,9746,Marseille,8592,True,True,False,False,0 - 1,FT,Full-Time,finished,53,Ligue 1,2025/2026,FRA,https://images.fotmob.com/image_resources/logo/teamlogo/9746.png,https://images.fotmob.com/image_resources/logo/teamlogo/8592.png,2026-05-10,21:00
33,https://www.fotmob.com/matches/metz-vs-lorient/2gh7c5#4830750,4830750,Metz,8550,Lorient,8689,True,True,False,False,0 - 4,FT,Full-Time,finished,53,Ligue 1,2025/2026,FRA,https://images.fotmob.com/image_resources/logo/teamlogo/8550.png,https://images.fotmob.com/image_resources/logo/teamlogo/8689.png,2026-05-10,21:00
33,https://www.fotmob.com/matches/lille-vs-monaco/2tjj7j#4830751,4830751,Monaco,9829,Lille,8639,True,True,False,False,0 - 1,FT,Full-Time,finished,53,Ligue 1,2025/2026,FRA,https://images.fotmob.com/image_resources/logo/teamlogo/9829.png,https://images.fotmob.com/image_resources/logo/teamlogo/8639.png,2026-05-10,21:00
33,https://www.fotmob.com/matches/brest-vs-paris-saint-germain/2sg21j#4830752,4830752,Paris Saint-Germain,9847,Brest,8521,True,True,False,False,1 - 0,FT,Full-Time,finished,53,Ligue 1,2025/2026,FRA,https://images.fotmob.com/image_resources/logo/teamlogo/9847.png,https://images.fotmob.com/image_resources/logo/teamlogo/8521.png,2026-05-10,21:00
33,https://www.fotmob.com/matches/paris-fc-vs-rennes/26fb7k#4830753,4830753,Rennes,9851,Paris FC,6379,True,True,False,False,2 - 1,FT,Full-Time,finished,53,Ligue 1,2025/2026,FRA,https://images.fotmob.com/image_resources/logo/teamlogo/9851.png,https://images.fotmob.com/image_resources/logo/teamlogo/6379.png,2026-05-10,21:00
33,https://www.fotmob.com/matches/lyon-vs-toulouse/37eu6q#4830754,4830754,Toulouse,9941,Lyon,9748,True,True,False,False,2 - 1,FT,Full-Time,finished,53,Ligue 1,2025/2026,FRA,https://images.fotmob.com/image_resources/logo/teamlogo/9941.png,https://images.fotmob.com/image_resources/logo/teamlogo/9748.png,2026-05-10,21:00
29,https://www.fotmob.com/matches/brest-vs-strasbourg/2sgg7t#4830711,4830711,Brest,8521,Strasbourg,9848,True,True,False,False,1 - 2,FT,Full-Time,finished,53,Ligue 1,2025/2026,FRA,https://images.fotmob.com/image_resources/logo/teamlogo/8521.png,https://images.fotmob.com/image_resources/logo/teamlogo/9848.png,2026-05-13,19:00
29,https://www.fotmob.com/matches/lens-vs-paris-saint-germain/2t6hdp#4830712,4830712,Lens,8588,Paris Saint-Germain,9847,True,True,False,False,0 - 2,FT,Full-Time,finished,53,Ligue 1,2025/2026,FRA,https://images.fotmob.com/image_resources/logo/teamlogo/8588.png,https://images.fotmob.com/image_resources/logo/teamlogo/9847.png,2026-05-13,21:00
34,https://www.fotmob.com/matches/angers-vs-brest/2agfd8#4830755,4830755,Brest,8521,Angers,8121,True,True,False,False,1 - 1,FT,Full-Time,finished,53,Ligue 1,2025/2026,FRA,https://images.fotmob.com/image_resources/logo/teamlogo/8521.png,https://images.fotmob.com/image_resources/logo/teamlogo/8121.png,2026-05-17,21:00
34,https://www.fotmob.com/matches/auxerre-vs-lille/2gax9w#4830756,4830756,Lille,8639,Auxerre,8583,True,True,False,False,0 - 2,FT,Full-Time,finished,53,Ligue 1,2025/2026,FRA,https://images.fotmob.com/image_resources/logo/teamlogo/8639.png,https://images.fotmob.com/image_resources/logo/teamlogo/8583.png,2026-05-17,21:00
34,https://www.fotmob.com/matches/lorient-vs-le-havre/2t6haw#4830757,4830757,Lorient,8689,Le Havre,9746,True,True,False,False,0 - 2,FT,Full-Time,finished,53,Ligue 1,2025/2026,FRA,https://images.fotmob.com/image_resources/logo/teamlogo/8689.png,https://images.fotmob.com/image_resources/logo/teamlogo/9746.png,2026-05-17,21:00
34,https://www.fotmob.com/matches/lens-vs-lyon/2s3gtg#4830758,4830758,Lyon,9748,Lens,8588,True,True,False,False,0 - 4,FT,Full-Time,finished,53,Ligue 1,2025/2026,FRA,https://images.fotmob.com/image_resources/logo/teamlogo/9748.png,https://images.fotmob.com/image_resources/logo/teamlogo/8588.png,2026-05-17,21:00
34,https://www.fotmob.com/matches/marseille-vs-rennes/2t9n7h#4830759,4830759,Marseille,8592,Rennes,9851,True,True,False,False,3 - 1,FT,Full-Time,finished,53,Ligue 1,2025/2026,FRA,https://images.fotmob.com/image_resources/logo/teamlogo/8592.png,https://images.fotmob.com/image_resources/logo/teamlogo/9851.png,2026-05-17,21:00
34,https://www.fotmob.com/matches/nantes-vs-toulouse/38dikf#4830760,4830760,Nantes,9830,Toulouse,9941,True,True,False,False,0 - 0,FT,Full-Time,finished,53,Ligue 1,2025/2026,FRA,https://images.fotmob.com/image_resources/logo/teamlogo/9830.png,https://images.fotmob.com/image_resources/logo/teamlogo/9941.png,2026-05-17,21:00
34,https://www.fotmob.com/matches/metz-vs-nice/2sl6ci#4830761,4830761,Nice,9831,Metz,8550,True,True,False,False,0 - 0,FT,Full-Time,finished,53,Ligue 1,2025/2026,FRA,https://images.fotmob.com/image_resources/logo/teamlogo/9831.png,https://images.fotmob.com/image_resources/logo/teamlogo/8550.png,2026-05-17,21:00
34,https://www.fotmob.com/matches/paris-fc-vs-paris-saint-germain/26dx4a#4830762,4830762,Paris FC,6379,Paris Saint-Germain,9847,True,True,False,False,2 - 1,FT,Full-Time,finished,53,Ligue 1,2025/2026,FRA,https://images.fotmob.com/image_resources/logo/teamlogo/6379.png,https://images.fotmob.com/image_resources/logo/teamlogo/9847.png,2026-05-17,21:00
34,https://www.fotmob.com/matches/monaco-vs-strasbourg/379ruz#4830763,4830763,Strasbourg,9848,Monaco,9829,True,True,False,False,5 - 4,FT,Full-Time,finished,53,Ligue 1,2025/2026,FRA,https://images.fotmob.com/image_resources/logo/teamlogo/9848.png,https://images.fotmob.com/image_resources/logo/teamlogo/9829.png,2026-05-17,21:00
1,https://www.fotmob.com/matches/bayern-munchen-vs-rb-leipzig/856w9cm#4824901,4824901,Bayern München,9823,RB Leipzig,178475,True,True,False,False,6 - 0,FT,Full-Time,finished,54,Bundesliga,2025/2026,GER,https://images.fotmob.com/image_resources/logo/teamlogo/9823.png,https://images.fotmob.com/image_resources/logo/teamlogo/178475.png,2025-08-22,20:30
1,https://www.fotmob.com/matches/bayer-leverkusen-vs-hoffenheim/2844qc#4829221,4829221,Bayer Leverkusen,8178,Hoffenheim,8226,True,True,False,False,1 - 2,FT,Full-Time,finished,54,Bundesliga,2025/2026,GER,https://images.fotmob.com/image_resources/logo/teamlogo/8178.png,https://images.fotmob.com/image_resources/logo/teamlogo/8226.png,2025-08-23,15:30
1,https://www.fotmob.com/matches/werder-bremen-vs-eintracht-frankfurt/2tyzjo#4829222,4829222,Eintracht Frankfurt,9810,Werder Bremen,8697,True,True,False,False,4 - 1,FT,Full-Time,finished,54,Bundesliga,2025/2026,GER,https://images.fotmob.com/image_resources/logo/teamlogo/9810.png,https://images.fotmob.com/image_resources/logo/teamlogo/8697.png,2025-08-23,15:30
1,https://www.fotmob.com/matches/wolfsburg-vs-fc-heidenheim/2guq9fk#4829228,4829228,FC Heidenheim,94937,Wolfsburg,8721,True,True,False,False,1 - 3,FT,Full-Time,finished,54,Bundesliga,2025/2026,GER,https://images.fotmob.com/image_resources/logo/teamlogo/94937.png,https://images.fotmob.com/image_resources/logo/teamlogo/8721.png,2025-08-23,15:30
1,https://www.fotmob.com/matches/freiburg-vs-augsburg/2bo3oc#4829223,4829223,Freiburg,8358,Augsburg,8406,True,True,False,False,1 - 3,FT,Full-Time,finished,54,Bundesliga,2025/2026,GER,https://images.fotmob.com/image_resources/logo/teamlogo/8358.png,https://images.fotmob.com/image_resources/logo/teamlogo/8406.png,2025-08-23,15:30
1,https://www.fotmob.com/matches/union-berlin-vs-vfb-stuttgart/2szqcw#4829226,4829226,Union Berlin,8149,VfB Stuttgart,10269,True,True,False,False,2 - 1,FT,Full-Time,finished,54,Bundesliga,2025/2026,GER,https://images.fotmob.com/image_resources/logo/teamlogo/8149.png,https://images.fotmob.com/image_resources/logo/teamlogo/10269.png,2025-08-23,15:30
1,https://www.fotmob.com/matches/st-pauli-vs-borussia-dortmund/2ntwdg#4829227,4829227,St. Pauli,8152,Borussia Dortmund,9789,True,True,False,False,3 - 3,FT,Full-Time,finished,54,Bundesliga,2025/2026,GER,https://images.fotmob.com/image_resources/logo/teamlogo/8152.png,https://images.fotmob.com/image_resources/logo/teamlogo/9789.png,2025-08-23,18:30
1,https://www.fotmob.com/matches/1-fc-koln-vs-mainz-05/2vaqtz#4829224,4829224,Mainz 05,9905,1. FC Köln,8722,True,True,False,False,0 - 1,FT,Full-Time,finished,54,Bundesliga,2025/2026,GER,https://images.fotmob.com/image_resources/logo/teamlogo/9905.png,https://images.fotmob.com/image_resources/logo/teamlogo/8722.png,2025-08-24,15:30
1,https://www.fotmob.com/matches/borussia-monchengladbach-vs-hamburger-sv/3644gd#4829225,4829225,Borussia Mönchengladbach,9788,Hamburger SV,9790,True,True,False,False,0 - 0,FT,Full-Time,finished,54,Bundesliga,2025/2026,GER,https://images.fotmob.com/image_resources/logo/teamlogo/9788.png,https://images.fotmob.com/image_resources/logo/teamlogo/9790.png,2025-08-24,17:30
2,https://www.fotmob.com/matches/st-pauli-vs-hamburger-sv/2nua7v#4829248,4829248,Hamburger SV,9790,St. Pauli,8152,True,True,False,False,0 - 2,FT,Full-Time,finished,54,Bundesliga,2025/2026,GER,https://images.fotmob.com/image_resources/logo/teamlogo/9790.png,https://images.fotmob.com/image_resources/logo/teamlogo/8152.png,2025-08-29,20:30
2,https://www.fotmob.com/matches/hoffenheim-vs-eintracht-frankfurt/2ouj10#4829246,4829246,Hoffenheim,8226,Eintracht Frankfurt,9810,True,True,False,False,1 - 3,FT,Full-Time,finished,54,Bundesliga,2025/2026,GER,https://images.fotmob.com/image_resources/logo/teamlogo/8226.png,https://images.fotmob.com/image_resources/logo/teamlogo/9810.png,2025-08-30,15:30
2,https://www.fotmob.com/matches/fc-heidenheim-vs-rb-leipzig/h65h3hf#4829241,4829241,RB Leipzig,178475,FC Heidenheim,94937,True,True,False,False,2 - 0,FT,Full-Time,finished,54,Bundesliga,2025/2026,GER,https://images.fotmob.com/image_resources/logo/teamlogo/178475.png,https://images.fotmob.com/image_resources/logo/teamlogo/94937.png,2025-08-30,15:30
2,https://www.fotmob.com/matches/borussia-monchengladbach-vs-vfb-stuttgart/3brl5t#4829243,4829243,VfB Stuttgart,10269,Borussia Mönchengladbach,9788,True,True,False,False,1 - 0,FT,Full-Time,finished,54,Bundesliga,2025/2026,GER,https://images.fotmob.com/image_resources/logo/teamlogo/10269.png,https://images.fotmob.com/image_resources/logo/teamlogo/9788.png,2025-08-30,15:30
2,https://www.fotmob.com/matches/bayer-leverkusen-vs-werder-bremen/2cs4i3#4829242,4829242,Werder Bremen,8697,Bayer Leverkusen,8178,True,True,False,False,3 - 3,FT,Full-Time,finished,54,Bundesliga,2025/2026,GER,https://images.fotmob.com/image_resources/logo/teamlogo/8697.png,https://images.fotmob.com/image_resources/logo/teamlogo/8178.png,2025-08-30,15:30
2,https://www.fotmob.com/matches/augsburg-vs-bayern-munchen/2qxjee#4829245,4829245,Augsburg,8406,Bayern München,9823,True,True,False,False,2 - 3,FT,Full-Time,finished,54,Bundesliga,2025/2026,GER,https://images.fotmob.com/image_resources/logo/teamlogo/8406.png,https://images.fotmob.com/image_resources/logo/teamlogo/9823.png,2025-08-30,18:30
2,https://www.fotmob.com/matches/wolfsburg-vs-mainz-05/2vacgk#4829244,4829244,Wolfsburg,8721,Mainz 05,9905,True,True,False,False,1 - 1,FT,Full-Time,finished,54,Bundesliga,2025/2026,GER,https://images.fotmob.com/image_resources/logo/teamlogo/8721.png,https://images.fotmob.com/image_resources/logo/teamlogo/9905.png,2025-08-31,15:30
2,https://www.fotmob.com/matches/union-berlin-vs-borussia-dortmund/2nsqug#4829240,4829240,Borussia Dortmund,9789,Union Berlin,8149,True,True,False,False,3 - 0,FT,Full-Time,finished,54,Bundesliga,2025/2026,GER,https://images.fotmob.com/image_resources/logo/teamlogo/9789.png,https://images.fotmob.com/image_resources/logo/teamlogo/8149.png,2025-08-31,17:30
2,https://www.fotmob.com/matches/freiburg-vs-1-fc-koln/2euq32#4829247,4829247,1. FC Köln,8722,Freiburg,8358,True,True,False,False,4 - 1,FT,Full-Time,finished,54,Bundesliga,2025/2026,GER,https://images.fotmob.com/image_resources/logo/teamlogo/8722.png,https://images.fotmob.com/image_resources/logo/teamlogo/8358.png,2025-08-31,19:30
3,https://www.fotmob.com/matches/bayer-leverkusen-vs-eintracht-frankfurt/2obzwc#4829332,4829332,Bayer Leverkusen,8178,Eintracht Frankfurt,9810,True,True,False,False,3 - 1,FT,Full-Time,finished,54,Bundesliga,2025/2026,GER,https://images.fotmob.com/image_resources/logo/teamlogo/8178.png,https://images.fotmob.com/image_resources/logo/teamlogo/9810.png,2025-09-12,20:30
3,https://www.fotmob.com/matches/borussia-dortmund-vs-fc-heidenheim/2ioxi2i#4829339,4829339,FC Heidenheim,94937,Borussia Dortmund,9789,True,True,False,False,0 - 2,FT,Full-Time,finished,54,Bundesliga,2025/2026,GER,https://images.fotmob.com/image_resources/logo/teamlogo/94937.png,https://images.fotmob.com/image_resources/logo/teamlogo/9789.png,2025-09-13,15:30
3,https://www.fotmob.com/matches/freiburg-vs-vfb-stuttgart/2vapn0#4829333,4829333,Freiburg,8358,VfB Stuttgart,10269,True,True,False,False,3 - 1,FT,Full-Time,finished,54,Bundesliga,2025/2026,GER,https://images.fotmob.com/image_resources/logo/teamlogo/8358.png,https://images.fotmob.com/image_resources/logo/teamlogo/10269.png,2025-09-13,15:30
3,https://www.fotmob.com/matches/mainz-05-vs-rb-leipzig/85g39yf#4829334,4829334,Mainz 05,9905,RB Leipzig,178475,True,True,False,False,0 - 1,FT,Full-Time,finished,54,Bundesliga,2025/2026,GER,https://images.fotmob.com/image_resources/logo/teamlogo/9905.png,https://images.fotmob.com/image_resources/logo/teamlogo/178475.png,2025-09-13,15:30
3,https://www.fotmob.com/matches/union-berlin-vs-hoffenheim/27txza#4829337,4829337,Union Berlin,8149,Hoffenheim,8226,True,True,False,False,2 - 4,FT,Full-Time,finished,54,Bundesliga,2025/2026,GER,https://images.fotmob.com/image_resources/logo/teamlogo/8149.png,https://images.fotmob.com/image_resources/logo/teamlogo/8226.png,2025-09-13,15:30
3,https://www.fotmob.com/matches/wolfsburg-vs-1-fc-koln/2il11k#4829336,4829336,Wolfsburg,8721,1. FC Köln,8722,True,True,False,False,3 - 3,FT,Full-Time,finished,54,Bundesliga,2025/2026,GER,https://images.fotmob.com/image_resources/logo/teamlogo/8721.png,https://images.fotmob.com/image_resources/logo/teamlogo/8722.png,2025-09-13,15:30
3,https://www.fotmob.com/matches/hamburger-sv-vs-bayern-munchen/36itoy#4829331,4829331,Bayern München,9823,Hamburger SV,9790,True,True,False,False,5 - 0,FT,Full-Time,finished,54,Bundesliga,2025/2026,GER,https://images.fotmob.com/image_resources/logo/teamlogo/9823.png,https://images.fotmob.com/image_resources/logo/teamlogo/9790.png,2025-09-13,18:30
3,https://www.fotmob.com/matches/st-pauli-vs-augsburg/29mjbj#4829338,4829338,St. Pauli,8152,Augsburg,8406,True,True,False,False,2 - 1,FT,Full-Time,finished,54,Bundesliga,2025/2026,GER,https://images.fotmob.com/image_resources/logo/teamlogo/8152.png,https://images.fotmob.com/image_resources/logo/teamlogo/8406.png,2025-09-14,15:30
3,https://www.fotmob.com/matches/werder-bremen-vs-borussia-monchengladbach/2tq9jn#4829335,4829335,Borussia Mönchengladbach,9788,Werder Bremen,8697,True,True,False,False,0 - 4,FT,Full-Time,finished,54,Bundesliga,2025/2026,GER,https://images.fotmob.com/image_resources/logo/teamlogo/9788.png,https://images.fotmob.com/image_resources/logo/teamlogo/8697.png,2025-09-14,17:30
4,https://www.fotmob.com/matches/st-pauli-vs-vfb-stuttgart/2t0wzz#4829349,4829349,VfB Stuttgart,10269,St. Pauli,8152,True,True,False,False,2 - 0,FT,Full-Time,finished,54,Bundesliga,2025/2026,GER,https://images.fotmob.com/image_resources/logo/teamlogo/10269.png,https://images.fotmob.com/image_resources/logo/teamlogo/8152.png,2025-09-19,20:30
4,https://www.fotmob.com/matches/augsburg-vs-mainz-05/2rtngt#4829342,4829342,Augsburg,8406,Mainz 05,9905,True,True,False,False,1 - 4,FT,Full-Time,finished,54,Bundesliga,2025/2026,GER,https://images.fotmob.com/image_resources/logo/teamlogo/8406.png,https://images.fotmob.com/image_resources/logo/teamlogo/9905.png,2025-09-20,15:30
4,https://www.fotmob.com/matches/hamburger-sv-vs-fc-heidenheim/2iozqvm#4829346,4829346,Hamburger SV,9790,FC Heidenheim,94937,True,True,False,False,2 - 1,FT,Full-Time,finished,54,Bundesliga,2025/2026,GER,https://images.fotmob.com/image_resources/logo/teamlogo/9790.png,https://images.fotmob.com/image_resources/logo/teamlogo/94937.png,2025-09-20,15:30
4,https://www.fotmob.com/matches/hoffenheim-vs-bayern-munchen/2ozk0w#4829347,4829347,Hoffenheim,8226,Bayern München,9823,True,True,False,False,1 - 4,FT,Full-Time,finished,54,Bundesliga,2025/2026,GER,https://images.fotmob.com/image_resources/logo/teamlogo/8226.png,https://images.fotmob.com/image_resources/logo/teamlogo/9823.png,2025-09-20,15:30
4,https://www.fotmob.com/matches/freiburg-vs-werder-bremen/2elktl#4829350,4829350,Werder Bremen,8697,Freiburg,8358,True,True,False,False,0 - 3,FT,Full-Time,finished,54,Bundesliga,2025/2026,GER,https://images.fotmob.com/image_resources/logo/teamlogo/8697.png,https://images.fotmob.com/image_resources/logo/teamlogo/8358.png,2025-09-20,15:30
4,https://www.fotmob.com/matches/1-fc-koln-vs-rb-leipzig/81rtpmd#4829348,4829348,RB Leipzig,178475,1. FC Köln,8722,True,True,False,False,3 - 1,FT,Full-Time,finished,54,Bundesliga,2025/2026,GER,https://images.fotmob.com/image_resources/logo/teamlogo/178475.png,https://images.fotmob.com/image_resources/logo/teamlogo/8722.png,2025-09-20,18:30
4,https://www.fotmob.com/matches/union-berlin-vs-eintracht-frankfurt/2o0tpa#4829345,4829345,Eintracht Frankfurt,9810,Union Berlin,8149,True,True,False,False,3 - 4,FT,Full-Time,finished,54,Bundesliga,2025/2026,GER,https://images.fotmob.com/image_resources/logo/teamlogo/9810.png,https://images.fotmob.com/image_resources/logo/teamlogo/8149.png,2025-09-21,15:30
4,https://www.fotmob.com/matches/bayer-leverkusen-vs-borussia-monchengladbach/2o3iph#4829343,4829343,Bayer Leverkusen,8178,Borussia Mönchengladbach,9788,True,True,False,False,1 - 1,FT,Full-Time,finished,54,Bundesliga,2025/2026,GER,https://images.fotmob.com/image_resources/logo/teamlogo/8178.png,https://images.fotmob.com/image_resources/logo/teamlogo/9788.png,2025-09-21,17:30
4,https://www.fotmob.com/matches/wolfsburg-vs-borussia-dortmund/2u06di#4829344,4829344,Borussia Dortmund,9789,Wolfsburg,8721,True,True,False,False,1 - 0,FT,Full-Time,finished,54,Bundesliga,2025/2026,GER,https://images.fotmob.com/image_resources/logo/teamlogo/9789.png,https://images.fotmob.com/image_resources/logo/teamlogo/8721.png,2025-09-21,19:30
5,https://www.fotmob.com/matches/werder-bremen-vs-bayern-munchen/2u459n#4829351,4829351,Bayern München,9823,Werder Bremen,8697,True,True,False,False,4 - 0,FT,Full-Time,finished,54,Bundesliga,2025/2026,GER,https://images.fotmob.com/image_resources/logo/teamlogo/9823.png,https://images.fotmob.com/image_resources/logo/teamlogo/8697.png,2025-09-26,20:30
5,https://www.fotmob.com/matches/augsburg-vs-fc-heidenheim/2gbbgxt#4829355,4829355,FC Heidenheim,94937,Augsburg,8406,True,True,False,False,2 - 1,FT,Full-Time,finished,54,Bundesliga,2025/2026,GER,https://images.fotmob.com/image_resources/logo/teamlogo/94937.png,https://images.fotmob.com/image_resources/logo/teamlogo/8406.png,2025-09-27,15:30
5,https://www.fotmob.com/matches/borussia-dortmund-vs-mainz-05/37gy4q#4829356,4829356,Mainz 05,9905,Borussia Dortmund,9789,True,True,False,False,0 - 2,FT,Full-Time,finished,54,Bundesliga,2025/2026,GER,https://images.fotmob.com/image_resources/logo/teamlogo/9905.png,https://images.fotmob.com/image_resources/logo/teamlogo/9789.png,2025-09-27,15:30
5,https://www.fotmob.com/matches/st-pauli-vs-bayer-leverkusen/27e64p#4829357,4829357,St. Pauli,8152,Bayer Leverkusen,8178,True,True,False,False,1 - 2,FT,Full-Time,finished,54,Bundesliga,2025/2026,GER,https://images.fotmob.com/image_resources/logo/teamlogo/8152.png,https://images.fotmob.com/image_resources/logo/teamlogo/8178.png,2025-09-27,15:30
5,https://www.fotmob.com/matches/wolfsburg-vs-rb-leipzig/81rpp6f#4829359,4829359,Wolfsburg,8721,RB Leipzig,178475,True,True,False,False,0 - 1,FT,Full-Time,finished,54,Bundesliga,2025/2026,GER,https://images.fotmob.com/image_resources/logo/teamlogo/8721.png,https://images.fotmob.com/image_resources/logo/teamlogo/178475.png,2025-09-27,15:30
5,https://www.fotmob.com/matches/borussia-monchengladbach-vs-eintracht-frankfurt/36cirf#4829352,4829352,Borussia Mönchengladbach,9788,Eintracht Frankfurt,9810,True,True,False,False,4 - 6,FT,Full-Time,finished,54,Bundesliga,2025/2026,GER,https://images.fotmob.com/image_resources/logo/teamlogo/9788.png,https://images.fotmob.com/image_resources/logo/teamlogo/9810.png,2025-09-27,18:30
5,https://www.fotmob.com/matches/hoffenheim-vs-freiburg/29vrqi#4829354,4829354,Freiburg,8358,Hoffenheim,8226,True,True,False,False,1 - 1,FT,Full-Time,finished,54,Bundesliga,2025/2026,GER,https://images.fotmob.com/image_resources/logo/teamlogo/8358.png,https://images.fotmob.com/image_resources/logo/teamlogo/8226.png,2025-09-28,15:30
5,https://www.fotmob.com/matches/1-fc-koln-vs-vfb-stuttgart/2zdgu2#4829353,4829353,1. FC Köln,8722,VfB Stuttgart,10269,True,True,False,False,1 - 2,FT,Full-Time,finished,54,Bundesliga,2025/2026,GER,https://images.fotmob.com/image_resources/logo/teamlogo/8722.png,https://images.fotmob.com/image_resources/logo/teamlogo/10269.png,2025-09-28,17:30
5,https://www.fotmob.com/matches/union-berlin-vs-hamburger-sv/2nt4os#4829358,4829358,Union Berlin,8149,Hamburger SV,9790,True,True,False,False,0 - 0,FT,Full-Time,finished,54,Bundesliga,2025/2026,GER,https://images.fotmob.com/image_resources/logo/teamlogo/8149.png,https://images.fotmob.com/image_resources/logo/teamlogo/9790.png,2025-09-28,19:30
6,https://www.fotmob.com/matches/hoffenheim-vs-1-fc-koln/2dil4k#4829366,4829366,Hoffenheim,8226,1. FC Köln,8722,True,True,False,False,0 - 1,FT,Full-Time,finished,54,Bundesliga,2025/2026,GER,https://images.fotmob.com/image_resources/logo/teamlogo/8226.png,https://images.fotmob.com/image_resources/logo/teamlogo/8722.png,2025-10-03,20:30
6,https://www.fotmob.com/matches/augsburg-vs-wolfsburg/2fbyd9#4829360,4829360,Augsburg,8406,Wolfsburg,8721,True,True,False,False,3 - 1,FT,Full-Time,finished,54,Bundesliga,2025/2026,GER,https://images.fotmob.com/image_resources/logo/teamlogo/8406.png,https://images.fotmob.com/image_resources/logo/teamlogo/8721.png,2025-10-04,15:30
6,https://www.fotmob.com/matches/union-berlin-vs-bayer-leverkusen/27d4by#4829361,4829361,Bayer Leverkusen,8178,Union Berlin,8149,True,True,False,False,2 - 0,FT,Full-Time,finished,54,Bundesliga,2025/2026,GER,https://images.fotmob.com/image_resources/logo/teamlogo/8178.png,https://images.fotmob.com/image_resources/logo/teamlogo/8149.png,2025-10-04,15:30
6,https://www.fotmob.com/matches/borussia-dortmund-vs-rb-leipzig/85331u9#4829363,4829363,Borussia Dortmund,9789,RB Leipzig,178475,True,True,False,False,1 - 1,FT,Full-Time,finished,54,Bundesliga,2025/2026,GER,https://images.fotmob.com/image_resources/logo/teamlogo/9789.png,https://images.fotmob.com/image_resources/logo/teamlogo/178475.png,2025-10-04,15:30
6,https://www.fotmob.com/matches/st-pauli-vs-werder-bremen/2ciq7m#4829368,4829368,Werder Bremen,8697,St. Pauli,8152,True,True,False,False,1 - 0,FT,Full-Time,finished,54,Bundesliga,2025/2026,GER,https://images.fotmob.com/image_resources/logo/teamlogo/8697.png,https://images.fotmob.com/image_resources/logo/teamlogo/8152.png,2025-10-04,15:30
6,https://www.fotmob.com/matches/eintracht-frankfurt-vs-bayern-munchen/36r8iw#4829364,4829364,Eintracht Frankfurt,9810,Bayern München,9823,True,True,False,False,0 - 3,FT,Full-Time,finished,54,Bundesliga,2025/2026,GER,https://images.fotmob.com/image_resources/logo/teamlogo/9810.png,https://images.fotmob.com/image_resources/logo/teamlogo/9823.png,2025-10-04,18:30
6,https://www.fotmob.com/matches/vfb-stuttgart-vs-fc-heidenheim/2jiz892#4829367,4829367,VfB Stuttgart,10269,FC Heidenheim,94937,True,True,False,False,1 - 0,FT,Full-Time,finished,54,Bundesliga,2025/2026,GER,https://images.fotmob.com/image_resources/logo/teamlogo/10269.png,https://images.fotmob.com/image_resources/logo/teamlogo/94937.png,2025-10-05,15:30
6,https://www.fotmob.com/matches/hamburger-sv-vs-mainz-05/37hdbt#4829365,4829365,Hamburger SV,9790,Mainz 05,9905,True,True,False,False,4 - 0,FT,Full-Time,finished,54,Bundesliga,2025/2026,GER,https://images.fotmob.com/image_resources/logo/teamlogo/9790.png,https://images.fotmob.com/image_resources/logo/teamlogo/9905.png,2025-10-05,17:30
6,https://www.fotmob.com/matches/freiburg-vs-borussia-monchengladbach/2q16jz#4829362,4829362,Borussia Mönchengladbach,9788,Freiburg,8358,True,True,False,False,0 - 0,FT,Full-Time,finished,54,Bundesliga,2025/2026,GER,https://images.fotmob.com/image_resources/logo/teamlogo/9788.png,https://images.fotmob.com/image_resources/logo/teamlogo/8358.png,2025-10-05,19:30
7,https://www.fotmob.com/matches/union-berlin-vs-borussia-monchengladbach/2nsd05#4829376,4829376,Union Berlin,8149,Borussia Mönchengladbach,9788,True,True,False,False,3 - 1,FT,Full-Time,finished,54,Bundesliga,2025/2026,GER,https://images.fotmob.com/image_resources/logo/teamlogo/8149.png,https://images.fotmob.com/image_resources/logo/teamlogo/9788.png,2025-10-17,20:30
7,https://www.fotmob.com/matches/werder-bremen-vs-fc-heidenheim/2gt8y1w#4829372,4829372,FC Heidenheim,94937,Werder Bremen,8697,True,True,False,False,2 - 2,FT,Full-Time,finished,54,Bundesliga,2025/2026,GER,https://images.fotmob.com/image_resources/logo/teamlogo/94937.png,https://images.fotmob.com/image_resources/logo/teamlogo/8697.png,2025-10-18,15:30
7,https://www.fotmob.com/matches/augsburg-vs-1-fc-koln/2fcbl2#4829370,4829370,1. FC Köln,8722,Augsburg,8406,True,True,False,False,1 - 1,FT,Full-Time,finished,54,Bundesliga,2025/2026,GER,https://images.fotmob.com/image_resources/logo/teamlogo/8722.png,https://images.fotmob.com/image_resources/logo/teamlogo/8406.png,2025-10-18,15:30
7,https://www.fotmob.com/matches/bayer-leverkusen-vs-mainz-05/2pcq1z#4829373,4829373,Mainz 05,9905,Bayer Leverkusen,8178,True,True,False,False,3 - 4,FT,Full-Time,finished,54,Bundesliga,2025/2026,GER,https://images.fotmob.com/image_resources/logo/teamlogo/9905.png,https://images.fotmob.com/image_resources/logo/teamlogo/8178.png,2025-10-18,15:30
7,https://www.fotmob.com/matches/hamburger-sv-vs-rb-leipzig/853733v#4829374,4829374,RB Leipzig,178475,Hamburger SV,9790,True,True,False,False,2 - 1,FT,Full-Time,finished,54,Bundesliga,2025/2026,GER,https://images.fotmob.com/image_resources/logo/teamlogo/178475.png,https://images.fotmob.com/image_resources/logo/teamlogo/9790.png,2025-10-18,15:30
7,https://www.fotmob.com/matches/wolfsburg-vs-vfb-stuttgart/2zd26i#4829377,4829377,Wolfsburg,8721,VfB Stuttgart,10269,True,True,False,False,0 - 3,FT,Full-Time,finished,54,Bundesliga,2025/2026,GER,https://images.fotmob.com/image_resources/logo/teamlogo/8721.png,https://images.fotmob.com/image_resources/logo/teamlogo/10269.png,2025-10-18,15:30
7,https://www.fotmob.com/matches/borussia-dortmund-vs-bayern-munchen/36iek5#4829369,4829369,Bayern München,9823,Borussia Dortmund,9789,True,True,False,False,2 - 1,FT,Full-Time,finished,54,Bundesliga,2025/2026,GER,https://images.fotmob.com/image_resources/logo/teamlogo/9823.png,https://images.fotmob.com/image_resources/logo/teamlogo/9789.png,2025-10-18,18:30
7,https://www.fotmob.com/matches/freiburg-vs-eintracht-frankfurt/2q9qsu#4829371,4829371,Freiburg,8358,Eintracht Frankfurt,9810,True,True,False,False,2 - 2,FT,Full-Time,finished,54,Bundesliga,2025/2026,GER,https://images.fotmob.com/image_resources/logo/teamlogo/8358.png,https://images.fotmob.com/image_resources/logo/teamlogo/9810.png,2025-10-19,15:30
7,https://www.fotmob.com/matches/st-pauli-vs-hoffenheim/27uzw1#4829375,4829375,St. Pauli,8152,Hoffenheim,8226,True,True,False,False,0 - 3,FT,Full-Time,finished,54,Bundesliga,2025/2026,GER,https://images.fotmob.com/image_resources/logo/teamlogo/8152.png,https://images.fotmob.com/image_resources/logo/teamlogo/8226.png,2025-10-19,17:30
8,https://www.fotmob.com/matches/union-berlin-vs-werder-bremen/2chn7m#4829386,4829386,Werder Bremen,8697,Union Berlin,8149,True,True,False,False,1 - 0,FT,Full-Time,finished,54,Bundesliga,2025/2026,GER,https://images.fotmob.com/image_resources/logo/teamlogo/8697.png,https://images.fotmob.com/image_resources/logo/teamlogo/8149.png,2025-10-24,20:30
8,https://www.fotmob.com/matches/augsburg-vs-rb-leipzig/80smw2f#4829378,4829378,Augsburg,8406,RB Leipzig,178475,True,True,False,False,0 - 6,FT,Full-Time,finished,54,Bundesliga,2025/2026,GER,https://images.fotmob.com/image_resources/logo/teamlogo/8406.png,https://images.fotmob.com/image_resources/logo/teamlogo/178475.png,2025-10-25,15:30
8,https://www.fotmob.com/matches/st-pauli-vs-eintracht-frankfurt/2o1za1#4829382,4829382,Eintracht Frankfurt,9810,St. Pauli,8152,True,True,False,False,2 - 0,FT,Full-Time,finished,54,Bundesliga,2025/2026,GER,https://images.fotmob.com/image_resources/logo/teamlogo/9810.png,https://images.fotmob.com/image_resources/logo/teamlogo/8152.png,2025-10-25,15:30
8,https://www.fotmob.com/matches/wolfsburg-vs-hamburger-sv/2u0knq#4829383,4829383,Hamburger SV,9790,Wolfsburg,8721,True,True,False,False,0 - 1,FT,Full-Time,finished,54,Bundesliga,2025/2026,GER,https://images.fotmob.com/image_resources/logo/teamlogo/9790.png,https://images.fotmob.com/image_resources/logo/teamlogo/8721.png,2025-10-25,15:30
8,https://www.fotmob.com/matches/hoffenheim-vs-fc-heidenheim/2g0946b#4829384,4829384,Hoffenheim,8226,FC Heidenheim,94937,True,True,False,False,3 - 1,FT,Full-Time,finished,54,Bundesliga,2025/2026,GER,https://images.fotmob.com/image_resources/logo/teamlogo/8226.png,https://images.fotmob.com/image_resources/logo/teamlogo/94937.png,2025-10-25,15:30
8,https://www.fotmob.com/matches/borussia-monchengladbach-vs-bayern-munchen/36hzfd#4829380,4829380,Borussia Mönchengladbach,9788,Bayern München,9823,True,True,False,False,0 - 3,FT,Full-Time,finished,54,Bundesliga,2025/2026,GER,https://images.fotmob.com/image_resources/logo/teamlogo/9788.png,https://images.fotmob.com/image_resources/logo/teamlogo/9823.png,2025-10-25,15:45
8,https://www.fotmob.com/matches/1-fc-koln-vs-borussia-dortmund/2u0knp#4829381,4829381,Borussia Dortmund,9789,1. FC Köln,8722,True,True,False,False,1 - 0,FT,Full-Time,finished,54,Bundesliga,2025/2026,GER,https://images.fotmob.com/image_resources/logo/teamlogo/9789.png,https://images.fotmob.com/image_resources/logo/teamlogo/8722.png,2025-10-25,18:30
8,https://www.fotmob.com/matches/bayer-leverkusen-vs-freiburg/29eqdu#4829379,4829379,Bayer Leverkusen,8178,Freiburg,8358,True,True,False,False,2 - 0,FT,Full-Time,finished,54,Bundesliga,2025/2026,GER,https://images.fotmob.com/image_resources/logo/teamlogo/8178.png,https://images.fotmob.com/image_resources/logo/teamlogo/8358.png,2025-10-26,15:30
8,https://www.fotmob.com/matches/mainz-05-vs-vfb-stuttgart/3d61a2#4829385,4829385,VfB Stuttgart,10269,Mainz 05,9905,True,True,False,False,2 - 1,FT,Full-Time,finished,54,Bundesliga,2025/2026,GER,https://images.fotmob.com/image_resources/logo/teamlogo/10269.png,https://images.fotmob.com/image_resources/logo/teamlogo/9905.png,2025-10-26,17:30
9,https://www.fotmob.com/matches/augsburg-vs-borussia-dortmund/2qk9kr#4829387,4829387,Augsburg,8406,Borussia Dortmund,9789,True,True,False,False,0 - 1,FT,Full-Time,finished,54,Bundesliga,2025/2026,GER,https://images.fotmob.com/image_resources/logo/teamlogo/8406.png,https://images.fotmob.com/image_resources/logo/teamlogo/9789.png,2025-10-31,20:30
9,https://www.fotmob.com/matches/eintracht-frankfurt-vs-fc-heidenheim/2iq8n7o#4829390,4829390,FC Heidenheim,94937,Eintracht Frankfurt,9810,True,True,False,False,1 - 1,FT,Full-Time,finished,54,Bundesliga,2025/2026,GER,https://images.fotmob.com/image_resources/logo/teamlogo/94937.png,https://images.fotmob.com/image_resources/logo/teamlogo/9810.png,2025-11-01,15:30
9,https://www.fotmob.com/matches/werder-bremen-vs-mainz-05/2v0rqw#4829391,4829391,Mainz 05,9905,Werder Bremen,8697,True,True,False,False,1 - 1,FT,Full-Time,finished,54,Bundesliga,2025/2026,GER,https://images.fotmob.com/image_resources/logo/teamlogo/9905.png,https://images.fotmob.com/image_resources/logo/teamlogo/8697.png,2025-11-01,15:30
9,https://www.fotmob.com/matches/vfb-stuttgart-vs-rb-leipzig/86l20hb#4829392,4829392,RB Leipzig,178475,VfB Stuttgart,10269,True,True,False,False,3 - 1,FT,Full-Time,finished,54,Bundesliga,2025/2026,GER,https://images.fotmob.com/image_resources/logo/teamlogo/178475.png,https://images.fotmob.com/image_resources/logo/teamlogo/10269.png,2025-11-01,15:30
9,https://www.fotmob.com/matches/st-pauli-vs-borussia-monchengladbach/2ntij2#4829393,4829393,St. Pauli,8152,Borussia Mönchengladbach,9788,True,True,False,False,0 - 4,FT,Full-Time,finished,54,Bundesliga,2025/2026,GER,https://images.fotmob.com/image_resources/logo/teamlogo/8152.png,https://images.fotmob.com/image_resources/logo/teamlogo/9788.png,2025-11-01,15:30
9,https://www.fotmob.com/matches/union-berlin-vs-freiburg/294gog#4829394,4829394,Union Berlin,8149,Freiburg,8358,True,True,False,False,0 - 0,FT,Full-Time,finished,54,Bundesliga,2025/2026,GER,https://images.fotmob.com/image_resources/logo/teamlogo/8149.png,https://images.fotmob.com/image_resources/logo/teamlogo/8358.png,2025-11-01,15:30
9,https://www.fotmob.com/matches/bayer-leverkusen-vs-bayern-munchen/2oh0ew#4829388,4829388,Bayern München,9823,Bayer Leverkusen,8178,True,True,False,False,3 - 0,FT,Full-Time,finished,54,Bundesliga,2025/2026,GER,https://images.fotmob.com/image_resources/logo/teamlogo/9823.png,https://images.fotmob.com/image_resources/logo/teamlogo/8178.png,2025-11-01,18:30
9,https://www.fotmob.com/matches/1-fc-koln-vs-hamburger-sv/2u0yxy#4829389,4829389,1. FC Köln,8722,Hamburger SV,9790,True,True,False,False,4 - 1,FT,Full-Time,finished,54,Bundesliga,2025/2026,GER,https://images.fotmob.com/image_resources/logo/teamlogo/8722.png,https://images.fotmob.com/image_resources/logo/teamlogo/9790.png,2025-11-02,15:30
9,https://www.fotmob.com/matches/hoffenheim-vs-wolfsburg/2di81r#4829395,4829395,Wolfsburg,8721,Hoffenheim,8226,True,True,False,False,2 - 3,FT,Full-Time,finished,54,Bundesliga,2025/2026,GER,https://images.fotmob.com/image_resources/logo/teamlogo/8721.png,https://images.fotmob.com/image_resources/logo/teamlogo/8226.png,2025-11-02,17:30
10,https://www.fotmob.com/matches/werder-bremen-vs-wolfsburg/2iboso#4829404,4829404,Werder Bremen,8697,Wolfsburg,8721,True,True,False,False,2 - 1,FT,Full-Time,finished,54,Bundesliga,2025/2026,GER,https://images.fotmob.com/image_resources/logo/teamlogo/8697.png,https://images.fotmob.com/image_resources/logo/teamlogo/8721.png,2025-11-07,20:30
10,https://www.fotmob.com/matches/bayer-leverkusen-vs-fc-heidenheim/2fxb06z#4829396,4829396,Bayer Leverkusen,8178,FC Heidenheim,94937,True,True,False,False,6 - 0,FT,Full-Time,finished,54,Bundesliga,2025/2026,GER,https://images.fotmob.com/image_resources/logo/teamlogo/8178.png,https://images.fotmob.com/image_resources/logo/teamlogo/94937.png,2025-11-08,15:30
10,https://www.fotmob.com/matches/borussia-dortmund-vs-hamburger-sv/364jk8#4829400,4829400,Hamburger SV,9790,Borussia Dortmund,9789,True,True,False,False,1 - 1,FT,Full-Time,finished,54,Bundesliga,2025/2026,GER,https://images.fotmob.com/image_resources/logo/teamlogo/9790.png,https://images.fotmob.com/image_resources/logo/teamlogo/9789.png,2025-11-08,15:30
10,https://www.fotmob.com/matches/hoffenheim-vs-rb-leipzig/808m8nx#4829401,4829401,Hoffenheim,8226,RB Leipzig,178475,True,True,False,False,3 - 1,FT,Full-Time,finished,54,Bundesliga,2025/2026,GER,https://images.fotmob.com/image_resources/logo/teamlogo/8226.png,https://images.fotmob.com/image_resources/logo/teamlogo/178475.png,2025-11-08,15:30
10,https://www.fotmob.com/matches/union-berlin-vs-bayern-munchen/2o5txd#4829403,4829403,Union Berlin,8149,Bayern München,9823,True,True,False,False,2 - 2,FT,Full-Time,finished,54,Bundesliga,2025/2026,GER,https://images.fotmob.com/image_resources/logo/teamlogo/8149.png,https://images.fotmob.com/image_resources/logo/teamlogo/9823.png,2025-11-08,15:30
10,https://www.fotmob.com/matches/1-fc-koln-vs-borussia-monchengladbach/2u06dh#4829397,4829397,Borussia Mönchengladbach,9788,1. FC Köln,8722,True,True,False,False,3 - 1,FT,Full-Time,finished,54,Bundesliga,2025/2026,GER,https://images.fotmob.com/image_resources/logo/teamlogo/9788.png,https://images.fotmob.com/image_resources/logo/teamlogo/8722.png,2025-11-08,18:30
10,https://www.fotmob.com/matches/st-pauli-vs-freiburg/295iw7#4829399,4829399,Freiburg,8358,St. Pauli,8152,True,True,False,False,2 - 1,FT,Full-Time,finished,54,Bundesliga,2025/2026,GER,https://images.fotmob.com/image_resources/logo/teamlogo/8358.png,https://images.fotmob.com/image_resources/logo/teamlogo/8152.png,2025-11-09,15:30
10,https://www.fotmob.com/matches/augsburg-vs-vfb-stuttgart/2vtwh0#4829402,4829402,VfB Stuttgart,10269,Augsburg,8406,True,True,False,False,3 - 2,FT,Full-Time,finished,54,Bundesliga,2025/2026,GER,https://images.fotmob.com/image_resources/logo/teamlogo/10269.png,https://images.fotmob.com/image_resources/logo/teamlogo/8406.png,2025-11-09,17:30
10,https://www.fotmob.com/matches/eintracht-frankfurt-vs-mainz-05/37ptfb#4829398,4829398,Eintracht Frankfurt,9810,Mainz 05,9905,True,True,False,False,1 - 0,FT,Full-Time,finished,54,Bundesliga,2025/2026,GER,https://images.fotmob.com/image_resources/logo/teamlogo/9810.png,https://images.fotmob.com/image_resources/logo/teamlogo/9905.png,2025-11-09,19:30
11,https://www.fotmob.com/matches/hoffenheim-vs-mainz-05/2pvcpb#4829410,4829410,Mainz 05,9905,Hoffenheim,8226,True,True,False,False,1 - 1,FT,Full-Time,finished,54,Bundesliga,2025/2026,GER,https://images.fotmob.com/image_resources/logo/teamlogo/9905.png,https://images.fotmob.com/image_resources/logo/teamlogo/8226.png,2025-11-21,20:30
11,https://www.fotmob.com/matches/augsburg-vs-hamburger-sv/2qknm8#4829405,4829405,Augsburg,8406,Hamburger SV,9790,True,True,False,False,1 - 0,FT,Full-Time,finished,54,Bundesliga,2025/2026,GER,https://images.fotmob.com/image_resources/logo/teamlogo/8406.png,https://images.fotmob.com/image_resources/logo/teamlogo/9790.png,2025-11-22,15:30
11,https://www.fotmob.com/matches/freiburg-vs-bayern-munchen/2qet4e#4829406,4829406,Bayern München,9823,Freiburg,8358,True,True,False,False,6 - 2,FT,Full-Time,finished,54,Bundesliga,2025/2026,GER,https://images.fotmob.com/image_resources/logo/teamlogo/9823.png,https://images.fotmob.com/image_resources/logo/teamlogo/8358.png,2025-11-22,15:30
11,https://www.fotmob.com/matches/borussia-dortmund-vs-vfb-stuttgart/3bs0n0#4829407,4829407,Borussia Dortmund,9789,VfB Stuttgart,10269,True,True,False,False,3 - 3,FT,Full-Time,finished,54,Bundesliga,2025/2026,GER,https://images.fotmob.com/image_resources/logo/teamlogo/9789.png,https://images.fotmob.com/image_resources/logo/teamlogo/10269.png,2025-11-22,15:30
11,https://www.fotmob.com/matches/borussia-monchengladbach-vs-fc-heidenheim/2iov99f#4829409,4829409,FC Heidenheim,94937,Borussia Mönchengladbach,9788,True,True,False,False,0 - 3,FT,Full-Time,finished,54,Bundesliga,2025/2026,GER,https://images.fotmob.com/image_resources/logo/teamlogo/94937.png,https://images.fotmob.com/image_resources/logo/teamlogo/9788.png,2025-11-22,15:30
11,https://www.fotmob.com/matches/bayer-leverkusen-vs-wolfsburg/2d0t93#4829413,4829413,Wolfsburg,8721,Bayer Leverkusen,8178,True,True,False,False,1 - 3,FT,Full-Time,finished,54,Bundesliga,2025/2026,GER,https://images.fotmob.com/image_resources/logo/teamlogo/8721.png,https://images.fotmob.com/image_resources/logo/teamlogo/8178.png,2025-11-22,15:30
11,https://www.fotmob.com/matches/1-fc-koln-vs-eintracht-frankfurt/2u8wss#4829408,4829408,1. FC Köln,8722,Eintracht Frankfurt,9810,True,True,False,False,3 - 4,FT,Full-Time,finished,54,Bundesliga,2025/2026,GER,https://images.fotmob.com/image_resources/logo/teamlogo/8722.png,https://images.fotmob.com/image_resources/logo/teamlogo/9810.png,2025-11-22,18:30
11,https://www.fotmob.com/matches/werder-bremen-vs-rb-leipzig/81p1es3#4829411,4829411,RB Leipzig,178475,Werder Bremen,8697,True,True,False,False,2 - 0,FT,Full-Time,finished,54,Bundesliga,2025/2026,GER,https://images.fotmob.com/image_resources/logo/teamlogo/178475.png,https://images.fotmob.com/image_resources/logo/teamlogo/8697.png,2025-11-23,15:30
11,https://www.fotmob.com/matches/union-berlin-vs-st-pauli/27410j#4829412,4829412,St. Pauli,8152,Union Berlin,8149,True,True,False,False,0 - 1,FT,Full-Time,finished,54,Bundesliga,2025/2026,GER,https://images.fotmob.com/image_resources/logo/teamlogo/8152.png,https://images.fotmob.com/image_resources/logo/teamlogo/8149.png,2025-11-23,17:30
12,https://www.fotmob.com/matches/borussia-monchengladbach-vs-rb-leipzig/852z0ko#4829416,4829416,Borussia Mönchengladbach,9788,RB Leipzig,178475,True,True,False,False,0 - 0,FT,Full-Time,finished,54,Bundesliga,2025/2026,GER,https://images.fotmob.com/image_resources/logo/teamlogo/9788.png,https://images.fotmob.com/image_resources/logo/teamlogo/178475.png,2025-11-28,20:30
12,https://www.fotmob.com/matches/st-pauli-vs-bayern-munchen/2o6zj7#4829415,4829415,Bayern München,9823,St. Pauli,8152,True,True,False,False,3 - 1,FT,Full-Time,finished,54,Bundesliga,2025/2026,GER,https://images.fotmob.com/image_resources/logo/teamlogo/9823.png,https://images.fotmob.com/image_resources/logo/teamlogo/8152.png,2025-11-29,15:30
12,https://www.fotmob.com/matches/hoffenheim-vs-augsburg/2acuwi#4829420,4829420,Hoffenheim,8226,Augsburg,8406,True,True,False,False,3 - 0,FT,Full-Time,finished,54,Bundesliga,2025/2026,GER,https://images.fotmob.com/image_resources/logo/teamlogo/8226.png,https://images.fotmob.com/image_resources/logo/teamlogo/8406.png,2025-11-29,15:30
12,https://www.fotmob.com/matches/union-berlin-vs-fc-heidenheim/2fvix5e#4829421,4829421,Union Berlin,8149,FC Heidenheim,94937,True,True,False,False,1 - 2,FT,Full-Time,finished,54,Bundesliga,2025/2026,GER,https://images.fotmob.com/image_resources/logo/teamlogo/8149.png,https://images.fotmob.com/image_resources/logo/teamlogo/94937.png,2025-11-29,15:30
12,https://www.fotmob.com/matches/werder-bremen-vs-1-fc-koln/2ic28k#4829422,4829422,Werder Bremen,8697,1. FC Köln,8722,True,True,False,False,1 - 1,FT,Full-Time,finished,54,Bundesliga,2025/2026,GER,https://images.fotmob.com/image_resources/logo/teamlogo/8697.png,https://images.fotmob.com/image_resources/logo/teamlogo/8722.png,2025-11-29,15:30
12,https://www.fotmob.com/matches/bayer-leverkusen-vs-borussia-dortmund/2o3wkl#4829414,4829414,Bayer Leverkusen,8178,Borussia Dortmund,9789,True,True,False,False,1 - 2,FT,Full-Time,finished,54,Bundesliga,2025/2026,GER,https://images.fotmob.com/image_resources/logo/teamlogo/8178.png,https://images.fotmob.com/image_resources/logo/teamlogo/9789.png,2025-11-29,18:30
12,https://www.fotmob.com/matches/hamburger-sv-vs-vfb-stuttgart/3bsg48#4829419,4829419,Hamburger SV,9790,VfB Stuttgart,10269,True,True,False,False,2 - 1,FT,Full-Time,finished,54,Bundesliga,2025/2026,GER,https://images.fotmob.com/image_resources/logo/teamlogo/9790.png,https://images.fotmob.com/image_resources/logo/teamlogo/10269.png,2025-11-30,15:30
12,https://www.fotmob.com/matches/wolfsburg-vs-eintracht-frankfurt/2u8ii0#4829417,4829417,Eintracht Frankfurt,9810,Wolfsburg,8721,True,True,False,False,1 - 1,FT,Full-Time,finished,54,Bundesliga,2025/2026,GER,https://images.fotmob.com/image_resources/logo/teamlogo/9810.png,https://images.fotmob.com/image_resources/logo/teamlogo/8721.png,2025-11-30,17:30
12,https://www.fotmob.com/matches/freiburg-vs-mainz-05/2rau5h#4829418,4829418,Freiburg,8358,Mainz 05,9905,True,True,False,False,4 - 0,FT,Full-Time,finished,54,Bundesliga,2025/2026,GER,https://images.fotmob.com/image_resources/logo/teamlogo/8358.png,https://images.fotmob.com/image_resources/logo/teamlogo/9905.png,2025-11-30,19:30
13,https://www.fotmob.com/matches/borussia-monchengladbach-vs-mainz-05/37gixo#4829428,4829428,Mainz 05,9905,Borussia Mönchengladbach,9788,True,True,False,False,0 - 1,FT,Full-Time,finished,54,Bundesliga,2025/2026,GER,https://images.fotmob.com/image_resources/logo/teamlogo/9905.png,https://images.fotmob.com/image_resources/logo/teamlogo/9788.png,2025-12-05,20:30
13,https://www.fotmob.com/matches/bayer-leverkusen-vs-augsburg/29vrru#4829423,4829423,Augsburg,8406,Bayer Leverkusen,8178,True,True,False,False,2 - 0,FT,Full-Time,finished,54,Bundesliga,2025/2026,GER,https://images.fotmob.com/image_resources/logo/teamlogo/8406.png,https://images.fotmob.com/image_resources/logo/teamlogo/8178.png,2025-12-06,15:30
13,https://www.fotmob.com/matches/freiburg-vs-fc-heidenheim/2g8d6ah#4829427,4829427,FC Heidenheim,94937,Freiburg,8358,True,True,False,False,2 - 1,FT,Full-Time,finished,54,Bundesliga,2025/2026,GER,https://images.fotmob.com/image_resources/logo/teamlogo/94937.png,https://images.fotmob.com/image_resources/logo/teamlogo/8358.png,2025-12-06,15:30
13,https://www.fotmob.com/matches/st-pauli-vs-1-fc-koln/2crri1#4829425,4829425,1. FC Köln,8722,St. Pauli,8152,True,True,False,False,1 - 1,FT,Full-Time,finished,54,Bundesliga,2025/2026,GER,https://images.fotmob.com/image_resources/logo/teamlogo/8722.png,https://images.fotmob.com/image_resources/logo/teamlogo/8152.png,2025-12-06,15:30
13,https://www.fotmob.com/matches/bayern-munchen-vs-vfb-stuttgart/3c6nc5#4829430,4829430,VfB Stuttgart,10269,Bayern München,9823,True,True,False,False,0 - 5,FT,Full-Time,finished,54,Bundesliga,2025/2026,GER,https://images.fotmob.com/image_resources/logo/teamlogo/10269.png,https://images.fotmob.com/image_resources/logo/teamlogo/9823.png,2025-12-06,15:30
13,https://www.fotmob.com/matches/union-berlin-vs-wolfsburg/2cqbfa#4829431,4829431,Wolfsburg,8721,Union Berlin,8149,True,True,False,False,3 - 1,FT,Full-Time,finished,54,Bundesliga,2025/2026,GER,https://images.fotmob.com/image_resources/logo/teamlogo/8721.png,https://images.fotmob.com/image_resources/logo/teamlogo/8149.png,2025-12-06,15:30
13,https://www.fotmob.com/matches/eintracht-frankfurt-vs-rb-leipzig/855fslx#4829429,4829429,RB Leipzig,178475,Eintracht Frankfurt,9810,True,True,False,False,6 - 0,FT,Full-Time,finished,54,Bundesliga,2025/2026,GER,https://images.fotmob.com/image_resources/logo/teamlogo/178475.png,https://images.fotmob.com/image_resources/logo/teamlogo/9810.png,2025-12-06,18:30
13,https://www.fotmob.com/matches/werder-bremen-vs-hamburger-sv/2tr22q#4829426,4829426,Hamburger SV,9790,Werder Bremen,8697,True,True,False,False,3 - 2,FT,Full-Time,finished,54,Bundesliga,2025/2026,GER,https://images.fotmob.com/image_resources/logo/teamlogo/9790.png,https://images.fotmob.com/image_resources/logo/teamlogo/8697.png,2025-12-07,15:30
13,https://www.fotmob.com/matches/hoffenheim-vs-borussia-dortmund/2omex9#4829424,4829424,Borussia Dortmund,9789,Hoffenheim,8226,True,True,False,False,2 - 0,FT,Full-Time,finished,54,Bundesliga,2025/2026,GER,https://images.fotmob.com/image_resources/logo/teamlogo/9789.png,https://images.fotmob.com/image_resources/logo/teamlogo/8226.png,2025-12-07,17:30
14,https://www.fotmob.com/matches/union-berlin-vs-rb-leipzig/80026ad#4829439,4829439,Union Berlin,8149,RB Leipzig,178475,True,True,False,False,3 - 1,FT,Full-Time,finished,54,Bundesliga,2025/2026,GER,https://images.fotmob.com/image_resources/logo/teamlogo/8149.png,https://images.fotmob.com/image_resources/logo/teamlogo/178475.png,2025-12-12,20:30
14,https://www.fotmob.com/matches/wolfsburg-vs-borussia-monchengladbach/2tzs3b#4829434,4829434,Borussia Mönchengladbach,9788,Wolfsburg,8721,True,True,False,False,1 - 3,FT,Full-Time,finished,54,Bundesliga,2025/2026,GER,https://images.fotmob.com/image_resources/logo/teamlogo/9788.png,https://images.fotmob.com/image_resources/logo/teamlogo/8721.png,2025-12-13,15:30
14,https://www.fotmob.com/matches/augsburg-vs-eintracht-frankfurt/2qsgli#4829435,4829435,Eintracht Frankfurt,9810,Augsburg,8406,True,True,False,False,1 - 0,FT,Full-Time,finished,54,Bundesliga,2025/2026,GER,https://images.fotmob.com/image_resources/logo/teamlogo/9810.png,https://images.fotmob.com/image_resources/logo/teamlogo/8406.png,2025-12-13,15:30
14,https://www.fotmob.com/matches/hoffenheim-vs-hamburger-sv/2omstq#4829437,4829437,Hoffenheim,8226,Hamburger SV,9790,True,True,False,False,4 - 1,FT,Full-Time,finished,54,Bundesliga,2025/2026,GER,https://images.fotmob.com/image_resources/logo/teamlogo/8226.png,https://images.fotmob.com/image_resources/logo/teamlogo/9790.png,2025-12-13,15:30
14,https://www.fotmob.com/matches/st-pauli-vs-fc-heidenheim/2fvpjs2#4829438,4829438,St. Pauli,8152,FC Heidenheim,94937,True,True,False,False,2 - 1,FT,Full-Time,finished,54,Bundesliga,2025/2026,GER,https://images.fotmob.com/image_resources/logo/teamlogo/8152.png,https://images.fotmob.com/image_resources/logo/teamlogo/94937.png,2025-12-13,15:30
14,https://www.fotmob.com/matches/bayer-leverkusen-vs-1-fc-koln/2d16ak#4829432,4829432,Bayer Leverkusen,8178,1. FC Köln,8722,True,True,False,False,2 - 0,FT,Full-Time,finished,54,Bundesliga,2025/2026,GER,https://images.fotmob.com/image_resources/logo/teamlogo/8178.png,https://images.fotmob.com/image_resources/logo/teamlogo/8722.png,2025-12-13,18:30
14,https://www.fotmob.com/matches/freiburg-vs-borussia-dortmund/2q1kk3#4829436,4829436,Freiburg,8358,Borussia Dortmund,9789,True,True,False,False,1 - 1,FT,Full-Time,finished,54,Bundesliga,2025/2026,GER,https://images.fotmob.com/image_resources/logo/teamlogo/8358.png,https://images.fotmob.com/image_resources/logo/teamlogo/9789.png,2025-12-14,15:30
14,https://www.fotmob.com/matches/bayern-munchen-vs-mainz-05/37vb95#4829433,4829433,Bayern München,9823,Mainz 05,9905,True,True,False,False,2 - 2,FT,Full-Time,finished,54,Bundesliga,2025/2026,GER,https://images.fotmob.com/image_resources/logo/teamlogo/9823.png,https://images.fotmob.com/image_resources/logo/teamlogo/9905.png,2025-12-14,17:30
14,https://www.fotmob.com/matches/werder-bremen-vs-vfb-stuttgart/2z3api#4829440,4829440,Werder Bremen,8697,VfB Stuttgart,10269,True,True,False,False,0 - 4,FT,Full-Time,finished,54,Bundesliga,2025/2026,GER,https://images.fotmob.com/image_resources/logo/teamlogo/8697.png,https://images.fotmob.com/image_resources/logo/teamlogo/10269.png,2025-12-14,19:30
15,https://www.fotmob.com/matches/borussia-monchengladbach-vs-borussia-dortmund/363pci#4829442,4829442,Borussia Dortmund,9789,Borussia Mönchengladbach,9788,True,True,False,False,2 - 0,FT,Full-Time,finished,54,Bundesliga,2025/2026,GER,https://images.fotmob.com/image_resources/logo/teamlogo/9789.png,https://images.fotmob.com/image_resources/logo/teamlogo/9788.png,2025-12-19,20:30
15,https://www.fotmob.com/matches/augsburg-vs-werder-bremen/2f35e9#4829441,4829441,Augsburg,8406,Werder Bremen,8697,True,True,False,False,0 - 0,FT,Full-Time,finished,54,Bundesliga,2025/2026,GER,https://images.fotmob.com/image_resources/logo/teamlogo/8406.png,https://images.fotmob.com/image_resources/logo/teamlogo/8697.png,2025-12-20,15:30
15,https://www.fotmob.com/matches/union-berlin-vs-1-fc-koln/2cqofy#4829443,4829443,1. FC Köln,8722,Union Berlin,8149,True,True,False,False,0 - 1,FT,Full-Time,finished,54,Bundesliga,2025/2026,GER,https://images.fotmob.com/image_resources/logo/teamlogo/8722.png,https://images.fotmob.com/image_resources/logo/teamlogo/8149.png,2025-12-20,15:30
15,https://www.fotmob.com/matches/hamburger-sv-vs-eintracht-frankfurt/36dd0a#4829444,4829444,Hamburger SV,9790,Eintracht Frankfurt,9810,True,True,False,False,1 - 1,FT,Full-Time,finished,54,Bundesliga,2025/2026,GER,https://images.fotmob.com/image_resources/logo/teamlogo/9790.png,https://images.fotmob.com/image_resources/logo/teamlogo/9810.png,2025-12-20,15:30
15,https://www.fotmob.com/matches/hoffenheim-vs-vfb-stuttgart/2tu70i#4829448,4829448,VfB Stuttgart,10269,Hoffenheim,8226,True,True,False,False,0 - 0,FT,Full-Time,finished,54,Bundesliga,2025/2026,GER,https://images.fotmob.com/image_resources/logo/teamlogo/10269.png,https://images.fotmob.com/image_resources/logo/teamlogo/8226.png,2025-12-20,15:30
15,https://www.fotmob.com/matches/freiburg-vs-wolfsburg/2eucwl#4829449,4829449,Wolfsburg,8721,Freiburg,8358,True,True,False,False,3 - 4,FT,Full-Time,finished,54,Bundesliga,2025/2026,GER,https://images.fotmob.com/image_resources/logo/teamlogo/8721.png,https://images.fotmob.com/image_resources/logo/teamlogo/8358.png,2025-12-20,15:30
15,https://www.fotmob.com/matches/bayer-leverkusen-vs-rb-leipzig/803a6n9#4829447,4829447,RB Leipzig,178475,Bayer Leverkusen,8178,True,True,False,False,1 - 3,FT,Full-Time,finished,54,Bundesliga,2025/2026,GER,https://images.fotmob.com/image_resources/logo/teamlogo/178475.png,https://images.fotmob.com/image_resources/logo/teamlogo/8178.png,2025-12-20,18:30
15,https://www.fotmob.com/matches/st-pauli-vs-mainz-05/2p2nj2#4829446,4829446,Mainz 05,9905,St. Pauli,8152,True,True,False,False,0 - 0,FT,Full-Time,finished,54,Bundesliga,2025/2026,GER,https://images.fotmob.com/image_resources/logo/teamlogo/9905.png,https://images.fotmob.com/image_resources/logo/teamlogo/8152.png,2025-12-21,15:30
15,https://www.fotmob.com/matches/bayern-munchen-vs-fc-heidenheim/2ir1tzv#4829445,4829445,FC Heidenheim,94937,Bayern München,9823,True,True,False,False,0 - 4,FT,Full-Time,finished,54,Bundesliga,2025/2026,GER,https://images.fotmob.com/image_resources/logo/teamlogo/94937.png,https://images.fotmob.com/image_resources/logo/teamlogo/9823.png,2025-12-21,17:30
16,https://www.fotmob.com/matches/borussia-dortmund-vs-eintracht-frankfurt/36cxvu#4829453,4829453,Eintracht Frankfurt,9810,Borussia Dortmund,9789,True,True,False,False,3 - 3,FT,Full-Time,finished,54,Bundesliga,2025/2026,GER,https://images.fotmob.com/image_resources/logo/teamlogo/9810.png,https://images.fotmob.com/image_resources/logo/teamlogo/9789.png,2026-01-09,20:30
16,https://www.fotmob.com/matches/1-fc-koln-vs-fc-heidenheim/2gushez#4829455,4829455,FC Heidenheim,94937,1. FC Köln,8722,True,True,False,False,2 - 2,FT,Full-Time,finished,54,Bundesliga,2025/2026,GER,https://images.fotmob.com/image_resources/logo/teamlogo/94937.png,https://images.fotmob.com/image_resources/logo/teamlogo/8722.png,2026-01-10,15:30
16,https://www.fotmob.com/matches/freiburg-vs-hamburger-sv/2q1yk8#4829454,4829454,Freiburg,8358,Hamburger SV,9790,True,True,False,False,2 - 1,FT,Full-Time,finished,54,Bundesliga,2025/2026,GER,https://images.fotmob.com/image_resources/logo/teamlogo/8358.png,https://images.fotmob.com/image_resources/logo/teamlogo/9790.png,2026-01-10,15:30
16,https://www.fotmob.com/matches/union-berlin-vs-mainz-05/2p1hqe#4829457,4829457,Union Berlin,8149,Mainz 05,9905,True,True,False,False,2 - 2,FT,Full-Time,finished,54,Bundesliga,2025/2026,GER,https://images.fotmob.com/image_resources/logo/teamlogo/8149.png,https://images.fotmob.com/image_resources/logo/teamlogo/9905.png,2026-01-10,15:30
16,https://www.fotmob.com/matches/bayer-leverkusen-vs-vfb-stuttgart/2tb6ui#4829450,4829450,Bayer Leverkusen,8178,VfB Stuttgart,10269,True,True,False,False,1 - 4,FT,Full-Time,finished,54,Bundesliga,2025/2026,GER,https://images.fotmob.com/image_resources/logo/teamlogo/8178.png,https://images.fotmob.com/image_resources/logo/teamlogo/10269.png,2026-01-10,18:30
16,https://www.fotmob.com/matches/augsburg-vs-borussia-monchengladbach/2qjvjb#4829452,4829452,Borussia Mönchengladbach,9788,Augsburg,8406,True,True,False,False,4 - 0,FT,Full-Time,finished,54,Bundesliga,2025/2026,GER,https://images.fotmob.com/image_resources/logo/teamlogo/9788.png,https://images.fotmob.com/image_resources/logo/teamlogo/8406.png,2026-01-11,15:30
16,https://www.fotmob.com/matches/wolfsburg-vs-bayern-munchen/2udogn#4829451,4829451,Bayern München,9823,Wolfsburg,8721,True,True,False,False,8 - 1,FT,Full-Time,finished,54,Bundesliga,2025/2026,GER,https://images.fotmob.com/image_resources/logo/teamlogo/9823.png,https://images.fotmob.com/image_resources/logo/teamlogo/8721.png,2026-01-11,17:30
17,https://www.fotmob.com/matches/eintracht-frankfurt-vs-vfb-stuttgart/3c11ui#4829466,4829466,VfB Stuttgart,10269,Eintracht Frankfurt,9810,True,True,False,False,3 - 2,FT,Full-Time,finished,54,Bundesliga,2025/2026,GER,https://images.fotmob.com/image_resources/logo/teamlogo/10269.png,https://images.fotmob.com/image_resources/logo/teamlogo/9810.png,2026-01-13,18:30
17,https://www.fotmob.com/matches/werder-bremen-vs-borussia-dortmund/2tqnt6#4829460,4829460,Borussia Dortmund,9789,Werder Bremen,8697,True,True,False,False,3 - 0,FT,Full-Time,finished,54,Bundesliga,2025/2026,GER,https://images.fotmob.com/image_resources/logo/teamlogo/9789.png,https://images.fotmob.com/image_resources/logo/teamlogo/8697.png,2026-01-13,20:30
17,https://www.fotmob.com/matches/mainz-05-vs-fc-heidenheim/2iw610o#4829464,4829464,Mainz 05,9905,FC Heidenheim,94937,True,True,False,False,2 - 1,FT,Full-Time,finished,54,Bundesliga,2025/2026,GER,https://images.fotmob.com/image_resources/logo/teamlogo/9905.png,https://images.fotmob.com/image_resources/logo/teamlogo/94937.png,2026-01-13,20:30
17,https://www.fotmob.com/matches/st-pauli-vs-wolfsburg/2creha#4829467,4829467,Wolfsburg,8721,St. Pauli,8152,True,True,False,False,2 - 1,FT,Full-Time,finished,54,Bundesliga,2025/2026,GER,https://images.fotmob.com/image_resources/logo/teamlogo/8721.png,https://images.fotmob.com/image_resources/logo/teamlogo/8152.png,2026-01-14,18:30
17,https://www.fotmob.com/matches/1-fc-koln-vs-bayern-munchen/2ue2rs#4829461,4829461,1. FC Köln,8722,Bayern München,9823,True,True,False,False,1 - 3,FT,Full-Time,finished,54,Bundesliga,2025/2026,GER,https://images.fotmob.com/image_resources/logo/teamlogo/8722.png,https://images.fotmob.com/image_resources/logo/teamlogo/9823.png,2026-01-14,20:30
17,https://www.fotmob.com/matches/hoffenheim-vs-borussia-monchengladbach/2om10t#4829463,4829463,Hoffenheim,8226,Borussia Mönchengladbach,9788,True,True,False,False,5 - 1,FT,Full-Time,finished,54,Bundesliga,2025/2026,GER,https://images.fotmob.com/image_resources/logo/teamlogo/8226.png,https://images.fotmob.com/image_resources/logo/teamlogo/9788.png,2026-01-14,20:30
17,https://www.fotmob.com/matches/freiburg-vs-rb-leipzig/80nandr#4829465,4829465,RB Leipzig,178475,Freiburg,8358,True,True,False,False,2 - 0,FT,Full-Time,finished,54,Bundesliga,2025/2026,GER,https://images.fotmob.com/image_resources/logo/teamlogo/178475.png,https://images.fotmob.com/image_resources/logo/teamlogo/8358.png,2026-01-14,20:30
17,https://www.fotmob.com/matches/union-berlin-vs-augsburg/29lgzs#4829459,4829459,Augsburg,8406,Union Berlin,8149,True,True,False,False,1 - 1,FT,Full-Time,finished,54,Bundesliga,2025/2026,GER,https://images.fotmob.com/image_resources/logo/teamlogo/8406.png,https://images.fotmob.com/image_resources/logo/teamlogo/8149.png,2026-01-15,20:30
18,https://www.fotmob.com/matches/werder-bremen-vs-eintracht-frankfurt/2tyzjo#4829475,4829475,Werder Bremen,8697,Eintracht Frankfurt,9810,True,True,False,False,3 - 3,FT,Full-Time,finished,54,Bundesliga,2025/2026,GER,https://images.fotmob.com/image_resources/logo/teamlogo/8697.png,https://images.fotmob.com/image_resources/logo/teamlogo/9810.png,2026-01-16,20:30
18,https://www.fotmob.com/matches/st-pauli-vs-borussia-dortmund/2ntwdg#4829469,4829469,Borussia Dortmund,9789,St. Pauli,8152,True,True,False,False,3 - 2,FT,Full-Time,finished,54,Bundesliga,2025/2026,GER,https://images.fotmob.com/image_resources/logo/teamlogo/9789.png,https://images.fotmob.com/image_resources/logo/teamlogo/8152.png,2026-01-17,15:30
18,https://www.fotmob.com/matches/1-fc-koln-vs-mainz-05/2vaqtz#4829470,4829470,1. FC Köln,8722,Mainz 05,9905,True,True,False,False,2 - 1,FT,Full-Time,finished,54,Bundesliga,2025/2026,GER,https://images.fotmob.com/image_resources/logo/teamlogo/8722.png,https://images.fotmob.com/image_resources/logo/teamlogo/9905.png,2026-01-17,15:30
18,https://www.fotmob.com/matches/borussia-monchengladbach-vs-hamburger-sv/3644gd#4829471,4829471,Hamburger SV,9790,Borussia Mönchengladbach,9788,True,True,False,False,0 - 0,FT,Full-Time,finished,54,Bundesliga,2025/2026,GER,https://images.fotmob.com/image_resources/logo/teamlogo/9790.png,https://images.fotmob.com/image_resources/logo/teamlogo/9788.png,2026-01-17,15:30
18,https://www.fotmob.com/matches/bayer-leverkusen-vs-hoffenheim/2844qc#4829472,4829472,Hoffenheim,8226,Bayer Leverkusen,8178,True,True,False,False,1 - 0,FT,Full-Time,finished,54,Bundesliga,2025/2026,GER,https://images.fotmob.com/image_resources/logo/teamlogo/8226.png,https://images.fotmob.com/image_resources/logo/teamlogo/8178.png,2026-01-17,15:30
18,https://www.fotmob.com/matches/wolfsburg-vs-fc-heidenheim/2guq9fk#4829476,4829476,Wolfsburg,8721,FC Heidenheim,94937,True,True,False,False,1 - 1,FT,Full-Time,finished,54,Bundesliga,2025/2026,GER,https://images.fotmob.com/image_resources/logo/teamlogo/8721.png,https://images.fotmob.com/image_resources/logo/teamlogo/94937.png,2026-01-17,15:30
18,https://www.fotmob.com/matches/bayern-munchen-vs-rb-leipzig/856w9cm#4829473,4829473,RB Leipzig,178475,Bayern München,9823,True,True,False,False,1 - 5,FT,Full-Time,finished,54,Bundesliga,2025/2026,GER,https://images.fotmob.com/image_resources/logo/teamlogo/178475.png,https://images.fotmob.com/image_resources/logo/teamlogo/9823.png,2026-01-17,18:30
18,https://www.fotmob.com/matches/union-berlin-vs-vfb-stuttgart/2szqcw#4829474,4829474,VfB Stuttgart,10269,Union Berlin,8149,True,True,False,False,1 - 1,FT,Full-Time,finished,54,Bundesliga,2025/2026,GER,https://images.fotmob.com/image_resources/logo/teamlogo/10269.png,https://images.fotmob.com/image_resources/logo/teamlogo/8149.png,2026-01-18,15:30
18,https://www.fotmob.com/matches/freiburg-vs-augsburg/2bo3oc#4829468,4829468,Augsburg,8406,Freiburg,8358,True,True,False,False,2 - 2,FT,Full-Time,finished,54,Bundesliga,2025/2026,GER,https://images.fotmob.com/image_resources/logo/teamlogo/8406.png,https://images.fotmob.com/image_resources/logo/teamlogo/8358.png,2026-01-18,17:30
19,https://www.fotmob.com/matches/st-pauli-vs-hamburger-sv/2nua7v#4829484,4829484,St. Pauli,8152,Hamburger SV,9790,True,True,False,False,0 - 0,FT,Full-Time,finished,54,Bundesliga,2025/2026,GER,https://images.fotmob.com/image_resources/logo/teamlogo/8152.png,https://images.fotmob.com/image_resources/logo/teamlogo/9790.png,2026-01-23,20:30
19,https://www.fotmob.com/matches/bayer-leverkusen-vs-werder-bremen/2cs4i3#4829477,4829477,Bayer Leverkusen,8178,Werder Bremen,8697,True,True,False,False,1 - 0,FT,Full-Time,finished,54,Bundesliga,2025/2026,GER,https://images.fotmob.com/image_resources/logo/teamlogo/8178.png,https://images.fotmob.com/image_resources/logo/teamlogo/8697.png,2026-01-24,15:30
19,https://www.fotmob.com/matches/augsburg-vs-bayern-munchen/2qxjee#4829478,4829478,Bayern München,9823,Augsburg,8406,True,True,False,False,1 - 2,FT,Full-Time,finished,54,Bundesliga,2025/2026,GER,https://images.fotmob.com/image_resources/logo/teamlogo/9823.png,https://images.fotmob.com/image_resources/logo/teamlogo/8406.png,2026-01-24,15:30
19,https://www.fotmob.com/matches/hoffenheim-vs-eintracht-frankfurt/2ouj10#4829480,4829480,Eintracht Frankfurt,9810,Hoffenheim,8226,True,True,False,False,1 - 3,FT,Full-Time,finished,54,Bundesliga,2025/2026,GER,https://images.fotmob.com/image_resources/logo/teamlogo/9810.png,https://images.fotmob.com/image_resources/logo/teamlogo/8226.png,2026-01-24,15:30
19,https://www.fotmob.com/matches/fc-heidenheim-vs-rb-leipzig/h65h3hf#4829482,4829482,FC Heidenheim,94937,RB Leipzig,178475,True,True,False,False,0 - 3,FT,Full-Time,finished,54,Bundesliga,2025/2026,GER,https://images.fotmob.com/image_resources/logo/teamlogo/94937.png,https://images.fotmob.com/image_resources/logo/teamlogo/178475.png,2026-01-24,15:30
19,https://www.fotmob.com/matches/wolfsburg-vs-mainz-05/2vacgk#4829483,4829483,Mainz 05,9905,Wolfsburg,8721,True,True,False,False,3 - 1,FT,Full-Time,finished,54,Bundesliga,2025/2026,GER,https://images.fotmob.com/image_resources/logo/teamlogo/9905.png,https://images.fotmob.com/image_resources/logo/teamlogo/8721.png,2026-01-24,15:30
19,https://www.fotmob.com/matches/union-berlin-vs-borussia-dortmund/2nsqug#4829485,4829485,Union Berlin,8149,Borussia Dortmund,9789,True,True,False,False,0 - 3,FT,Full-Time,finished,54,Bundesliga,2025/2026,GER,https://images.fotmob.com/image_resources/logo/teamlogo/8149.png,https://images.fotmob.com/image_resources/logo/teamlogo/9789.png,2026-01-24,18:30
19,https://www.fotmob.com/matches/borussia-monchengladbach-vs-vfb-stuttgart/3brl5t#4829479,4829479,Borussia Mönchengladbach,9788,VfB Stuttgart,10269,True,True,False,False,0 - 3,FT,Full-Time,finished,54,Bundesliga,2025/2026,GER,https://images.fotmob.com/image_resources/logo/teamlogo/9788.png,https://images.fotmob.com/image_resources/logo/teamlogo/10269.png,2026-01-25,15:30
19,https://www.fotmob.com/matches/freiburg-vs-1-fc-koln/2euq32#4829481,4829481,Freiburg,8358,1. FC Köln,8722,True,True,False,False,2 - 1,FT,Full-Time,finished,54,Bundesliga,2025/2026,GER,https://images.fotmob.com/image_resources/logo/teamlogo/8358.png,https://images.fotmob.com/image_resources/logo/teamlogo/8722.png,2026-01-25,17:30
16,https://www.fotmob.com/matches/st-pauli-vs-rb-leipzig/800e6am#4829456,4829456,St. Pauli,8152,RB Leipzig,178475,True,True,False,False,1 - 1,FT,Full-Time,finished,54,Bundesliga,2025/2026,GER,https://images.fotmob.com/image_resources/logo/teamlogo/8152.png,https://images.fotmob.com/image_resources/logo/teamlogo/178475.png,2026-01-27,20:30
16,https://www.fotmob.com/matches/hoffenheim-vs-werder-bremen/2d9ier#4829458,4829458,Werder Bremen,8697,Hoffenheim,8226,True,True,False,False,0 - 2,FT,Full-Time,finished,54,Bundesliga,2025/2026,GER,https://images.fotmob.com/image_resources/logo/teamlogo/8697.png,https://images.fotmob.com/image_resources/logo/teamlogo/8226.png,2026-01-27,20:30
20,https://www.fotmob.com/matches/wolfsburg-vs-1-fc-koln/2il11k#4829489,4829489,1. FC Köln,8722,Wolfsburg,8721,True,True,False,False,1 - 0,FT,Full-Time,finished,54,Bundesliga,2025/2026,GER,https://images.fotmob.com/image_resources/logo/teamlogo/8722.png,https://images.fotmob.com/image_resources/logo/teamlogo/8721.png,2026-01-30,20:30
20,https://www.fotmob.com/matches/st-pauli-vs-augsburg/29mjbj#4829486,4829486,Augsburg,8406,St. Pauli,8152,True,True,False,False,2 - 1,FT,Full-Time,finished,54,Bundesliga,2025/2026,GER,https://images.fotmob.com/image_resources/logo/teamlogo/8406.png,https://images.fotmob.com/image_resources/logo/teamlogo/8152.png,2026-01-31,15:30
20,https://www.fotmob.com/matches/bayer-leverkusen-vs-eintracht-frankfurt/2obzwc#4829488,4829488,Eintracht Frankfurt,9810,Bayer Leverkusen,8178,True,True,False,False,1 - 3,FT,Full-Time,finished,54,Bundesliga,2025/2026,GER,https://images.fotmob.com/image_resources/logo/teamlogo/9810.png,https://images.fotmob.com/image_resources/logo/teamlogo/8178.png,2026-01-31,15:30
20,https://www.fotmob.com/matches/union-berlin-vs-hoffenheim/27txza#4829491,4829491,Hoffenheim,8226,Union Berlin,8149,True,True,False,False,3 - 1,FT,Full-Time,finished,54,Bundesliga,2025/2026,GER,https://images.fotmob.com/image_resources/logo/teamlogo/8226.png,https://images.fotmob.com/image_resources/logo/teamlogo/8149.png,2026-01-31,15:30
20,https://www.fotmob.com/matches/mainz-05-vs-rb-leipzig/85g39yf#4829492,4829492,RB Leipzig,178475,Mainz 05,9905,True,True,False,False,1 - 2,FT,Full-Time,finished,54,Bundesliga,2025/2026,GER,https://images.fotmob.com/image_resources/logo/teamlogo/178475.png,https://images.fotmob.com/image_resources/logo/teamlogo/9905.png,2026-01-31,15:30
20,https://www.fotmob.com/matches/werder-bremen-vs-borussia-monchengladbach/2tq9jn#4829494,4829494,Werder Bremen,8697,Borussia Mönchengladbach,9788,True,True,False,False,1 - 1,FT,Full-Time,finished,54,Bundesliga,2025/2026,GER,https://images.fotmob.com/image_resources/logo/teamlogo/8697.png,https://images.fotmob.com/image_resources/logo/teamlogo/9788.png,2026-01-31,15:30
20,https://www.fotmob.com/matches/hamburger-sv-vs-bayern-munchen/36itoy#4829490,4829490,Hamburger SV,9790,Bayern München,9823,True,True,False,False,2 - 2,FT,Full-Time,finished,54,Bundesliga,2025/2026,GER,https://images.fotmob.com/image_resources/logo/teamlogo/9790.png,https://images.fotmob.com/image_resources/logo/teamlogo/9823.png,2026-01-31,18:30
20,https://www.fotmob.com/matches/freiburg-vs-vfb-stuttgart/2vapn0#4829493,4829493,VfB Stuttgart,10269,Freiburg,8358,True,True,False,False,1 - 0,FT,Full-Time,finished,54,Bundesliga,2025/2026,GER,https://images.fotmob.com/image_resources/logo/teamlogo/10269.png,https://images.fotmob.com/image_resources/logo/teamlogo/8358.png,2026-02-01,15:30
20,https://www.fotmob.com/matches/borussia-dortmund-vs-fc-heidenheim/2ioxi2i#4829487,4829487,Borussia Dortmund,9789,FC Heidenheim,94937,True,True,False,False,3 - 2,FT,Full-Time,finished,54,Bundesliga,2025/2026,GER,https://images.fotmob.com/image_resources/logo/teamlogo/9789.png,https://images.fotmob.com/image_resources/logo/teamlogo/94937.png,2026-02-01,17:30
21,https://www.fotmob.com/matches/union-berlin-vs-eintracht-frankfurt/2o0tpa#4829502,4829502,Union Berlin,8149,Eintracht Frankfurt,9810,True,True,False,False,1 - 1,FT,Full-Time,finished,54,Bundesliga,2025/2026,GER,https://images.fotmob.com/image_resources/logo/teamlogo/8149.png,https://images.fotmob.com/image_resources/logo/teamlogo/9810.png,2026-02-06,20:30
21,https://www.fotmob.com/matches/hamburger-sv-vs-fc-heidenheim/2iozqvm#4829499,4829499,FC Heidenheim,94937,Hamburger SV,9790,True,True,False,False,0 - 2,FT,Full-Time,finished,54,Bundesliga,2025/2026,GER,https://images.fotmob.com/image_resources/logo/teamlogo/94937.png,https://images.fotmob.com/image_resources/logo/teamlogo/9790.png,2026-02-07,15:30
21,https://www.fotmob.com/matches/freiburg-vs-werder-bremen/2elktl#4829498,4829498,Freiburg,8358,Werder Bremen,8697,True,True,False,False,1 - 0,FT,Full-Time,finished,54,Bundesliga,2025/2026,GER,https://images.fotmob.com/image_resources/logo/teamlogo/8358.png,https://images.fotmob.com/image_resources/logo/teamlogo/8697.png,2026-02-07,15:30
21,https://www.fotmob.com/matches/augsburg-vs-mainz-05/2rtngt#4829500,4829500,Mainz 05,9905,Augsburg,8406,True,True,False,False,2 - 0,FT,Full-Time,finished,54,Bundesliga,2025/2026,GER,https://images.fotmob.com/image_resources/logo/teamlogo/9905.png,https://images.fotmob.com/image_resources/logo/teamlogo/8406.png,2026-02-07,15:30
21,https://www.fotmob.com/matches/st-pauli-vs-vfb-stuttgart/2t0wzz#4829501,4829501,St. Pauli,8152,VfB Stuttgart,10269,True,True,False,False,2 - 1,FT,Full-Time,finished,54,Bundesliga,2025/2026,GER,https://images.fotmob.com/image_resources/logo/teamlogo/8152.png,https://images.fotmob.com/image_resources/logo/teamlogo/10269.png,2026-02-07,15:30
21,https://www.fotmob.com/matches/wolfsburg-vs-borussia-dortmund/2u06di#4829503,4829503,Wolfsburg,8721,Borussia Dortmund,9789,True,True,False,False,1 - 2,FT,Full-Time,finished,54,Bundesliga,2025/2026,GER,https://images.fotmob.com/image_resources/logo/teamlogo/8721.png,https://images.fotmob.com/image_resources/logo/teamlogo/9789.png,2026-02-07,15:30
21,https://www.fotmob.com/matches/bayer-leverkusen-vs-borussia-monchengladbach/2o3iph#4829496,4829496,Borussia Mönchengladbach,9788,Bayer Leverkusen,8178,True,True,False,False,1 - 1,FT,Full-Time,finished,54,Bundesliga,2025/2026,GER,https://images.fotmob.com/image_resources/logo/teamlogo/9788.png,https://images.fotmob.com/image_resources/logo/teamlogo/8178.png,2026-02-07,18:30
21,https://www.fotmob.com/matches/1-fc-koln-vs-rb-leipzig/81rtpmd#4829497,4829497,1. FC Köln,8722,RB Leipzig,178475,True,True,False,False,1 - 2,FT,Full-Time,finished,54,Bundesliga,2025/2026,GER,https://images.fotmob.com/image_resources/logo/teamlogo/8722.png,https://images.fotmob.com/image_resources/logo/teamlogo/178475.png,2026-02-08,15:30
21,https://www.fotmob.com/matches/hoffenheim-vs-bayern-munchen/2ozk0w#4829495,4829495,Bayern München,9823,Hoffenheim,8226,True,True,False,False,5 - 1,FT,Full-Time,finished,54,Bundesliga,2025/2026,GER,https://images.fotmob.com/image_resources/logo/teamlogo/9823.png,https://images.fotmob.com/image_resources/logo/teamlogo/8226.png,2026-02-08,17:30
22,https://www.fotmob.com/matches/borussia-dortmund-vs-mainz-05/37gy4q#4829506,4829506,Borussia Dortmund,9789,Mainz 05,9905,True,True,False,False,4 - 0,FT,Full-Time,finished,54,Bundesliga,2025/2026,GER,https://images.fotmob.com/image_resources/logo/teamlogo/9789.png,https://images.fotmob.com/image_resources/logo/teamlogo/9905.png,2026-02-13,20:30
22,https://www.fotmob.com/matches/st-pauli-vs-bayer-leverkusen/27e64p#4829505,4829505,Bayer Leverkusen,8178,St. Pauli,8152,True,True,False,False,4 - 0,FT,Full-Time,finished,54,Bundesliga,2025/2026,GER,https://images.fotmob.com/image_resources/logo/teamlogo/8178.png,https://images.fotmob.com/image_resources/logo/teamlogo/8152.png,2026-02-14,15:30
22,https://www.fotmob.com/matches/borussia-monchengladbach-vs-eintracht-frankfurt/36cirf#4829507,4829507,Eintracht Frankfurt,9810,Borussia Mönchengladbach,9788,True,True,False,False,3 - 0,FT,Full-Time,finished,54,Bundesliga,2025/2026,GER,https://images.fotmob.com/image_resources/logo/teamlogo/9810.png,https://images.fotmob.com/image_resources/logo/teamlogo/9788.png,2026-02-14,15:30
22,https://www.fotmob.com/matches/union-berlin-vs-hamburger-sv/2nt4os#4829508,4829508,Hamburger SV,9790,Union Berlin,8149,True,True,False,False,3 - 2,FT,Full-Time,finished,54,Bundesliga,2025/2026,GER,https://images.fotmob.com/image_resources/logo/teamlogo/9790.png,https://images.fotmob.com/image_resources/logo/teamlogo/8149.png,2026-02-14,15:30
22,https://www.fotmob.com/matches/hoffenheim-vs-freiburg/29vrqi#4829509,4829509,Hoffenheim,8226,Freiburg,8358,True,True,False,False,3 - 0,FT,Full-Time,finished,54,Bundesliga,2025/2026,GER,https://images.fotmob.com/image_resources/logo/teamlogo/8226.png,https://images.fotmob.com/image_resources/logo/teamlogo/8358.png,2026-02-14,15:30
22,https://www.fotmob.com/matches/werder-bremen-vs-bayern-munchen/2u459n#4829512,4829512,Werder Bremen,8697,Bayern München,9823,True,True,False,False,0 - 3,FT,Full-Time,finished,54,Bundesliga,2025/2026,GER,https://images.fotmob.com/image_resources/logo/teamlogo/8697.png,https://images.fotmob.com/image_resources/logo/teamlogo/9823.png,2026-02-14,15:30
22,https://www.fotmob.com/matches/1-fc-koln-vs-vfb-stuttgart/2zdgu2#4829511,4829511,VfB Stuttgart,10269,1. FC Köln,8722,True,True,False,False,3 - 1,FT,Full-Time,finished,54,Bundesliga,2025/2026,GER,https://images.fotmob.com/image_resources/logo/teamlogo/10269.png,https://images.fotmob.com/image_resources/logo/teamlogo/8722.png,2026-02-14,18:30
22,https://www.fotmob.com/matches/augsburg-vs-fc-heidenheim/2gbbgxt#4829504,4829504,Augsburg,8406,FC Heidenheim,94937,True,True,False,False,1 - 0,FT,Full-Time,finished,54,Bundesliga,2025/2026,GER,https://images.fotmob.com/image_resources/logo/teamlogo/8406.png,https://images.fotmob.com/image_resources/logo/teamlogo/94937.png,2026-02-15,15:30
22,https://www.fotmob.com/matches/wolfsburg-vs-rb-leipzig/81rpp6f#4829510,4829510,RB Leipzig,178475,Wolfsburg,8721,True,True,False,False,2 - 2,FT,Full-Time,finished,54,Bundesliga,2025/2026,GER,https://images.fotmob.com/image_resources/logo/teamlogo/178475.png,https://images.fotmob.com/image_resources/logo/teamlogo/8721.png,2026-02-15,17:30
23,https://www.fotmob.com/matches/hamburger-sv-vs-mainz-05/37hdbt#4829517,4829517,Mainz 05,9905,Hamburger SV,9790,True,True,False,False,1 - 1,FT,Full-Time,finished,54,Bundesliga,2025/2026,GER,https://images.fotmob.com/image_resources/logo/teamlogo/9905.png,https://images.fotmob.com/image_resources/logo/teamlogo/9790.png,2026-02-20,20:40
23,https://www.fotmob.com/matches/eintracht-frankfurt-vs-bayern-munchen/36r8iw#4829513,4829513,Bayern München,9823,Eintracht Frankfurt,9810,True,True,False,False,3 - 2,FT,Full-Time,finished,54,Bundesliga,2025/2026,GER,https://images.fotmob.com/image_resources/logo/teamlogo/9823.png,https://images.fotmob.com/image_resources/logo/teamlogo/9810.png,2026-02-21,15:30
23,https://www.fotmob.com/matches/hoffenheim-vs-1-fc-koln/2dil4k#4829514,4829514,1. FC Köln,8722,Hoffenheim,8226,True,True,False,False,2 - 2,FT,Full-Time,finished,54,Bundesliga,2025/2026,GER,https://images.fotmob.com/image_resources/logo/teamlogo/8722.png,https://images.fotmob.com/image_resources/logo/teamlogo/8226.png,2026-02-21,15:30
23,https://www.fotmob.com/matches/union-berlin-vs-bayer-leverkusen/27d4by#4829520,4829520,Union Berlin,8149,Bayer Leverkusen,8178,True,True,False,False,1 - 0,FT,Full-Time,finished,54,Bundesliga,2025/2026,GER,https://images.fotmob.com/image_resources/logo/teamlogo/8149.png,https://images.fotmob.com/image_resources/logo/teamlogo/8178.png,2026-02-21,15:30
23,https://www.fotmob.com/matches/augsburg-vs-wolfsburg/2fbyd9#4829521,4829521,Wolfsburg,8721,Augsburg,8406,True,True,False,False,2 - 3,FT,Full-Time,finished,54,Bundesliga,2025/2026,GER,https://images.fotmob.com/image_resources/logo/teamlogo/8721.png,https://images.fotmob.com/image_resources/logo/teamlogo/8406.png,2026-02-21,15:30
23,https://www.fotmob.com/matches/borussia-dortmund-vs-rb-leipzig/85331u9#4829518,4829518,RB Leipzig,178475,Borussia Dortmund,9789,True,True,False,False,2 - 2,FT,Full-Time,finished,54,Bundesliga,2025/2026,GER,https://images.fotmob.com/image_resources/logo/teamlogo/178475.png,https://images.fotmob.com/image_resources/logo/teamlogo/9789.png,2026-02-21,18:30
23,https://www.fotmob.com/matches/freiburg-vs-borussia-monchengladbach/2q16jz#4829515,4829515,Freiburg,8358,Borussia Mönchengladbach,9788,True,True,False,False,2 - 1,FT,Full-Time,finished,54,Bundesliga,2025/2026,GER,https://images.fotmob.com/image_resources/logo/teamlogo/8358.png,https://images.fotmob.com/image_resources/logo/teamlogo/9788.png,2026-02-22,15:30
23,https://www.fotmob.com/matches/st-pauli-vs-werder-bremen/2ciq7m#4829519,4829519,St. Pauli,8152,Werder Bremen,8697,True,True,False,False,2 - 1,FT,Full-Time,finished,54,Bundesliga,2025/2026,GER,https://images.fotmob.com/image_resources/logo/teamlogo/8152.png,https://images.fotmob.com/image_resources/logo/teamlogo/8697.png,2026-02-22,17:30
23,https://www.fotmob.com/matches/vfb-stuttgart-vs-fc-heidenheim/2jiz892#4829516,4829516,FC Heidenheim,94937,VfB Stuttgart,10269,True,True,False,False,3 - 3,FT,Full-Time,finished,54,Bundesliga,2025/2026,GER,https://images.fotmob.com/image_resources/logo/teamlogo/94937.png,https://images.fotmob.com/image_resources/logo/teamlogo/10269.png,2026-02-22,19:30
24,https://www.fotmob.com/matches/augsburg-vs-1-fc-koln/2fcbl2#4829522,4829522,Augsburg,8406,1. FC Köln,8722,True,True,False,False,2 - 0,FT,Full-Time,finished,54,Bundesliga,2025/2026,GER,https://images.fotmob.com/image_resources/logo/teamlogo/8406.png,https://images.fotmob.com/image_resources/logo/teamlogo/8722.png,2026-02-27,20:30
24,https://www.fotmob.com/matches/bayer-leverkusen-vs-mainz-05/2pcq1z#4829523,4829523,Bayer Leverkusen,8178,Mainz 05,9905,True,True,False,False,1 - 1,FT,Full-Time,finished,54,Bundesliga,2025/2026,GER,https://images.fotmob.com/image_resources/logo/teamlogo/8178.png,https://images.fotmob.com/image_resources/logo/teamlogo/9905.png,2026-02-28,15:30
24,https://www.fotmob.com/matches/union-berlin-vs-borussia-monchengladbach/2nsd05#4829524,4829524,Borussia Mönchengladbach,9788,Union Berlin,8149,True,True,False,False,1 - 0,FT,Full-Time,finished,54,Bundesliga,2025/2026,GER,https://images.fotmob.com/image_resources/logo/teamlogo/9788.png,https://images.fotmob.com/image_resources/logo/teamlogo/8149.png,2026-02-28,15:30
24,https://www.fotmob.com/matches/st-pauli-vs-hoffenheim/27uzw1#4829528,4829528,Hoffenheim,8226,St. Pauli,8152,True,True,False,False,0 - 1,FT,Full-Time,finished,54,Bundesliga,2025/2026,GER,https://images.fotmob.com/image_resources/logo/teamlogo/8226.png,https://images.fotmob.com/image_resources/logo/teamlogo/8152.png,2026-02-28,15:30
24,https://www.fotmob.com/matches/werder-bremen-vs-fc-heidenheim/2gt8y1w#4829530,4829530,Werder Bremen,8697,FC Heidenheim,94937,True,True,False,False,2 - 0,FT,Full-Time,finished,54,Bundesliga,2025/2026,GER,https://images.fotmob.com/image_resources/logo/teamlogo/8697.png,https://images.fotmob.com/image_resources/logo/teamlogo/94937.png,2026-02-28,15:30
24,https://www.fotmob.com/matches/borussia-dortmund-vs-bayern-munchen/36iek5#4829525,4829525,Borussia Dortmund,9789,Bayern München,9823,True,True,False,False,2 - 3,FT,Full-Time,finished,54,Bundesliga,2025/2026,GER,https://images.fotmob.com/image_resources/logo/teamlogo/9789.png,https://images.fotmob.com/image_resources/logo/teamlogo/9823.png,2026-02-28,18:30
24,https://www.fotmob.com/matches/wolfsburg-vs-vfb-stuttgart/2zd26i#4829529,4829529,VfB Stuttgart,10269,Wolfsburg,8721,True,True,False,False,4 - 0,FT,Full-Time,finished,54,Bundesliga,2025/2026,GER,https://images.fotmob.com/image_resources/logo/teamlogo/10269.png,https://images.fotmob.com/image_resources/logo/teamlogo/8721.png,2026-03-01,15:30
24,https://www.fotmob.com/matches/freiburg-vs-eintracht-frankfurt/2q9qsu#4829526,4829526,Eintracht Frankfurt,9810,Freiburg,8358,True,True,False,False,2 - 0,FT,Full-Time,finished,54,Bundesliga,2025/2026,GER,https://images.fotmob.com/image_resources/logo/teamlogo/9810.png,https://images.fotmob.com/image_resources/logo/teamlogo/8358.png,2026-03-01,17:30
24,https://www.fotmob.com/matches/hamburger-sv-vs-rb-leipzig/853733v#4829527,4829527,Hamburger SV,9790,RB Leipzig,178475,True,True,False,False,1 - 2,FT,Full-Time,finished,54,Bundesliga,2025/2026,GER,https://images.fotmob.com/image_resources/logo/teamlogo/9790.png,https://images.fotmob.com/image_resources/logo/teamlogo/178475.png,2026-03-01,19:30
17,https://www.fotmob.com/matches/bayer-leverkusen-vs-hamburger-sv/2o4afq#4829462,4829462,Hamburger SV,9790,Bayer Leverkusen,8178,True,True,False,False,0 - 1,FT,Full-Time,finished,54,Bundesliga,2025/2026,GER,https://images.fotmob.com/image_resources/logo/teamlogo/9790.png,https://images.fotmob.com/image_resources/logo/teamlogo/8178.png,2026-03-04,20:30
25,https://www.fotmob.com/matches/borussia-monchengladbach-vs-bayern-munchen/36hzfd#4829531,4829531,Bayern München,9823,Borussia Mönchengladbach,9788,True,True,False,False,4 - 1,FT,Full-Time,finished,54,Bundesliga,2025/2026,GER,https://images.fotmob.com/image_resources/logo/teamlogo/9823.png,https://images.fotmob.com/image_resources/logo/teamlogo/9788.png,2026-03-06,20:30
25,https://www.fotmob.com/matches/hoffenheim-vs-fc-heidenheim/2g0946b#4829534,4829534,FC Heidenheim,94937,Hoffenheim,8226,True,True,False,False,2 - 4,FT,Full-Time,finished,54,Bundesliga,2025/2026,GER,https://images.fotmob.com/image_resources/logo/teamlogo/94937.png,https://images.fotmob.com/image_resources/logo/teamlogo/8226.png,2026-03-07,15:30
25,https://www.fotmob.com/matches/bayer-leverkusen-vs-freiburg/29eqdu#4829533,4829533,Freiburg,8358,Bayer Leverkusen,8178,True,True,False,False,3 - 3,FT,Full-Time,finished,54,Bundesliga,2025/2026,GER,https://images.fotmob.com/image_resources/logo/teamlogo/8358.png,https://images.fotmob.com/image_resources/logo/teamlogo/8178.png,2026-03-07,15:30
25,https://www.fotmob.com/matches/mainz-05-vs-vfb-stuttgart/3d61a2#4829535,4829535,Mainz 05,9905,VfB Stuttgart,10269,True,True,False,False,2 - 2,FT,Full-Time,finished,54,Bundesliga,2025/2026,GER,https://images.fotmob.com/image_resources/logo/teamlogo/9905.png,https://images.fotmob.com/image_resources/logo/teamlogo/10269.png,2026-03-07,15:30
25,https://www.fotmob.com/matches/augsburg-vs-rb-leipzig/80smw2f#4829536,4829536,RB Leipzig,178475,Augsburg,8406,True,True,False,False,2 - 1,FT,Full-Time,finished,54,Bundesliga,2025/2026,GER,https://images.fotmob.com/image_resources/logo/teamlogo/178475.png,https://images.fotmob.com/image_resources/logo/teamlogo/8406.png,2026-03-07,15:30
25,https://www.fotmob.com/matches/wolfsburg-vs-hamburger-sv/2u0knq#4829539,4829539,Wolfsburg,8721,Hamburger SV,9790,True,True,False,False,1 - 2,FT,Full-Time,finished,54,Bundesliga,2025/2026,GER,https://images.fotmob.com/image_resources/logo/teamlogo/8721.png,https://images.fotmob.com/image_resources/logo/teamlogo/9790.png,2026-03-07,15:30
25,https://www.fotmob.com/matches/1-fc-koln-vs-borussia-dortmund/2u0knp#4829532,4829532,1. FC Köln,8722,Borussia Dortmund,9789,True,True,False,False,1 - 2,FT,Full-Time,finished,54,Bundesliga,2025/2026,GER,https://images.fotmob.com/image_resources/logo/teamlogo/8722.png,https://images.fotmob.com/image_resources/logo/teamlogo/9789.png,2026-03-07,18:30
25,https://www.fotmob.com/matches/st-pauli-vs-eintracht-frankfurt/2o1za1#4829537,4829537,St. Pauli,8152,Eintracht Frankfurt,9810,True,True,False,False,0 - 0,FT,Full-Time,finished,54,Bundesliga,2025/2026,GER,https://images.fotmob.com/image_resources/logo/teamlogo/8152.png,https://images.fotmob.com/image_resources/logo/teamlogo/9810.png,2026-03-08,15:30
25,https://www.fotmob.com/matches/union-berlin-vs-werder-bremen/2chn7m#4829538,4829538,Union Berlin,8149,Werder Bremen,8697,True,True,False,False,1 - 4,FT,Full-Time,finished,54,Bundesliga,2025/2026,GER,https://images.fotmob.com/image_resources/logo/teamlogo/8149.png,https://images.fotmob.com/image_resources/logo/teamlogo/8697.png,2026-03-08,17:30
26,https://www.fotmob.com/matches/st-pauli-vs-borussia-monchengladbach/2ntij2#4829541,4829541,Borussia Mönchengladbach,9788,St. Pauli,8152,True,True,False,False,2 - 0,FT,Full-Time,finished,54,Bundesliga,2025/2026,GER,https://images.fotmob.com/image_resources/logo/teamlogo/9788.png,https://images.fotmob.com/image_resources/logo/teamlogo/8152.png,2026-03-13,20:30
26,https://www.fotmob.com/matches/bayer-leverkusen-vs-bayern-munchen/2oh0ew#4829540,4829540,Bayer Leverkusen,8178,Bayern München,9823,True,True,False,False,1 - 1,FT,Full-Time,finished,54,Bundesliga,2025/2026,GER,https://images.fotmob.com/image_resources/logo/teamlogo/8178.png,https://images.fotmob.com/image_resources/logo/teamlogo/9823.png,2026-03-14,15:30
26,https://www.fotmob.com/matches/augsburg-vs-borussia-dortmund/2qk9kr#4829542,4829542,Borussia Dortmund,9789,Augsburg,8406,True,True,False,False,2 - 0,FT,Full-Time,finished,54,Bundesliga,2025/2026,GER,https://images.fotmob.com/image_resources/logo/teamlogo/9789.png,https://images.fotmob.com/image_resources/logo/teamlogo/8406.png,2026-03-14,15:30
26,https://www.fotmob.com/matches/eintracht-frankfurt-vs-fc-heidenheim/2iq8n7o#4829543,4829543,Eintracht Frankfurt,9810,FC Heidenheim,94937,True,True,False,False,1 - 0,FT,Full-Time,finished,54,Bundesliga,2025/2026,GER,https://images.fotmob.com/image_resources/logo/teamlogo/9810.png,https://images.fotmob.com/image_resources/logo/teamlogo/94937.png,2026-03-14,15:30
26,https://www.fotmob.com/matches/hoffenheim-vs-wolfsburg/2di81r#4829546,4829546,Hoffenheim,8226,Wolfsburg,8721,True,True,False,False,1 - 1,FT,Full-Time,finished,54,Bundesliga,2025/2026,GER,https://images.fotmob.com/image_resources/logo/teamlogo/8226.png,https://images.fotmob.com/image_resources/logo/teamlogo/8721.png,2026-03-14,15:30
26,https://www.fotmob.com/matches/1-fc-koln-vs-hamburger-sv/2u0yxy#4829545,4829545,Hamburger SV,9790,1. FC Köln,8722,True,True,False,False,1 - 1,FT,Full-Time,finished,54,Bundesliga,2025/2026,GER,https://images.fotmob.com/image_resources/logo/teamlogo/9790.png,https://images.fotmob.com/image_resources/logo/teamlogo/8722.png,2026-03-14,18:30
26,https://www.fotmob.com/matches/werder-bremen-vs-mainz-05/2v0rqw#4829548,4829548,Werder Bremen,8697,Mainz 05,9905,True,True,False,False,0 - 2,FT,Full-Time,finished,54,Bundesliga,2025/2026,GER,https://images.fotmob.com/image_resources/logo/teamlogo/8697.png,https://images.fotmob.com/image_resources/logo/teamlogo/9905.png,2026-03-15,15:30
26,https://www.fotmob.com/matches/union-berlin-vs-freiburg/294gog#4829544,4829544,Freiburg,8358,Union Berlin,8149,True,True,False,False,0 - 1,FT,Full-Time,finished,54,Bundesliga,2025/2026,GER,https://images.fotmob.com/image_resources/logo/teamlogo/8358.png,https://images.fotmob.com/image_resources/logo/teamlogo/8149.png,2026-03-15,17:30
26,https://www.fotmob.com/matches/vfb-stuttgart-vs-rb-leipzig/86l20hb#4829547,4829547,VfB Stuttgart,10269,RB Leipzig,178475,True,True,False,False,1 - 0,FT,Full-Time,finished,54,Bundesliga,2025/2026,GER,https://images.fotmob.com/image_resources/logo/teamlogo/10269.png,https://images.fotmob.com/image_resources/logo/teamlogo/178475.png,2026-03-15,19:30
27,https://www.fotmob.com/matches/hoffenheim-vs-rb-leipzig/808m8nx#4829555,4829555,RB Leipzig,178475,Hoffenheim,8226,True,True,False,False,5 - 0,FT,Full-Time,finished,54,Bundesliga,2025/2026,GER,https://images.fotmob.com/image_resources/logo/teamlogo/178475.png,https://images.fotmob.com/image_resources/logo/teamlogo/8226.png,2026-03-20,20:30
27,https://www.fotmob.com/matches/union-berlin-vs-bayern-munchen/2o5txd#4829550,4829550,Bayern München,9823,Union Berlin,8149,True,True,False,False,4 - 0,FT,Full-Time,finished,54,Bundesliga,2025/2026,GER,https://images.fotmob.com/image_resources/logo/teamlogo/9823.png,https://images.fotmob.com/image_resources/logo/teamlogo/8149.png,2026-03-21,15:30
27,https://www.fotmob.com/matches/bayer-leverkusen-vs-fc-heidenheim/2fxb06z#4829553,4829553,FC Heidenheim,94937,Bayer Leverkusen,8178,True,True,False,False,3 - 3,FT,Full-Time,finished,54,Bundesliga,2025/2026,GER,https://images.fotmob.com/image_resources/logo/teamlogo/94937.png,https://images.fotmob.com/image_resources/logo/teamlogo/8178.png,2026-03-21,15:30
27,https://www.fotmob.com/matches/1-fc-koln-vs-borussia-monchengladbach/2u06dh#4829552,4829552,1. FC Köln,8722,Borussia Mönchengladbach,9788,True,True,False,False,3 - 3,FT,Full-Time,finished,54,Bundesliga,2025/2026,GER,https://images.fotmob.com/image_resources/logo/teamlogo/8722.png,https://images.fotmob.com/image_resources/logo/teamlogo/9788.png,2026-03-21,15:30
27,https://www.fotmob.com/matches/werder-bremen-vs-wolfsburg/2iboso#4829557,4829557,Wolfsburg,8721,Werder Bremen,8697,True,True,False,False,0 - 1,FT,Full-Time,finished,54,Bundesliga,2025/2026,GER,https://images.fotmob.com/image_resources/logo/teamlogo/8721.png,https://images.fotmob.com/image_resources/logo/teamlogo/8697.png,2026-03-21,15:30
27,https://www.fotmob.com/matches/borussia-dortmund-vs-hamburger-sv/364jk8#4829551,4829551,Borussia Dortmund,9789,Hamburger SV,9790,True,True,False,False,3 - 2,FT,Full-Time,finished,54,Bundesliga,2025/2026,GER,https://images.fotmob.com/image_resources/logo/teamlogo/9789.png,https://images.fotmob.com/image_resources/logo/teamlogo/9790.png,2026-03-21,18:30
27,https://www.fotmob.com/matches/eintracht-frankfurt-vs-mainz-05/37ptfb#4829554,4829554,Mainz 05,9905,Eintracht Frankfurt,9810,True,True,False,False,2 - 1,FT,Full-Time,finished,54,Bundesliga,2025/2026,GER,https://images.fotmob.com/image_resources/logo/teamlogo/9905.png,https://images.fotmob.com/image_resources/logo/teamlogo/9810.png,2026-03-22,15:30
27,https://www.fotmob.com/matches/st-pauli-vs-freiburg/295iw7#4829556,4829556,St. Pauli,8152,Freiburg,8358,True,True,False,False,1 - 2,FT,Full-Time,finished,54,Bundesliga,2025/2026,GER,https://images.fotmob.com/image_resources/logo/teamlogo/8152.png,https://images.fotmob.com/image_resources/logo/teamlogo/8358.png,2026-03-22,17:30
27,https://www.fotmob.com/matches/augsburg-vs-vfb-stuttgart/2vtwh0#4829549,4829549,Augsburg,8406,VfB Stuttgart,10269,True,True,False,False,2 - 5,FT,Full-Time,finished,54,Bundesliga,2025/2026,GER,https://images.fotmob.com/image_resources/logo/teamlogo/8406.png,https://images.fotmob.com/image_resources/logo/teamlogo/10269.png,2026-03-22,19:30
28,https://www.fotmob.com/matches/bayer-leverkusen-vs-wolfsburg/2d0t93#4829558,4829558,Bayer Leverkusen,8178,Wolfsburg,8721,True,True,False,False,6 - 3,FT,Full-Time,finished,54,Bundesliga,2025/2026,GER,https://images.fotmob.com/image_resources/logo/teamlogo/8178.png,https://images.fotmob.com/image_resources/logo/teamlogo/8721.png,2026-04-04,15:30
28,https://www.fotmob.com/matches/borussia-monchengladbach-vs-fc-heidenheim/2iov99f#4829559,4829559,Borussia Mönchengladbach,9788,FC Heidenheim,94937,True,True,False,False,2 - 2,FT,Full-Time,finished,54,Bundesliga,2025/2026,GER,https://images.fotmob.com/image_resources/logo/teamlogo/9788.png,https://images.fotmob.com/image_resources/logo/teamlogo/94937.png,2026-04-04,15:30
28,https://www.fotmob.com/matches/freiburg-vs-bayern-munchen/2qet4e#4829561,4829561,Freiburg,8358,Bayern München,9823,True,True,False,False,2 - 3,FT,Full-Time,finished,54,Bundesliga,2025/2026,GER,https://images.fotmob.com/image_resources/logo/teamlogo/8358.png,https://images.fotmob.com/image_resources/logo/teamlogo/9823.png,2026-04-04,15:30
28,https://www.fotmob.com/matches/augsburg-vs-hamburger-sv/2qknm8#4829562,4829562,Hamburger SV,9790,Augsburg,8406,True,True,False,False,1 - 1,FT,Full-Time,finished,54,Bundesliga,2025/2026,GER,https://images.fotmob.com/image_resources/logo/teamlogo/9790.png,https://images.fotmob.com/image_resources/logo/teamlogo/8406.png,2026-04-04,15:30
28,https://www.fotmob.com/matches/hoffenheim-vs-mainz-05/2pvcpb#4829563,4829563,Hoffenheim,8226,Mainz 05,9905,True,True,False,False,1 - 2,FT,Full-Time,finished,54,Bundesliga,2025/2026,GER,https://images.fotmob.com/image_resources/logo/teamlogo/8226.png,https://images.fotmob.com/image_resources/logo/teamlogo/9905.png,2026-04-04,15:30
28,https://www.fotmob.com/matches/werder-bremen-vs-rb-leipzig/81p1es3#4829566,4829566,Werder Bremen,8697,RB Leipzig,178475,True,True,False,False,1 - 2,FT,Full-Time,finished,54,Bundesliga,2025/2026,GER,https://images.fotmob.com/image_resources/logo/teamlogo/8697.png,https://images.fotmob.com/image_resources/logo/teamlogo/178475.png,2026-04-04,15:30
28,https://www.fotmob.com/matches/borussia-dortmund-vs-vfb-stuttgart/3bs0n0#4829564,4829564,VfB Stuttgart,10269,Borussia Dortmund,9789,True,True,False,False,0 - 2,FT,Full-Time,finished,54,Bundesliga,2025/2026,GER,https://images.fotmob.com/image_resources/logo/teamlogo/10269.png,https://images.fotmob.com/image_resources/logo/teamlogo/9789.png,2026-04-04,18:30
28,https://www.fotmob.com/matches/union-berlin-vs-st-pauli/27410j#4829565,4829565,Union Berlin,8149,St. Pauli,8152,True,True,False,False,1 - 1,FT,Full-Time,finished,54,Bundesliga,2025/2026,GER,https://images.fotmob.com/image_resources/logo/teamlogo/8149.png,https://images.fotmob.com/image_resources/logo/teamlogo/8152.png,2026-04-05,15:30
28,https://www.fotmob.com/matches/1-fc-koln-vs-eintracht-frankfurt/2u8wss#4829560,4829560,Eintracht Frankfurt,9810,1. FC Köln,8722,True,True,False,False,2 - 2,FT,Full-Time,finished,54,Bundesliga,2025/2026,GER,https://images.fotmob.com/image_resources/logo/teamlogo/9810.png,https://images.fotmob.com/image_resources/logo/teamlogo/8722.png,2026-04-05,17:30
29,https://www.fotmob.com/matches/hoffenheim-vs-augsburg/2acuwi#4829567,4829567,Augsburg,8406,Hoffenheim,8226,True,True,False,False,2 - 2,FT,Full-Time,finished,54,Bundesliga,2025/2026,GER,https://images.fotmob.com/image_resources/logo/teamlogo/8406.png,https://images.fotmob.com/image_resources/logo/teamlogo/8226.png,2026-04-10,20:30
29,https://www.fotmob.com/matches/bayer-leverkusen-vs-borussia-dortmund/2o3wkl#4829568,4829568,Borussia Dortmund,9789,Bayer Leverkusen,8178,True,True,False,False,0 - 1,FT,Full-Time,finished,54,Bundesliga,2025/2026,GER,https://images.fotmob.com/image_resources/logo/teamlogo/9789.png,https://images.fotmob.com/image_resources/logo/teamlogo/8178.png,2026-04-11,15:30
29,https://www.fotmob.com/matches/union-berlin-vs-fc-heidenheim/2fvix5e#4829570,4829570,FC Heidenheim,94937,Union Berlin,8149,True,True,False,False,3 - 1,FT,Full-Time,finished,54,Bundesliga,2025/2026,GER,https://images.fotmob.com/image_resources/logo/teamlogo/94937.png,https://images.fotmob.com/image_resources/logo/teamlogo/8149.png,2026-04-11,15:30
29,https://www.fotmob.com/matches/borussia-monchengladbach-vs-rb-leipzig/852z0ko#4829572,4829572,RB Leipzig,178475,Borussia Mönchengladbach,9788,True,True,False,False,1 - 0,FT,Full-Time,finished,54,Bundesliga,2025/2026,GER,https://images.fotmob.com/image_resources/logo/teamlogo/178475.png,https://images.fotmob.com/image_resources/logo/teamlogo/9788.png,2026-04-11,15:30
29,https://www.fotmob.com/matches/wolfsburg-vs-eintracht-frankfurt/2u8ii0#4829575,4829575,Wolfsburg,8721,Eintracht Frankfurt,9810,True,True,False,False,1 - 2,FT,Full-Time,finished,54,Bundesliga,2025/2026,GER,https://images.fotmob.com/image_resources/logo/teamlogo/8721.png,https://images.fotmob.com/image_resources/logo/teamlogo/9810.png,2026-04-11,15:30
29,https://www.fotmob.com/matches/st-pauli-vs-bayern-munchen/2o6zj7#4829573,4829573,St. Pauli,8152,Bayern München,9823,True,True,False,False,0 - 5,FT,Full-Time,finished,54,Bundesliga,2025/2026,GER,https://images.fotmob.com/image_resources/logo/teamlogo/8152.png,https://images.fotmob.com/image_resources/logo/teamlogo/9823.png,2026-04-11,18:30
29,https://www.fotmob.com/matches/werder-bremen-vs-1-fc-koln/2ic28k#4829569,4829569,1. FC Köln,8722,Werder Bremen,8697,True,True,False,False,3 - 1,FT,Full-Time,finished,54,Bundesliga,2025/2026,GER,https://images.fotmob.com/image_resources/logo/teamlogo/8722.png,https://images.fotmob.com/image_resources/logo/teamlogo/8697.png,2026-04-12,15:30
29,https://www.fotmob.com/matches/hamburger-sv-vs-vfb-stuttgart/3bsg48#4829574,4829574,VfB Stuttgart,10269,Hamburger SV,9790,True,True,False,False,4 - 0,FT,Full-Time,finished,54,Bundesliga,2025/2026,GER,https://images.fotmob.com/image_resources/logo/teamlogo/10269.png,https://images.fotmob.com/image_resources/logo/teamlogo/9790.png,2026-04-12,17:30
29,https://www.fotmob.com/matches/freiburg-vs-mainz-05/2rau5h#4829571,4829571,Mainz 05,9905,Freiburg,8358,True,True,False,False,0 - 1,FT,Full-Time,finished,54,Bundesliga,2025/2026,GER,https://images.fotmob.com/image_resources/logo/teamlogo/9905.png,https://images.fotmob.com/image_resources/logo/teamlogo/8358.png,2026-04-12,19:30
30,https://www.fotmob.com/matches/st-pauli-vs-1-fc-koln/2crri1#4829582,4829582,St. Pauli,8152,1. FC Köln,8722,True,True,False,False,1 - 1,FT,Full-Time,finished,54,Bundesliga,2025/2026,GER,https://images.fotmob.com/image_resources/logo/teamlogo/8152.png,https://images.fotmob.com/image_resources/logo/teamlogo/8722.png,2026-04-17,20:30
30,https://www.fotmob.com/matches/bayer-leverkusen-vs-augsburg/29vrru#4829576,4829576,Bayer Leverkusen,8178,Augsburg,8406,True,True,False,False,1 - 2,FT,Full-Time,finished,54,Bundesliga,2025/2026,GER,https://images.fotmob.com/image_resources/logo/teamlogo/8178.png,https://images.fotmob.com/image_resources/logo/teamlogo/8406.png,2026-04-18,15:30
30,https://www.fotmob.com/matches/hoffenheim-vs-borussia-dortmund/2omex9#4829581,4829581,Hoffenheim,8226,Borussia Dortmund,9789,True,True,False,False,2 - 1,FT,Full-Time,finished,54,Bundesliga,2025/2026,GER,https://images.fotmob.com/image_resources/logo/teamlogo/8226.png,https://images.fotmob.com/image_resources/logo/teamlogo/9789.png,2026-04-18,15:30
30,https://www.fotmob.com/matches/union-berlin-vs-wolfsburg/2cqbfa#4829583,4829583,Union Berlin,8149,Wolfsburg,8721,True,True,False,False,1 - 2,FT,Full-Time,finished,54,Bundesliga,2025/2026,GER,https://images.fotmob.com/image_resources/logo/teamlogo/8149.png,https://images.fotmob.com/image_resources/logo/teamlogo/8721.png,2026-04-18,15:30
30,https://www.fotmob.com/matches/werder-bremen-vs-hamburger-sv/2tr22q#4829584,4829584,Werder Bremen,8697,Hamburger SV,9790,True,True,False,False,3 - 1,FT,Full-Time,finished,54,Bundesliga,2025/2026,GER,https://images.fotmob.com/image_resources/logo/teamlogo/8697.png,https://images.fotmob.com/image_resources/logo/teamlogo/9790.png,2026-04-18,15:30
30,https://www.fotmob.com/matches/eintracht-frankfurt-vs-rb-leipzig/855fslx#4829579,4829579,Eintracht Frankfurt,9810,RB Leipzig,178475,True,True,False,False,1 - 3,FT,Full-Time,finished,54,Bundesliga,2025/2026,GER,https://images.fotmob.com/image_resources/logo/teamlogo/9810.png,https://images.fotmob.com/image_resources/logo/teamlogo/178475.png,2026-04-18,18:30
30,https://www.fotmob.com/matches/freiburg-vs-fc-heidenheim/2g8d6ah#4829580,4829580,Freiburg,8358,FC Heidenheim,94937,True,True,False,False,2 - 1,FT,Full-Time,finished,54,Bundesliga,2025/2026,GER,https://images.fotmob.com/image_resources/logo/teamlogo/8358.png,https://images.fotmob.com/image_resources/logo/teamlogo/94937.png,2026-04-19,15:30
30,https://www.fotmob.com/matches/bayern-munchen-vs-vfb-stuttgart/3c6nc5#4829577,4829577,Bayern München,9823,VfB Stuttgart,10269,True,True,False,False,4 - 2,FT,Full-Time,finished,54,Bundesliga,2025/2026,GER,https://images.fotmob.com/image_resources/logo/teamlogo/9823.png,https://images.fotmob.com/image_resources/logo/teamlogo/10269.png,2026-04-19,17:30
30,https://www.fotmob.com/matches/borussia-monchengladbach-vs-mainz-05/37gixo#4829578,4829578,Borussia Mönchengladbach,9788,Mainz 05,9905,True,True,False,False,1 - 1,FT,Full-Time,finished,54,Bundesliga,2025/2026,GER,https://images.fotmob.com/image_resources/logo/teamlogo/9788.png,https://images.fotmob.com/image_resources/logo/teamlogo/9905.png,2026-04-19,19:30
31,https://www.fotmob.com/matches/union-berlin-vs-rb-leipzig/80026ad#4829591,4829591,RB Leipzig,178475,Union Berlin,8149,True,True,False,False,3 - 1,FT,Full-Time,finished,54,Bundesliga,2025/2026,GER,https://images.fotmob.com/image_resources/logo/teamlogo/178475.png,https://images.fotmob.com/image_resources/logo/teamlogo/8149.png,2026-04-24,20:30
31,https://www.fotmob.com/matches/augsburg-vs-eintracht-frankfurt/2qsgli#4829585,4829585,Augsburg,8406,Eintracht Frankfurt,9810,True,True,False,False,1 - 1,FT,Full-Time,finished,54,Bundesliga,2025/2026,GER,https://images.fotmob.com/image_resources/logo/teamlogo/8406.png,https://images.fotmob.com/image_resources/logo/teamlogo/9810.png,2026-04-25,15:30
31,https://www.fotmob.com/matches/st-pauli-vs-fc-heidenheim/2fvpjs2#4829589,4829589,FC Heidenheim,94937,St. Pauli,8152,True,True,False,False,2 - 0,FT,Full-Time,finished,54,Bundesliga,2025/2026,GER,https://images.fotmob.com/image_resources/logo/teamlogo/94937.png,https://images.fotmob.com/image_resources/logo/teamlogo/8152.png,2026-04-25,15:30
31,https://www.fotmob.com/matches/bayer-leverkusen-vs-1-fc-koln/2d16ak#4829587,4829587,1. FC Köln,8722,Bayer Leverkusen,8178,True,True,False,False,1 - 2,FT,Full-Time,finished,54,Bundesliga,2025/2026,GER,https://images.fotmob.com/image_resources/logo/teamlogo/8722.png,https://images.fotmob.com/image_resources/logo/teamlogo/8178.png,2026-04-25,15:30
31,https://www.fotmob.com/matches/bayern-munchen-vs-mainz-05/37vb95#4829590,4829590,Mainz 05,9905,Bayern München,9823,True,True,False,False,3 - 4,FT,Full-Time,finished,54,Bundesliga,2025/2026,GER,https://images.fotmob.com/image_resources/logo/teamlogo/9905.png,https://images.fotmob.com/image_resources/logo/teamlogo/9823.png,2026-04-25,15:30
31,https://www.fotmob.com/matches/wolfsburg-vs-borussia-monchengladbach/2tzs3b#4829593,4829593,Wolfsburg,8721,Borussia Mönchengladbach,9788,True,True,False,False,0 - 0,FT,Full-Time,finished,54,Bundesliga,2025/2026,GER,https://images.fotmob.com/image_resources/logo/teamlogo/8721.png,https://images.fotmob.com/image_resources/logo/teamlogo/9788.png,2026-04-25,15:30
31,https://www.fotmob.com/matches/hoffenheim-vs-hamburger-sv/2omstq#4829588,4829588,Hamburger SV,9790,Hoffenheim,8226,True,True,False,False,1 - 2,FT,Full-Time,finished,54,Bundesliga,2025/2026,GER,https://images.fotmob.com/image_resources/logo/teamlogo/9790.png,https://images.fotmob.com/image_resources/logo/teamlogo/8226.png,2026-04-25,18:30
31,https://www.fotmob.com/matches/werder-bremen-vs-vfb-stuttgart/2z3api#4829592,4829592,VfB Stuttgart,10269,Werder Bremen,8697,True,True,False,False,1 - 1,FT,Full-Time,finished,54,Bundesliga,2025/2026,GER,https://images.fotmob.com/image_resources/logo/teamlogo/10269.png,https://images.fotmob.com/image_resources/logo/teamlogo/8697.png,2026-04-26,15:30
31,https://www.fotmob.com/matches/freiburg-vs-borussia-dortmund/2q1kk3#4829586,4829586,Borussia Dortmund,9789,Freiburg,8358,True,True,False,False,4 - 0,FT,Full-Time,finished,54,Bundesliga,2025/2026,GER,https://images.fotmob.com/image_resources/logo/teamlogo/9789.png,https://images.fotmob.com/image_resources/logo/teamlogo/8358.png,2026-04-26,17:30
32,https://www.fotmob.com/matches/bayern-munchen-vs-fc-heidenheim/2ir1tzv#4829595,4829595,Bayern München,9823,FC Heidenheim,94937,True,True,False,False,3 - 3,FT,Full-Time,finished,54,Bundesliga,2025/2026,GER,https://images.fotmob.com/image_resources/logo/teamlogo/9823.png,https://images.fotmob.com/image_resources/logo/teamlogo/94937.png,2026-05-02,15:30
32,https://www.fotmob.com/matches/hamburger-sv-vs-eintracht-frankfurt/36dd0a#4829597,4829597,Eintracht Frankfurt,9810,Hamburger SV,9790,True,True,False,False,1 - 2,FT,Full-Time,finished,54,Bundesliga,2025/2026,GER,https://images.fotmob.com/image_resources/logo/teamlogo/9810.png,https://images.fotmob.com/image_resources/logo/teamlogo/9790.png,2026-05-02,15:30
32,https://www.fotmob.com/matches/hoffenheim-vs-vfb-stuttgart/2tu70i#4829599,4829599,Hoffenheim,8226,VfB Stuttgart,10269,True,True,False,False,3 - 3,FT,Full-Time,finished,54,Bundesliga,2025/2026,GER,https://images.fotmob.com/image_resources/logo/teamlogo/8226.png,https://images.fotmob.com/image_resources/logo/teamlogo/10269.png,2026-05-02,15:30
32,https://www.fotmob.com/matches/union-berlin-vs-1-fc-koln/2cqofy#4829601,4829601,Union Berlin,8149,1. FC Köln,8722,True,True,False,False,2 - 2,FT,Full-Time,finished,54,Bundesliga,2025/2026,GER,https://images.fotmob.com/image_resources/logo/teamlogo/8149.png,https://images.fotmob.com/image_resources/logo/teamlogo/8722.png,2026-05-02,15:30
32,https://www.fotmob.com/matches/augsburg-vs-werder-bremen/2f35e9#4829602,4829602,Werder Bremen,8697,Augsburg,8406,True,True,False,False,1 - 3,FT,Full-Time,finished,54,Bundesliga,2025/2026,GER,https://images.fotmob.com/image_resources/logo/teamlogo/8697.png,https://images.fotmob.com/image_resources/logo/teamlogo/8406.png,2026-05-02,15:30
32,https://www.fotmob.com/matches/bayer-leverkusen-vs-rb-leipzig/803a6n9#4829594,4829594,Bayer Leverkusen,8178,RB Leipzig,178475,True,True,False,False,4 - 1,FT,Full-Time,finished,54,Bundesliga,2025/2026,GER,https://images.fotmob.com/image_resources/logo/teamlogo/8178.png,https://images.fotmob.com/image_resources/logo/teamlogo/178475.png,2026-05-02,18:30
32,https://www.fotmob.com/matches/st-pauli-vs-mainz-05/2p2nj2#4829600,4829600,St. Pauli,8152,Mainz 05,9905,True,True,False,False,1 - 2,FT,Full-Time,finished,54,Bundesliga,2025/2026,GER,https://images.fotmob.com/image_resources/logo/teamlogo/8152.png,https://images.fotmob.com/image_resources/logo/teamlogo/9905.png,2026-05-03,15:30
32,https://www.fotmob.com/matches/borussia-monchengladbach-vs-borussia-dortmund/363pci#4829596,4829596,Borussia Mönchengladbach,9788,Borussia Dortmund,9789,True,True,False,False,1 - 0,FT,Full-Time,finished,54,Bundesliga,2025/2026,GER,https://images.fotmob.com/image_resources/logo/teamlogo/9788.png,https://images.fotmob.com/image_resources/logo/teamlogo/9789.png,2026-05-03,17:40
32,https://www.fotmob.com/matches/freiburg-vs-wolfsburg/2eucwl#4829598,4829598,Freiburg,8358,Wolfsburg,8721,True,True,False,False,1 - 1,FT,Full-Time,finished,54,Bundesliga,2025/2026,GER,https://images.fotmob.com/image_resources/logo/teamlogo/8358.png,https://images.fotmob.com/image_resources/logo/teamlogo/8721.png,2026-05-03,19:30
33,https://www.fotmob.com/matches/borussia-dortmund-vs-eintracht-frankfurt/36cxvu#4829604,4829604,Borussia Dortmund,9789,Eintracht Frankfurt,9810,True,True,False,False,3 - 2,FT,Full-Time,finished,54,Bundesliga,2025/2026,GER,https://images.fotmob.com/image_resources/logo/teamlogo/9789.png,https://images.fotmob.com/image_resources/logo/teamlogo/9810.png,2026-05-08,20:30
33,https://www.fotmob.com/matches/augsburg-vs-borussia-monchengladbach/2qjvjb#4829603,4829603,Augsburg,8406,Borussia Mönchengladbach,9788,True,True,False,False,3 - 1,FT,Full-Time,finished,54,Bundesliga,2025/2026,GER,https://images.fotmob.com/image_resources/logo/teamlogo/8406.png,https://images.fotmob.com/image_resources/logo/teamlogo/9788.png,2026-05-09,15:30
33,https://www.fotmob.com/matches/hoffenheim-vs-werder-bremen/2d9ier#4829607,4829607,Hoffenheim,8226,Werder Bremen,8697,True,True,False,False,1 - 0,FT,Full-Time,finished,54,Bundesliga,2025/2026,GER,https://images.fotmob.com/image_resources/logo/teamlogo/8226.png,https://images.fotmob.com/image_resources/logo/teamlogo/8697.png,2026-05-09,15:30
33,https://www.fotmob.com/matches/st-pauli-vs-rb-leipzig/800e6am#4829609,4829609,RB Leipzig,178475,St. Pauli,8152,True,True,False,False,2 - 1,FT,Full-Time,finished,54,Bundesliga,2025/2026,GER,https://images.fotmob.com/image_resources/logo/teamlogo/178475.png,https://images.fotmob.com/image_resources/logo/teamlogo/8152.png,2026-05-09,15:30
33,https://www.fotmob.com/matches/bayer-leverkusen-vs-vfb-stuttgart/2tb6ui#4829610,4829610,VfB Stuttgart,10269,Bayer Leverkusen,8178,True,True,False,False,3 - 1,FT,Full-Time,finished,54,Bundesliga,2025/2026,GER,https://images.fotmob.com/image_resources/logo/teamlogo/10269.png,https://images.fotmob.com/image_resources/logo/teamlogo/8178.png,2026-05-09,15:30
33,https://www.fotmob.com/matches/wolfsburg-vs-bayern-munchen/2udogn#4829611,4829611,Wolfsburg,8721,Bayern München,9823,True,True,False,False,0 - 1,FT,Full-Time,finished,54,Bundesliga,2025/2026,GER,https://images.fotmob.com/image_resources/logo/teamlogo/8721.png,https://images.fotmob.com/image_resources/logo/teamlogo/9823.png,2026-05-09,18:30
33,https://www.fotmob.com/matches/freiburg-vs-hamburger-sv/2q1yk8#4829606,4829606,Hamburger SV,9790,Freiburg,8358,True,True,False,False,3 - 2,FT,Full-Time,finished,54,Bundesliga,2025/2026,GER,https://images.fotmob.com/image_resources/logo/teamlogo/9790.png,https://images.fotmob.com/image_resources/logo/teamlogo/8358.png,2026-05-10,15:30
33,https://www.fotmob.com/matches/1-fc-koln-vs-fc-heidenheim/2gushez#4829605,4829605,1. FC Köln,8722,FC Heidenheim,94937,True,True,False,False,1 - 3,FT,Full-Time,finished,54,Bundesliga,2025/2026,GER,https://images.fotmob.com/image_resources/logo/teamlogo/8722.png,https://images.fotmob.com/image_resources/logo/teamlogo/94937.png,2026-05-10,17:30
33,https://www.fotmob.com/matches/union-berlin-vs-mainz-05/2p1hqe#4829608,4829608,Mainz 05,9905,Union Berlin,8149,True,True,False,False,1 - 3,FT,Full-Time,finished,54,Bundesliga,2025/2026,GER,https://images.fotmob.com/image_resources/logo/teamlogo/9905.png,https://images.fotmob.com/image_resources/logo/teamlogo/8149.png,2026-05-10,19:30
34,https://www.fotmob.com/matches/bayer-leverkusen-vs-hamburger-sv/2o4afq#4829612,4829612,Bayer Leverkusen,8178,Hamburger SV,9790,True,True,False,False,1 - 1,FT,Full-Time,finished,54,Bundesliga,2025/2026,GER,https://images.fotmob.com/image_resources/logo/teamlogo/8178.png,https://images.fotmob.com/image_resources/logo/teamlogo/9790.png,2026-05-16,15:30
34,https://www.fotmob.com/matches/1-fc-koln-vs-bayern-munchen/2ue2rs#4829613,4829613,Bayern München,9823,1. FC Köln,8722,True,True,False,False,5 - 1,FT,Full-Time,finished,54,Bundesliga,2025/2026,GER,https://images.fotmob.com/image_resources/logo/teamlogo/9823.png,https://images.fotmob.com/image_resources/logo/teamlogo/8722.png,2026-05-16,15:30
34,https://www.fotmob.com/matches/hoffenheim-vs-borussia-monchengladbach/2om10t#4829614,4829614,Borussia Mönchengladbach,9788,Hoffenheim,8226,True,True,False,False,4 - 0,FT,Full-Time,finished,54,Bundesliga,2025/2026,GER,https://images.fotmob.com/image_resources/logo/teamlogo/9788.png,https://images.fotmob.com/image_resources/logo/teamlogo/8226.png,2026-05-16,15:30
34,https://www.fotmob.com/matches/eintracht-frankfurt-vs-vfb-stuttgart/3c11ui#4829615,4829615,Eintracht Frankfurt,9810,VfB Stuttgart,10269,True,True,False,False,2 - 2,FT,Full-Time,finished,54,Bundesliga,2025/2026,GER,https://images.fotmob.com/image_resources/logo/teamlogo/9810.png,https://images.fotmob.com/image_resources/logo/teamlogo/10269.png,2026-05-16,15:30
34,https://www.fotmob.com/matches/mainz-05-vs-fc-heidenheim/2iw610o#4829617,4829617,FC Heidenheim,94937,Mainz 05,9905,True,True,False,False,0 - 2,FT,Full-Time,finished,54,Bundesliga,2025/2026,GER,https://images.fotmob.com/image_resources/logo/teamlogo/94937.png,https://images.fotmob.com/image_resources/logo/teamlogo/9905.png,2026-05-16,15:30
34,https://www.fotmob.com/matches/freiburg-vs-rb-leipzig/80nandr#4829616,4829616,Freiburg,8358,RB Leipzig,178475,True,True,False,False,4 - 1,FT,Full-Time,finished,54,Bundesliga,2025/2026,GER,https://images.fotmob.com/image_resources/logo/teamlogo/8358.png,https://images.fotmob.com/image_resources/logo/teamlogo/178475.png,2026-05-16,15:30
34,https://www.fotmob.com/matches/st-pauli-vs-wolfsburg/2creha#4829618,4829618,St. Pauli,8152,Wolfsburg,8721,True,True,False,False,1 - 3,FT,Full-Time,finished,54,Bundesliga,2025/2026,GER,https://images.fotmob.com/image_resources/logo/teamlogo/8152.png,https://images.fotmob.com/image_resources/logo/teamlogo/8721.png,2026-05-16,15:30
34,https://www.fotmob.com/matches/union-berlin-vs-augsburg/29lgzs#4829619,4829619,Union Berlin,8149,Augsburg,8406,True,True,False,False,4 - 0,FT,Full-Time,finished,54,Bundesliga,2025/2026,GER,https://images.fotmob.com/image_resources/logo/teamlogo/8149.png,https://images.fotmob.com/image_resources/logo/teamlogo/8406.png,2026-05-16,15:30
34,https://www.fotmob.com/matches/werder-bremen-vs-borussia-dortmund/2tqnt6#4829620,4829620,Werder Bremen,8697,Borussia Dortmund,9789,True,True,False,False,0 - 2,FT,Full-Time,finished,54,Bundesliga,2025/2026,GER,https://images.fotmob.com/image_resources/logo/teamlogo/8697.png,https://images.fotmob.com/image_resources/logo/teamlogo/9789.png,2026-05-16,15:30
1,https://www.fotmob.com/matches/lecce-vs-genoa/3cj5b9#4803040,4803040,Genoa,10233,Lecce,9888,True,True,False,False,0 - 0,FT,Full-Time,finished,55,Serie A,2025/2026,ITA,https://images.fotmob.com/image_resources/logo/teamlogo/10233.png,https://images.fotmob.com/image_resources/logo/teamlogo/9888.png,2025-08-23,18:30
1,https://www.fotmob.com/matches/sassuolo-vs-napoli/2mirhu#4803045,4803045,Sassuolo,7943,Napoli,9875,True,True,False,False,0 - 2,FT,Full-Time,finished,55,Serie A,2025/2026,ITA,https://images.fotmob.com/image_resources/logo/teamlogo/7943.png,https://images.fotmob.com/image_resources/logo/teamlogo/9875.png,2025-08-23,18:30
1,https://www.fotmob.com/matches/cremonese-vs-milan/27qfxb#4803043,4803043,Milan,8564,Cremonese,7801,True,True,False,False,1 - 2,FT,Full-Time,finished,55,Serie A,2025/2026,ITA,https://images.fotmob.com/image_resources/logo/teamlogo/8564.png,https://images.fotmob.com/image_resources/logo/teamlogo/7801.png,2025-08-23,20:45
1,https://www.fotmob.com/matches/roma-vs-bologna/2uda6h#4803044,4803044,Roma,8686,Bologna,9857,True,True,False,False,1 - 0,FT,Full-Time,finished,55,Serie A,2025/2026,ITA,https://images.fotmob.com/image_resources/logo/teamlogo/8686.png,https://images.fotmob.com/image_resources/logo/teamlogo/9857.png,2025-08-23,20:45
1,https://www.fotmob.com/matches/cagliari-vs-fiorentina/2eov63#4803038,4803038,Cagliari,8529,Fiorentina,8535,True,True,False,False,1 - 1,FT,Full-Time,finished,55,Serie A,2025/2026,ITA,https://images.fotmob.com/image_resources/logo/teamlogo/8529.png,https://images.fotmob.com/image_resources/logo/teamlogo/8535.png,2025-08-24,18:30
1,https://www.fotmob.com/matches/lazio-vs-como/2w9j5q#4803039,4803039,Como,10171,Lazio,8543,True,True,False,False,2 - 0,FT,Full-Time,finished,55,Serie A,2025/2026,ITA,https://images.fotmob.com/image_resources/logo/teamlogo/10171.png,https://images.fotmob.com/image_resources/logo/teamlogo/8543.png,2025-08-24,18:30
1,https://www.fotmob.com/matches/pisa-vs-atalanta/1v0kna#4803037,4803037,Atalanta,8524,Pisa,6479,True,True,False,False,1 - 1,FT,Full-Time,finished,55,Serie A,2025/2026,ITA,https://images.fotmob.com/image_resources/logo/teamlogo/8524.png,https://images.fotmob.com/image_resources/logo/teamlogo/6479.png,2025-08-24,20:45
1,https://www.fotmob.com/matches/juventus-vs-parma/3bpfv3#4803042,4803042,Juventus,9885,Parma,10167,True,True,False,False,2 - 0,FT,Full-Time,finished,55,Serie A,2025/2026,ITA,https://images.fotmob.com/image_resources/logo/teamlogo/9885.png,https://images.fotmob.com/image_resources/logo/teamlogo/10167.png,2025-08-24,20:45
1,https://www.fotmob.com/matches/udinese-vs-hellas-verona/2tmp9u#4803046,4803046,Udinese,8600,Hellas Verona,9876,True,True,False,False,1 - 1,FT,Full-Time,finished,55,Serie A,2025/2026,ITA,https://images.fotmob.com/image_resources/logo/teamlogo/8600.png,https://images.fotmob.com/image_resources/logo/teamlogo/9876.png,2025-08-25,18:30
1,https://www.fotmob.com/matches/inter-vs-torino/2t8ghc#4803041,4803041,Inter,8636,Torino,9804,True,True,False,False,5 - 0,FT,Full-Time,finished,55,Serie A,2025/2026,ITA,https://images.fotmob.com/image_resources/logo/teamlogo/8636.png,https://images.fotmob.com/image_resources/logo/teamlogo/9804.png,2025-08-25,20:45
2,https://www.fotmob.com/matches/cremonese-vs-sassuolo/21sqfb#4803048,4803048,Cremonese,7801,Sassuolo,7943,True,True,False,False,3 - 2,FT,Full-Time,finished,55,Serie A,2025/2026,ITA,https://images.fotmob.com/image_resources/logo/teamlogo/7801.png,https://images.fotmob.com/image_resources/logo/teamlogo/7943.png,2025-08-29,18:30
2,https://www.fotmob.com/matches/milan-vs-lecce/2td7ci#4803052,4803052,Lecce,9888,Milan,8564,True,True,False,False,0 - 2,FT,Full-Time,finished,55,Serie A,2025/2026,ITA,https://images.fotmob.com/image_resources/logo/teamlogo/9888.png,https://images.fotmob.com/image_resources/logo/teamlogo/8564.png,2025-08-29,20:45
2,https://www.fotmob.com/matches/bologna-vs-como/3bf4pz#4803047,4803047,Bologna,9857,Como,10171,True,True,False,False,1 - 0,FT,Full-Time,finished,55,Serie A,2025/2026,ITA,https://images.fotmob.com/image_resources/logo/teamlogo/9857.png,https://images.fotmob.com/image_resources/logo/teamlogo/10171.png,2025-08-30,18:30
2,https://www.fotmob.com/matches/atalanta-vs-parma/2w0b82#4803054,4803054,Parma,10167,Atalanta,8524,True,True,False,False,1 - 1,FT,Full-Time,finished,55,Serie A,2025/2026,ITA,https://images.fotmob.com/image_resources/logo/teamlogo/10167.png,https://images.fotmob.com/image_resources/logo/teamlogo/8524.png,2025-08-30,18:30
2,https://www.fotmob.com/matches/pisa-vs-roma/1wgyc1#4803055,4803055,Pisa,6479,Roma,8686,True,True,False,False,0 - 1,FT,Full-Time,finished,55,Serie A,2025/2026,ITA,https://images.fotmob.com/image_resources/logo/teamlogo/6479.png,https://images.fotmob.com/image_resources/logo/teamlogo/8686.png,2025-08-30,20:45
2,https://www.fotmob.com/matches/cagliari-vs-napoli/2su8st#4803053,4803053,Napoli,9875,Cagliari,8529,True,True,False,False,1 - 0,FT,Full-Time,finished,55,Serie A,2025/2026,ITA,https://images.fotmob.com/image_resources/logo/teamlogo/9875.png,https://images.fotmob.com/image_resources/logo/teamlogo/8529.png,2025-08-30,20:45
2,https://www.fotmob.com/matches/juventus-vs-genoa/3chuqi#4803049,4803049,Genoa,10233,Juventus,9885,True,True,False,False,0 - 1,FT,Full-Time,finished,55,Serie A,2025/2026,ITA,https://images.fotmob.com/image_resources/logo/teamlogo/10233.png,https://images.fotmob.com/image_resources/logo/teamlogo/9885.png,2025-08-31,18:30
2,https://www.fotmob.com/matches/fiorentina-vs-torino/2s4nb6#4803056,4803056,Torino,9804,Fiorentina,8535,True,True,False,False,0 - 0,FT,Full-Time,finished,55,Serie A,2025/2026,ITA,https://images.fotmob.com/image_resources/logo/teamlogo/9804.png,https://images.fotmob.com/image_resources/logo/teamlogo/8535.png,2025-08-31,18:30
2,https://www.fotmob.com/matches/udinese-vs-inter/2gg3e6#4803050,4803050,Inter,8636,Udinese,8600,True,True,False,False,1 - 2,FT,Full-Time,finished,55,Serie A,2025/2026,ITA,https://images.fotmob.com/image_resources/logo/teamlogo/8636.png,https://images.fotmob.com/image_resources/logo/teamlogo/8600.png,2025-08-31,20:45
2,https://www.fotmob.com/matches/lazio-vs-hellas-verona/2t05wi#4803051,4803051,Lazio,8543,Hellas Verona,9876,True,True,False,False,4 - 0,FT,Full-Time,finished,55,Serie A,2025/2026,ITA,https://images.fotmob.com/image_resources/logo/teamlogo/8543.png,https://images.fotmob.com/image_resources/logo/teamlogo/9876.png,2025-08-31,20:45
3,https://www.fotmob.com/matches/cagliari-vs-parma/2w2bcl#4803058,4803058,Cagliari,8529,Parma,10167,True,True,False,False,2 - 0,FT,Full-Time,finished,55,Serie A,2025/2026,ITA,https://images.fotmob.com/image_resources/logo/teamlogo/8529.png,https://images.fotmob.com/image_resources/logo/teamlogo/10167.png,2025-09-13,15:00
3,https://www.fotmob.com/matches/inter-vs-juventus/2u4jlu#4803061,4803061,Juventus,9885,Inter,8636,True,True,False,False,4 - 3,FT,Full-Time,finished,55,Serie A,2025/2026,ITA,https://images.fotmob.com/image_resources/logo/teamlogo/9885.png,https://images.fotmob.com/image_resources/logo/teamlogo/8636.png,2025-09-13,18:00
3,https://www.fotmob.com/matches/fiorentina-vs-napoli/2swm0q#4803060,4803060,Fiorentina,8535,Napoli,9875,True,True,False,False,1 - 3,FT,Full-Time,finished,55,Serie A,2025/2026,ITA,https://images.fotmob.com/image_resources/logo/teamlogo/8535.png,https://images.fotmob.com/image_resources/logo/teamlogo/9875.png,2025-09-13,20:45
3,https://www.fotmob.com/matches/roma-vs-torino/2ts8vv#4803064,4803064,Roma,8686,Torino,9804,True,True,False,False,0 - 1,FT,Full-Time,finished,55,Serie A,2025/2026,ITA,https://images.fotmob.com/image_resources/logo/teamlogo/8686.png,https://images.fotmob.com/image_resources/logo/teamlogo/9804.png,2025-09-14,12:30
3,https://www.fotmob.com/matches/atalanta-vs-lecce/2sxefy#4803057,4803057,Atalanta,8524,Lecce,9888,True,True,False,False,4 - 1,FT,Full-Time,finished,55,Serie A,2025/2026,ITA,https://images.fotmob.com/image_resources/logo/teamlogo/8524.png,https://images.fotmob.com/image_resources/logo/teamlogo/9888.png,2025-09-14,15:00
3,https://www.fotmob.com/matches/pisa-vs-udinese/1vp2ro#4803063,4803063,Pisa,6479,Udinese,8600,True,True,False,False,0 - 1,FT,Full-Time,finished,55,Serie A,2025/2026,ITA,https://images.fotmob.com/image_resources/logo/teamlogo/6479.png,https://images.fotmob.com/image_resources/logo/teamlogo/8600.png,2025-09-14,15:00
3,https://www.fotmob.com/matches/sassuolo-vs-lazio/28x1ic#4803065,4803065,Sassuolo,7943,Lazio,8543,True,True,False,False,1 - 0,FT,Full-Time,finished,55,Serie A,2025/2026,ITA,https://images.fotmob.com/image_resources/logo/teamlogo/7943.png,https://images.fotmob.com/image_resources/logo/teamlogo/8543.png,2025-09-14,18:00
3,https://www.fotmob.com/matches/milan-vs-bologna/2t0ybc#4803062,4803062,Milan,8564,Bologna,9857,True,True,False,False,1 - 0,FT,Full-Time,finished,55,Serie A,2025/2026,ITA,https://images.fotmob.com/image_resources/logo/teamlogo/8564.png,https://images.fotmob.com/image_resources/logo/teamlogo/9857.png,2025-09-14,20:45
3,https://www.fotmob.com/matches/cremonese-vs-hellas-verona/2l14kv#4803066,4803066,Hellas Verona,9876,Cremonese,7801,True,True,False,False,0 - 0,FT,Full-Time,finished,55,Serie A,2025/2026,ITA,https://images.fotmob.com/image_resources/logo/teamlogo/9876.png,https://images.fotmob.com/image_resources/logo/teamlogo/7801.png,2025-09-15,18:30
3,https://www.fotmob.com/matches/como-vs-genoa/3fy2aj#4803059,4803059,Como,10171,Genoa,10233,True,True,False,False,1 - 1,FT,Full-Time,finished,55,Serie A,2025/2026,ITA,https://images.fotmob.com/image_resources/logo/teamlogo/10171.png,https://images.fotmob.com/image_resources/logo/teamlogo/10233.png,2025-09-15,20:45
4,https://www.fotmob.com/matches/cagliari-vs-lecce/2szdhl#4803076,4803076,Lecce,9888,Cagliari,8529,True,True,False,False,1 - 2,FT,Full-Time,finished,55,Serie A,2025/2026,ITA,https://images.fotmob.com/image_resources/logo/teamlogo/9888.png,https://images.fotmob.com/image_resources/logo/teamlogo/8529.png,2025-09-19,20:45
4,https://www.fotmob.com/matches/bologna-vs-genoa/3c5scw#4803071,4803071,Bologna,9857,Genoa,10233,True,True,False,False,2 - 1,FT,Full-Time,finished,55,Serie A,2025/2026,ITA,https://images.fotmob.com/image_resources/logo/teamlogo/9857.png,https://images.fotmob.com/image_resources/logo/teamlogo/10233.png,2025-09-20,15:00
4,https://www.fotmob.com/matches/hellas-verona-vs-juventus/389a06#4803070,4803070,Hellas Verona,9876,Juventus,9885,True,True,False,False,1 - 1,FT,Full-Time,finished,55,Serie A,2025/2026,ITA,https://images.fotmob.com/image_resources/logo/teamlogo/9876.png,https://images.fotmob.com/image_resources/logo/teamlogo/9885.png,2025-09-20,18:00
4,https://www.fotmob.com/matches/milan-vs-udinese/2fpjs6#4803069,4803069,Udinese,8600,Milan,8564,True,True,False,False,0 - 3,FT,Full-Time,finished,55,Serie A,2025/2026,ITA,https://images.fotmob.com/image_resources/logo/teamlogo/8600.png,https://images.fotmob.com/image_resources/logo/teamlogo/8564.png,2025-09-20,20:45
4,https://www.fotmob.com/matches/lazio-vs-roma/2gdicp#4803075,4803075,Lazio,8543,Roma,8686,True,True,False,False,0 - 1,FT,Full-Time,finished,55,Serie A,2025/2026,ITA,https://images.fotmob.com/image_resources/logo/teamlogo/8543.png,https://images.fotmob.com/image_resources/logo/teamlogo/8686.png,2025-09-21,12:30
4,https://www.fotmob.com/matches/cremonese-vs-parma/2o48wh#4803072,4803072,Cremonese,7801,Parma,10167,True,True,False,False,0 - 0,FT,Full-Time,finished,55,Serie A,2025/2026,ITA,https://images.fotmob.com/image_resources/logo/teamlogo/7801.png,https://images.fotmob.com/image_resources/logo/teamlogo/10167.png,2025-09-21,15:00
4,https://www.fotmob.com/matches/atalanta-vs-torino/2s0bp4#4803068,4803068,Torino,9804,Atalanta,8524,True,True,False,False,0 - 3,FT,Full-Time,finished,55,Serie A,2025/2026,ITA,https://images.fotmob.com/image_resources/logo/teamlogo/9804.png,https://images.fotmob.com/image_resources/logo/teamlogo/8524.png,2025-09-21,15:00
4,https://www.fotmob.com/matches/fiorentina-vs-como/2w6bnm#4803073,4803073,Fiorentina,8535,Como,10171,True,True,False,False,1 - 2,FT,Full-Time,finished,55,Serie A,2025/2026,ITA,https://images.fotmob.com/image_resources/logo/teamlogo/8535.png,https://images.fotmob.com/image_resources/logo/teamlogo/10171.png,2025-09-21,18:00
4,https://www.fotmob.com/matches/sassuolo-vs-inter/29tzz6#4803074,4803074,Inter,8636,Sassuolo,7943,True,True,False,False,2 - 1,FT,Full-Time,finished,55,Serie A,2025/2026,ITA,https://images.fotmob.com/image_resources/logo/teamlogo/8636.png,https://images.fotmob.com/image_resources/logo/teamlogo/7943.png,2025-09-21,20:45
4,https://www.fotmob.com/matches/pisa-vs-napoli/27mm2u#4803077,4803077,Napoli,9875,Pisa,6479,True,True,False,False,3 - 2,FT,Full-Time,finished,55,Serie A,2025/2026,ITA,https://images.fotmob.com/image_resources/logo/teamlogo/9875.png,https://images.fotmob.com/image_resources/logo/teamlogo/6479.png,2025-09-22,20:45
5,https://www.fotmob.com/matches/cremonese-vs-como/2o5sd7#4803079,4803079,Como,10171,Cremonese,7801,True,True,False,False,1 - 1,FT,Full-Time,finished,55,Serie A,2025/2026,ITA,https://images.fotmob.com/image_resources/logo/teamlogo/10171.png,https://images.fotmob.com/image_resources/logo/teamlogo/7801.png,2025-09-27,15:00
5,https://www.fotmob.com/matches/atalanta-vs-juventus/2sw7tm#4803081,4803081,Juventus,9885,Atalanta,8524,True,True,False,False,1 - 1,FT,Full-Time,finished,55,Serie A,2025/2026,ITA,https://images.fotmob.com/image_resources/logo/teamlogo/9885.png,https://images.fotmob.com/image_resources/logo/teamlogo/8524.png,2025-09-27,18:00
5,https://www.fotmob.com/matches/cagliari-vs-inter/2fpx1z#4803078,4803078,Cagliari,8529,Inter,8636,True,True,False,False,0 - 2,FT,Full-Time,finished,55,Serie A,2025/2026,ITA,https://images.fotmob.com/image_resources/logo/teamlogo/8529.png,https://images.fotmob.com/image_resources/logo/teamlogo/8636.png,2025-09-27,20:45
5,https://www.fotmob.com/matches/sassuolo-vs-udinese/29h7wo#4803087,4803087,Sassuolo,7943,Udinese,8600,True,True,False,False,3 - 1,FT,Full-Time,finished,55,Serie A,2025/2026,ITA,https://images.fotmob.com/image_resources/logo/teamlogo/7943.png,https://images.fotmob.com/image_resources/logo/teamlogo/8600.png,2025-09-28,12:30
5,https://www.fotmob.com/matches/pisa-vs-fiorentina/1v441o#4803085,4803085,Pisa,6479,Fiorentina,8535,True,True,False,False,0 - 0,FT,Full-Time,finished,55,Serie A,2025/2026,ITA,https://images.fotmob.com/image_resources/logo/teamlogo/6479.png,https://images.fotmob.com/image_resources/logo/teamlogo/8535.png,2025-09-28,15:00
5,https://www.fotmob.com/matches/roma-vs-hellas-verona/2uku6v#4803086,4803086,Roma,8686,Hellas Verona,9876,True,True,False,False,2 - 0,FT,Full-Time,finished,55,Serie A,2025/2026,ITA,https://images.fotmob.com/image_resources/logo/teamlogo/8686.png,https://images.fotmob.com/image_resources/logo/teamlogo/9876.png,2025-09-28,15:00
5,https://www.fotmob.com/matches/bologna-vs-lecce/382i4x#4803082,4803082,Lecce,9888,Bologna,9857,True,True,False,False,2 - 2,FT,Full-Time,finished,55,Serie A,2025/2026,ITA,https://images.fotmob.com/image_resources/logo/teamlogo/9888.png,https://images.fotmob.com/image_resources/logo/teamlogo/9857.png,2025-09-28,18:00
5,https://www.fotmob.com/matches/milan-vs-napoli/2t82b3#4803083,4803083,Milan,8564,Napoli,9875,True,True,False,False,2 - 1,FT,Full-Time,finished,55,Serie A,2025/2026,ITA,https://images.fotmob.com/image_resources/logo/teamlogo/8564.png,https://images.fotmob.com/image_resources/logo/teamlogo/9875.png,2025-09-28,20:45
5,https://www.fotmob.com/matches/torino-vs-parma/3aqp1u#4803084,4803084,Parma,10167,Torino,9804,True,True,False,False,2 - 1,FT,Full-Time,finished,55,Serie A,2025/2026,ITA,https://images.fotmob.com/image_resources/logo/teamlogo/10167.png,https://images.fotmob.com/image_resources/logo/teamlogo/9804.png,2025-09-29,18:30
5,https://www.fotmob.com/matches/lazio-vs-genoa/2wyfxn#4803080,4803080,Genoa,10233,Lazio,8543,True,True,False,False,0 - 3,FT,Full-Time,finished,55,Serie A,2025/2026,ITA,https://images.fotmob.com/image_resources/logo/teamlogo/10233.png,https://images.fotmob.com/image_resources/logo/teamlogo/8543.png,2025-09-29,20:45
6,https://www.fotmob.com/matches/sassuolo-vs-hellas-verona/2mj58u#4803097,4803097,Hellas Verona,9876,Sassuolo,7943,True,True,False,False,0 - 1,FT,Full-Time,finished,55,Serie A,2025/2026,ITA,https://images.fotmob.com/image_resources/logo/teamlogo/9876.png,https://images.fotmob.com/image_resources/logo/teamlogo/7943.png,2025-10-03,20:45
6,https://www.fotmob.com/matches/lazio-vs-torino/2s7sji#4803093,4803093,Lazio,8543,Torino,9804,True,True,False,False,3 - 3,FT,Full-Time,finished,55,Serie A,2025/2026,ITA,https://images.fotmob.com/image_resources/logo/teamlogo/8543.png,https://images.fotmob.com/image_resources/logo/teamlogo/9804.png,2025-10-04,15:00
6,https://www.fotmob.com/matches/lecce-vs-parma/3bqqac#4803095,4803095,Parma,10167,Lecce,9888,True,True,False,False,0 - 1,FT,Full-Time,finished,55,Serie A,2025/2026,ITA,https://images.fotmob.com/image_resources/logo/teamlogo/10167.png,https://images.fotmob.com/image_resources/logo/teamlogo/9888.png,2025-10-04,15:00
6,https://www.fotmob.com/matches/cremonese-vs-inter/28fr6b#4803091,4803091,Inter,8636,Cremonese,7801,True,True,False,False,4 - 1,FT,Full-Time,finished,55,Serie A,2025/2026,ITA,https://images.fotmob.com/image_resources/logo/teamlogo/8636.png,https://images.fotmob.com/image_resources/logo/teamlogo/7801.png,2025-10-04,18:00
6,https://www.fotmob.com/matches/atalanta-vs-como/2w1wx4#4803088,4803088,Atalanta,8524,Como,10171,True,True,False,False,1 - 1,FT,Full-Time,finished,55,Serie A,2025/2026,ITA,https://images.fotmob.com/image_resources/logo/teamlogo/8524.png,https://images.fotmob.com/image_resources/logo/teamlogo/10171.png,2025-10-04,20:45
6,https://www.fotmob.com/matches/cagliari-vs-udinese/2fcoph#4803096,4803096,Udinese,8600,Cagliari,8529,True,True,False,False,1 - 1,FT,Full-Time,finished,55,Serie A,2025/2026,ITA,https://images.fotmob.com/image_resources/logo/teamlogo/8600.png,https://images.fotmob.com/image_resources/logo/teamlogo/8529.png,2025-10-05,12:30
6,https://www.fotmob.com/matches/pisa-vs-bologna/27gb1l#4803089,4803089,Bologna,9857,Pisa,6479,True,True,False,False,4 - 0,FT,Full-Time,finished,55,Serie A,2025/2026,ITA,https://images.fotmob.com/image_resources/logo/teamlogo/9857.png,https://images.fotmob.com/image_resources/logo/teamlogo/6479.png,2025-10-05,15:00
6,https://www.fotmob.com/matches/fiorentina-vs-roma/2gak0t#4803090,4803090,Fiorentina,8535,Roma,8686,True,True,False,False,1 - 2,FT,Full-Time,finished,55,Serie A,2025/2026,ITA,https://images.fotmob.com/image_resources/logo/teamlogo/8535.png,https://images.fotmob.com/image_resources/logo/teamlogo/8686.png,2025-10-05,15:00
6,https://www.fotmob.com/matches/napoli-vs-genoa/3cdjj5#4803094,4803094,Napoli,9875,Genoa,10233,True,True,False,False,2 - 1,FT,Full-Time,finished,55,Serie A,2025/2026,ITA,https://images.fotmob.com/image_resources/logo/teamlogo/9875.png,https://images.fotmob.com/image_resources/logo/teamlogo/10233.png,2025-10-05,18:00
6,https://www.fotmob.com/matches/milan-vs-juventus/2tc0mu#4803092,4803092,Juventus,9885,Milan,8564,True,True,False,False,0 - 0,FT,Full-Time,finished,55,Serie A,2025/2026,ITA,https://images.fotmob.com/image_resources/logo/teamlogo/9885.png,https://images.fotmob.com/image_resources/logo/teamlogo/8564.png,2025-10-05,20:45
7,https://www.fotmob.com/matches/sassuolo-vs-lecce/2mnqb0#4803103,4803103,Lecce,9888,Sassuolo,7943,True,True,False,False,0 - 0,FT,Full-Time,finished,55,Serie A,2025/2026,ITA,https://images.fotmob.com/image_resources/logo/teamlogo/9888.png,https://images.fotmob.com/image_resources/logo/teamlogo/7943.png,2025-10-18,15:00
7,https://www.fotmob.com/matches/pisa-vs-hellas-verona/27myp6#4803105,4803105,Pisa,6479,Hellas Verona,9876,True,True,False,False,0 - 0,FT,Full-Time,finished,55,Serie A,2025/2026,ITA,https://images.fotmob.com/image_resources/logo/teamlogo/6479.png,https://images.fotmob.com/image_resources/logo/teamlogo/9876.png,2025-10-18,15:00
7,https://www.fotmob.com/matches/torino-vs-napoli/37am8z#4803107,4803107,Torino,9804,Napoli,9875,True,True,False,False,1 - 0,FT,Full-Time,finished,55,Serie A,2025/2026,ITA,https://images.fotmob.com/image_resources/logo/teamlogo/9804.png,https://images.fotmob.com/image_resources/logo/teamlogo/9875.png,2025-10-18,18:00
7,https://www.fotmob.com/matches/inter-vs-roma/2hby2d#4803106,4803106,Roma,8686,Inter,8636,True,True,False,False,0 - 1,FT,Full-Time,finished,55,Serie A,2025/2026,ITA,https://images.fotmob.com/image_resources/logo/teamlogo/8686.png,https://images.fotmob.com/image_resources/logo/teamlogo/8636.png,2025-10-18,20:45
7,https://www.fotmob.com/matches/juventus-vs-como/3br5rd#4803100,4803100,Como,10171,Juventus,9885,True,True,False,False,2 - 0,FT,Full-Time,finished,55,Serie A,2025/2026,ITA,https://images.fotmob.com/image_resources/logo/teamlogo/10171.png,https://images.fotmob.com/image_resources/logo/teamlogo/9885.png,2025-10-19,12:30
7,https://www.fotmob.com/matches/cagliari-vs-bologna/2sn5ak#4803099,4803099,Cagliari,8529,Bologna,9857,True,True,False,False,0 - 2,FT,Full-Time,finished,55,Serie A,2025/2026,ITA,https://images.fotmob.com/image_resources/logo/teamlogo/8529.png,https://images.fotmob.com/image_resources/logo/teamlogo/9857.png,2025-10-19,15:00
7,https://www.fotmob.com/matches/parma-vs-genoa/3fwbbl#4803102,4803102,Genoa,10233,Parma,10167,True,True,False,False,0 - 0,FT,Full-Time,finished,55,Serie A,2025/2026,ITA,https://images.fotmob.com/image_resources/logo/teamlogo/10233.png,https://images.fotmob.com/image_resources/logo/teamlogo/10167.png,2025-10-19,15:00
7,https://www.fotmob.com/matches/atalanta-vs-lazio/2epyoh#4803098,4803098,Atalanta,8524,Lazio,8543,True,True,False,False,0 - 0,FT,Full-Time,finished,55,Serie A,2025/2026,ITA,https://images.fotmob.com/image_resources/logo/teamlogo/8524.png,https://images.fotmob.com/image_resources/logo/teamlogo/8543.png,2025-10-19,18:00
7,https://www.fotmob.com/matches/fiorentina-vs-milan/2f1oie#4803104,4803104,Milan,8564,Fiorentina,8535,True,True,False,False,2 - 1,FT,Full-Time,finished,55,Serie A,2025/2026,ITA,https://images.fotmob.com/image_resources/logo/teamlogo/8564.png,https://images.fotmob.com/image_resources/logo/teamlogo/8535.png,2025-10-19,20:45
7,https://www.fotmob.com/matches/cremonese-vs-udinese/28331t#4803101,4803101,Cremonese,7801,Udinese,8600,True,True,False,False,1 - 1,FT,Full-Time,finished,55,Serie A,2025/2026,ITA,https://images.fotmob.com/image_resources/logo/teamlogo/7801.png,https://images.fotmob.com/image_resources/logo/teamlogo/8600.png,2025-10-20,20:45
8,https://www.fotmob.com/matches/pisa-vs-milan/1vdgd6#4803113,4803113,Milan,8564,Pisa,6479,True,True,False,False,2 - 2,FT,Full-Time,finished,55,Serie A,2025/2026,ITA,https://images.fotmob.com/image_resources/logo/teamlogo/8564.png,https://images.fotmob.com/image_resources/logo/teamlogo/6479.png,2025-10-24,20:45
8,https://www.fotmob.com/matches/parma-vs-como/3f58t2#4803115,4803115,Parma,10167,Como,10171,True,True,False,False,0 - 0,FT,Full-Time,finished,55,Serie A,2025/2026,ITA,https://images.fotmob.com/image_resources/logo/teamlogo/10167.png,https://images.fotmob.com/image_resources/logo/teamlogo/10171.png,2025-10-25,15:00
8,https://www.fotmob.com/matches/udinese-vs-lecce/2trgf0#4803108,4803108,Udinese,8600,Lecce,9888,True,True,False,False,3 - 2,FT,Full-Time,finished,55,Serie A,2025/2026,ITA,https://images.fotmob.com/image_resources/logo/teamlogo/8600.png,https://images.fotmob.com/image_resources/logo/teamlogo/9888.png,2025-10-25,15:00
8,https://www.fotmob.com/matches/inter-vs-napoli/2u0kq3#4803114,4803114,Napoli,9875,Inter,8636,True,True,False,False,3 - 1,FT,Full-Time,finished,55,Serie A,2025/2026,ITA,https://images.fotmob.com/image_resources/logo/teamlogo/9875.png,https://images.fotmob.com/image_resources/logo/teamlogo/8636.png,2025-10-25,18:00
8,https://www.fotmob.com/matches/cremonese-vs-atalanta/27cfej#4803110,4803110,Cremonese,7801,Atalanta,8524,True,True,False,False,1 - 1,FT,Full-Time,finished,55,Serie A,2025/2026,ITA,https://images.fotmob.com/image_resources/logo/teamlogo/7801.png,https://images.fotmob.com/image_resources/logo/teamlogo/8524.png,2025-10-25,20:45
8,https://www.fotmob.com/matches/torino-vs-genoa/3bizsr#4803117,4803117,Torino,9804,Genoa,10233,True,True,False,False,2 - 1,FT,Full-Time,finished,55,Serie A,2025/2026,ITA,https://images.fotmob.com/image_resources/logo/teamlogo/9804.png,https://images.fotmob.com/image_resources/logo/teamlogo/10233.png,2025-10-26,12:30
8,https://www.fotmob.com/matches/cagliari-vs-hellas-verona/2sun03#4803109,4803109,Hellas Verona,9876,Cagliari,8529,True,True,False,False,2 - 2,FT,Full-Time,finished,55,Serie A,2025/2026,ITA,https://images.fotmob.com/image_resources/logo/teamlogo/9876.png,https://images.fotmob.com/image_resources/logo/teamlogo/8529.png,2025-10-26,15:00
8,https://www.fotmob.com/matches/sassuolo-vs-roma/2absmd#4803116,4803116,Sassuolo,7943,Roma,8686,True,True,False,False,0 - 1,FT,Full-Time,finished,55,Serie A,2025/2026,ITA,https://images.fotmob.com/image_resources/logo/teamlogo/7943.png,https://images.fotmob.com/image_resources/logo/teamlogo/8686.png,2025-10-26,15:00
8,https://www.fotmob.com/matches/fiorentina-vs-bologna/2spifh#4803111,4803111,Fiorentina,8535,Bologna,9857,True,True,False,False,2 - 2,FT,Full-Time,finished,55,Serie A,2025/2026,ITA,https://images.fotmob.com/image_resources/logo/teamlogo/8535.png,https://images.fotmob.com/image_resources/logo/teamlogo/9857.png,2025-10-26,18:00
8,https://www.fotmob.com/matches/lazio-vs-juventus/2t3pur#4803112,4803112,Lazio,8543,Juventus,9885,True,True,False,False,1 - 0,FT,Full-Time,finished,55,Serie A,2025/2026,ITA,https://images.fotmob.com/image_resources/logo/teamlogo/8543.png,https://images.fotmob.com/image_resources/logo/teamlogo/9885.png,2025-10-26,20:45
9,https://www.fotmob.com/matches/napoli-vs-lecce/38a4i6#4803125,4803125,Lecce,9888,Napoli,9875,True,True,False,False,0 - 1,FT,Full-Time,finished,55,Serie A,2025/2026,ITA,https://images.fotmob.com/image_resources/logo/teamlogo/9888.png,https://images.fotmob.com/image_resources/logo/teamlogo/9875.png,2025-10-28,18:30
9,https://www.fotmob.com/matches/atalanta-vs-milan/2exnf8#4803118,4803118,Atalanta,8524,Milan,8564,True,True,False,False,1 - 1,FT,Full-Time,finished,55,Serie A,2025/2026,ITA,https://images.fotmob.com/image_resources/logo/teamlogo/8524.png,https://images.fotmob.com/image_resources/logo/teamlogo/8564.png,2025-10-28,20:45
9,https://www.fotmob.com/matches/hellas-verona-vs-como/3bnai4#4803121,4803121,Como,10171,Hellas Verona,9876,True,True,False,False,3 - 1,FT,Full-Time,finished,55,Serie A,2025/2026,ITA,https://images.fotmob.com/image_resources/logo/teamlogo/10171.png,https://images.fotmob.com/image_resources/logo/teamlogo/9876.png,2025-10-29,18:30
9,https://www.fotmob.com/matches/udinese-vs-juventus/2tq9mc#4803124,4803124,Juventus,9885,Udinese,8600,True,True,False,False,3 - 1,FT,Full-Time,finished,55,Serie A,2025/2026,ITA,https://images.fotmob.com/image_resources/logo/teamlogo/9885.png,https://images.fotmob.com/image_resources/logo/teamlogo/8600.png,2025-10-29,18:30
9,https://www.fotmob.com/matches/roma-vs-parma/2xthwt#4803127,4803127,Roma,8686,Parma,10167,True,True,False,False,2 - 1,FT,Full-Time,finished,55,Serie A,2025/2026,ITA,https://images.fotmob.com/image_resources/logo/teamlogo/8686.png,https://images.fotmob.com/image_resources/logo/teamlogo/10167.png,2025-10-29,18:30
9,https://www.fotmob.com/matches/torino-vs-bologna/373118#4803119,4803119,Bologna,9857,Torino,9804,True,True,False,False,0 - 0,FT,Full-Time,finished,55,Serie A,2025/2026,ITA,https://images.fotmob.com/image_resources/logo/teamlogo/9857.png,https://images.fotmob.com/image_resources/logo/teamlogo/9804.png,2025-10-29,20:45
9,https://www.fotmob.com/matches/cremonese-vs-genoa/2otpn8#4803122,4803122,Genoa,10233,Cremonese,7801,True,True,False,False,0 - 2,FT,Full-Time,finished,55,Serie A,2025/2026,ITA,https://images.fotmob.com/image_resources/logo/teamlogo/10233.png,https://images.fotmob.com/image_resources/logo/teamlogo/7801.png,2025-10-29,20:45
9,https://www.fotmob.com/matches/fiorentina-vs-inter/2fs4je#4803123,4803123,Inter,8636,Fiorentina,8535,True,True,False,False,3 - 0,FT,Full-Time,finished,55,Serie A,2025/2026,ITA,https://images.fotmob.com/image_resources/logo/teamlogo/8636.png,https://images.fotmob.com/image_resources/logo/teamlogo/8535.png,2025-10-29,20:45
9,https://www.fotmob.com/matches/sassuolo-vs-cagliari/28s3h9#4803120,4803120,Cagliari,8529,Sassuolo,7943,True,True,False,False,1 - 2,FT,Full-Time,finished,55,Serie A,2025/2026,ITA,https://images.fotmob.com/image_resources/logo/teamlogo/8529.png,https://images.fotmob.com/image_resources/logo/teamlogo/7943.png,2025-10-30,18:30
9,https://www.fotmob.com/matches/pisa-vs-lazio/1v6orc#4803126,4803126,Pisa,6479,Lazio,8543,True,True,False,False,0 - 0,FT,Full-Time,finished,55,Serie A,2025/2026,ITA,https://images.fotmob.com/image_resources/logo/teamlogo/6479.png,https://images.fotmob.com/image_resources/logo/teamlogo/8543.png,2025-10-30,20:45
10,https://www.fotmob.com/matches/atalanta-vs-udinese/2faumq#4803136,4803136,Udinese,8600,Atalanta,8524,True,True,False,False,1 - 0,FT,Full-Time,finished,55,Serie A,2025/2026,ITA,https://images.fotmob.com/image_resources/logo/teamlogo/8600.png,https://images.fotmob.com/image_resources/logo/teamlogo/8524.png,2025-11-01,15:00
10,https://www.fotmob.com/matches/napoli-vs-como/3bmv18#4803132,4803132,Napoli,9875,Como,10171,True,True,False,False,0 - 0,FT,Full-Time,finished,55,Serie A,2025/2026,ITA,https://images.fotmob.com/image_resources/logo/teamlogo/9875.png,https://images.fotmob.com/image_resources/logo/teamlogo/10171.png,2025-11-01,18:00
10,https://www.fotmob.com/matches/cremonese-vs-juventus/2l4jdm#4803128,4803128,Cremonese,7801,Juventus,9885,True,True,False,False,1 - 2,FT,Full-Time,finished,55,Serie A,2025/2026,ITA,https://images.fotmob.com/image_resources/logo/teamlogo/7801.png,https://images.fotmob.com/image_resources/logo/teamlogo/9885.png,2025-11-01,20:45
10,https://www.fotmob.com/matches/inter-vs-hellas-verona/2u0z0c#4803137,4803137,Hellas Verona,9876,Inter,8636,True,True,False,False,1 - 2,FT,Full-Time,finished,55,Serie A,2025/2026,ITA,https://images.fotmob.com/image_resources/logo/teamlogo/9876.png,https://images.fotmob.com/image_resources/logo/teamlogo/8636.png,2025-11-02,12:30
10,https://www.fotmob.com/matches/fiorentina-vs-lecce/2t1qro#4803129,4803129,Fiorentina,8535,Lecce,9888,True,True,False,False,0 - 1,FT,Full-Time,finished,55,Serie A,2025/2026,ITA,https://images.fotmob.com/image_resources/logo/teamlogo/8535.png,https://images.fotmob.com/image_resources/logo/teamlogo/9888.png,2025-11-02,15:00
10,https://www.fotmob.com/matches/pisa-vs-torino/26xs06#4803135,4803135,Torino,9804,Pisa,6479,True,True,False,False,2 - 2,FT,Full-Time,finished,55,Serie A,2025/2026,ITA,https://images.fotmob.com/image_resources/logo/teamlogo/9804.png,https://images.fotmob.com/image_resources/logo/teamlogo/6479.png,2025-11-02,15:00
10,https://www.fotmob.com/matches/bologna-vs-parma/3bdewt#4803133,4803133,Parma,10167,Bologna,9857,True,True,False,False,1 - 3,FT,Full-Time,finished,55,Serie A,2025/2026,ITA,https://images.fotmob.com/image_resources/logo/teamlogo/10167.png,https://images.fotmob.com/image_resources/logo/teamlogo/9857.png,2025-11-02,18:00
10,https://www.fotmob.com/matches/milan-vs-roma/2gl9pd#4803131,4803131,Milan,8564,Roma,8686,True,True,False,False,1 - 0,FT,Full-Time,finished,55,Serie A,2025/2026,ITA,https://images.fotmob.com/image_resources/logo/teamlogo/8564.png,https://images.fotmob.com/image_resources/logo/teamlogo/8686.png,2025-11-02,20:45
10,https://www.fotmob.com/matches/sassuolo-vs-genoa/2qctjb#4803134,4803134,Sassuolo,7943,Genoa,10233,True,True,False,False,1 - 2,FT,Full-Time,finished,55,Serie A,2025/2026,ITA,https://images.fotmob.com/image_resources/logo/teamlogo/7943.png,https://images.fotmob.com/image_resources/logo/teamlogo/10233.png,2025-11-03,18:30
10,https://www.fotmob.com/matches/cagliari-vs-lazio/2ersjb#4803130,4803130,Lazio,8543,Cagliari,8529,True,True,False,False,2 - 0,FT,Full-Time,finished,55,Serie A,2025/2026,ITA,https://images.fotmob.com/image_resources/logo/teamlogo/8543.png,https://images.fotmob.com/image_resources/logo/teamlogo/8529.png,2025-11-03,20:45
11,https://www.fotmob.com/matches/pisa-vs-cremonese/1opnr1#4803146,4803146,Pisa,6479,Cremonese,7801,True,True,False,False,1 - 0,FT,Full-Time,finished,55,Serie A,2025/2026,ITA,https://images.fotmob.com/image_resources/logo/teamlogo/6479.png,https://images.fotmob.com/image_resources/logo/teamlogo/7801.png,2025-11-07,20:45
11,https://www.fotmob.com/matches/cagliari-vs-como/2w3x27#4803140,4803140,Como,10171,Cagliari,8529,True,True,False,False,0 - 0,FT,Full-Time,finished,55,Serie A,2025/2026,ITA,https://images.fotmob.com/image_resources/logo/teamlogo/10171.png,https://images.fotmob.com/image_resources/logo/teamlogo/8529.png,2025-11-08,15:00
11,https://www.fotmob.com/matches/hellas-verona-vs-lecce/38ajr6#4803144,4803144,Lecce,9888,Hellas Verona,9876,True,True,False,False,0 - 0,FT,Full-Time,finished,55,Serie A,2025/2026,ITA,https://images.fotmob.com/image_resources/logo/teamlogo/9888.png,https://images.fotmob.com/image_resources/logo/teamlogo/9876.png,2025-11-08,15:00
11,https://www.fotmob.com/matches/torino-vs-juventus/37eu56#4803143,4803143,Juventus,9885,Torino,9804,True,True,False,False,0 - 0,FT,Full-Time,finished,55,Serie A,2025/2026,ITA,https://images.fotmob.com/image_resources/logo/teamlogo/9885.png,https://images.fotmob.com/image_resources/logo/teamlogo/9804.png,2025-11-08,18:00
11,https://www.fotmob.com/matches/milan-vs-parma/2wgcrq#4803145,4803145,Parma,10167,Milan,8564,True,True,False,False,2 - 2,FT,Full-Time,finished,55,Serie A,2025/2026,ITA,https://images.fotmob.com/image_resources/logo/teamlogo/10167.png,https://images.fotmob.com/image_resources/logo/teamlogo/8564.png,2025-11-08,20:45
11,https://www.fotmob.com/matches/sassuolo-vs-atalanta/28qbxm#4803138,4803138,Atalanta,8524,Sassuolo,7943,True,True,False,False,0 - 3,FT,Full-Time,finished,55,Serie A,2025/2026,ITA,https://images.fotmob.com/image_resources/logo/teamlogo/8524.png,https://images.fotmob.com/image_resources/logo/teamlogo/7943.png,2025-11-09,12:30
11,https://www.fotmob.com/matches/bologna-vs-napoli/37x04l#4803139,4803139,Bologna,9857,Napoli,9875,True,True,False,False,2 - 0,FT,Full-Time,finished,55,Serie A,2025/2026,ITA,https://images.fotmob.com/image_resources/logo/teamlogo/9857.png,https://images.fotmob.com/image_resources/logo/teamlogo/9875.png,2025-11-09,15:00
11,https://www.fotmob.com/matches/fiorentina-vs-genoa/2wv81r#4803141,4803141,Genoa,10233,Fiorentina,8535,True,True,False,False,2 - 2,FT,Full-Time,finished,55,Serie A,2025/2026,ITA,https://images.fotmob.com/image_resources/logo/teamlogo/10233.png,https://images.fotmob.com/image_resources/logo/teamlogo/8535.png,2025-11-09,15:00
11,https://www.fotmob.com/matches/udinese-vs-roma/2gyldv#4803147,4803147,Roma,8686,Udinese,8600,True,True,False,False,2 - 0,FT,Full-Time,finished,55,Serie A,2025/2026,ITA,https://images.fotmob.com/image_resources/logo/teamlogo/8686.png,https://images.fotmob.com/image_resources/logo/teamlogo/8600.png,2025-11-09,18:00
11,https://www.fotmob.com/matches/lazio-vs-inter/2fv2k6#4803142,4803142,Inter,8636,Lazio,8543,True,True,False,False,2 - 0,FT,Full-Time,finished,55,Serie A,2025/2026,ITA,https://images.fotmob.com/image_resources/logo/teamlogo/8636.png,https://images.fotmob.com/image_resources/logo/teamlogo/8543.png,2025-11-09,20:45
12,https://www.fotmob.com/matches/cagliari-vs-genoa/2wst60#4803149,4803149,Cagliari,8529,Genoa,10233,True,True,False,False,3 - 3,FT,Full-Time,finished,55,Serie A,2025/2026,ITA,https://images.fotmob.com/image_resources/logo/teamlogo/8529.png,https://images.fotmob.com/image_resources/logo/teamlogo/10233.png,2025-11-22,15:00
12,https://www.fotmob.com/matches/udinese-vs-bologna/2tf6iu#4803157,4803157,Udinese,8600,Bologna,9857,True,True,False,False,0 - 3,FT,Full-Time,finished,55,Serie A,2025/2026,ITA,https://images.fotmob.com/image_resources/logo/teamlogo/8600.png,https://images.fotmob.com/image_resources/logo/teamlogo/9857.png,2025-11-22,15:00
12,https://www.fotmob.com/matches/fiorentina-vs-juventus/2t0k4f#4803151,4803151,Fiorentina,8535,Juventus,9885,True,True,False,False,1 - 1,FT,Full-Time,finished,55,Serie A,2025/2026,ITA,https://images.fotmob.com/image_resources/logo/teamlogo/8535.png,https://images.fotmob.com/image_resources/logo/teamlogo/9885.png,2025-11-22,18:00
12,https://www.fotmob.com/matches/atalanta-vs-napoli/2ss9sz#4803154,4803154,Napoli,9875,Atalanta,8524,True,True,False,False,3 - 1,FT,Full-Time,finished,55,Serie A,2025/2026,ITA,https://images.fotmob.com/image_resources/logo/teamlogo/9875.png,https://images.fotmob.com/image_resources/logo/teamlogo/8524.png,2025-11-22,20:45
12,https://www.fotmob.com/matches/hellas-verona-vs-parma/3blkmu#4803148,4803148,Hellas Verona,9876,Parma,10167,True,True,False,False,1 - 2,FT,Full-Time,finished,55,Serie A,2025/2026,ITA,https://images.fotmob.com/image_resources/logo/teamlogo/9876.png,https://images.fotmob.com/image_resources/logo/teamlogo/10167.png,2025-11-23,12:30
12,https://www.fotmob.com/matches/cremonese-vs-roma/28xeca#4803150,4803150,Cremonese,7801,Roma,8686,True,True,False,False,1 - 3,FT,Full-Time,finished,55,Serie A,2025/2026,ITA,https://images.fotmob.com/image_resources/logo/teamlogo/7801.png,https://images.fotmob.com/image_resources/logo/teamlogo/8686.png,2025-11-23,15:00
12,https://www.fotmob.com/matches/lazio-vs-lecce/2t4wio#4803153,4803153,Lazio,8543,Lecce,9888,True,True,False,False,2 - 0,FT,Full-Time,finished,55,Serie A,2025/2026,ITA,https://images.fotmob.com/image_resources/logo/teamlogo/8543.png,https://images.fotmob.com/image_resources/logo/teamlogo/9888.png,2025-11-23,18:00
12,https://www.fotmob.com/matches/milan-vs-inter/2g2t3o#4803152,4803152,Inter,8636,Milan,8564,True,True,False,False,0 - 1,FT,Full-Time,finished,55,Serie A,2025/2026,ITA,https://images.fotmob.com/image_resources/logo/teamlogo/8636.png,https://images.fotmob.com/image_resources/logo/teamlogo/8564.png,2025-11-23,20:45
12,https://www.fotmob.com/matches/torino-vs-como/3asep4#4803156,4803156,Torino,9804,Como,10171,True,True,False,False,1 - 5,FT,Full-Time,finished,55,Serie A,2025/2026,ITA,https://images.fotmob.com/image_resources/logo/teamlogo/9804.png,https://images.fotmob.com/image_resources/logo/teamlogo/10171.png,2025-11-24,18:30
12,https://www.fotmob.com/matches/pisa-vs-sassuolo/1pxcbo#4803155,4803155,Sassuolo,7943,Pisa,6479,True,True,False,False,2 - 2,FT,Full-Time,finished,55,Serie A,2025/2026,ITA,https://images.fotmob.com/image_resources/logo/teamlogo/7943.png,https://images.fotmob.com/image_resources/logo/teamlogo/6479.png,2025-11-24,20:45
13,https://www.fotmob.com/matches/sassuolo-vs-como/2popgq#4803160,4803160,Como,10171,Sassuolo,7943,True,True,False,False,2 - 0,FT,Full-Time,finished,55,Serie A,2025/2026,ITA,https://images.fotmob.com/image_resources/logo/teamlogo/10171.png,https://images.fotmob.com/image_resources/logo/teamlogo/7943.png,2025-11-28,20:45
13,https://www.fotmob.com/matches/hellas-verona-vs-genoa/3cdz1r#4803161,4803161,Genoa,10233,Hellas Verona,9876,True,True,False,False,2 - 1,FT,Full-Time,finished,55,Serie A,2025/2026,ITA,https://images.fotmob.com/image_resources/logo/teamlogo/10233.png,https://images.fotmob.com/image_resources/logo/teamlogo/9876.png,2025-11-29,15:00
13,https://www.fotmob.com/matches/udinese-vs-parma/2wutm8#4803165,4803165,Parma,10167,Udinese,8600,True,True,False,False,0 - 2,FT,Full-Time,finished,55,Serie A,2025/2026,ITA,https://images.fotmob.com/image_resources/logo/teamlogo/10167.png,https://images.fotmob.com/image_resources/logo/teamlogo/8600.png,2025-11-29,15:00
13,https://www.fotmob.com/matches/cagliari-vs-juventus/2sy6uu#4803162,4803162,Juventus,9885,Cagliari,8529,True,True,False,False,2 - 1,FT,Full-Time,finished,55,Serie A,2025/2026,ITA,https://images.fotmob.com/image_resources/logo/teamlogo/9885.png,https://images.fotmob.com/image_resources/logo/teamlogo/8529.png,2025-11-29,18:00
13,https://www.fotmob.com/matches/lazio-vs-milan/2f4m36#4803164,4803164,Milan,8564,Lazio,8543,True,True,False,False,1 - 0,FT,Full-Time,finished,55,Serie A,2025/2026,ITA,https://images.fotmob.com/image_resources/logo/teamlogo/8564.png,https://images.fotmob.com/image_resources/logo/teamlogo/8543.png,2025-11-29,20:45
13,https://www.fotmob.com/matches/torino-vs-lecce/37g3q6#4803163,4803163,Lecce,9888,Torino,9804,True,True,False,False,2 - 1,FT,Full-Time,finished,55,Serie A,2025/2026,ITA,https://images.fotmob.com/image_resources/logo/teamlogo/9888.png,https://images.fotmob.com/image_resources/logo/teamlogo/9804.png,2025-11-30,12:30
13,https://www.fotmob.com/matches/pisa-vs-inter/1w0q66#4803166,4803166,Pisa,6479,Inter,8636,True,True,False,False,0 - 2,FT,Full-Time,finished,55,Serie A,2025/2026,ITA,https://images.fotmob.com/image_resources/logo/teamlogo/6479.png,https://images.fotmob.com/image_resources/logo/teamlogo/8636.png,2025-11-30,15:00
13,https://www.fotmob.com/matches/atalanta-vs-fiorentina/2en1cd#4803158,4803158,Atalanta,8524,Fiorentina,8535,True,True,False,False,2 - 0,FT,Full-Time,finished,55,Serie A,2025/2026,ITA,https://images.fotmob.com/image_resources/logo/teamlogo/8524.png,https://images.fotmob.com/image_resources/logo/teamlogo/8535.png,2025-11-30,18:00
13,https://www.fotmob.com/matches/roma-vs-napoli/2ukfv8#4803167,4803167,Roma,8686,Napoli,9875,True,True,False,False,0 - 1,FT,Full-Time,finished,55,Serie A,2025/2026,ITA,https://images.fotmob.com/image_resources/logo/teamlogo/8686.png,https://images.fotmob.com/image_resources/logo/teamlogo/9875.png,2025-11-30,20:45
13,https://www.fotmob.com/matches/cremonese-vs-bologna/2ktxjk#4803159,4803159,Bologna,9857,Cremonese,7801,True,True,False,False,1 - 3,FT,Full-Time,finished,55,Serie A,2025/2026,ITA,https://images.fotmob.com/image_resources/logo/teamlogo/9857.png,https://images.fotmob.com/image_resources/logo/teamlogo/7801.png,2025-12-01,20:45
14,https://www.fotmob.com/matches/sassuolo-vs-fiorentina/28u7rc#4803174,4803174,Sassuolo,7943,Fiorentina,8535,True,True,False,False,3 - 1,FT,Full-Time,finished,55,Serie A,2025/2026,ITA,https://images.fotmob.com/image_resources/logo/teamlogo/7943.png,https://images.fotmob.com/image_resources/logo/teamlogo/8535.png,2025-12-06,15:00
14,https://www.fotmob.com/matches/inter-vs-como/2xaxi8#4803170,4803170,Inter,8636,Como,10171,True,True,False,False,4 - 0,FT,Full-Time,finished,55,Serie A,2025/2026,ITA,https://images.fotmob.com/image_resources/logo/teamlogo/8636.png,https://images.fotmob.com/image_resources/logo/teamlogo/10171.png,2025-12-06,18:00
14,https://www.fotmob.com/matches/atalanta-vs-hellas-verona/2sso04#4803177,4803177,Hellas Verona,9876,Atalanta,8524,True,True,False,False,3 - 1,FT,Full-Time,finished,55,Serie A,2025/2026,ITA,https://images.fotmob.com/image_resources/logo/teamlogo/9876.png,https://images.fotmob.com/image_resources/logo/teamlogo/8524.png,2025-12-06,20:45
14,https://www.fotmob.com/matches/cremonese-vs-lecce/2l5obp#4803169,4803169,Cremonese,7801,Lecce,9888,True,True,False,False,2 - 0,FT,Full-Time,finished,55,Serie A,2025/2026,ITA,https://images.fotmob.com/image_resources/logo/teamlogo/7801.png,https://images.fotmob.com/image_resources/logo/teamlogo/9888.png,2025-12-07,12:30
14,https://www.fotmob.com/matches/cagliari-vs-roma/2g8cb2#4803168,4803168,Cagliari,8529,Roma,8686,True,True,False,False,1 - 0,FT,Full-Time,finished,55,Serie A,2025/2026,ITA,https://images.fotmob.com/image_resources/logo/teamlogo/8529.png,https://images.fotmob.com/image_resources/logo/teamlogo/8686.png,2025-12-07,15:00
14,https://www.fotmob.com/matches/lazio-vs-bologna/2ssnzl#4803171,4803171,Lazio,8543,Bologna,9857,True,True,False,False,1 - 1,FT,Full-Time,finished,55,Serie A,2025/2026,ITA,https://images.fotmob.com/image_resources/logo/teamlogo/8543.png,https://images.fotmob.com/image_resources/logo/teamlogo/9857.png,2025-12-07,18:00
14,https://www.fotmob.com/matches/napoli-vs-juventus/388ur9#4803172,4803172,Napoli,9875,Juventus,9885,True,True,False,False,2 - 1,FT,Full-Time,finished,55,Serie A,2025/2026,ITA,https://images.fotmob.com/image_resources/logo/teamlogo/9875.png,https://images.fotmob.com/image_resources/logo/teamlogo/9885.png,2025-12-07,20:45
14,https://www.fotmob.com/matches/pisa-vs-parma/2aht5w#4803173,4803173,Pisa,6479,Parma,10167,True,True,False,False,0 - 1,FT,Full-Time,finished,55,Serie A,2025/2026,ITA,https://images.fotmob.com/image_resources/logo/teamlogo/6479.png,https://images.fotmob.com/image_resources/logo/teamlogo/10167.png,2025-12-08,15:00
14,https://www.fotmob.com/matches/udinese-vs-genoa/2xlf1t#4803176,4803176,Udinese,8600,Genoa,10233,True,True,False,False,1 - 2,FT,Full-Time,finished,55,Serie A,2025/2026,ITA,https://images.fotmob.com/image_resources/logo/teamlogo/8600.png,https://images.fotmob.com/image_resources/logo/teamlogo/10233.png,2025-12-08,18:00
14,https://www.fotmob.com/matches/milan-vs-torino/2sg20c#4803175,4803175,Torino,9804,Milan,8564,True,True,False,False,2 - 3,FT,Full-Time,finished,55,Serie A,2025/2026,ITA,https://images.fotmob.com/image_resources/logo/teamlogo/9804.png,https://images.fotmob.com/image_resources/logo/teamlogo/8564.png,2025-12-08,20:45
15,https://www.fotmob.com/matches/pisa-vs-lecce/27r67c#4803182,4803182,Lecce,9888,Pisa,6479,True,True,False,False,1 - 0,FT,Full-Time,finished,55,Serie A,2025/2026,ITA,https://images.fotmob.com/image_resources/logo/teamlogo/9888.png,https://images.fotmob.com/image_resources/logo/teamlogo/6479.png,2025-12-12,20:45
15,https://www.fotmob.com/matches/cremonese-vs-torino/2k9wfv#4803186,4803186,Torino,9804,Cremonese,7801,True,True,False,False,1 - 0,FT,Full-Time,finished,55,Serie A,2025/2026,ITA,https://images.fotmob.com/image_resources/logo/teamlogo/9804.png,https://images.fotmob.com/image_resources/logo/teamlogo/7801.png,2025-12-13,15:00
15,https://www.fotmob.com/matches/lazio-vs-parma/2w7xek#4803184,4803184,Parma,10167,Lazio,8543,True,True,False,False,0 - 1,FT,Full-Time,finished,55,Serie A,2025/2026,ITA,https://images.fotmob.com/image_resources/logo/teamlogo/10167.png,https://images.fotmob.com/image_resources/logo/teamlogo/8543.png,2025-12-13,18:00
15,https://www.fotmob.com/matches/atalanta-vs-cagliari/2ekudg#4803178,4803178,Atalanta,8524,Cagliari,8529,True,True,False,False,2 - 1,FT,Full-Time,finished,55,Serie A,2025/2026,ITA,https://images.fotmob.com/image_resources/logo/teamlogo/8524.png,https://images.fotmob.com/image_resources/logo/teamlogo/8529.png,2025-12-13,20:45
15,https://www.fotmob.com/matches/sassuolo-vs-milan/294gu6#4803183,4803183,Milan,8564,Sassuolo,7943,True,True,False,False,2 - 2,FT,Full-Time,finished,55,Serie A,2025/2026,ITA,https://images.fotmob.com/image_resources/logo/teamlogo/8564.png,https://images.fotmob.com/image_resources/logo/teamlogo/7943.png,2025-12-14,12:30
15,https://www.fotmob.com/matches/fiorentina-vs-hellas-verona/2sx086#4803180,4803180,Fiorentina,8535,Hellas Verona,9876,True,True,False,False,1 - 2,FT,Full-Time,finished,55,Serie A,2025/2026,ITA,https://images.fotmob.com/image_resources/logo/teamlogo/8535.png,https://images.fotmob.com/image_resources/logo/teamlogo/9876.png,2025-12-14,15:00
15,https://www.fotmob.com/matches/udinese-vs-napoli/2tmb0l#4803187,4803187,Udinese,8600,Napoli,9875,True,True,False,False,1 - 0,FT,Full-Time,finished,55,Serie A,2025/2026,ITA,https://images.fotmob.com/image_resources/logo/teamlogo/8600.png,https://images.fotmob.com/image_resources/logo/teamlogo/9875.png,2025-12-14,15:00
15,https://www.fotmob.com/matches/inter-vs-genoa/2xzyqb#4803181,4803181,Genoa,10233,Inter,8636,True,True,False,False,1 - 2,FT,Full-Time,finished,55,Serie A,2025/2026,ITA,https://images.fotmob.com/image_resources/logo/teamlogo/10233.png,https://images.fotmob.com/image_resources/logo/teamlogo/8636.png,2025-12-14,18:00
15,https://www.fotmob.com/matches/bologna-vs-juventus/3818fi#4803179,4803179,Bologna,9857,Juventus,9885,True,True,False,False,0 - 1,FT,Full-Time,finished,55,Serie A,2025/2026,ITA,https://images.fotmob.com/image_resources/logo/teamlogo/9857.png,https://images.fotmob.com/image_resources/logo/teamlogo/9885.png,2025-12-14,20:45
15,https://www.fotmob.com/matches/roma-vs-como/2xv43v#4803185,4803185,Roma,8686,Como,10171,True,True,False,False,1 - 0,FT,Full-Time,finished,55,Serie A,2025/2026,ITA,https://images.fotmob.com/image_resources/logo/teamlogo/8686.png,https://images.fotmob.com/image_resources/logo/teamlogo/10171.png,2025-12-15,20:45
16,https://www.fotmob.com/matches/cremonese-vs-lazio/27j2wb#4803194,4803194,Lazio,8543,Cremonese,7801,True,True,False,False,0 - 0,FT,Full-Time,finished,55,Serie A,2025/2026,ITA,https://images.fotmob.com/image_resources/logo/teamlogo/8543.png,https://images.fotmob.com/image_resources/logo/teamlogo/7801.png,2025-12-20,18:00
16,https://www.fotmob.com/matches/roma-vs-juventus/2uof4v#4803193,4803193,Juventus,9885,Roma,8686,True,True,False,False,2 - 1,FT,Full-Time,finished,55,Serie A,2025/2026,ITA,https://images.fotmob.com/image_resources/logo/teamlogo/9885.png,https://images.fotmob.com/image_resources/logo/teamlogo/8686.png,2025-12-20,20:45
16,https://www.fotmob.com/matches/pisa-vs-cagliari/1v26jl#4803188,4803188,Cagliari,8529,Pisa,6479,True,True,False,False,2 - 2,FT,Full-Time,finished,55,Serie A,2025/2026,ITA,https://images.fotmob.com/image_resources/logo/teamlogo/8529.png,https://images.fotmob.com/image_resources/logo/teamlogo/6479.png,2025-12-21,12:30
16,https://www.fotmob.com/matches/sassuolo-vs-torino/2lrp7u#4803196,4803196,Sassuolo,7943,Torino,9804,True,True,False,False,0 - 1,FT,Full-Time,finished,55,Serie A,2025/2026,ITA,https://images.fotmob.com/image_resources/logo/teamlogo/7943.png,https://images.fotmob.com/image_resources/logo/teamlogo/9804.png,2025-12-21,15:00
16,https://www.fotmob.com/matches/fiorentina-vs-udinese/2few0w#4803190,4803190,Fiorentina,8535,Udinese,8600,True,True,False,False,5 - 1,FT,Full-Time,finished,55,Serie A,2025/2026,ITA,https://images.fotmob.com/image_resources/logo/teamlogo/8535.png,https://images.fotmob.com/image_resources/logo/teamlogo/8600.png,2025-12-21,18:00
16,https://www.fotmob.com/matches/atalanta-vs-genoa/2wqssb#4803191,4803191,Genoa,10233,Atalanta,8524,True,True,False,False,0 - 1,FT,Full-Time,finished,55,Serie A,2025/2026,ITA,https://images.fotmob.com/image_resources/logo/teamlogo/10233.png,https://images.fotmob.com/image_resources/logo/teamlogo/8524.png,2025-12-21,20:45
17,https://www.fotmob.com/matches/fiorentina-vs-parma/2w4pxc#4803202,4803202,Parma,10167,Fiorentina,8535,True,True,False,False,1 - 0,FT,Full-Time,finished,55,Serie A,2025/2026,ITA,https://images.fotmob.com/image_resources/logo/teamlogo/10167.png,https://images.fotmob.com/image_resources/logo/teamlogo/8535.png,2025-12-27,12:30
17,https://www.fotmob.com/matches/lecce-vs-como/3bsg6y#4803200,4803200,Lecce,9888,Como,10171,True,True,False,False,0 - 3,FT,Full-Time,finished,55,Serie A,2025/2026,ITA,https://images.fotmob.com/image_resources/logo/teamlogo/9888.png,https://images.fotmob.com/image_resources/logo/teamlogo/10171.png,2025-12-27,15:00
17,https://www.fotmob.com/matches/cagliari-vs-torino/2s2af3#4803205,4803205,Torino,9804,Cagliari,8529,True,True,False,False,1 - 2,FT,Full-Time,finished,55,Serie A,2025/2026,ITA,https://images.fotmob.com/image_resources/logo/teamlogo/9804.png,https://images.fotmob.com/image_resources/logo/teamlogo/8529.png,2025-12-27,15:00
17,https://www.fotmob.com/matches/lazio-vs-udinese/2fhtto#4803206,4803206,Udinese,8600,Lazio,8543,True,True,False,False,1 - 1,FT,Full-Time,finished,55,Serie A,2025/2026,ITA,https://images.fotmob.com/image_resources/logo/teamlogo/8600.png,https://images.fotmob.com/image_resources/logo/teamlogo/8543.png,2025-12-27,18:00
17,https://www.fotmob.com/matches/pisa-vs-juventus/27q4bf#4803203,4803203,Pisa,6479,Juventus,9885,True,True,False,False,0 - 2,FT,Full-Time,finished,55,Serie A,2025/2026,ITA,https://images.fotmob.com/image_resources/logo/teamlogo/6479.png,https://images.fotmob.com/image_resources/logo/teamlogo/9885.png,2025-12-27,20:45
17,https://www.fotmob.com/matches/milan-vs-hellas-verona/2t8gjc#4803201,4803201,Milan,8564,Hellas Verona,9876,True,True,False,False,3 - 0,FT,Full-Time,finished,55,Serie A,2025/2026,ITA,https://images.fotmob.com/image_resources/logo/teamlogo/8564.png,https://images.fotmob.com/image_resources/logo/teamlogo/9876.png,2025-12-28,12:30
17,https://www.fotmob.com/matches/cremonese-vs-napoli/2l0qxt#4803199,4803199,Cremonese,7801,Napoli,9875,True,True,False,False,0 - 2,FT,Full-Time,finished,55,Serie A,2025/2026,ITA,https://images.fotmob.com/image_resources/logo/teamlogo/7801.png,https://images.fotmob.com/image_resources/logo/teamlogo/9875.png,2025-12-28,15:00
17,https://www.fotmob.com/matches/sassuolo-vs-bologna/2mbw4l#4803198,4803198,Bologna,9857,Sassuolo,7943,True,True,False,False,1 - 1,FT,Full-Time,finished,55,Serie A,2025/2026,ITA,https://images.fotmob.com/image_resources/logo/teamlogo/9857.png,https://images.fotmob.com/image_resources/logo/teamlogo/7943.png,2025-12-28,18:00
17,https://www.fotmob.com/matches/atalanta-vs-inter/2fo2u8#4803207,4803207,Atalanta,8524,Inter,8636,True,True,False,False,0 - 1,FT,Full-Time,finished,55,Serie A,2025/2026,ITA,https://images.fotmob.com/image_resources/logo/teamlogo/8524.png,https://images.fotmob.com/image_resources/logo/teamlogo/8636.png,2025-12-28,20:45
17,https://www.fotmob.com/matches/roma-vs-genoa/2yk7q2#4803204,4803204,Roma,8686,Genoa,10233,True,True,False,False,3 - 1,FT,Full-Time,finished,55,Serie A,2025/2026,ITA,https://images.fotmob.com/image_resources/logo/teamlogo/8686.png,https://images.fotmob.com/image_resources/logo/teamlogo/10233.png,2025-12-29,20:45
18,https://www.fotmob.com/matches/cagliari-vs-milan/2ezhcz#4803209,4803209,Cagliari,8529,Milan,8564,True,True,False,False,0 - 1,FT,Full-Time,finished,55,Serie A,2025/2026,ITA,https://images.fotmob.com/image_resources/logo/teamlogo/8529.png,https://images.fotmob.com/image_resources/logo/teamlogo/8564.png,2026-01-02,20:45
18,https://www.fotmob.com/matches/udinese-vs-como/2wwfjq#4803210,4803210,Como,10171,Udinese,8600,True,True,False,False,1 - 0,FT,Full-Time,finished,55,Serie A,2025/2026,ITA,https://images.fotmob.com/image_resources/logo/teamlogo/10171.png,https://images.fotmob.com/image_resources/logo/teamlogo/8600.png,2026-01-03,12:30
18,https://www.fotmob.com/matches/pisa-vs-genoa/2b5ekz#4803212,4803212,Genoa,10233,Pisa,6479,True,True,False,False,1 - 1,FT,Full-Time,finished,55,Serie A,2025/2026,ITA,https://images.fotmob.com/image_resources/logo/teamlogo/10233.png,https://images.fotmob.com/image_resources/logo/teamlogo/6479.png,2026-01-03,15:00
18,https://www.fotmob.com/matches/sassuolo-vs-parma/2pn5k8#4803216,4803216,Sassuolo,7943,Parma,10167,True,True,False,False,1 - 1,FT,Full-Time,finished,55,Serie A,2025/2026,ITA,https://images.fotmob.com/image_resources/logo/teamlogo/7943.png,https://images.fotmob.com/image_resources/logo/teamlogo/10167.png,2026-01-03,15:00
18,https://www.fotmob.com/matches/juventus-vs-lecce/38ed1f#4803214,4803214,Juventus,9885,Lecce,9888,True,True,False,False,1 - 1,FT,Full-Time,finished,55,Serie A,2025/2026,ITA,https://images.fotmob.com/image_resources/logo/teamlogo/9885.png,https://images.fotmob.com/image_resources/logo/teamlogo/9888.png,2026-01-03,18:00
18,https://www.fotmob.com/matches/atalanta-vs-roma/2g6hwd#4803208,4803208,Atalanta,8524,Roma,8686,True,True,False,False,1 - 0,FT,Full-Time,finished,55,Serie A,2025/2026,ITA,https://images.fotmob.com/image_resources/logo/teamlogo/8524.png,https://images.fotmob.com/image_resources/logo/teamlogo/8686.png,2026-01-03,20:45
18,https://www.fotmob.com/matches/lazio-vs-napoli/2szrou#4803215,4803215,Lazio,8543,Napoli,9875,True,True,False,False,0 - 2,FT,Full-Time,finished,55,Serie A,2025/2026,ITA,https://images.fotmob.com/image_resources/logo/teamlogo/8543.png,https://images.fotmob.com/image_resources/logo/teamlogo/9875.png,2026-01-04,12:30
18,https://www.fotmob.com/matches/cremonese-vs-fiorentina/27ga0v#4803211,4803211,Fiorentina,8535,Cremonese,7801,True,True,False,False,1 - 0,FT,Full-Time,finished,55,Serie A,2025/2026,ITA,https://images.fotmob.com/image_resources/logo/teamlogo/8535.png,https://images.fotmob.com/image_resources/logo/teamlogo/7801.png,2026-01-04,15:00
18,https://www.fotmob.com/matches/torino-vs-hellas-verona/37b1fo#4803217,4803217,Hellas Verona,9876,Torino,9804,True,True,False,False,0 - 3,FT,Full-Time,finished,55,Serie A,2025/2026,ITA,https://images.fotmob.com/image_resources/logo/teamlogo/9876.png,https://images.fotmob.com/image_resources/logo/teamlogo/9804.png,2026-01-04,18:00
18,https://www.fotmob.com/matches/inter-vs-bologna/2ttfqc#4803213,4803213,Inter,8636,Bologna,9857,True,True,False,False,3 - 1,FT,Full-Time,finished,55,Serie A,2025/2026,ITA,https://images.fotmob.com/image_resources/logo/teamlogo/8636.png,https://images.fotmob.com/image_resources/logo/teamlogo/9857.png,2026-01-04,20:45
19,https://www.fotmob.com/matches/pisa-vs-como/2aj8jq#4803225,4803225,Pisa,6479,Como,10171,True,True,False,False,0 - 3,FT,Full-Time,finished,55,Serie A,2025/2026,ITA,https://images.fotmob.com/image_resources/logo/teamlogo/6479.png,https://images.fotmob.com/image_resources/logo/teamlogo/10171.png,2026-01-06,15:00
19,https://www.fotmob.com/matches/roma-vs-lecce/2upm4p#4803221,4803221,Lecce,9888,Roma,8686,True,True,False,False,0 - 2,FT,Full-Time,finished,55,Serie A,2025/2026,ITA,https://images.fotmob.com/image_resources/logo/teamlogo/9888.png,https://images.fotmob.com/image_resources/logo/teamlogo/8686.png,2026-01-06,18:00
19,https://www.fotmob.com/matches/sassuolo-vs-juventus/2mml13#4803226,4803226,Sassuolo,7943,Juventus,9885,True,True,False,False,0 - 3,FT,Full-Time,finished,55,Serie A,2025/2026,ITA,https://images.fotmob.com/image_resources/logo/teamlogo/7943.png,https://images.fotmob.com/image_resources/logo/teamlogo/9885.png,2026-01-06,20:45
19,https://www.fotmob.com/matches/atalanta-vs-bologna/2sl6d8#4803218,4803218,Bologna,9857,Atalanta,8524,True,True,False,False,0 - 2,FT,Full-Time,finished,55,Serie A,2025/2026,ITA,https://images.fotmob.com/image_resources/logo/teamlogo/9857.png,https://images.fotmob.com/image_resources/logo/teamlogo/8524.png,2026-01-07,18:30
19,https://www.fotmob.com/matches/napoli-vs-hellas-verona/3851k0#4803223,4803223,Napoli,9875,Hellas Verona,9876,True,True,False,False,2 - 2,FT,Full-Time,finished,55,Serie A,2025/2026,ITA,https://images.fotmob.com/image_resources/logo/teamlogo/9875.png,https://images.fotmob.com/image_resources/logo/teamlogo/9876.png,2026-01-07,18:30
19,https://www.fotmob.com/matches/fiorentina-vs-lazio/2etzl8#4803220,4803220,Lazio,8543,Fiorentina,8535,True,True,False,False,2 - 2,FT,Full-Time,finished,55,Serie A,2025/2026,ITA,https://images.fotmob.com/image_resources/logo/teamlogo/8543.png,https://images.fotmob.com/image_resources/logo/teamlogo/8535.png,2026-01-07,20:45
19,https://www.fotmob.com/matches/inter-vs-parma/2x9bgq#4803224,4803224,Parma,10167,Inter,8636,True,True,False,False,0 - 2,FT,Full-Time,finished,55,Serie A,2025/2026,ITA,https://images.fotmob.com/image_resources/logo/teamlogo/10167.png,https://images.fotmob.com/image_resources/logo/teamlogo/8636.png,2026-01-07,20:45
19,https://www.fotmob.com/matches/udinese-vs-torino/2su8qu#4803227,4803227,Torino,9804,Udinese,8600,True,True,False,False,1 - 2,FT,Full-Time,finished,55,Serie A,2025/2026,ITA,https://images.fotmob.com/image_resources/logo/teamlogo/9804.png,https://images.fotmob.com/image_resources/logo/teamlogo/8600.png,2026-01-07,20:45
19,https://www.fotmob.com/matches/cremonese-vs-cagliari/27e6eg#4803219,4803219,Cremonese,7801,Cagliari,8529,True,True,False,False,2 - 2,FT,Full-Time,finished,55,Serie A,2025/2026,ITA,https://images.fotmob.com/image_resources/logo/teamlogo/7801.png,https://images.fotmob.com/image_resources/logo/teamlogo/8529.png,2026-01-08,18:30
19,https://www.fotmob.com/matches/milan-vs-genoa/2x6wdb#4803222,4803222,Milan,8564,Genoa,10233,True,True,False,False,1 - 1,FT,Full-Time,finished,55,Serie A,2025/2026,ITA,https://images.fotmob.com/image_resources/logo/teamlogo/8564.png,https://images.fotmob.com/image_resources/logo/teamlogo/10233.png,2026-01-08,20:45
20,https://www.fotmob.com/matches/bologna-vs-como/3bf4pz#4803229,4803229,Como,10171,Bologna,9857,True,True,False,False,1 - 1,FT,Full-Time,finished,55,Serie A,2025/2026,ITA,https://images.fotmob.com/image_resources/logo/teamlogo/10171.png,https://images.fotmob.com/image_resources/logo/teamlogo/9857.png,2026-01-10,15:00
20,https://www.fotmob.com/matches/pisa-vs-udinese/1vp2ro#4803236,4803236,Udinese,8600,Pisa,6479,True,True,False,False,2 - 2,FT,Full-Time,finished,55,Serie A,2025/2026,ITA,https://images.fotmob.com/image_resources/logo/teamlogo/8600.png,https://images.fotmob.com/image_resources/logo/teamlogo/6479.png,2026-01-10,15:00
20,https://www.fotmob.com/matches/sassuolo-vs-roma/2absmd#4803235,4803235,Roma,8686,Sassuolo,7943,True,True,False,False,2 - 0,FT,Full-Time,finished,55,Serie A,2025/2026,ITA,https://images.fotmob.com/image_resources/logo/teamlogo/8686.png,https://images.fotmob.com/image_resources/logo/teamlogo/7943.png,2026-01-10,18:00
20,https://www.fotmob.com/matches/atalanta-vs-torino/2s0bp4#4803228,4803228,Atalanta,8524,Torino,9804,True,True,False,False,2 - 0,FT,Full-Time,finished,55,Serie A,2025/2026,ITA,https://images.fotmob.com/image_resources/logo/teamlogo/8524.png,https://images.fotmob.com/image_resources/logo/teamlogo/9804.png,2026-01-10,20:45
20,https://www.fotmob.com/matches/lecce-vs-parma/3bqqac#4803234,4803234,Lecce,9888,Parma,10167,True,True,False,False,1 - 2,FT,Full-Time,finished,55,Serie A,2025/2026,ITA,https://images.fotmob.com/image_resources/logo/teamlogo/9888.png,https://images.fotmob.com/image_resources/logo/teamlogo/10167.png,2026-01-11,12:30
20,https://www.fotmob.com/matches/fiorentina-vs-milan/2f1oie#4803230,4803230,Fiorentina,8535,Milan,8564,True,True,False,False,1 - 1,FT,Full-Time,finished,55,Serie A,2025/2026,ITA,https://images.fotmob.com/image_resources/logo/teamlogo/8535.png,https://images.fotmob.com/image_resources/logo/teamlogo/8564.png,2026-01-11,15:00
20,https://www.fotmob.com/matches/lazio-vs-hellas-verona/2t05wi#4803237,4803237,Hellas Verona,9876,Lazio,8543,True,True,False,False,0 - 1,FT,Full-Time,finished,55,Serie A,2025/2026,ITA,https://images.fotmob.com/image_resources/logo/teamlogo/9876.png,https://images.fotmob.com/image_resources/logo/teamlogo/8543.png,2026-01-11,18:00
20,https://www.fotmob.com/matches/inter-vs-napoli/2u0kq3#4803232,4803232,Inter,8636,Napoli,9875,True,True,False,False,2 - 2,FT,Full-Time,finished,55,Serie A,2025/2026,ITA,https://images.fotmob.com/image_resources/logo/teamlogo/8636.png,https://images.fotmob.com/image_resources/logo/teamlogo/9875.png,2026-01-11,20:45
20,https://www.fotmob.com/matches/cagliari-vs-genoa/2wst60#4803231,4803231,Genoa,10233,Cagliari,8529,True,True,False,False,3 - 0,FT,Full-Time,finished,55,Serie A,2025/2026,ITA,https://images.fotmob.com/image_resources/logo/teamlogo/10233.png,https://images.fotmob.com/image_resources/logo/teamlogo/8529.png,2026-01-12,18:30
20,https://www.fotmob.com/matches/cremonese-vs-juventus/2l4jdm#4803233,4803233,Juventus,9885,Cremonese,7801,True,True,False,False,5 - 0,FT,Full-Time,finished,55,Serie A,2025/2026,ITA,https://images.fotmob.com/image_resources/logo/teamlogo/9885.png,https://images.fotmob.com/image_resources/logo/teamlogo/7801.png,2026-01-12,20:45
16,https://www.fotmob.com/matches/napoli-vs-parma/3bl562#4803195,4803195,Napoli,9875,Parma,10167,True,True,False,False,0 - 0,FT,Full-Time,finished,55,Serie A,2025/2026,ITA,https://images.fotmob.com/image_resources/logo/teamlogo/9875.png,https://images.fotmob.com/image_resources/logo/teamlogo/10167.png,2026-01-14,18:30
16,https://www.fotmob.com/matches/inter-vs-lecce/2u5qhi#4803192,4803192,Inter,8636,Lecce,9888,True,True,False,False,1 - 0,FT,Full-Time,finished,55,Serie A,2025/2026,ITA,https://images.fotmob.com/image_resources/logo/teamlogo/8636.png,https://images.fotmob.com/image_resources/logo/teamlogo/9888.png,2026-01-14,20:45
16,https://www.fotmob.com/matches/bologna-vs-hellas-verona/37xfcr#4803197,4803197,Hellas Verona,9876,Bologna,9857,True,True,False,False,2 - 3,FT,Full-Time,finished,55,Serie A,2025/2026,ITA,https://images.fotmob.com/image_resources/logo/teamlogo/9876.png,https://images.fotmob.com/image_resources/logo/teamlogo/9857.png,2026-01-15,18:30
16,https://www.fotmob.com/matches/milan-vs-como/2whyl8#4803189,4803189,Como,10171,Milan,8564,True,True,False,False,1 - 3,FT,Full-Time,finished,55,Serie A,2025/2026,ITA,https://images.fotmob.com/image_resources/logo/teamlogo/10171.png,https://images.fotmob.com/image_resources/logo/teamlogo/8564.png,2026-01-15,20:45
21,https://www.fotmob.com/matches/pisa-vs-atalanta/1v0kna#4803243,4803243,Pisa,6479,Atalanta,8524,True,True,False,False,1 - 1,FT,Full-Time,finished,55,Serie A,2025/2026,ITA,https://images.fotmob.com/image_resources/logo/teamlogo/6479.png,https://images.fotmob.com/image_resources/logo/teamlogo/8524.png,2026-01-16,20:45
21,https://www.fotmob.com/matches/udinese-vs-inter/2gg3e6#4803245,4803245,Udinese,8600,Inter,8636,True,True,False,False,0 - 1,FT,Full-Time,finished,55,Serie A,2025/2026,ITA,https://images.fotmob.com/image_resources/logo/teamlogo/8600.png,https://images.fotmob.com/image_resources/logo/teamlogo/8636.png,2026-01-17,15:00
21,https://www.fotmob.com/matches/sassuolo-vs-napoli/2mirhu#4803241,4803241,Napoli,9875,Sassuolo,7943,True,True,False,False,1 - 0,FT,Full-Time,finished,55,Serie A,2025/2026,ITA,https://images.fotmob.com/image_resources/logo/teamlogo/9875.png,https://images.fotmob.com/image_resources/logo/teamlogo/7943.png,2026-01-17,18:00
21,https://www.fotmob.com/matches/cagliari-vs-juventus/2sy6uu#4803247,4803247,Cagliari,8529,Juventus,9885,True,True,False,False,1 - 0,FT,Full-Time,finished,55,Serie A,2025/2026,ITA,https://images.fotmob.com/image_resources/logo/teamlogo/8529.png,https://images.fotmob.com/image_resources/logo/teamlogo/9885.png,2026-01-17,20:45
21,https://www.fotmob.com/matches/parma-vs-genoa/3fwbbl#4803242,4803242,Parma,10167,Genoa,10233,True,True,False,False,0 - 0,FT,Full-Time,finished,55,Serie A,2025/2026,ITA,https://images.fotmob.com/image_resources/logo/teamlogo/10167.png,https://images.fotmob.com/image_resources/logo/teamlogo/10233.png,2026-01-18,12:30
21,https://www.fotmob.com/matches/fiorentina-vs-bologna/2spifh#4803246,4803246,Bologna,9857,Fiorentina,8535,True,True,False,False,1 - 2,FT,Full-Time,finished,55,Serie A,2025/2026,ITA,https://images.fotmob.com/image_resources/logo/teamlogo/9857.png,https://images.fotmob.com/image_resources/logo/teamlogo/8535.png,2026-01-18,15:00
21,https://www.fotmob.com/matches/roma-vs-torino/2ts8vv#4803244,4803244,Torino,9804,Roma,8686,True,True,False,False,0 - 2,FT,Full-Time,finished,55,Serie A,2025/2026,ITA,https://images.fotmob.com/image_resources/logo/teamlogo/9804.png,https://images.fotmob.com/image_resources/logo/teamlogo/8686.png,2026-01-18,18:00
21,https://www.fotmob.com/matches/milan-vs-lecce/2td7ci#4803240,4803240,Milan,8564,Lecce,9888,True,True,False,False,1 - 0,FT,Full-Time,finished,55,Serie A,2025/2026,ITA,https://images.fotmob.com/image_resources/logo/teamlogo/8564.png,https://images.fotmob.com/image_resources/logo/teamlogo/9888.png,2026-01-18,20:45
21,https://www.fotmob.com/matches/cremonese-vs-hellas-verona/2l14kv#4803238,4803238,Cremonese,7801,Hellas Verona,9876,True,True,False,False,0 - 0,FT,Full-Time,finished,55,Serie A,2025/2026,ITA,https://images.fotmob.com/image_resources/logo/teamlogo/7801.png,https://images.fotmob.com/image_resources/logo/teamlogo/9876.png,2026-01-19,18:30
21,https://www.fotmob.com/matches/lazio-vs-como/2w9j5q#4803239,4803239,Lazio,8543,Como,10171,True,True,False,False,0 - 3,FT,Full-Time,finished,55,Serie A,2025/2026,ITA,https://images.fotmob.com/image_resources/logo/teamlogo/8543.png,https://images.fotmob.com/image_resources/logo/teamlogo/10171.png,2026-01-19,20:45
22,https://www.fotmob.com/matches/pisa-vs-inter/1w0q66#4803252,4803252,Inter,8636,Pisa,6479,True,True,False,False,6 - 2,FT,Full-Time,finished,55,Serie A,2025/2026,ITA,https://images.fotmob.com/image_resources/logo/teamlogo/8636.png,https://images.fotmob.com/image_resources/logo/teamlogo/6479.png,2026-01-23,20:45
22,https://www.fotmob.com/matches/torino-vs-como/3asep4#4803249,4803249,Como,10171,Torino,9804,True,True,False,False,6 - 0,FT,Full-Time,finished,55,Serie A,2025/2026,ITA,https://images.fotmob.com/image_resources/logo/teamlogo/10171.png,https://images.fotmob.com/image_resources/logo/teamlogo/9804.png,2026-01-24,15:00
22,https://www.fotmob.com/matches/cagliari-vs-fiorentina/2eov63#4803250,4803250,Fiorentina,8535,Cagliari,8529,True,True,False,False,1 - 2,FT,Full-Time,finished,55,Serie A,2025/2026,ITA,https://images.fotmob.com/image_resources/logo/teamlogo/8535.png,https://images.fotmob.com/image_resources/logo/teamlogo/8529.png,2026-01-24,18:00
22,https://www.fotmob.com/matches/lazio-vs-lecce/2t4wio#4803254,4803254,Lecce,9888,Lazio,8543,True,True,False,False,0 - 0,FT,Full-Time,finished,55,Serie A,2025/2026,ITA,https://images.fotmob.com/image_resources/logo/teamlogo/9888.png,https://images.fotmob.com/image_resources/logo/teamlogo/8543.png,2026-01-24,20:45
22,https://www.fotmob.com/matches/cremonese-vs-sassuolo/21sqfb#4803256,4803256,Sassuolo,7943,Cremonese,7801,True,True,False,False,1 - 0,FT,Full-Time,finished,55,Serie A,2025/2026,ITA,https://images.fotmob.com/image_resources/logo/teamlogo/7943.png,https://images.fotmob.com/image_resources/logo/teamlogo/7801.png,2026-01-25,12:30
22,https://www.fotmob.com/matches/atalanta-vs-parma/2w0b82#4803248,4803248,Atalanta,8524,Parma,10167,True,True,False,False,4 - 0,FT,Full-Time,finished,55,Serie A,2025/2026,ITA,https://images.fotmob.com/image_resources/logo/teamlogo/8524.png,https://images.fotmob.com/image_resources/logo/teamlogo/10167.png,2026-01-25,15:00
22,https://www.fotmob.com/matches/bologna-vs-genoa/3c5scw#4803251,4803251,Genoa,10233,Bologna,9857,True,True,False,False,3 - 2,FT,Full-Time,finished,55,Serie A,2025/2026,ITA,https://images.fotmob.com/image_resources/logo/teamlogo/10233.png,https://images.fotmob.com/image_resources/logo/teamlogo/9857.png,2026-01-25,15:00
22,https://www.fotmob.com/matches/napoli-vs-juventus/388ur9#4803253,4803253,Juventus,9885,Napoli,9875,True,True,False,False,3 - 0,FT,Full-Time,finished,55,Serie A,2025/2026,ITA,https://images.fotmob.com/image_resources/logo/teamlogo/9885.png,https://images.fotmob.com/image_resources/logo/teamlogo/9875.png,2026-01-25,18:00
22,https://www.fotmob.com/matches/milan-vs-roma/2gl9pd#4803255,4803255,Roma,8686,Milan,8564,True,True,False,False,1 - 1,FT,Full-Time,finished,55,Serie A,2025/2026,ITA,https://images.fotmob.com/image_resources/logo/teamlogo/8686.png,https://images.fotmob.com/image_resources/logo/teamlogo/8564.png,2026-01-25,20:45
22,https://www.fotmob.com/matches/udinese-vs-hellas-verona/2tmp9u#4803257,4803257,Hellas Verona,9876,Udinese,8600,True,True,False,False,1 - 3,FT,Full-Time,finished,55,Serie A,2025/2026,ITA,https://images.fotmob.com/image_resources/logo/teamlogo/9876.png,https://images.fotmob.com/image_resources/logo/teamlogo/8600.png,2026-01-26,20:45
23,https://www.fotmob.com/matches/lazio-vs-genoa/2wyfxn#4803262,4803262,Lazio,8543,Genoa,10233,True,True,False,False,3 - 2,FT,Full-Time,finished,55,Serie A,2025/2026,ITA,https://images.fotmob.com/image_resources/logo/teamlogo/8543.png,https://images.fotmob.com/image_resources/logo/teamlogo/10233.png,2026-01-30,20:45
23,https://www.fotmob.com/matches/pisa-vs-sassuolo/1pxcbo#4803265,4803265,Pisa,6479,Sassuolo,7943,True,True,False,False,1 - 3,FT,Full-Time,finished,55,Serie A,2025/2026,ITA,https://images.fotmob.com/image_resources/logo/teamlogo/6479.png,https://images.fotmob.com/image_resources/logo/teamlogo/7943.png,2026-01-31,15:00
23,https://www.fotmob.com/matches/fiorentina-vs-napoli/2swm0q#4803263,4803263,Napoli,9875,Fiorentina,8535,True,True,False,False,2 - 1,FT,Full-Time,finished,55,Serie A,2025/2026,ITA,https://images.fotmob.com/image_resources/logo/teamlogo/9875.png,https://images.fotmob.com/image_resources/logo/teamlogo/8535.png,2026-01-31,18:00
23,https://www.fotmob.com/matches/cagliari-vs-hellas-verona/2sun03#4803259,4803259,Cagliari,8529,Hellas Verona,9876,True,True,False,False,4 - 0,FT,Full-Time,finished,55,Serie A,2025/2026,ITA,https://images.fotmob.com/image_resources/logo/teamlogo/8529.png,https://images.fotmob.com/image_resources/logo/teamlogo/9876.png,2026-01-31,20:45
23,https://www.fotmob.com/matches/torino-vs-lecce/37g3q6#4803266,4803266,Torino,9804,Lecce,9888,True,True,False,False,1 - 0,FT,Full-Time,finished,55,Serie A,2025/2026,ITA,https://images.fotmob.com/image_resources/logo/teamlogo/9804.png,https://images.fotmob.com/image_resources/logo/teamlogo/9888.png,2026-02-01,12:30
23,https://www.fotmob.com/matches/atalanta-vs-como/2w1wx4#4803260,4803260,Como,10171,Atalanta,8524,True,True,False,False,0 - 0,FT,Full-Time,finished,55,Serie A,2025/2026,ITA,https://images.fotmob.com/image_resources/logo/teamlogo/10171.png,https://images.fotmob.com/image_resources/logo/teamlogo/8524.png,2026-02-01,15:00
23,https://www.fotmob.com/matches/cremonese-vs-inter/28fr6b#4803261,4803261,Cremonese,7801,Inter,8636,True,True,False,False,0 - 2,FT,Full-Time,finished,55,Serie A,2025/2026,ITA,https://images.fotmob.com/image_resources/logo/teamlogo/7801.png,https://images.fotmob.com/image_resources/logo/teamlogo/8636.png,2026-02-01,18:00
23,https://www.fotmob.com/matches/juventus-vs-parma/3bpfv3#4803264,4803264,Parma,10167,Juventus,9885,True,True,False,False,1 - 4,FT,Full-Time,finished,55,Serie A,2025/2026,ITA,https://images.fotmob.com/image_resources/logo/teamlogo/10167.png,https://images.fotmob.com/image_resources/logo/teamlogo/9885.png,2026-02-01,20:45
23,https://www.fotmob.com/matches/udinese-vs-roma/2gyldv#4803267,4803267,Udinese,8600,Roma,8686,True,True,False,False,1 - 0,FT,Full-Time,finished,55,Serie A,2025/2026,ITA,https://images.fotmob.com/image_resources/logo/teamlogo/8600.png,https://images.fotmob.com/image_resources/logo/teamlogo/8686.png,2026-02-02,20:45
23,https://www.fotmob.com/matches/milan-vs-bologna/2t0ybc#4803258,4803258,Bologna,9857,Milan,8564,True,True,False,False,0 - 3,FT,Full-Time,finished,55,Serie A,2025/2026,ITA,https://images.fotmob.com/image_resources/logo/teamlogo/9857.png,https://images.fotmob.com/image_resources/logo/teamlogo/8564.png,2026-02-03,20:45
24,https://www.fotmob.com/matches/pisa-vs-hellas-verona/27myp6#4803268,4803268,Hellas Verona,9876,Pisa,6479,True,True,False,False,0 - 0,FT,Full-Time,finished,55,Serie A,2025/2026,ITA,https://images.fotmob.com/image_resources/logo/teamlogo/9876.png,https://images.fotmob.com/image_resources/logo/teamlogo/6479.png,2026-02-06,20:45
24,https://www.fotmob.com/matches/napoli-vs-genoa/3cdjj5#4803274,4803274,Genoa,10233,Napoli,9875,True,True,False,False,2 - 3,FT,Full-Time,finished,55,Serie A,2025/2026,ITA,https://images.fotmob.com/image_resources/logo/teamlogo/10233.png,https://images.fotmob.com/image_resources/logo/teamlogo/9875.png,2026-02-07,18:00
24,https://www.fotmob.com/matches/fiorentina-vs-torino/2s4nb6#4803273,4803273,Fiorentina,8535,Torino,9804,True,True,False,False,2 - 2,FT,Full-Time,finished,55,Serie A,2025/2026,ITA,https://images.fotmob.com/image_resources/logo/teamlogo/8535.png,https://images.fotmob.com/image_resources/logo/teamlogo/9804.png,2026-02-07,20:45
24,https://www.fotmob.com/matches/bologna-vs-parma/3bdewt#4803272,4803272,Bologna,9857,Parma,10167,True,True,False,False,0 - 1,FT,Full-Time,finished,55,Serie A,2025/2026,ITA,https://images.fotmob.com/image_resources/logo/teamlogo/9857.png,https://images.fotmob.com/image_resources/logo/teamlogo/10167.png,2026-02-08,12:30
24,https://www.fotmob.com/matches/udinese-vs-lecce/2trgf0#4803276,4803276,Lecce,9888,Udinese,8600,True,True,False,False,2 - 1,FT,Full-Time,finished,55,Serie A,2025/2026,ITA,https://images.fotmob.com/image_resources/logo/teamlogo/9888.png,https://images.fotmob.com/image_resources/logo/teamlogo/8600.png,2026-02-08,15:00
24,https://www.fotmob.com/matches/sassuolo-vs-inter/29tzz6#4803269,4803269,Sassuolo,7943,Inter,8636,True,True,False,False,0 - 5,FT,Full-Time,finished,55,Serie A,2025/2026,ITA,https://images.fotmob.com/image_resources/logo/teamlogo/7943.png,https://images.fotmob.com/image_resources/logo/teamlogo/8636.png,2026-02-08,18:00
24,https://www.fotmob.com/matches/lazio-vs-juventus/2t3pur#4803275,4803275,Juventus,9885,Lazio,8543,True,True,False,False,2 - 2,FT,Full-Time,finished,55,Serie A,2025/2026,ITA,https://images.fotmob.com/image_resources/logo/teamlogo/9885.png,https://images.fotmob.com/image_resources/logo/teamlogo/8543.png,2026-02-08,20:45
24,https://www.fotmob.com/matches/cremonese-vs-atalanta/27cfej#4803271,4803271,Atalanta,8524,Cremonese,7801,True,True,False,False,2 - 1,FT,Full-Time,finished,55,Serie A,2025/2026,ITA,https://images.fotmob.com/image_resources/logo/teamlogo/8524.png,https://images.fotmob.com/image_resources/logo/teamlogo/7801.png,2026-02-09,18:30
24,https://www.fotmob.com/matches/cagliari-vs-roma/2g8cb2#4803270,4803270,Roma,8686,Cagliari,8529,True,True,False,False,2 - 0,FT,Full-Time,finished,55,Serie A,2025/2026,ITA,https://images.fotmob.com/image_resources/logo/teamlogo/8686.png,https://images.fotmob.com/image_resources/logo/teamlogo/8529.png,2026-02-09,20:45
25,https://www.fotmob.com/matches/pisa-vs-milan/1vdgd6#4803285,4803285,Pisa,6479,Milan,8564,True,True,False,False,1 - 2,FT,Full-Time,finished,55,Serie A,2025/2026,ITA,https://images.fotmob.com/image_resources/logo/teamlogo/6479.png,https://images.fotmob.com/image_resources/logo/teamlogo/8564.png,2026-02-13,20:45
25,https://www.fotmob.com/matches/fiorentina-vs-como/2w6bnm#4803279,4803279,Como,10171,Fiorentina,8535,True,True,False,False,1 - 2,FT,Full-Time,finished,55,Serie A,2025/2026,ITA,https://images.fotmob.com/image_resources/logo/teamlogo/10171.png,https://images.fotmob.com/image_resources/logo/teamlogo/8535.png,2026-02-14,15:00
25,https://www.fotmob.com/matches/atalanta-vs-lazio/2epyoh#4803282,4803282,Lazio,8543,Atalanta,8524,True,True,False,False,0 - 2,FT,Full-Time,finished,55,Serie A,2025/2026,ITA,https://images.fotmob.com/image_resources/logo/teamlogo/8543.png,https://images.fotmob.com/image_resources/logo/teamlogo/8524.png,2026-02-14,18:00
25,https://www.fotmob.com/matches/inter-vs-juventus/2u4jlu#4803281,4803281,Inter,8636,Juventus,9885,True,True,False,False,3 - 2,FT,Full-Time,finished,55,Serie A,2025/2026,ITA,https://images.fotmob.com/image_resources/logo/teamlogo/8636.png,https://images.fotmob.com/image_resources/logo/teamlogo/9885.png,2026-02-14,20:45
25,https://www.fotmob.com/matches/sassuolo-vs-udinese/29h7wo#4803287,4803287,Udinese,8600,Sassuolo,7943,True,True,False,False,1 - 2,FT,Full-Time,finished,55,Serie A,2025/2026,ITA,https://images.fotmob.com/image_resources/logo/teamlogo/8600.png,https://images.fotmob.com/image_resources/logo/teamlogo/7943.png,2026-02-15,12:30
25,https://www.fotmob.com/matches/cremonese-vs-genoa/2otpn8#4803280,4803280,Cremonese,7801,Genoa,10233,True,True,False,False,0 - 0,FT,Full-Time,finished,55,Serie A,2025/2026,ITA,https://images.fotmob.com/image_resources/logo/teamlogo/7801.png,https://images.fotmob.com/image_resources/logo/teamlogo/10233.png,2026-02-15,15:00
25,https://www.fotmob.com/matches/hellas-verona-vs-parma/3blkmu#4803284,4803284,Parma,10167,Hellas Verona,9876,True,True,False,False,2 - 1,FT,Full-Time,finished,55,Serie A,2025/2026,ITA,https://images.fotmob.com/image_resources/logo/teamlogo/10167.png,https://images.fotmob.com/image_resources/logo/teamlogo/9876.png,2026-02-15,15:00
25,https://www.fotmob.com/matches/torino-vs-bologna/373118#4803286,4803286,Torino,9804,Bologna,9857,True,True,False,False,1 - 2,FT,Full-Time,finished,55,Serie A,2025/2026,ITA,https://images.fotmob.com/image_resources/logo/teamlogo/9804.png,https://images.fotmob.com/image_resources/logo/teamlogo/9857.png,2026-02-15,18:00
25,https://www.fotmob.com/matches/roma-vs-napoli/2ukfv8#4803283,4803283,Napoli,9875,Roma,8686,True,True,False,False,2 - 2,FT,Full-Time,finished,55,Serie A,2025/2026,ITA,https://images.fotmob.com/image_resources/logo/teamlogo/9875.png,https://images.fotmob.com/image_resources/logo/teamlogo/8686.png,2026-02-15,20:45
25,https://www.fotmob.com/matches/cagliari-vs-lecce/2szdhl#4803278,4803278,Cagliari,8529,Lecce,9888,True,True,False,False,0 - 2,FT,Full-Time,finished,55,Serie A,2025/2026,ITA,https://images.fotmob.com/image_resources/logo/teamlogo/8529.png,https://images.fotmob.com/image_resources/logo/teamlogo/9888.png,2026-02-16,20:45
24,https://www.fotmob.com/matches/milan-vs-como/2whyl8#4803277,4803277,Milan,8564,Como,10171,True,True,False,False,1 - 1,FT,Full-Time,finished,55,Serie A,2025/2026,ITA,https://images.fotmob.com/image_resources/logo/teamlogo/8564.png,https://images.fotmob.com/image_resources/logo/teamlogo/10171.png,2026-02-18,20:45
26,https://www.fotmob.com/matches/sassuolo-vs-hellas-verona/2mj58u#4803297,4803297,Sassuolo,7943,Hellas Verona,9876,True,True,False,False,3 - 0,FT,Full-Time,finished,55,Serie A,2025/2026,ITA,https://images.fotmob.com/image_resources/logo/teamlogo/7943.png,https://images.fotmob.com/image_resources/logo/teamlogo/9876.png,2026-02-20,20:45
26,https://www.fotmob.com/matches/juventus-vs-como/3br5rd#4803293,4803293,Juventus,9885,Como,10171,True,True,False,False,0 - 2,FT,Full-Time,finished,55,Serie A,2025/2026,ITA,https://images.fotmob.com/image_resources/logo/teamlogo/9885.png,https://images.fotmob.com/image_resources/logo/teamlogo/10171.png,2026-02-21,15:00
26,https://www.fotmob.com/matches/inter-vs-lecce/2u5qhi#4803294,4803294,Lecce,9888,Inter,8636,True,True,False,False,0 - 2,FT,Full-Time,finished,55,Serie A,2025/2026,ITA,https://images.fotmob.com/image_resources/logo/teamlogo/9888.png,https://images.fotmob.com/image_resources/logo/teamlogo/8636.png,2026-02-21,18:00
26,https://www.fotmob.com/matches/cagliari-vs-lazio/2ersjb#4803290,4803290,Cagliari,8529,Lazio,8543,True,True,False,False,0 - 0,FT,Full-Time,finished,55,Serie A,2025/2026,ITA,https://images.fotmob.com/image_resources/logo/teamlogo/8529.png,https://images.fotmob.com/image_resources/logo/teamlogo/8543.png,2026-02-21,20:45
26,https://www.fotmob.com/matches/torino-vs-genoa/3bizsr#4803292,4803292,Genoa,10233,Torino,9804,True,True,False,False,3 - 0,FT,Full-Time,finished,55,Serie A,2025/2026,ITA,https://images.fotmob.com/image_resources/logo/teamlogo/10233.png,https://images.fotmob.com/image_resources/logo/teamlogo/9804.png,2026-02-22,12:30
26,https://www.fotmob.com/matches/atalanta-vs-napoli/2ss9sz#4803288,4803288,Atalanta,8524,Napoli,9875,True,True,False,False,2 - 1,FT,Full-Time,finished,55,Serie A,2025/2026,ITA,https://images.fotmob.com/image_resources/logo/teamlogo/8524.png,https://images.fotmob.com/image_resources/logo/teamlogo/9875.png,2026-02-22,15:00
26,https://www.fotmob.com/matches/milan-vs-parma/2wgcrq#4803295,4803295,Milan,8564,Parma,10167,True,True,False,False,0 - 1,FT,Full-Time,finished,55,Serie A,2025/2026,ITA,https://images.fotmob.com/image_resources/logo/teamlogo/8564.png,https://images.fotmob.com/image_resources/logo/teamlogo/10167.png,2026-02-22,18:00
26,https://www.fotmob.com/matches/cremonese-vs-roma/28xeca#4803296,4803296,Roma,8686,Cremonese,7801,True,True,False,False,3 - 0,FT,Full-Time,finished,55,Serie A,2025/2026,ITA,https://images.fotmob.com/image_resources/logo/teamlogo/8686.png,https://images.fotmob.com/image_resources/logo/teamlogo/7801.png,2026-02-22,20:45
26,https://www.fotmob.com/matches/pisa-vs-fiorentina/1v441o#4803291,4803291,Fiorentina,8535,Pisa,6479,True,True,False,False,1 - 0,FT,Full-Time,finished,55,Serie A,2025/2026,ITA,https://images.fotmob.com/image_resources/logo/teamlogo/8535.png,https://images.fotmob.com/image_resources/logo/teamlogo/6479.png,2026-02-23,18:30
26,https://www.fotmob.com/matches/udinese-vs-bologna/2tf6iu#4803289,4803289,Bologna,9857,Udinese,8600,True,True,False,False,1 - 0,FT,Full-Time,finished,55,Serie A,2025/2026,ITA,https://images.fotmob.com/image_resources/logo/teamlogo/9857.png,https://images.fotmob.com/image_resources/logo/teamlogo/8600.png,2026-02-23,20:45
27,https://www.fotmob.com/matches/cagliari-vs-parma/2w2bcl#4803300,4803300,Parma,10167,Cagliari,8529,True,True,False,False,1 - 1,FT,Full-Time,finished,55,Serie A,2025/2026,ITA,https://images.fotmob.com/image_resources/logo/teamlogo/10167.png,https://images.fotmob.com/image_resources/logo/teamlogo/8529.png,2026-02-27,20:45
27,https://www.fotmob.com/matches/lecce-vs-como/3bsg6y#4803307,4803307,Como,10171,Lecce,9888,True,True,False,False,3 - 1,FT,Full-Time,finished,55,Serie A,2025/2026,ITA,https://images.fotmob.com/image_resources/logo/teamlogo/10171.png,https://images.fotmob.com/image_resources/logo/teamlogo/9888.png,2026-02-28,15:00
27,https://www.fotmob.com/matches/napoli-vs-hellas-verona/3851k0#4803303,4803303,Hellas Verona,9876,Napoli,9875,True,True,False,False,1 - 2,FT,Full-Time,finished,55,Serie A,2025/2026,ITA,https://images.fotmob.com/image_resources/logo/teamlogo/9876.png,https://images.fotmob.com/image_resources/logo/teamlogo/9875.png,2026-02-28,18:00
27,https://www.fotmob.com/matches/inter-vs-genoa/2xzyqb#4803299,4803299,Inter,8636,Genoa,10233,True,True,False,False,2 - 0,FT,Full-Time,finished,55,Serie A,2025/2026,ITA,https://images.fotmob.com/image_resources/logo/teamlogo/8636.png,https://images.fotmob.com/image_resources/logo/teamlogo/10233.png,2026-02-28,20:45
27,https://www.fotmob.com/matches/cremonese-vs-milan/27qfxb#4803298,4803298,Cremonese,7801,Milan,8564,True,True,False,False,0 - 2,FT,Full-Time,finished,55,Serie A,2025/2026,ITA,https://images.fotmob.com/image_resources/logo/teamlogo/7801.png,https://images.fotmob.com/image_resources/logo/teamlogo/8564.png,2026-03-01,12:30
27,https://www.fotmob.com/matches/sassuolo-vs-atalanta/28qbxm#4803306,4803306,Sassuolo,7943,Atalanta,8524,True,True,False,False,2 - 1,FT,Full-Time,finished,55,Serie A,2025/2026,ITA,https://images.fotmob.com/image_resources/logo/teamlogo/7943.png,https://images.fotmob.com/image_resources/logo/teamlogo/8524.png,2026-03-01,15:00
27,https://www.fotmob.com/matches/lazio-vs-torino/2s7sji#4803305,4803305,Torino,9804,Lazio,8543,True,True,False,False,2 - 0,FT,Full-Time,finished,55,Serie A,2025/2026,ITA,https://images.fotmob.com/image_resources/logo/teamlogo/9804.png,https://images.fotmob.com/image_resources/logo/teamlogo/8543.png,2026-03-01,18:00
27,https://www.fotmob.com/matches/roma-vs-juventus/2uof4v#4803302,4803302,Roma,8686,Juventus,9885,True,True,False,False,3 - 3,FT,Full-Time,finished,55,Serie A,2025/2026,ITA,https://images.fotmob.com/image_resources/logo/teamlogo/8686.png,https://images.fotmob.com/image_resources/logo/teamlogo/9885.png,2026-03-01,20:45
27,https://www.fotmob.com/matches/pisa-vs-bologna/27gb1l#4803301,4803301,Pisa,6479,Bologna,9857,True,True,False,False,0 - 1,FT,Full-Time,finished,55,Serie A,2025/2026,ITA,https://images.fotmob.com/image_resources/logo/teamlogo/6479.png,https://images.fotmob.com/image_resources/logo/teamlogo/9857.png,2026-03-02,18:30
27,https://www.fotmob.com/matches/fiorentina-vs-udinese/2few0w#4803304,4803304,Udinese,8600,Fiorentina,8535,True,True,False,False,3 - 0,FT,Full-Time,finished,55,Serie A,2025/2026,ITA,https://images.fotmob.com/image_resources/logo/teamlogo/8600.png,https://images.fotmob.com/image_resources/logo/teamlogo/8535.png,2026-03-02,20:45
28,https://www.fotmob.com/matches/torino-vs-napoli/37am8z#4803308,4803308,Napoli,9875,Torino,9804,True,True,False,False,2 - 1,FT,Full-Time,finished,55,Serie A,2025/2026,ITA,https://images.fotmob.com/image_resources/logo/teamlogo/9875.png,https://images.fotmob.com/image_resources/logo/teamlogo/9804.png,2026-03-06,20:45
28,https://www.fotmob.com/matches/cagliari-vs-como/2w3x27#4803310,4803310,Cagliari,8529,Como,10171,True,True,False,False,1 - 2,FT,Full-Time,finished,55,Serie A,2025/2026,ITA,https://images.fotmob.com/image_resources/logo/teamlogo/8529.png,https://images.fotmob.com/image_resources/logo/teamlogo/10171.png,2026-03-07,15:00
28,https://www.fotmob.com/matches/atalanta-vs-udinese/2faumq#4803309,4803309,Atalanta,8524,Udinese,8600,True,True,False,False,2 - 2,FT,Full-Time,finished,55,Serie A,2025/2026,ITA,https://images.fotmob.com/image_resources/logo/teamlogo/8524.png,https://images.fotmob.com/image_resources/logo/teamlogo/8600.png,2026-03-07,18:00
28,https://www.fotmob.com/matches/pisa-vs-juventus/27q4bf#4803313,4803313,Juventus,9885,Pisa,6479,True,True,False,False,4 - 0,FT,Full-Time,finished,55,Serie A,2025/2026,ITA,https://images.fotmob.com/image_resources/logo/teamlogo/9885.png,https://images.fotmob.com/image_resources/logo/teamlogo/6479.png,2026-03-07,20:45
28,https://www.fotmob.com/matches/cremonese-vs-lecce/2l5obp#4803315,4803315,Lecce,9888,Cremonese,7801,True,True,False,False,2 - 1,FT,Full-Time,finished,55,Serie A,2025/2026,ITA,https://images.fotmob.com/image_resources/logo/teamlogo/9888.png,https://images.fotmob.com/image_resources/logo/teamlogo/7801.png,2026-03-08,12:30
28,https://www.fotmob.com/matches/bologna-vs-hellas-verona/37xfcr#4803317,4803317,Bologna,9857,Hellas Verona,9876,True,True,False,False,1 - 2,FT,Full-Time,finished,55,Serie A,2025/2026,ITA,https://images.fotmob.com/image_resources/logo/teamlogo/9857.png,https://images.fotmob.com/image_resources/logo/teamlogo/9876.png,2026-03-08,15:00
28,https://www.fotmob.com/matches/fiorentina-vs-parma/2w4pxc#4803311,4803311,Fiorentina,8535,Parma,10167,True,True,False,False,0 - 0,FT,Full-Time,finished,55,Serie A,2025/2026,ITA,https://images.fotmob.com/image_resources/logo/teamlogo/8535.png,https://images.fotmob.com/image_resources/logo/teamlogo/10167.png,2026-03-08,15:00
28,https://www.fotmob.com/matches/roma-vs-genoa/2yk7q2#4803312,4803312,Genoa,10233,Roma,8686,True,True,False,False,2 - 1,FT,Full-Time,finished,55,Serie A,2025/2026,ITA,https://images.fotmob.com/image_resources/logo/teamlogo/10233.png,https://images.fotmob.com/image_resources/logo/teamlogo/8686.png,2026-03-08,18:00
28,https://www.fotmob.com/matches/milan-vs-inter/2g2t3o#4803316,4803316,Milan,8564,Inter,8636,True,True,False,False,1 - 0,FT,Full-Time,finished,55,Serie A,2025/2026,ITA,https://images.fotmob.com/image_resources/logo/teamlogo/8564.png,https://images.fotmob.com/image_resources/logo/teamlogo/8636.png,2026-03-08,20:45
28,https://www.fotmob.com/matches/sassuolo-vs-lazio/28x1ic#4803314,4803314,Lazio,8543,Sassuolo,7943,True,True,False,False,2 - 1,FT,Full-Time,finished,55,Serie A,2025/2026,ITA,https://images.fotmob.com/image_resources/logo/teamlogo/8543.png,https://images.fotmob.com/image_resources/logo/teamlogo/7943.png,2026-03-09,20:45
29,https://www.fotmob.com/matches/torino-vs-parma/3aqp1u#4803325,4803325,Torino,9804,Parma,10167,True,True,False,False,4 - 1,FT,Full-Time,finished,55,Serie A,2025/2026,ITA,https://images.fotmob.com/image_resources/logo/teamlogo/9804.png,https://images.fotmob.com/image_resources/logo/teamlogo/10167.png,2026-03-13,20:45
29,https://www.fotmob.com/matches/atalanta-vs-inter/2fo2u8#4803320,4803320,Inter,8636,Atalanta,8524,True,True,False,False,1 - 1,FT,Full-Time,finished,55,Serie A,2025/2026,ITA,https://images.fotmob.com/image_resources/logo/teamlogo/8636.png,https://images.fotmob.com/image_resources/logo/teamlogo/8524.png,2026-03-14,15:00
29,https://www.fotmob.com/matches/napoli-vs-lecce/38a4i6#4803322,4803322,Napoli,9875,Lecce,9888,True,True,False,False,2 - 1,FT,Full-Time,finished,55,Serie A,2025/2026,ITA,https://images.fotmob.com/image_resources/logo/teamlogo/9875.png,https://images.fotmob.com/image_resources/logo/teamlogo/9888.png,2026-03-14,18:00
29,https://www.fotmob.com/matches/udinese-vs-juventus/2tq9mc#4803326,4803326,Udinese,8600,Juventus,9885,True,True,False,False,0 - 1,FT,Full-Time,finished,55,Serie A,2025/2026,ITA,https://images.fotmob.com/image_resources/logo/teamlogo/8600.png,https://images.fotmob.com/image_resources/logo/teamlogo/9885.png,2026-03-14,20:45
29,https://www.fotmob.com/matches/hellas-verona-vs-genoa/3cdz1r#4803327,4803327,Hellas Verona,9876,Genoa,10233,True,True,False,False,0 - 2,FT,Full-Time,finished,55,Serie A,2025/2026,ITA,https://images.fotmob.com/image_resources/logo/teamlogo/9876.png,https://images.fotmob.com/image_resources/logo/teamlogo/10233.png,2026-03-15,12:30
29,https://www.fotmob.com/matches/pisa-vs-cagliari/1v26jl#4803323,4803323,Pisa,6479,Cagliari,8529,True,True,False,False,3 - 1,FT,Full-Time,finished,55,Serie A,2025/2026,ITA,https://images.fotmob.com/image_resources/logo/teamlogo/6479.png,https://images.fotmob.com/image_resources/logo/teamlogo/8529.png,2026-03-15,15:00
29,https://www.fotmob.com/matches/sassuolo-vs-bologna/2mbw4l#4803324,4803324,Sassuolo,7943,Bologna,9857,True,True,False,False,0 - 1,FT,Full-Time,finished,55,Serie A,2025/2026,ITA,https://images.fotmob.com/image_resources/logo/teamlogo/7943.png,https://images.fotmob.com/image_resources/logo/teamlogo/9857.png,2026-03-15,15:00
29,https://www.fotmob.com/matches/roma-vs-como/2xv43v#4803318,4803318,Como,10171,Roma,8686,True,True,False,False,2 - 1,FT,Full-Time,finished,55,Serie A,2025/2026,ITA,https://images.fotmob.com/image_resources/logo/teamlogo/10171.png,https://images.fotmob.com/image_resources/logo/teamlogo/8686.png,2026-03-15,18:00
29,https://www.fotmob.com/matches/lazio-vs-milan/2f4m36#4803321,4803321,Lazio,8543,Milan,8564,True,True,False,False,1 - 0,FT,Full-Time,finished,55,Serie A,2025/2026,ITA,https://images.fotmob.com/image_resources/logo/teamlogo/8543.png,https://images.fotmob.com/image_resources/logo/teamlogo/8564.png,2026-03-15,20:45
29,https://www.fotmob.com/matches/cremonese-vs-fiorentina/27ga0v#4803319,4803319,Cremonese,7801,Fiorentina,8535,True,True,False,False,1 - 4,FT,Full-Time,finished,55,Serie A,2025/2026,ITA,https://images.fotmob.com/image_resources/logo/teamlogo/7801.png,https://images.fotmob.com/image_resources/logo/teamlogo/8535.png,2026-03-16,20:45
30,https://www.fotmob.com/matches/cagliari-vs-napoli/2su8st#4803330,4803330,Cagliari,8529,Napoli,9875,True,True,False,False,0 - 1,FT,Full-Time,finished,55,Serie A,2025/2026,ITA,https://images.fotmob.com/image_resources/logo/teamlogo/8529.png,https://images.fotmob.com/image_resources/logo/teamlogo/9875.png,2026-03-20,18:30
30,https://www.fotmob.com/matches/udinese-vs-genoa/2xlf1t#4803333,4803333,Genoa,10233,Udinese,8600,True,True,False,False,0 - 2,FT,Full-Time,finished,55,Serie A,2025/2026,ITA,https://images.fotmob.com/image_resources/logo/teamlogo/10233.png,https://images.fotmob.com/image_resources/logo/teamlogo/8600.png,2026-03-20,20:45
30,https://www.fotmob.com/matches/cremonese-vs-parma/2o48wh#4803336,4803336,Parma,10167,Cremonese,7801,True,True,False,False,0 - 2,FT,Full-Time,finished,55,Serie A,2025/2026,ITA,https://images.fotmob.com/image_resources/logo/teamlogo/10167.png,https://images.fotmob.com/image_resources/logo/teamlogo/7801.png,2026-03-21,15:00
30,https://www.fotmob.com/matches/milan-vs-torino/2sg20c#4803335,4803335,Milan,8564,Torino,9804,True,True,False,False,3 - 2,FT,Full-Time,finished,55,Serie A,2025/2026,ITA,https://images.fotmob.com/image_resources/logo/teamlogo/8564.png,https://images.fotmob.com/image_resources/logo/teamlogo/9804.png,2026-03-21,18:00
30,https://www.fotmob.com/matches/sassuolo-vs-juventus/2mml13#4803334,4803334,Juventus,9885,Sassuolo,7943,True,True,False,False,1 - 1,FT,Full-Time,finished,55,Serie A,2025/2026,ITA,https://images.fotmob.com/image_resources/logo/teamlogo/9885.png,https://images.fotmob.com/image_resources/logo/teamlogo/7943.png,2026-03-21,20:45
30,https://www.fotmob.com/matches/pisa-vs-como/2aj8jq#4803331,4803331,Como,10171,Pisa,6479,True,True,False,False,5 - 0,FT,Full-Time,finished,55,Serie A,2025/2026,ITA,https://images.fotmob.com/image_resources/logo/teamlogo/10171.png,https://images.fotmob.com/image_resources/logo/teamlogo/6479.png,2026-03-22,12:30
30,https://www.fotmob.com/matches/atalanta-vs-hellas-verona/2sso04#4803328,4803328,Atalanta,8524,Hellas Verona,9876,True,True,False,False,1 - 0,FT,Full-Time,finished,55,Serie A,2025/2026,ITA,https://images.fotmob.com/image_resources/logo/teamlogo/8524.png,https://images.fotmob.com/image_resources/logo/teamlogo/9876.png,2026-03-22,15:00
30,https://www.fotmob.com/matches/lazio-vs-bologna/2ssnzl#4803329,4803329,Bologna,9857,Lazio,8543,True,True,False,False,0 - 2,FT,Full-Time,finished,55,Serie A,2025/2026,ITA,https://images.fotmob.com/image_resources/logo/teamlogo/9857.png,https://images.fotmob.com/image_resources/logo/teamlogo/8543.png,2026-03-22,15:00
30,https://www.fotmob.com/matches/roma-vs-lecce/2upm4p#4803337,4803337,Roma,8686,Lecce,9888,True,True,False,False,1 - 0,FT,Full-Time,finished,55,Serie A,2025/2026,ITA,https://images.fotmob.com/image_resources/logo/teamlogo/8686.png,https://images.fotmob.com/image_resources/logo/teamlogo/9888.png,2026-03-22,18:00
30,https://www.fotmob.com/matches/fiorentina-vs-inter/2fs4je#4803332,4803332,Fiorentina,8535,Inter,8636,True,True,False,False,1 - 1,FT,Full-Time,finished,55,Serie A,2025/2026,ITA,https://images.fotmob.com/image_resources/logo/teamlogo/8535.png,https://images.fotmob.com/image_resources/logo/teamlogo/8636.png,2026-03-22,20:45
31,https://www.fotmob.com/matches/sassuolo-vs-cagliari/28s3h9#4803345,4803345,Sassuolo,7943,Cagliari,8529,True,True,False,False,2 - 1,FT,Full-Time,finished,55,Serie A,2025/2026,ITA,https://images.fotmob.com/image_resources/logo/teamlogo/7943.png,https://images.fotmob.com/image_resources/logo/teamlogo/8529.png,2026-04-04,15:00
31,https://www.fotmob.com/matches/fiorentina-vs-hellas-verona/2sx086#4803347,4803347,Hellas Verona,9876,Fiorentina,8535,True,True,False,False,0 - 1,FT,Full-Time,finished,55,Serie A,2025/2026,ITA,https://images.fotmob.com/image_resources/logo/teamlogo/9876.png,https://images.fotmob.com/image_resources/logo/teamlogo/8535.png,2026-04-04,18:00
31,https://www.fotmob.com/matches/lazio-vs-parma/2w7xek#4803341,4803341,Lazio,8543,Parma,10167,True,True,False,False,1 - 1,FT,Full-Time,finished,55,Serie A,2025/2026,ITA,https://images.fotmob.com/image_resources/logo/teamlogo/8543.png,https://images.fotmob.com/image_resources/logo/teamlogo/10167.png,2026-04-04,20:45
31,https://www.fotmob.com/matches/cremonese-vs-bologna/2ktxjk#4803338,4803338,Cremonese,7801,Bologna,9857,True,True,False,False,1 - 2,FT,Full-Time,finished,55,Serie A,2025/2026,ITA,https://images.fotmob.com/image_resources/logo/teamlogo/7801.png,https://images.fotmob.com/image_resources/logo/teamlogo/9857.png,2026-04-05,15:00
31,https://www.fotmob.com/matches/pisa-vs-torino/26xs06#4803344,4803344,Pisa,6479,Torino,9804,True,True,False,False,0 - 1,FT,Full-Time,finished,55,Serie A,2025/2026,ITA,https://images.fotmob.com/image_resources/logo/teamlogo/6479.png,https://images.fotmob.com/image_resources/logo/teamlogo/9804.png,2026-04-05,18:00
31,https://www.fotmob.com/matches/inter-vs-roma/2hby2d#4803339,4803339,Inter,8636,Roma,8686,True,True,False,False,5 - 2,FT,Full-Time,finished,55,Serie A,2025/2026,ITA,https://images.fotmob.com/image_resources/logo/teamlogo/8636.png,https://images.fotmob.com/image_resources/logo/teamlogo/8686.png,2026-04-05,20:45
31,https://www.fotmob.com/matches/udinese-vs-como/2wwfjq#4803346,4803346,Udinese,8600,Como,10171,True,True,False,False,0 - 0,FT,Full-Time,finished,55,Serie A,2025/2026,ITA,https://images.fotmob.com/image_resources/logo/teamlogo/8600.png,https://images.fotmob.com/image_resources/logo/teamlogo/10171.png,2026-04-06,12:30
31,https://www.fotmob.com/matches/atalanta-vs-lecce/2sxefy#4803342,4803342,Lecce,9888,Atalanta,8524,True,True,False,False,0 - 3,FT,Full-Time,finished,55,Serie A,2025/2026,ITA,https://images.fotmob.com/image_resources/logo/teamlogo/9888.png,https://images.fotmob.com/image_resources/logo/teamlogo/8524.png,2026-04-06,15:00
31,https://www.fotmob.com/matches/juventus-vs-genoa/3chuqi#4803340,4803340,Juventus,9885,Genoa,10233,True,True,False,False,2 - 0,FT,Full-Time,finished,55,Serie A,2025/2026,ITA,https://images.fotmob.com/image_resources/logo/teamlogo/9885.png,https://images.fotmob.com/image_resources/logo/teamlogo/10233.png,2026-04-06,18:00
31,https://www.fotmob.com/matches/milan-vs-napoli/2t82b3#4803343,4803343,Napoli,9875,Milan,8564,True,True,False,False,1 - 0,FT,Full-Time,finished,55,Serie A,2025/2026,ITA,https://images.fotmob.com/image_resources/logo/teamlogo/9875.png,https://images.fotmob.com/image_resources/logo/teamlogo/8564.png,2026-04-06,20:45
32,https://www.fotmob.com/matches/pisa-vs-roma/1wgyc1#4803356,4803356,Roma,8686,Pisa,6479,True,True,False,False,3 - 0,FT,Full-Time,finished,55,Serie A,2025/2026,ITA,https://images.fotmob.com/image_resources/logo/teamlogo/8686.png,https://images.fotmob.com/image_resources/logo/teamlogo/6479.png,2026-04-10,20:45
32,https://www.fotmob.com/matches/cremonese-vs-cagliari/27e6eg#4803350,4803350,Cagliari,8529,Cremonese,7801,True,True,False,False,1 - 0,FT,Full-Time,finished,55,Serie A,2025/2026,ITA,https://images.fotmob.com/image_resources/logo/teamlogo/8529.png,https://images.fotmob.com/image_resources/logo/teamlogo/7801.png,2026-04-11,15:00
32,https://www.fotmob.com/matches/torino-vs-hellas-verona/37b1fo#4803357,4803357,Torino,9804,Hellas Verona,9876,True,True,False,False,2 - 1,FT,Full-Time,finished,55,Serie A,2025/2026,ITA,https://images.fotmob.com/image_resources/logo/teamlogo/9804.png,https://images.fotmob.com/image_resources/logo/teamlogo/9876.png,2026-04-11,15:00
32,https://www.fotmob.com/matches/milan-vs-udinese/2fpjs6#4803354,4803354,Milan,8564,Udinese,8600,True,True,False,False,0 - 3,FT,Full-Time,finished,55,Serie A,2025/2026,ITA,https://images.fotmob.com/image_resources/logo/teamlogo/8564.png,https://images.fotmob.com/image_resources/logo/teamlogo/8600.png,2026-04-11,18:00
32,https://www.fotmob.com/matches/atalanta-vs-juventus/2sw7tm#4803348,4803348,Atalanta,8524,Juventus,9885,True,True,False,False,0 - 1,FT,Full-Time,finished,55,Serie A,2025/2026,ITA,https://images.fotmob.com/image_resources/logo/teamlogo/8524.png,https://images.fotmob.com/image_resources/logo/teamlogo/9885.png,2026-04-11,20:45
32,https://www.fotmob.com/matches/sassuolo-vs-genoa/2qctjb#4803353,4803353,Genoa,10233,Sassuolo,7943,True,True,False,False,2 - 1,FT,Full-Time,finished,55,Serie A,2025/2026,ITA,https://images.fotmob.com/image_resources/logo/teamlogo/10233.png,https://images.fotmob.com/image_resources/logo/teamlogo/7943.png,2026-04-12,12:30
32,https://www.fotmob.com/matches/napoli-vs-parma/3bl562#4803355,4803355,Parma,10167,Napoli,9875,True,True,False,False,1 - 1,FT,Full-Time,finished,55,Serie A,2025/2026,ITA,https://images.fotmob.com/image_resources/logo/teamlogo/10167.png,https://images.fotmob.com/image_resources/logo/teamlogo/9875.png,2026-04-12,15:00
32,https://www.fotmob.com/matches/bologna-vs-lecce/382i4x#4803349,4803349,Bologna,9857,Lecce,9888,True,True,False,False,2 - 0,FT,Full-Time,finished,55,Serie A,2025/2026,ITA,https://images.fotmob.com/image_resources/logo/teamlogo/9857.png,https://images.fotmob.com/image_resources/logo/teamlogo/9888.png,2026-04-12,18:00
32,https://www.fotmob.com/matches/inter-vs-como/2xaxi8#4803351,4803351,Como,10171,Inter,8636,True,True,False,False,3 - 4,FT,Full-Time,finished,55,Serie A,2025/2026,ITA,https://images.fotmob.com/image_resources/logo/teamlogo/10171.png,https://images.fotmob.com/image_resources/logo/teamlogo/8636.png,2026-04-12,20:45
32,https://www.fotmob.com/matches/fiorentina-vs-lazio/2etzl8#4803352,4803352,Fiorentina,8535,Lazio,8543,True,True,False,False,1 - 0,FT,Full-Time,finished,55,Serie A,2025/2026,ITA,https://images.fotmob.com/image_resources/logo/teamlogo/8535.png,https://images.fotmob.com/image_resources/logo/teamlogo/8543.png,2026-04-13,20:45
33,https://www.fotmob.com/matches/sassuolo-vs-como/2popgq#4803364,4803364,Sassuolo,7943,Como,10171,True,True,False,False,2 - 1,FT,Full-Time,finished,55,Serie A,2025/2026,ITA,https://images.fotmob.com/image_resources/logo/teamlogo/7943.png,https://images.fotmob.com/image_resources/logo/teamlogo/10171.png,2026-04-17,18:30
33,https://www.fotmob.com/matches/cagliari-vs-inter/2fpx1z#4803358,4803358,Inter,8636,Cagliari,8529,True,True,False,False,3 - 0,FT,Full-Time,finished,55,Serie A,2025/2026,ITA,https://images.fotmob.com/image_resources/logo/teamlogo/8636.png,https://images.fotmob.com/image_resources/logo/teamlogo/8529.png,2026-04-17,20:45
33,https://www.fotmob.com/matches/udinese-vs-parma/2wutm8#4803365,4803365,Udinese,8600,Parma,10167,True,True,False,False,0 - 1,FT,Full-Time,finished,55,Serie A,2025/2026,ITA,https://images.fotmob.com/image_resources/logo/teamlogo/8600.png,https://images.fotmob.com/image_resources/logo/teamlogo/10167.png,2026-04-18,15:00
33,https://www.fotmob.com/matches/lazio-vs-napoli/2szrou#4803361,4803361,Napoli,9875,Lazio,8543,True,True,False,False,0 - 2,FT,Full-Time,finished,55,Serie A,2025/2026,ITA,https://images.fotmob.com/image_resources/logo/teamlogo/9875.png,https://images.fotmob.com/image_resources/logo/teamlogo/8543.png,2026-04-18,18:00
33,https://www.fotmob.com/matches/atalanta-vs-roma/2g6hwd#4803363,4803363,Roma,8686,Atalanta,8524,True,True,False,False,1 - 1,FT,Full-Time,finished,55,Serie A,2025/2026,ITA,https://images.fotmob.com/image_resources/logo/teamlogo/8686.png,https://images.fotmob.com/image_resources/logo/teamlogo/8524.png,2026-04-18,20:45
33,https://www.fotmob.com/matches/cremonese-vs-torino/2k9wfv#4803367,4803367,Cremonese,7801,Torino,9804,True,True,False,False,0 - 0,FT,Full-Time,finished,55,Serie A,2025/2026,ITA,https://images.fotmob.com/image_resources/logo/teamlogo/7801.png,https://images.fotmob.com/image_resources/logo/teamlogo/9804.png,2026-04-19,12:30
33,https://www.fotmob.com/matches/milan-vs-hellas-verona/2t8gjc#4803366,4803366,Hellas Verona,9876,Milan,8564,True,True,False,False,0 - 1,FT,Full-Time,finished,55,Serie A,2025/2026,ITA,https://images.fotmob.com/image_resources/logo/teamlogo/9876.png,https://images.fotmob.com/image_resources/logo/teamlogo/8564.png,2026-04-19,15:00
33,https://www.fotmob.com/matches/pisa-vs-genoa/2b5ekz#4803362,4803362,Pisa,6479,Genoa,10233,True,True,False,False,1 - 2,FT,Full-Time,finished,55,Serie A,2025/2026,ITA,https://images.fotmob.com/image_resources/logo/teamlogo/6479.png,https://images.fotmob.com/image_resources/logo/teamlogo/10233.png,2026-04-19,18:00
33,https://www.fotmob.com/matches/bologna-vs-juventus/3818fi#4803359,4803359,Juventus,9885,Bologna,9857,True,True,False,False,2 - 0,FT,Full-Time,finished,55,Serie A,2025/2026,ITA,https://images.fotmob.com/image_resources/logo/teamlogo/9885.png,https://images.fotmob.com/image_resources/logo/teamlogo/9857.png,2026-04-19,20:45
33,https://www.fotmob.com/matches/fiorentina-vs-lecce/2t1qro#4803360,4803360,Lecce,9888,Fiorentina,8535,True,True,False,False,1 - 1,FT,Full-Time,finished,55,Serie A,2025/2026,ITA,https://images.fotmob.com/image_resources/logo/teamlogo/9888.png,https://images.fotmob.com/image_resources/logo/teamlogo/8535.png,2026-04-20,20:45
34,https://www.fotmob.com/matches/cremonese-vs-napoli/2l0qxt#4803374,4803374,Napoli,9875,Cremonese,7801,True,True,False,False,4 - 0,FT,Full-Time,finished,55,Serie A,2025/2026,ITA,https://images.fotmob.com/image_resources/logo/teamlogo/9875.png,https://images.fotmob.com/image_resources/logo/teamlogo/7801.png,2026-04-24,20:45
34,https://www.fotmob.com/matches/pisa-vs-parma/2aht5w#4803375,4803375,Parma,10167,Pisa,6479,True,True,False,False,1 - 0,FT,Full-Time,finished,55,Serie A,2025/2026,ITA,https://images.fotmob.com/image_resources/logo/teamlogo/10167.png,https://images.fotmob.com/image_resources/logo/teamlogo/6479.png,2026-04-25,15:00
34,https://www.fotmob.com/matches/roma-vs-bologna/2uda6h#4803368,4803368,Bologna,9857,Roma,8686,True,True,False,False,0 - 2,FT,Full-Time,finished,55,Serie A,2025/2026,ITA,https://images.fotmob.com/image_resources/logo/teamlogo/9857.png,https://images.fotmob.com/image_resources/logo/teamlogo/8686.png,2026-04-25,18:00
34,https://www.fotmob.com/matches/hellas-verona-vs-lecce/38ajr6#4803377,4803377,Hellas Verona,9876,Lecce,9888,True,True,False,False,0 - 0,FT,Full-Time,finished,55,Serie A,2025/2026,ITA,https://images.fotmob.com/image_resources/logo/teamlogo/9876.png,https://images.fotmob.com/image_resources/logo/teamlogo/9888.png,2026-04-25,20:45
34,https://www.fotmob.com/matches/sassuolo-vs-fiorentina/28u7rc#4803370,4803370,Fiorentina,8535,Sassuolo,7943,True,True,False,False,0 - 0,FT,Full-Time,finished,55,Serie A,2025/2026,ITA,https://images.fotmob.com/image_resources/logo/teamlogo/8535.png,https://images.fotmob.com/image_resources/logo/teamlogo/7943.png,2026-04-26,12:30
34,https://www.fotmob.com/matches/como-vs-genoa/3fy2aj#4803371,4803371,Genoa,10233,Como,10171,True,True,False,False,0 - 2,FT,Full-Time,finished,55,Serie A,2025/2026,ITA,https://images.fotmob.com/image_resources/logo/teamlogo/10233.png,https://images.fotmob.com/image_resources/logo/teamlogo/10171.png,2026-04-26,15:00
34,https://www.fotmob.com/matches/inter-vs-torino/2t8ghc#4803376,4803376,Torino,9804,Inter,8636,True,True,False,False,2 - 2,FT,Full-Time,finished,55,Serie A,2025/2026,ITA,https://images.fotmob.com/image_resources/logo/teamlogo/9804.png,https://images.fotmob.com/image_resources/logo/teamlogo/8636.png,2026-04-26,18:00
34,https://www.fotmob.com/matches/milan-vs-juventus/2tc0mu#4803373,4803373,Milan,8564,Juventus,9885,True,True,False,False,0 - 0,FT,Full-Time,finished,55,Serie A,2025/2026,ITA,https://images.fotmob.com/image_resources/logo/teamlogo/8564.png,https://images.fotmob.com/image_resources/logo/teamlogo/9885.png,2026-04-26,20:45
34,https://www.fotmob.com/matches/atalanta-vs-cagliari/2ekudg#4803369,4803369,Cagliari,8529,Atalanta,8524,True,True,False,False,3 - 2,FT,Full-Time,finished,55,Serie A,2025/2026,ITA,https://images.fotmob.com/image_resources/logo/teamlogo/8529.png,https://images.fotmob.com/image_resources/logo/teamlogo/8524.png,2026-04-27,18:30
34,https://www.fotmob.com/matches/lazio-vs-udinese/2fhtto#4803372,4803372,Lazio,8543,Udinese,8600,True,True,False,False,3 - 3,FT,Full-Time,finished,55,Serie A,2025/2026,ITA,https://images.fotmob.com/image_resources/logo/teamlogo/8543.png,https://images.fotmob.com/image_resources/logo/teamlogo/8600.png,2026-04-27,20:45
35,https://www.fotmob.com/matches/pisa-vs-lecce/27r67c#4803384,4803384,Pisa,6479,Lecce,9888,True,True,False,False,1 - 2,FT,Full-Time,finished,55,Serie A,2025/2026,ITA,https://images.fotmob.com/image_resources/logo/teamlogo/6479.png,https://images.fotmob.com/image_resources/logo/teamlogo/9888.png,2026-05-01,20:45
35,https://www.fotmob.com/matches/udinese-vs-torino/2su8qu#4803387,4803387,Udinese,8600,Torino,9804,True,True,False,False,2 - 0,FT,Full-Time,finished,55,Serie A,2025/2026,ITA,https://images.fotmob.com/image_resources/logo/teamlogo/8600.png,https://images.fotmob.com/image_resources/logo/teamlogo/9804.png,2026-05-02,15:00
35,https://www.fotmob.com/matches/napoli-vs-como/3bmv18#4803380,4803380,Como,10171,Napoli,9875,True,True,False,False,0 - 0,FT,Full-Time,finished,55,Serie A,2025/2026,ITA,https://images.fotmob.com/image_resources/logo/teamlogo/10171.png,https://images.fotmob.com/image_resources/logo/teamlogo/9875.png,2026-05-02,18:00
35,https://www.fotmob.com/matches/atalanta-vs-genoa/2wqssb#4803378,4803378,Atalanta,8524,Genoa,10233,True,True,False,False,0 - 0,FT,Full-Time,finished,55,Serie A,2025/2026,ITA,https://images.fotmob.com/image_resources/logo/teamlogo/8524.png,https://images.fotmob.com/image_resources/logo/teamlogo/10233.png,2026-05-02,20:45
35,https://www.fotmob.com/matches/cagliari-vs-bologna/2sn5ak#4803379,4803379,Bologna,9857,Cagliari,8529,True,True,False,False,0 - 0,FT,Full-Time,finished,55,Serie A,2025/2026,ITA,https://images.fotmob.com/image_resources/logo/teamlogo/9857.png,https://images.fotmob.com/image_resources/logo/teamlogo/8529.png,2026-05-03,12:30
35,https://www.fotmob.com/matches/sassuolo-vs-milan/294gu6#4803386,4803386,Sassuolo,7943,Milan,8564,True,True,False,False,2 - 0,FT,Full-Time,finished,55,Serie A,2025/2026,ITA,https://images.fotmob.com/image_resources/logo/teamlogo/7943.png,https://images.fotmob.com/image_resources/logo/teamlogo/8564.png,2026-05-03,15:00
35,https://www.fotmob.com/matches/hellas-verona-vs-juventus/389a06#4803383,4803383,Juventus,9885,Hellas Verona,9876,True,True,False,False,1 - 1,FT,Full-Time,finished,55,Serie A,2025/2026,ITA,https://images.fotmob.com/image_resources/logo/teamlogo/9885.png,https://images.fotmob.com/image_resources/logo/teamlogo/9876.png,2026-05-03,18:00
35,https://www.fotmob.com/matches/inter-vs-parma/2x9bgq#4803382,4803382,Inter,8636,Parma,10167,True,True,False,False,2 - 0,FT,Full-Time,finished,55,Serie A,2025/2026,ITA,https://images.fotmob.com/image_resources/logo/teamlogo/8636.png,https://images.fotmob.com/image_resources/logo/teamlogo/10167.png,2026-05-03,20:45
35,https://www.fotmob.com/matches/cremonese-vs-lazio/27j2wb#4803381,4803381,Cremonese,7801,Lazio,8543,True,True,False,False,1 - 2,FT,Full-Time,finished,55,Serie A,2025/2026,ITA,https://images.fotmob.com/image_resources/logo/teamlogo/7801.png,https://images.fotmob.com/image_resources/logo/teamlogo/8543.png,2026-05-04,18:30
35,https://www.fotmob.com/matches/fiorentina-vs-roma/2gak0t#4803385,4803385,Roma,8686,Fiorentina,8535,True,True,False,False,4 - 0,FT,Full-Time,finished,55,Serie A,2025/2026,ITA,https://images.fotmob.com/image_resources/logo/teamlogo/8686.png,https://images.fotmob.com/image_resources/logo/teamlogo/8535.png,2026-05-04,20:45
36,https://www.fotmob.com/matches/sassuolo-vs-torino/2lrp7u#4803397,4803397,Torino,9804,Sassuolo,7943,True,True,False,False,2 - 1,FT,Full-Time,finished,55,Serie A,2025/2026,ITA,https://images.fotmob.com/image_resources/logo/teamlogo/9804.png,https://images.fotmob.com/image_resources/logo/teamlogo/7943.png,2026-05-08,20:45
36,https://www.fotmob.com/matches/cagliari-vs-udinese/2fcoph#4803389,4803389,Cagliari,8529,Udinese,8600,True,True,False,False,0 - 2,FT,Full-Time,finished,55,Serie A,2025/2026,ITA,https://images.fotmob.com/image_resources/logo/teamlogo/8529.png,https://images.fotmob.com/image_resources/logo/teamlogo/8600.png,2026-05-09,15:00
36,https://www.fotmob.com/matches/lazio-vs-inter/2fv2k6#4803392,4803392,Lazio,8543,Inter,8636,True,True,False,False,0 - 3,FT,Full-Time,finished,55,Serie A,2025/2026,ITA,https://images.fotmob.com/image_resources/logo/teamlogo/8543.png,https://images.fotmob.com/image_resources/logo/teamlogo/8636.png,2026-05-09,18:00
36,https://www.fotmob.com/matches/juventus-vs-lecce/38ed1f#4803393,4803393,Lecce,9888,Juventus,9885,True,True,False,False,0 - 1,FT,Full-Time,finished,55,Serie A,2025/2026,ITA,https://images.fotmob.com/image_resources/logo/teamlogo/9888.png,https://images.fotmob.com/image_resources/logo/teamlogo/9885.png,2026-05-09,20:45
36,https://www.fotmob.com/matches/hellas-verona-vs-como/3bnai4#4803388,4803388,Hellas Verona,9876,Como,10171,True,True,False,False,0 - 1,FT,Full-Time,finished,55,Serie A,2025/2026,ITA,https://images.fotmob.com/image_resources/logo/teamlogo/9876.png,https://images.fotmob.com/image_resources/logo/teamlogo/10171.png,2026-05-10,12:30
36,https://www.fotmob.com/matches/pisa-vs-cremonese/1opnr1#4803390,4803390,Cremonese,7801,Pisa,6479,True,True,False,False,3 - 0,FT,Full-Time,finished,55,Serie A,2025/2026,ITA,https://images.fotmob.com/image_resources/logo/teamlogo/7801.png,https://images.fotmob.com/image_resources/logo/teamlogo/6479.png,2026-05-10,15:00
36,https://www.fotmob.com/matches/fiorentina-vs-genoa/2wv81r#4803391,4803391,Fiorentina,8535,Genoa,10233,True,True,False,False,0 - 0,FT,Full-Time,finished,55,Serie A,2025/2026,ITA,https://images.fotmob.com/image_resources/logo/teamlogo/8535.png,https://images.fotmob.com/image_resources/logo/teamlogo/10233.png,2026-05-10,15:00
36,https://www.fotmob.com/matches/roma-vs-parma/2xthwt#4803396,4803396,Parma,10167,Roma,8686,True,True,False,False,2 - 3,FT,Full-Time,finished,55,Serie A,2025/2026,ITA,https://images.fotmob.com/image_resources/logo/teamlogo/10167.png,https://images.fotmob.com/image_resources/logo/teamlogo/8686.png,2026-05-10,18:00
36,https://www.fotmob.com/matches/atalanta-vs-milan/2exnf8#4803394,4803394,Milan,8564,Atalanta,8524,True,True,False,False,2 - 3,FT,Full-Time,finished,55,Serie A,2025/2026,ITA,https://images.fotmob.com/image_resources/logo/teamlogo/8564.png,https://images.fotmob.com/image_resources/logo/teamlogo/8524.png,2026-05-10,20:45
36,https://www.fotmob.com/matches/bologna-vs-napoli/37x04l#4803395,4803395,Napoli,9875,Bologna,9857,True,True,False,False,2 - 3,FT,Full-Time,finished,55,Serie A,2025/2026,ITA,https://images.fotmob.com/image_resources/logo/teamlogo/9875.png,https://images.fotmob.com/image_resources/logo/teamlogo/9857.png,2026-05-11,20:45
37,https://www.fotmob.com/matches/parma-vs-como/3f58t2#4803400,4803400,Como,10171,Parma,10167,True,True,False,False,1 - 0,FT,Full-Time,finished,55,Serie A,2025/2026,ITA,https://images.fotmob.com/image_resources/logo/teamlogo/10171.png,https://images.fotmob.com/image_resources/logo/teamlogo/10167.png,2026-05-17,12:00
37,https://www.fotmob.com/matches/milan-vs-genoa/2x6wdb#4803401,4803401,Genoa,10233,Milan,8564,True,True,False,False,1 - 2,FT,Full-Time,finished,55,Serie A,2025/2026,ITA,https://images.fotmob.com/image_resources/logo/teamlogo/10233.png,https://images.fotmob.com/image_resources/logo/teamlogo/8564.png,2026-05-17,12:00
37,https://www.fotmob.com/matches/fiorentina-vs-juventus/2t0k4f#4803403,4803403,Juventus,9885,Fiorentina,8535,True,True,False,False,0 - 2,FT,Full-Time,finished,55,Serie A,2025/2026,ITA,https://images.fotmob.com/image_resources/logo/teamlogo/9885.png,https://images.fotmob.com/image_resources/logo/teamlogo/8535.png,2026-05-17,12:00
37,https://www.fotmob.com/matches/pisa-vs-napoli/27mm2u#4803404,4803404,Pisa,6479,Napoli,9875,True,True,False,False,0 - 3,FT,Full-Time,finished,55,Serie A,2025/2026,ITA,https://images.fotmob.com/image_resources/logo/teamlogo/6479.png,https://images.fotmob.com/image_resources/logo/teamlogo/9875.png,2026-05-17,12:00
37,https://www.fotmob.com/matches/lazio-vs-roma/2gdicp#4803405,4803405,Roma,8686,Lazio,8543,True,True,False,False,2 - 0,FT,Full-Time,finished,55,Serie A,2025/2026,ITA,https://images.fotmob.com/image_resources/logo/teamlogo/8686.png,https://images.fotmob.com/image_resources/logo/teamlogo/8543.png,2026-05-17,12:00
37,https://www.fotmob.com/matches/inter-vs-hellas-verona/2u0z0c#4803402,4803402,Inter,8636,Hellas Verona,9876,True,True,False,False,1 - 1,FT,Full-Time,finished,55,Serie A,2025/2026,ITA,https://images.fotmob.com/image_resources/logo/teamlogo/8636.png,https://images.fotmob.com/image_resources/logo/teamlogo/9876.png,2026-05-17,15:00
37,https://www.fotmob.com/matches/atalanta-vs-bologna/2sl6d8#4803398,4803398,Atalanta,8524,Bologna,9857,True,True,False,False,0 - 1,FT,Full-Time,finished,55,Serie A,2025/2026,ITA,https://images.fotmob.com/image_resources/logo/teamlogo/8524.png,https://images.fotmob.com/image_resources/logo/teamlogo/9857.png,2026-05-17,18:00
37,https://www.fotmob.com/matches/cagliari-vs-torino/2s2af3#4803399,4803399,Cagliari,8529,Torino,9804,True,True,False,False,2 - 1,FT,Full-Time,finished,55,Serie A,2025/2026,ITA,https://images.fotmob.com/image_resources/logo/teamlogo/8529.png,https://images.fotmob.com/image_resources/logo/teamlogo/9804.png,2026-05-17,20:45
37,https://www.fotmob.com/matches/sassuolo-vs-lecce/2mnqb0#4803406,4803406,Sassuolo,7943,Lecce,9888,True,True,False,False,2 - 3,FT,Full-Time,finished,55,Serie A,2025/2026,ITA,https://images.fotmob.com/image_resources/logo/teamlogo/7943.png,https://images.fotmob.com/image_resources/logo/teamlogo/9888.png,2026-05-17,20:45
37,https://www.fotmob.com/matches/cremonese-vs-udinese/28331t#4803407,4803407,Udinese,8600,Cremonese,7801,True,True,False,False,0 - 1,FT,Full-Time,finished,55,Serie A,2025/2026,ITA,https://images.fotmob.com/image_resources/logo/teamlogo/8600.png,https://images.fotmob.com/image_resources/logo/teamlogo/7801.png,2026-05-17,20:45
38,https://www.fotmob.com/matches/atalanta-vs-fiorentina/2en1cd#4803410,4803410,Fiorentina,8535,Atalanta,8524,True,True,False,False,1 - 1,FT,Full-Time,finished,55,Serie A,2025/2026,ITA,https://images.fotmob.com/image_resources/logo/teamlogo/8535.png,https://images.fotmob.com/image_resources/logo/teamlogo/8524.png,2026-05-22,20:45
38,https://www.fotmob.com/matches/inter-vs-bologna/2ttfqc#4803408,4803408,Bologna,9857,Inter,8636,True,True,False,False,3 - 3,FT,Full-Time,finished,55,Serie A,2025/2026,ITA,https://images.fotmob.com/image_resources/logo/teamlogo/9857.png,https://images.fotmob.com/image_resources/logo/teamlogo/8636.png,2026-05-23,18:00
38,https://www.fotmob.com/matches/pisa-vs-lazio/1v6orc#4803411,4803411,Lazio,8543,Pisa,6479,True,True,False,False,2 - 1,FT,Full-Time,finished,55,Serie A,2025/2026,ITA,https://images.fotmob.com/image_resources/logo/teamlogo/8543.png,https://images.fotmob.com/image_resources/logo/teamlogo/6479.png,2026-05-23,20:45
38,https://www.fotmob.com/matches/sassuolo-vs-parma/2pn5k8#4803415,4803415,Parma,10167,Sassuolo,7943,True,True,False,False,1 - 0,FT,Full-Time,finished,55,Serie A,2025/2026,ITA,https://images.fotmob.com/image_resources/logo/teamlogo/10167.png,https://images.fotmob.com/image_resources/logo/teamlogo/7943.png,2026-05-24,15:00
38,https://www.fotmob.com/matches/udinese-vs-napoli/2tmb0l#4803414,4803414,Napoli,9875,Udinese,8600,True,True,False,False,1 - 0,FT,Full-Time,finished,55,Serie A,2025/2026,ITA,https://images.fotmob.com/image_resources/logo/teamlogo/9875.png,https://images.fotmob.com/image_resources/logo/teamlogo/8600.png,2026-05-24,18:00
38,https://www.fotmob.com/matches/cagliari-vs-milan/2ezhcz#4803413,4803413,Milan,8564,Cagliari,8529,True,True,False,False,1 - 2,FT,Full-Time,finished,55,Serie A,2025/2026,ITA,https://images.fotmob.com/image_resources/logo/teamlogo/8564.png,https://images.fotmob.com/image_resources/logo/teamlogo/8529.png,2026-05-24,20:45
38,https://www.fotmob.com/matches/roma-vs-hellas-verona/2uku6v#4803417,4803417,Hellas Verona,9876,Roma,8686,True,True,False,False,0 - 2,FT,Full-Time,finished,55,Serie A,2025/2026,ITA,https://images.fotmob.com/image_resources/logo/teamlogo/9876.png,https://images.fotmob.com/image_resources/logo/teamlogo/8686.png,2026-05-24,20:45
38,https://www.fotmob.com/matches/lecce-vs-genoa/3cj5b9#4803412,4803412,Lecce,9888,Genoa,10233,True,True,False,False,1 - 0,FT,Full-Time,finished,55,Serie A,2025/2026,ITA,https://images.fotmob.com/image_resources/logo/teamlogo/9888.png,https://images.fotmob.com/image_resources/logo/teamlogo/10233.png,2026-05-24,20:45
38,https://www.fotmob.com/matches/cremonese-vs-como/2o5sd7#4803409,4803409,Cremonese,7801,Como,10171,True,True,False,False,1 - 4,FT,Full-Time,finished,55,Serie A,2025/2026,ITA,https://images.fotmob.com/image_resources/logo/teamlogo/7801.png,https://images.fotmob.com/image_resources/logo/teamlogo/10171.png,2026-05-24,20:50
38,https://www.fotmob.com/matches/torino-vs-juventus/37eu56#4803416,4803416,Torino,9804,Juventus,9885,True,True,False,False,2 - 2,FT,Full-Time,finished,55,Serie A,2025/2026,ITA,https://images.fotmob.com/image_resources/logo/teamlogo/9804.png,https://images.fotmob.com/image_resources/logo/teamlogo/9885.png,2026-05-24,21:45
1,https://www.fotmob.com/matches/girona-vs-rayo-vallecano/256xdj#4837112,4837112,Girona,7732,Rayo Vallecano,8370,True,True,False,False,1 - 3,FT,Full-Time,finished,87,LaLiga,2025/2026,ESP,https://images.fotmob.com/image_resources/logo/teamlogo/7732.png,https://images.fotmob.com/image_resources/logo/teamlogo/8370.png,2025-08-15,19:00
1,https://www.fotmob.com/matches/real-oviedo-vs-villarreal/2y2e4o#4837118,4837118,Villarreal,10205,Real Oviedo,8670,True,True,False,False,2 - 0,FT,Full-Time,finished,87,LaLiga,2025/2026,ESP,https://images.fotmob.com/image_resources/logo/teamlogo/10205.png,https://images.fotmob.com/image_resources/logo/teamlogo/8670.png,2025-08-15,21:30
1,https://www.fotmob.com/matches/barcelona-vs-mallorca/2h1xfx#4837114,4837114,Mallorca,8661,Barcelona,8634,True,True,False,False,0 - 3,FT,Full-Time,finished,87,LaLiga,2025/2026,ESP,https://images.fotmob.com/image_resources/logo/teamlogo/8661.png,https://images.fotmob.com/image_resources/logo/teamlogo/8634.png,2025-08-16,19:30
1,https://www.fotmob.com/matches/levante-vs-deportivo-alaves/2tb85e#4837109,4837109,Deportivo Alaves,9866,Levante,8581,True,True,False,False,2 - 1,FT,Full-Time,finished,87,LaLiga,2025/2026,ESP,https://images.fotmob.com/image_resources/logo/teamlogo/9866.png,https://images.fotmob.com/image_resources/logo/teamlogo/8581.png,2025-08-16,21:30
1,https://www.fotmob.com/matches/real-sociedad-vs-valencia/2xizua#4837117,4837117,Valencia,10267,Real Sociedad,8560,True,True,False,False,1 - 1,FT,Full-Time,finished,87,LaLiga,2025/2026,ESP,https://images.fotmob.com/image_resources/logo/teamlogo/10267.png,https://images.fotmob.com/image_resources/logo/teamlogo/8560.png,2025-08-16,21:30
1,https://www.fotmob.com/matches/getafe-vs-celta-vigo/2qs2ma#4837111,4837111,Celta Vigo,9910,Getafe,8305,True,True,False,False,0 - 2,FT,Full-Time,finished,87,LaLiga,2025/2026,ESP,https://images.fotmob.com/image_resources/logo/teamlogo/9910.png,https://images.fotmob.com/image_resources/logo/teamlogo/8305.png,2025-08-17,17:00
1,https://www.fotmob.com/matches/sevilla-vs-athletic-club/2a7iew#4837110,4837110,Athletic Club,8315,Sevilla,8302,True,True,False,False,3 - 2,FT,Full-Time,finished,87,LaLiga,2025/2026,ESP,https://images.fotmob.com/image_resources/logo/teamlogo/8315.png,https://images.fotmob.com/image_resources/logo/teamlogo/8302.png,2025-08-17,19:30
1,https://www.fotmob.com/matches/espanyol-vs-atletico-madrid/2thy9u#4837113,4837113,Espanyol,8558,Atletico Madrid,9906,True,True,False,False,2 - 1,FT,Full-Time,finished,87,LaLiga,2025/2026,ESP,https://images.fotmob.com/image_resources/logo/teamlogo/8558.png,https://images.fotmob.com/image_resources/logo/teamlogo/9906.png,2025-08-17,21:30
1,https://www.fotmob.com/matches/real-betis-vs-elche/2y0rtr#4837115,4837115,Elche,10268,Real Betis,8603,True,True,False,False,1 - 1,FT,Full-Time,finished,87,LaLiga,2025/2026,ESP,https://images.fotmob.com/image_resources/logo/teamlogo/10268.png,https://images.fotmob.com/image_resources/logo/teamlogo/8603.png,2025-08-18,21:00
1,https://www.fotmob.com/matches/osasuna-vs-real-madrid/2e2ylz#4837116,4837116,Real Madrid,8633,Osasuna,8371,True,True,False,False,1 - 0,FT,Full-Time,finished,87,LaLiga,2025/2026,ESP,https://images.fotmob.com/image_resources/logo/teamlogo/8633.png,https://images.fotmob.com/image_resources/logo/teamlogo/8371.png,2025-08-19,21:00
2,https://www.fotmob.com/matches/real-betis-vs-deportivo-alaves/2tjxhl#4837123,4837123,Real Betis,8603,Deportivo Alaves,9866,True,True,False,False,1 - 0,FT,Full-Time,finished,87,LaLiga,2025/2026,ESP,https://images.fotmob.com/image_resources/logo/teamlogo/8603.png,https://images.fotmob.com/image_resources/logo/teamlogo/9866.png,2025-08-22,21:30
2,https://www.fotmob.com/matches/mallorca-vs-celta-vigo/2uof5k#4837125,4837125,Mallorca,8661,Celta Vigo,9910,True,True,False,False,1 - 1,FT,Full-Time,finished,87,LaLiga,2025/2026,ESP,https://images.fotmob.com/image_resources/logo/teamlogo/8661.png,https://images.fotmob.com/image_resources/logo/teamlogo/9910.png,2025-08-23,17:00
2,https://www.fotmob.com/matches/atletico-madrid-vs-elche/3d61a3#4837120,4837120,Atletico Madrid,9906,Elche,10268,True,True,False,False,1 - 1,FT,Full-Time,finished,87,LaLiga,2025/2026,ESP,https://images.fotmob.com/image_resources/logo/teamlogo/9906.png,https://images.fotmob.com/image_resources/logo/teamlogo/10268.png,2025-08-23,19:30
2,https://www.fotmob.com/matches/levante-vs-barcelona/2g8c9m#4837124,4837124,Levante,8581,Barcelona,8634,True,True,False,False,2 - 3,FT,Full-Time,finished,87,LaLiga,2025/2026,ESP,https://images.fotmob.com/image_resources/logo/teamlogo/8581.png,https://images.fotmob.com/image_resources/logo/teamlogo/8634.png,2025-08-23,21:30
2,https://www.fotmob.com/matches/osasuna-vs-valencia/2vf3ss#4837121,4837121,Osasuna,8371,Valencia,10267,True,True,False,False,1 - 0,FT,Full-Time,finished,87,LaLiga,2025/2026,ESP,https://images.fotmob.com/image_resources/logo/teamlogo/8371.png,https://images.fotmob.com/image_resources/logo/teamlogo/10267.png,2025-08-24,17:00
2,https://www.fotmob.com/matches/espanyol-vs-real-sociedad/2f8nc1#4837126,4837126,Real Sociedad,8560,Espanyol,8558,True,True,False,False,2 - 2,FT,Full-Time,finished,87,LaLiga,2025/2026,ESP,https://images.fotmob.com/image_resources/logo/teamlogo/8560.png,https://images.fotmob.com/image_resources/logo/teamlogo/8558.png,2025-08-24,19:30
2,https://www.fotmob.com/matches/girona-vs-villarreal/2nsbf1#4837128,4837128,Villarreal,10205,Girona,7732,True,True,False,False,5 - 0,FT,Full-Time,finished,87,LaLiga,2025/2026,ESP,https://images.fotmob.com/image_resources/logo/teamlogo/10205.png,https://images.fotmob.com/image_resources/logo/teamlogo/7732.png,2025-08-24,19:30
2,https://www.fotmob.com/matches/real-madrid-vs-real-oviedo/2h4w8i#4837122,4837122,Real Oviedo,8670,Real Madrid,8633,True,True,False,False,0 - 3,FT,Full-Time,finished,87,LaLiga,2025/2026,ESP,https://images.fotmob.com/image_resources/logo/teamlogo/8670.png,https://images.fotmob.com/image_resources/logo/teamlogo/8633.png,2025-08-24,21:30
2,https://www.fotmob.com/matches/athletic-club-vs-rayo-vallecano/2avs59#4837119,4837119,Athletic Club,8315,Rayo Vallecano,8370,True,True,False,False,1 - 0,FT,Full-Time,finished,87,LaLiga,2025/2026,ESP,https://images.fotmob.com/image_resources/logo/teamlogo/8315.png,https://images.fotmob.com/image_resources/logo/teamlogo/8370.png,2025-08-25,19:30
2,https://www.fotmob.com/matches/sevilla-vs-getafe/2a3y81#4837127,4837127,Sevilla,8302,Getafe,8305,True,True,False,False,1 - 2,FT,Full-Time,finished,87,LaLiga,2025/2026,ESP,https://images.fotmob.com/image_resources/logo/teamlogo/8302.png,https://images.fotmob.com/image_resources/logo/teamlogo/8305.png,2025-08-25,21:30
6,https://www.fotmob.com/matches/real-betis-vs-celta-vigo/2u1dbj#4837167,4837167,Celta Vigo,9910,Real Betis,8603,True,True,False,False,1 - 1,FT,Full-Time,finished,87,LaLiga,2025/2026,ESP,https://images.fotmob.com/image_resources/logo/teamlogo/9910.png,https://images.fotmob.com/image_resources/logo/teamlogo/8603.png,2025-08-27,21:00
3,https://www.fotmob.com/matches/levante-vs-elche/2xrvna#4837131,4837131,Elche,10268,Levante,8581,True,True,False,False,2 - 0,FT,Full-Time,finished,87,LaLiga,2025/2026,ESP,https://images.fotmob.com/image_resources/logo/teamlogo/10268.png,https://images.fotmob.com/image_resources/logo/teamlogo/8581.png,2025-08-29,19:30
3,https://www.fotmob.com/matches/getafe-vs-valencia/2uos8v#4837137,4837137,Valencia,10267,Getafe,8305,True,True,False,False,3 - 0,FT,Full-Time,finished,87,LaLiga,2025/2026,ESP,https://images.fotmob.com/image_resources/logo/teamlogo/10267.png,https://images.fotmob.com/image_resources/logo/teamlogo/8305.png,2025-08-29,21:30
3,https://www.fotmob.com/matches/deportivo-alaves-vs-atletico-madrid/38dxso#4837129,4837129,Deportivo Alaves,9866,Atletico Madrid,9906,True,True,False,False,1 - 1,FT,Full-Time,finished,87,LaLiga,2025/2026,ESP,https://images.fotmob.com/image_resources/logo/teamlogo/9866.png,https://images.fotmob.com/image_resources/logo/teamlogo/9906.png,2025-08-30,17:00
3,https://www.fotmob.com/matches/real-sociedad-vs-real-oviedo/2gdvmv#4837134,4837134,Real Oviedo,8670,Real Sociedad,8560,True,True,False,False,1 - 0,FT,Full-Time,finished,87,LaLiga,2025/2026,ESP,https://images.fotmob.com/image_resources/logo/teamlogo/8670.png,https://images.fotmob.com/image_resources/logo/teamlogo/8560.png,2025-08-30,19:00
3,https://www.fotmob.com/matches/girona-vs-sevilla/24ji81#4837133,4837133,Girona,7732,Sevilla,8302,True,True,False,False,0 - 2,FT,Full-Time,finished,87,LaLiga,2025/2026,ESP,https://images.fotmob.com/image_resources/logo/teamlogo/7732.png,https://images.fotmob.com/image_resources/logo/teamlogo/8302.png,2025-08-30,19:30
3,https://www.fotmob.com/matches/real-madrid-vs-mallorca/2h1k3i#4837138,4837138,Real Madrid,8633,Mallorca,8661,True,True,False,False,2 - 1,FT,Full-Time,finished,87,LaLiga,2025/2026,ESP,https://images.fotmob.com/image_resources/logo/teamlogo/8633.png,https://images.fotmob.com/image_resources/logo/teamlogo/8661.png,2025-08-30,21:30
3,https://www.fotmob.com/matches/celta-vigo-vs-villarreal/3cgk6s#4837130,4837130,Celta Vigo,9910,Villarreal,10205,True,True,False,False,1 - 1,FT,Full-Time,finished,87,LaLiga,2025/2026,ESP,https://images.fotmob.com/image_resources/logo/teamlogo/9910.png,https://images.fotmob.com/image_resources/logo/teamlogo/10205.png,2025-08-31,17:00
3,https://www.fotmob.com/matches/athletic-club-vs-real-betis/2d7p20#4837135,4837135,Real Betis,8603,Athletic Club,8315,True,True,False,False,1 - 2,FT,Full-Time,finished,87,LaLiga,2025/2026,ESP,https://images.fotmob.com/image_resources/logo/teamlogo/8603.png,https://images.fotmob.com/image_resources/logo/teamlogo/8315.png,2025-08-31,19:00
3,https://www.fotmob.com/matches/osasuna-vs-espanyol/2dbonz#4837132,4837132,Espanyol,8558,Osasuna,8371,True,True,False,False,1 - 0,FT,Full-Time,finished,87,LaLiga,2025/2026,ESP,https://images.fotmob.com/image_resources/logo/teamlogo/8558.png,https://images.fotmob.com/image_resources/logo/teamlogo/8371.png,2025-08-31,19:30
3,https://www.fotmob.com/matches/rayo-vallecano-vs-barcelona/2e2ym0#4837136,4837136,Rayo Vallecano,8370,Barcelona,8634,True,True,False,False,1 - 1,FT,Full-Time,finished,87,LaLiga,2025/2026,ESP,https://images.fotmob.com/image_resources/logo/teamlogo/8370.png,https://images.fotmob.com/image_resources/logo/teamlogo/8634.png,2025-08-31,21:30
4,https://www.fotmob.com/matches/sevilla-vs-elche/2unzl1#4837147,4837147,Sevilla,8302,Elche,10268,True,True,False,False,2 - 2,FT,Full-Time,finished,87,LaLiga,2025/2026,ESP,https://images.fotmob.com/image_resources/logo/teamlogo/8302.png,https://images.fotmob.com/image_resources/logo/teamlogo/10268.png,2025-09-12,21:00
4,https://www.fotmob.com/matches/getafe-vs-real-oviedo/2dsegm#4837143,4837143,Getafe,8305,Real Oviedo,8670,True,True,False,False,2 - 0,FT,Full-Time,finished,87,LaLiga,2025/2026,ESP,https://images.fotmob.com/image_resources/logo/teamlogo/8305.png,https://images.fotmob.com/image_resources/logo/teamlogo/8670.png,2025-09-13,14:00
4,https://www.fotmob.com/matches/real-sociedad-vs-real-madrid/2g087q#4837148,4837148,Real Sociedad,8560,Real Madrid,8633,True,True,False,False,1 - 2,FT,Full-Time,finished,87,LaLiga,2025/2026,ESP,https://images.fotmob.com/image_resources/logo/teamlogo/8560.png,https://images.fotmob.com/image_resources/logo/teamlogo/8633.png,2025-09-13,16:15
4,https://www.fotmob.com/matches/athletic-club-vs-deportivo-alaves/2qet5l#4837145,4837145,Athletic Club,8315,Deportivo Alaves,9866,True,True,False,False,0 - 1,FT,Full-Time,finished,87,LaLiga,2025/2026,ESP,https://images.fotmob.com/image_resources/logo/teamlogo/8315.png,https://images.fotmob.com/image_resources/logo/teamlogo/9866.png,2025-09-13,18:30
4,https://www.fotmob.com/matches/atletico-madrid-vs-villarreal/3ceu3u#4837139,4837139,Atletico Madrid,9906,Villarreal,10205,True,True,False,False,2 - 0,FT,Full-Time,finished,87,LaLiga,2025/2026,ESP,https://images.fotmob.com/image_resources/logo/teamlogo/9906.png,https://images.fotmob.com/image_resources/logo/teamlogo/10205.png,2025-09-13,21:00
4,https://www.fotmob.com/matches/girona-vs-celta-vigo/2knvod#4837141,4837141,Celta Vigo,9910,Girona,7732,True,True,False,False,1 - 1,FT,Full-Time,finished,87,LaLiga,2025/2026,ESP,https://images.fotmob.com/image_resources/logo/teamlogo/9910.png,https://images.fotmob.com/image_resources/logo/teamlogo/7732.png,2025-09-14,14:00
4,https://www.fotmob.com/matches/levante-vs-real-betis/2fwwtn#4837146,4837146,Levante,8581,Real Betis,8603,True,True,False,False,2 - 2,FT,Full-Time,finished,87,LaLiga,2025/2026,ESP,https://images.fotmob.com/image_resources/logo/teamlogo/8581.png,https://images.fotmob.com/image_resources/logo/teamlogo/8603.png,2025-09-14,16:15
4,https://www.fotmob.com/matches/rayo-vallecano-vs-osasuna/2bfuc2#4837144,4837144,Osasuna,8371,Rayo Vallecano,8370,True,True,False,False,2 - 0,FT,Full-Time,finished,87,LaLiga,2025/2026,ESP,https://images.fotmob.com/image_resources/logo/teamlogo/8371.png,https://images.fotmob.com/image_resources/logo/teamlogo/8370.png,2025-09-14,18:30
4,https://www.fotmob.com/matches/barcelona-vs-valencia/2ycx1d#4837140,4837140,Barcelona,8634,Valencia,10267,True,True,False,False,6 - 0,FT,Full-Time,finished,87,LaLiga,2025/2026,ESP,https://images.fotmob.com/image_resources/logo/teamlogo/8634.png,https://images.fotmob.com/image_resources/logo/teamlogo/10267.png,2025-09-14,21:00
4,https://www.fotmob.com/matches/espanyol-vs-mallorca/2g9tff#4837142,4837142,Espanyol,8558,Mallorca,8661,True,True,False,False,3 - 2,FT,Full-Time,finished,87,LaLiga,2025/2026,ESP,https://images.fotmob.com/image_resources/logo/teamlogo/8558.png,https://images.fotmob.com/image_resources/logo/teamlogo/8661.png,2025-09-15,21:00
5,https://www.fotmob.com/matches/real-sociedad-vs-real-betis/2fp6jh#4837151,4837151,Real Betis,8603,Real Sociedad,8560,True,True,False,False,3 - 1,FT,Full-Time,finished,87,LaLiga,2025/2026,ESP,https://images.fotmob.com/image_resources/logo/teamlogo/8603.png,https://images.fotmob.com/image_resources/logo/teamlogo/8560.png,2025-09-19,21:00
5,https://www.fotmob.com/matches/girona-vs-levante/2788ca#4837153,4837153,Girona,7732,Levante,8581,True,True,False,False,0 - 4,FT,Full-Time,finished,87,LaLiga,2025/2026,ESP,https://images.fotmob.com/image_resources/logo/teamlogo/7732.png,https://images.fotmob.com/image_resources/logo/teamlogo/8581.png,2025-09-20,14:00
5,https://www.fotmob.com/matches/espanyol-vs-real-madrid/2fzhol#4837157,4837157,Real Madrid,8633,Espanyol,8558,True,True,False,False,2 - 0,FT,Full-Time,finished,87,LaLiga,2025/2026,ESP,https://images.fotmob.com/image_resources/logo/teamlogo/8633.png,https://images.fotmob.com/image_resources/logo/teamlogo/8558.png,2025-09-20,16:15
5,https://www.fotmob.com/matches/sevilla-vs-deportivo-alaves/2q9que#4837149,4837149,Deportivo Alaves,9866,Sevilla,8302,True,True,False,False,1 - 2,FT,Full-Time,finished,87,LaLiga,2025/2026,ESP,https://images.fotmob.com/image_resources/logo/teamlogo/9866.png,https://images.fotmob.com/image_resources/logo/teamlogo/8302.png,2025-09-20,18:30
5,https://www.fotmob.com/matches/osasuna-vs-villarreal/2uqdmj#4837158,4837158,Villarreal,10205,Osasuna,8371,True,True,False,False,2 - 1,FT,Full-Time,finished,87,LaLiga,2025/2026,ESP,https://images.fotmob.com/image_resources/logo/teamlogo/10205.png,https://images.fotmob.com/image_resources/logo/teamlogo/8371.png,2025-09-20,18:30
5,https://www.fotmob.com/matches/athletic-club-vs-valencia/2usrlk#4837154,4837154,Valencia,10267,Athletic Club,8315,True,True,False,False,2 - 0,FT,Full-Time,finished,87,LaLiga,2025/2026,ESP,https://images.fotmob.com/image_resources/logo/teamlogo/10267.png,https://images.fotmob.com/image_resources/logo/teamlogo/8315.png,2025-09-20,21:00
5,https://www.fotmob.com/matches/rayo-vallecano-vs-celta-vigo/2rhhu2#4837156,4837156,Rayo Vallecano,8370,Celta Vigo,9910,True,True,False,False,1 - 1,FT,Full-Time,finished,87,LaLiga,2025/2026,ESP,https://images.fotmob.com/image_resources/logo/teamlogo/8370.png,https://images.fotmob.com/image_resources/logo/teamlogo/9910.png,2025-09-21,14:00
5,https://www.fotmob.com/matches/mallorca-vs-atletico-madrid/2umtu6#4837155,4837155,Mallorca,8661,Atletico Madrid,9906,True,True,False,False,1 - 1,FT,Full-Time,finished,87,LaLiga,2025/2026,ESP,https://images.fotmob.com/image_resources/logo/teamlogo/8661.png,https://images.fotmob.com/image_resources/logo/teamlogo/9906.png,2025-09-21,16:15
5,https://www.fotmob.com/matches/real-oviedo-vs-elche/2yrx7x#4837152,4837152,Elche,10268,Real Oviedo,8670,True,True,False,False,1 - 0,FT,Full-Time,finished,87,LaLiga,2025/2026,ESP,https://images.fotmob.com/image_resources/logo/teamlogo/10268.png,https://images.fotmob.com/image_resources/logo/teamlogo/8670.png,2025-09-21,18:30
5,https://www.fotmob.com/matches/getafe-vs-barcelona/2dfbe4#4837150,4837150,Barcelona,8634,Getafe,8305,True,True,False,False,3 - 0,FT,Full-Time,finished,87,LaLiga,2025/2026,ESP,https://images.fotmob.com/image_resources/logo/teamlogo/8634.png,https://images.fotmob.com/image_resources/logo/teamlogo/8305.png,2025-09-21,21:00
6,https://www.fotmob.com/matches/girona-vs-athletic-club/24nz4z#4837160,4837160,Athletic Club,8315,Girona,7732,True,True,False,False,1 - 1,FT,Full-Time,finished,87,LaLiga,2025/2026,ESP,https://images.fotmob.com/image_resources/logo/teamlogo/8315.png,https://images.fotmob.com/image_resources/logo/teamlogo/7732.png,2025-09-23,19:00
6,https://www.fotmob.com/matches/espanyol-vs-valencia/2xi6sb#4837162,4837162,Espanyol,8558,Valencia,10267,True,True,False,False,2 - 2,FT,Full-Time,finished,87,LaLiga,2025/2026,ESP,https://images.fotmob.com/image_resources/logo/teamlogo/8558.png,https://images.fotmob.com/image_resources/logo/teamlogo/10267.png,2025-09-23,19:00
6,https://www.fotmob.com/matches/levante-vs-real-madrid/2g7yze#4837163,4837163,Levante,8581,Real Madrid,8633,True,True,False,False,1 - 4,FT,Full-Time,finished,87,LaLiga,2025/2026,ESP,https://images.fotmob.com/image_resources/logo/teamlogo/8581.png,https://images.fotmob.com/image_resources/logo/teamlogo/8633.png,2025-09-23,21:30
6,https://www.fotmob.com/matches/sevilla-vs-villarreal/2tyyds#4837164,4837164,Sevilla,8302,Villarreal,10205,True,True,False,False,1 - 2,FT,Full-Time,finished,87,LaLiga,2025/2026,ESP,https://images.fotmob.com/image_resources/logo/teamlogo/8302.png,https://images.fotmob.com/image_resources/logo/teamlogo/10205.png,2025-09-23,21:30
6,https://www.fotmob.com/matches/getafe-vs-deportivo-alaves/2qawwk#4837165,4837165,Getafe,8305,Deportivo Alaves,9866,True,True,False,False,1 - 1,FT,Full-Time,finished,87,LaLiga,2025/2026,ESP,https://images.fotmob.com/image_resources/logo/teamlogo/8305.png,https://images.fotmob.com/image_resources/logo/teamlogo/9866.png,2025-09-24,19:00
6,https://www.fotmob.com/matches/rayo-vallecano-vs-atletico-madrid/2rfxf0#4837161,4837161,Atletico Madrid,9906,Rayo Vallecano,8370,True,True,False,False,3 - 2,FT,Full-Time,finished,87,LaLiga,2025/2026,ESP,https://images.fotmob.com/image_resources/logo/teamlogo/9906.png,https://images.fotmob.com/image_resources/logo/teamlogo/8370.png,2025-09-24,21:30
6,https://www.fotmob.com/matches/real-sociedad-vs-mallorca/2gak04#4837169,4837169,Real Sociedad,8560,Mallorca,8661,True,True,False,False,1 - 0,FT,Full-Time,finished,87,LaLiga,2025/2026,ESP,https://images.fotmob.com/image_resources/logo/teamlogo/8560.png,https://images.fotmob.com/image_resources/logo/teamlogo/8661.png,2025-09-24,21:30
6,https://www.fotmob.com/matches/osasuna-vs-elche/2vfi6j#4837168,4837168,Osasuna,8371,Elche,10268,True,True,False,False,1 - 1,FT,Full-Time,finished,87,LaLiga,2025/2026,ESP,https://images.fotmob.com/image_resources/logo/teamlogo/8371.png,https://images.fotmob.com/image_resources/logo/teamlogo/10268.png,2025-09-25,19:30
6,https://www.fotmob.com/matches/barcelona-vs-real-oviedo/2h59l6#4837166,4837166,Real Oviedo,8670,Barcelona,8634,True,True,False,False,1 - 3,FT,Full-Time,finished,87,LaLiga,2025/2026,ESP,https://images.fotmob.com/image_resources/logo/teamlogo/8670.png,https://images.fotmob.com/image_resources/logo/teamlogo/8634.png,2025-09-25,21:30
7,https://www.fotmob.com/matches/girona-vs-espanyol/27070h#4837178,4837178,Girona,7732,Espanyol,8558,True,True,False,False,0 - 0,FT,Full-Time,finished,87,LaLiga,2025/2026,ESP,https://images.fotmob.com/image_resources/logo/teamlogo/7732.png,https://images.fotmob.com/image_resources/logo/teamlogo/8558.png,2025-09-26,21:00
7,https://www.fotmob.com/matches/getafe-vs-levante/2cw3oy#4837173,4837173,Getafe,8305,Levante,8581,True,True,False,False,1 - 1,FT,Full-Time,finished,87,LaLiga,2025/2026,ESP,https://images.fotmob.com/image_resources/logo/teamlogo/8305.png,https://images.fotmob.com/image_resources/logo/teamlogo/8581.png,2025-09-27,14:00
7,https://www.fotmob.com/matches/real-madrid-vs-atletico-madrid/2ubozo#4837170,4837170,Atletico Madrid,9906,Real Madrid,8633,True,True,False,False,5 - 2,FT,Full-Time,finished,87,LaLiga,2025/2026,ESP,https://images.fotmob.com/image_resources/logo/teamlogo/9906.png,https://images.fotmob.com/image_resources/logo/teamlogo/8633.png,2025-09-27,16:15
7,https://www.fotmob.com/matches/mallorca-vs-deportivo-alaves/2u6xcq#4837175,4837175,Mallorca,8661,Deportivo Alaves,9866,True,True,False,False,1 - 0,FT,Full-Time,finished,87,LaLiga,2025/2026,ESP,https://images.fotmob.com/image_resources/logo/teamlogo/8661.png,https://images.fotmob.com/image_resources/logo/teamlogo/9866.png,2025-09-27,18:30
7,https://www.fotmob.com/matches/athletic-club-vs-villarreal/2u443r#4837176,4837176,Villarreal,10205,Athletic Club,8315,True,True,False,False,1 - 0,FT,Full-Time,finished,87,LaLiga,2025/2026,ESP,https://images.fotmob.com/image_resources/logo/teamlogo/10205.png,https://images.fotmob.com/image_resources/logo/teamlogo/8315.png,2025-09-27,21:00
7,https://www.fotmob.com/matches/sevilla-vs-rayo-vallecano/2ar4ua#4837174,4837174,Rayo Vallecano,8370,Sevilla,8302,True,True,False,False,0 - 1,FT,Full-Time,finished,87,LaLiga,2025/2026,ESP,https://images.fotmob.com/image_resources/logo/teamlogo/8370.png,https://images.fotmob.com/image_resources/logo/teamlogo/8302.png,2025-09-28,14:00
7,https://www.fotmob.com/matches/celta-vigo-vs-elche/3d7rk1#4837177,4837177,Elche,10268,Celta Vigo,9910,True,True,False,False,2 - 1,FT,Full-Time,finished,87,LaLiga,2025/2026,ESP,https://images.fotmob.com/image_resources/logo/teamlogo/10268.png,https://images.fotmob.com/image_resources/logo/teamlogo/9910.png,2025-09-28,16:15
7,https://www.fotmob.com/matches/real-sociedad-vs-barcelona/2g0lhd#4837171,4837171,Barcelona,8634,Real Sociedad,8560,True,True,False,False,2 - 1,FT,Full-Time,finished,87,LaLiga,2025/2026,ESP,https://images.fotmob.com/image_resources/logo/teamlogo/8634.png,https://images.fotmob.com/image_resources/logo/teamlogo/8560.png,2025-09-28,18:30
7,https://www.fotmob.com/matches/osasuna-vs-real-betis/2ds1b8#4837172,4837172,Real Betis,8603,Osasuna,8371,True,True,False,False,2 - 0,FT,Full-Time,finished,87,LaLiga,2025/2026,ESP,https://images.fotmob.com/image_resources/logo/teamlogo/8603.png,https://images.fotmob.com/image_resources/logo/teamlogo/8371.png,2025-09-28,21:00
7,https://www.fotmob.com/matches/real-oviedo-vs-valencia/2yrilv#4837179,4837179,Valencia,10267,Real Oviedo,8670,True,True,False,False,1 - 2,FT,Full-Time,finished,87,LaLiga,2025/2026,ESP,https://images.fotmob.com/image_resources/logo/teamlogo/10267.png,https://images.fotmob.com/image_resources/logo/teamlogo/8670.png,2025-09-30,20:00
8,https://www.fotmob.com/matches/getafe-vs-osasuna/2askb1#4837187,4837187,Osasuna,8371,Getafe,8305,True,True,False,False,2 - 1,FT,Full-Time,finished,87,LaLiga,2025/2026,ESP,https://images.fotmob.com/image_resources/logo/teamlogo/8371.png,https://images.fotmob.com/image_resources/logo/teamlogo/8305.png,2025-10-03,21:00
8,https://www.fotmob.com/matches/levante-vs-real-oviedo/2gln04#4837188,4837188,Real Oviedo,8670,Levante,8581,True,True,False,False,0 - 2,FT,Full-Time,finished,87,LaLiga,2025/2026,ESP,https://images.fotmob.com/image_resources/logo/teamlogo/8670.png,https://images.fotmob.com/image_resources/logo/teamlogo/8581.png,2025-10-04,14:00
8,https://www.fotmob.com/matches/girona-vs-valencia/2og70s#4837182,4837182,Girona,7732,Valencia,10267,True,True,False,False,2 - 1,FT,Full-Time,finished,87,LaLiga,2025/2026,ESP,https://images.fotmob.com/image_resources/logo/teamlogo/7732.png,https://images.fotmob.com/image_resources/logo/teamlogo/10267.png,2025-10-04,16:15
8,https://www.fotmob.com/matches/athletic-club-vs-mallorca/2dsrjx#4837181,4837181,Athletic Club,8315,Mallorca,8661,True,True,False,False,2 - 1,FT,Full-Time,finished,87,LaLiga,2025/2026,ESP,https://images.fotmob.com/image_resources/logo/teamlogo/8315.png,https://images.fotmob.com/image_resources/logo/teamlogo/8661.png,2025-10-04,18:30
8,https://www.fotmob.com/matches/real-madrid-vs-villarreal/2xnfqu#4837183,4837183,Real Madrid,8633,Villarreal,10205,True,True,False,False,3 - 1,FT,Full-Time,finished,87,LaLiga,2025/2026,ESP,https://images.fotmob.com/image_resources/logo/teamlogo/8633.png,https://images.fotmob.com/image_resources/logo/teamlogo/10205.png,2025-10-04,21:00
8,https://www.fotmob.com/matches/deportivo-alaves-vs-elche/3cor73#4837180,4837180,Deportivo Alaves,9866,Elche,10268,True,True,False,False,3 - 1,FT,Full-Time,finished,87,LaLiga,2025/2026,ESP,https://images.fotmob.com/image_resources/logo/teamlogo/9866.png,https://images.fotmob.com/image_resources/logo/teamlogo/10268.png,2025-10-05,14:00
8,https://www.fotmob.com/matches/sevilla-vs-barcelona/2de86m#4837185,4837185,Sevilla,8302,Barcelona,8634,True,True,False,False,4 - 1,FT,Full-Time,finished,87,LaLiga,2025/2026,ESP,https://images.fotmob.com/image_resources/logo/teamlogo/8302.png,https://images.fotmob.com/image_resources/logo/teamlogo/8634.png,2025-10-05,16:15
8,https://www.fotmob.com/matches/espanyol-vs-real-betis/2fog20#4837186,4837186,Espanyol,8558,Real Betis,8603,True,True,False,False,1 - 2,FT,Full-Time,finished,87,LaLiga,2025/2026,ESP,https://images.fotmob.com/image_resources/logo/teamlogo/8558.png,https://images.fotmob.com/image_resources/logo/teamlogo/8603.png,2025-10-05,18:30
8,https://www.fotmob.com/matches/rayo-vallecano-vs-real-sociedad/2dc1qb#4837189,4837189,Real Sociedad,8560,Rayo Vallecano,8370,True,True,False,False,0 - 1,FT,Full-Time,finished,87,LaLiga,2025/2026,ESP,https://images.fotmob.com/image_resources/logo/teamlogo/8560.png,https://images.fotmob.com/image_resources/logo/teamlogo/8370.png,2025-10-05,18:30
8,https://www.fotmob.com/matches/atletico-madrid-vs-celta-vigo/38wlu2#4837184,4837184,Celta Vigo,9910,Atletico Madrid,9906,True,True,False,False,1 - 1,FT,Full-Time,finished,87,LaLiga,2025/2026,ESP,https://images.fotmob.com/image_resources/logo/teamlogo/9910.png,https://images.fotmob.com/image_resources/logo/teamlogo/9906.png,2025-10-05,21:00
9,https://www.fotmob.com/matches/espanyol-vs-real-oviedo/2gd51o#4837198,4837198,Real Oviedo,8670,Espanyol,8558,True,True,False,False,0 - 2,FT,Full-Time,finished,87,LaLiga,2025/2026,ESP,https://images.fotmob.com/image_resources/logo/teamlogo/8670.png,https://images.fotmob.com/image_resources/logo/teamlogo/8558.png,2025-10-17,21:00
9,https://www.fotmob.com/matches/sevilla-vs-mallorca/2do1bv#4837199,4837199,Sevilla,8302,Mallorca,8661,True,True,False,False,1 - 3,FT,Full-Time,finished,87,LaLiga,2025/2026,ESP,https://images.fotmob.com/image_resources/logo/teamlogo/8302.png,https://images.fotmob.com/image_resources/logo/teamlogo/8661.png,2025-10-18,14:00
9,https://www.fotmob.com/matches/girona-vs-barcelona/27qslv#4837192,4837192,Barcelona,8634,Girona,7732,True,True,False,False,2 - 1,FT,Full-Time,finished,87,LaLiga,2025/2026,ESP,https://images.fotmob.com/image_resources/logo/teamlogo/8634.png,https://images.fotmob.com/image_resources/logo/teamlogo/7732.png,2025-10-18,16:15
9,https://www.fotmob.com/matches/real-betis-vs-villarreal/2xbbzr#4837197,4837197,Villarreal,10205,Real Betis,8603,True,True,False,False,2 - 2,FT,Full-Time,finished,87,LaLiga,2025/2026,ESP,https://images.fotmob.com/image_resources/logo/teamlogo/10205.png,https://images.fotmob.com/image_resources/logo/teamlogo/8603.png,2025-10-18,18:30
9,https://www.fotmob.com/matches/osasuna-vs-atletico-madrid/2rgbip#4837191,4837191,Atletico Madrid,9906,Osasuna,8371,True,True,False,False,1 - 0,FT,Full-Time,finished,87,LaLiga,2025/2026,ESP,https://images.fotmob.com/image_resources/logo/teamlogo/9906.png,https://images.fotmob.com/image_resources/logo/teamlogo/8371.png,2025-10-18,21:00
9,https://www.fotmob.com/matches/athletic-club-vs-elche/2ut5xr#4837196,4837196,Elche,10268,Athletic Club,8315,True,True,False,False,0 - 0,FT,Full-Time,finished,87,LaLiga,2025/2026,ESP,https://images.fotmob.com/image_resources/logo/teamlogo/10268.png,https://images.fotmob.com/image_resources/logo/teamlogo/8315.png,2025-10-19,14:00
9,https://www.fotmob.com/matches/real-sociedad-vs-celta-vigo/2tkbrv#4837193,4837193,Celta Vigo,9910,Real Sociedad,8560,True,True,False,False,1 - 1,FT,Full-Time,finished,87,LaLiga,2025/2026,ESP,https://images.fotmob.com/image_resources/logo/teamlogo/9910.png,https://images.fotmob.com/image_resources/logo/teamlogo/8560.png,2025-10-19,16:15
9,https://www.fotmob.com/matches/rayo-vallecano-vs-levante/2djo95#4837195,4837195,Levante,8581,Rayo Vallecano,8370,True,True,False,False,0 - 3,FT,Full-Time,finished,87,LaLiga,2025/2026,ESP,https://images.fotmob.com/image_resources/logo/teamlogo/8581.png,https://images.fotmob.com/image_resources/logo/teamlogo/8370.png,2025-10-19,18:30
9,https://www.fotmob.com/matches/getafe-vs-real-madrid/2deybk#4837194,4837194,Getafe,8305,Real Madrid,8633,True,True,False,False,0 - 1,FT,Full-Time,finished,87,LaLiga,2025/2026,ESP,https://images.fotmob.com/image_resources/logo/teamlogo/8305.png,https://images.fotmob.com/image_resources/logo/teamlogo/8633.png,2025-10-19,21:00
9,https://www.fotmob.com/matches/deportivo-alaves-vs-valencia/3cobnt#4837190,4837190,Deportivo Alaves,9866,Valencia,10267,True,True,False,False,0 - 0,FT,Full-Time,finished,87,LaLiga,2025/2026,ESP,https://images.fotmob.com/image_resources/logo/teamlogo/9866.png,https://images.fotmob.com/image_resources/logo/teamlogo/10267.png,2025-10-20,21:00
10,https://www.fotmob.com/matches/sevilla-vs-real-sociedad/2cnf6p#4837202,4837202,Real Sociedad,8560,Sevilla,8302,True,True,False,False,2 - 1,FT,Full-Time,finished,87,LaLiga,2025/2026,ESP,https://images.fotmob.com/image_resources/logo/teamlogo/8560.png,https://images.fotmob.com/image_resources/logo/teamlogo/8302.png,2025-10-24,21:00
10,https://www.fotmob.com/matches/girona-vs-real-oviedo/283frd#4837201,4837201,Girona,7732,Real Oviedo,8670,True,True,False,False,3 - 3,FT,Full-Time,finished,87,LaLiga,2025/2026,ESP,https://images.fotmob.com/image_resources/logo/teamlogo/7732.png,https://images.fotmob.com/image_resources/logo/teamlogo/8670.png,2025-10-25,14:00
10,https://www.fotmob.com/matches/espanyol-vs-elche/2xilb9#4837208,4837208,Espanyol,8558,Elche,10268,True,True,False,False,1 - 0,FT,Full-Time,finished,87,LaLiga,2025/2026,ESP,https://images.fotmob.com/image_resources/logo/teamlogo/8558.png,https://images.fotmob.com/image_resources/logo/teamlogo/10268.png,2025-10-25,16:15
10,https://www.fotmob.com/matches/getafe-vs-athletic-club/2a8kvt#4837200,4837200,Athletic Club,8315,Getafe,8305,True,True,False,False,0 - 1,FT,Full-Time,finished,87,LaLiga,2025/2026,ESP,https://images.fotmob.com/image_resources/logo/teamlogo/8315.png,https://images.fotmob.com/image_resources/logo/teamlogo/8305.png,2025-10-25,18:30
10,https://www.fotmob.com/matches/villarreal-vs-valencia/3grupj#4837203,4837203,Valencia,10267,Villarreal,10205,True,True,False,False,0 - 2,FT,Full-Time,finished,87,LaLiga,2025/2026,ESP,https://images.fotmob.com/image_resources/logo/teamlogo/10267.png,https://images.fotmob.com/image_resources/logo/teamlogo/10205.png,2025-10-25,21:00
10,https://www.fotmob.com/matches/levante-vs-mallorca/2gib84#4837209,4837209,Mallorca,8661,Levante,8581,True,True,False,False,1 - 1,FT,Full-Time,finished,87,LaLiga,2025/2026,ESP,https://images.fotmob.com/image_resources/logo/teamlogo/8661.png,https://images.fotmob.com/image_resources/logo/teamlogo/8581.png,2025-10-26,14:00
10,https://www.fotmob.com/matches/real-madrid-vs-barcelona/2grk20#4837206,4837206,Real Madrid,8633,Barcelona,8634,True,True,False,False,2 - 1,FT,Full-Time,finished,87,LaLiga,2025/2026,ESP,https://images.fotmob.com/image_resources/logo/teamlogo/8633.png,https://images.fotmob.com/image_resources/logo/teamlogo/8634.png,2025-10-26,16:15
10,https://www.fotmob.com/matches/osasuna-vs-celta-vigo/2rhvxv#4837207,4837207,Osasuna,8371,Celta Vigo,9910,True,True,False,False,2 - 3,FT,Full-Time,finished,87,LaLiga,2025/2026,ESP,https://images.fotmob.com/image_resources/logo/teamlogo/8371.png,https://images.fotmob.com/image_resources/logo/teamlogo/9910.png,2025-10-26,18:30
10,https://www.fotmob.com/matches/rayo-vallecano-vs-deportivo-alaves/2r09ww#4837204,4837204,Rayo Vallecano,8370,Deportivo Alaves,9866,True,True,False,False,1 - 0,FT,Full-Time,finished,87,LaLiga,2025/2026,ESP,https://images.fotmob.com/image_resources/logo/teamlogo/8370.png,https://images.fotmob.com/image_resources/logo/teamlogo/9866.png,2025-10-26,21:00
10,https://www.fotmob.com/matches/real-betis-vs-atletico-madrid/2tzs6l#4837205,4837205,Real Betis,8603,Atletico Madrid,9906,True,True,False,False,0 - 2,FT,Full-Time,finished,87,LaLiga,2025/2026,ESP,https://images.fotmob.com/image_resources/logo/teamlogo/8603.png,https://images.fotmob.com/image_resources/logo/teamlogo/9906.png,2025-10-27,21:00
11,https://www.fotmob.com/matches/girona-vs-getafe/24kjcg#4837214,4837214,Getafe,8305,Girona,7732,True,True,False,False,2 - 1,FT,Full-Time,finished,87,LaLiga,2025/2026,ESP,https://images.fotmob.com/image_resources/logo/teamlogo/8305.png,https://images.fotmob.com/image_resources/logo/teamlogo/7732.png,2025-10-31,21:00
11,https://www.fotmob.com/matches/rayo-vallecano-vs-villarreal/2upzai#4837219,4837219,Villarreal,10205,Rayo Vallecano,8370,True,True,False,False,4 - 0,FT,Full-Time,finished,87,LaLiga,2025/2026,ESP,https://images.fotmob.com/image_resources/logo/teamlogo/10205.png,https://images.fotmob.com/image_resources/logo/teamlogo/8370.png,2025-11-01,14:00
11,https://www.fotmob.com/matches/sevilla-vs-atletico-madrid/2qpc8y#4837211,4837211,Atletico Madrid,9906,Sevilla,8302,True,True,False,False,3 - 0,FT,Full-Time,finished,87,LaLiga,2025/2026,ESP,https://images.fotmob.com/image_resources/logo/teamlogo/9906.png,https://images.fotmob.com/image_resources/logo/teamlogo/8302.png,2025-11-01,16:15
11,https://www.fotmob.com/matches/athletic-club-vs-real-sociedad/2cs4ea#4837216,4837216,Real Sociedad,8560,Athletic Club,8315,True,True,False,False,3 - 2,FT,Full-Time,finished,87,LaLiga,2025/2026,ESP,https://images.fotmob.com/image_resources/logo/teamlogo/8560.png,https://images.fotmob.com/image_resources/logo/teamlogo/8315.png,2025-11-01,18:30
11,https://www.fotmob.com/matches/real-madrid-vs-valencia/2ycigb#4837215,4837215,Real Madrid,8633,Valencia,10267,True,True,False,False,4 - 0,FT,Full-Time,finished,87,LaLiga,2025/2026,ESP,https://images.fotmob.com/image_resources/logo/teamlogo/8633.png,https://images.fotmob.com/image_resources/logo/teamlogo/10267.png,2025-11-01,21:00
11,https://www.fotmob.com/matches/levante-vs-celta-vigo/2tsn8g#4837217,4837217,Levante,8581,Celta Vigo,9910,True,True,False,False,1 - 2,FT,Full-Time,finished,87,LaLiga,2025/2026,ESP,https://images.fotmob.com/image_resources/logo/teamlogo/8581.png,https://images.fotmob.com/image_resources/logo/teamlogo/9910.png,2025-11-02,14:00
11,https://www.fotmob.com/matches/espanyol-vs-deportivo-alaves/2t24yu#4837210,4837210,Deportivo Alaves,9866,Espanyol,8558,True,True,False,False,2 - 1,FT,Full-Time,finished,87,LaLiga,2025/2026,ESP,https://images.fotmob.com/image_resources/logo/teamlogo/9866.png,https://images.fotmob.com/image_resources/logo/teamlogo/8558.png,2025-11-02,16:15
11,https://www.fotmob.com/matches/barcelona-vs-elche/2ydbmf#4837212,4837212,Barcelona,8634,Elche,10268,True,True,False,False,3 - 1,FT,Full-Time,finished,87,LaLiga,2025/2026,ESP,https://images.fotmob.com/image_resources/logo/teamlogo/8634.png,https://images.fotmob.com/image_resources/logo/teamlogo/10268.png,2025-11-02,18:30
11,https://www.fotmob.com/matches/real-betis-vs-mallorca/2gqg3x#4837213,4837213,Real Betis,8603,Mallorca,8661,True,True,False,False,3 - 0,FT,Full-Time,finished,87,LaLiga,2025/2026,ESP,https://images.fotmob.com/image_resources/logo/teamlogo/8603.png,https://images.fotmob.com/image_resources/logo/teamlogo/8661.png,2025-11-02,21:00
11,https://www.fotmob.com/matches/osasuna-vs-real-oviedo/2eggmv#4837218,4837218,Real Oviedo,8670,Osasuna,8371,True,True,False,False,0 - 0,FT,Full-Time,finished,87,LaLiga,2025/2026,ESP,https://images.fotmob.com/image_resources/logo/teamlogo/8670.png,https://images.fotmob.com/image_resources/logo/teamlogo/8371.png,2025-11-03,21:00
12,https://www.fotmob.com/matches/real-sociedad-vs-elche/2xjeda#4837222,4837222,Elche,10268,Real Sociedad,8560,True,True,False,False,1 - 1,FT,Full-Time,finished,87,LaLiga,2025/2026,ESP,https://images.fotmob.com/image_resources/logo/teamlogo/10268.png,https://images.fotmob.com/image_resources/logo/teamlogo/8560.png,2025-11-07,21:00
12,https://www.fotmob.com/matches/girona-vs-deportivo-alaves/2k79ez#4837225,4837225,Girona,7732,Deportivo Alaves,9866,True,True,False,False,1 - 0,FT,Full-Time,finished,87,LaLiga,2025/2026,ESP,https://images.fotmob.com/image_resources/logo/teamlogo/7732.png,https://images.fotmob.com/image_resources/logo/teamlogo/9866.png,2025-11-08,14:00
12,https://www.fotmob.com/matches/sevilla-vs-osasuna/2arhpg#4837229,4837229,Sevilla,8302,Osasuna,8371,True,True,False,False,1 - 0,FT,Full-Time,finished,87,LaLiga,2025/2026,ESP,https://images.fotmob.com/image_resources/logo/teamlogo/8302.png,https://images.fotmob.com/image_resources/logo/teamlogo/8371.png,2025-11-08,16:15
12,https://www.fotmob.com/matches/levante-vs-atletico-madrid/2tr25y#4837221,4837221,Atletico Madrid,9906,Levante,8581,True,True,False,False,3 - 1,FT,Full-Time,finished,87,LaLiga,2025/2026,ESP,https://images.fotmob.com/image_resources/logo/teamlogo/9906.png,https://images.fotmob.com/image_resources/logo/teamlogo/8581.png,2025-11-08,18:30
12,https://www.fotmob.com/matches/espanyol-vs-villarreal/2wt7o0#4837223,4837223,Espanyol,8558,Villarreal,10205,True,True,False,False,0 - 2,FT,Full-Time,finished,87,LaLiga,2025/2026,ESP,https://images.fotmob.com/image_resources/logo/teamlogo/8558.png,https://images.fotmob.com/image_resources/logo/teamlogo/10205.png,2025-11-08,21:00
12,https://www.fotmob.com/matches/athletic-club-vs-real-oviedo/2dw1hf#4837220,4837220,Athletic Club,8315,Real Oviedo,8670,True,True,False,False,1 - 0,FT,Full-Time,finished,87,LaLiga,2025/2026,ESP,https://images.fotmob.com/image_resources/logo/teamlogo/8315.png,https://images.fotmob.com/image_resources/logo/teamlogo/8670.png,2025-11-09,14:00
12,https://www.fotmob.com/matches/rayo-vallecano-vs-real-madrid/2e2lhn#4837224,4837224,Rayo Vallecano,8370,Real Madrid,8633,True,True,False,False,0 - 0,FT,Full-Time,finished,87,LaLiga,2025/2026,ESP,https://images.fotmob.com/image_resources/logo/teamlogo/8370.png,https://images.fotmob.com/image_resources/logo/teamlogo/8633.png,2025-11-09,16:15
12,https://www.fotmob.com/matches/getafe-vs-mallorca/2dp4lm#4837228,4837228,Mallorca,8661,Getafe,8305,True,True,False,False,1 - 0,FT,Full-Time,finished,87,LaLiga,2025/2026,ESP,https://images.fotmob.com/image_resources/logo/teamlogo/8661.png,https://images.fotmob.com/image_resources/logo/teamlogo/8305.png,2025-11-09,18:30
12,https://www.fotmob.com/matches/real-betis-vs-valencia/2y0d9k#4837227,4837227,Valencia,10267,Real Betis,8603,True,True,False,False,1 - 1,FT,Full-Time,finished,87,LaLiga,2025/2026,ESP,https://images.fotmob.com/image_resources/logo/teamlogo/10267.png,https://images.fotmob.com/image_resources/logo/teamlogo/8603.png,2025-11-09,18:30
12,https://www.fotmob.com/matches/barcelona-vs-celta-vigo/2udoj2#4837226,4837226,Celta Vigo,9910,Barcelona,8634,True,True,False,False,2 - 4,FT,Full-Time,finished,87,LaLiga,2025/2026,ESP,https://images.fotmob.com/image_resources/logo/teamlogo/9910.png,https://images.fotmob.com/image_resources/logo/teamlogo/8634.png,2025-11-09,21:00
13,https://www.fotmob.com/matches/levante-vs-valencia/2xrh3p#4837238,4837238,Valencia,10267,Levante,8581,True,True,False,False,1 - 0,FT,Full-Time,finished,87,LaLiga,2025/2026,ESP,https://images.fotmob.com/image_resources/logo/teamlogo/10267.png,https://images.fotmob.com/image_resources/logo/teamlogo/8581.png,2025-11-21,21:00
13,https://www.fotmob.com/matches/deportivo-alaves-vs-celta-vigo/38fmty#4837230,4837230,Deportivo Alaves,9866,Celta Vigo,9910,True,True,False,False,0 - 1,FT,Full-Time,finished,87,LaLiga,2025/2026,ESP,https://images.fotmob.com/image_resources/logo/teamlogo/9866.png,https://images.fotmob.com/image_resources/logo/teamlogo/9910.png,2025-11-22,14:00
13,https://www.fotmob.com/matches/athletic-club-vs-barcelona/2diy4x#4837236,4837236,Barcelona,8634,Athletic Club,8315,True,True,False,False,4 - 0,FT,Full-Time,finished,87,LaLiga,2025/2026,ESP,https://images.fotmob.com/image_resources/logo/teamlogo/8634.png,https://images.fotmob.com/image_resources/logo/teamlogo/8315.png,2025-11-22,16:20
13,https://www.fotmob.com/matches/osasuna-vs-real-sociedad/2dcesm#4837234,4837234,Osasuna,8371,Real Sociedad,8560,True,True,False,False,1 - 3,FT,Full-Time,finished,87,LaLiga,2025/2026,ESP,https://images.fotmob.com/image_resources/logo/teamlogo/8371.png,https://images.fotmob.com/image_resources/logo/teamlogo/8560.png,2025-11-22,18:30
13,https://www.fotmob.com/matches/mallorca-vs-villarreal/2xyr2o#4837239,4837239,Villarreal,10205,Mallorca,8661,True,True,False,False,2 - 1,FT,Full-Time,finished,87,LaLiga,2025/2026,ESP,https://images.fotmob.com/image_resources/logo/teamlogo/10205.png,https://images.fotmob.com/image_resources/logo/teamlogo/8661.png,2025-11-22,21:00
13,https://www.fotmob.com/matches/rayo-vallecano-vs-real-oviedo/2eg3hi#4837235,4837235,Real Oviedo,8670,Rayo Vallecano,8370,True,True,False,False,0 - 0,FT,Full-Time,finished,87,LaLiga,2025/2026,ESP,https://images.fotmob.com/image_resources/logo/teamlogo/8670.png,https://images.fotmob.com/image_resources/logo/teamlogo/8370.png,2025-11-23,14:00
13,https://www.fotmob.com/matches/girona-vs-real-betis/27fxgz#4837231,4837231,Real Betis,8603,Girona,7732,True,True,False,False,1 - 1,FT,Full-Time,finished,87,LaLiga,2025/2026,ESP,https://images.fotmob.com/image_resources/logo/teamlogo/8603.png,https://images.fotmob.com/image_resources/logo/teamlogo/7732.png,2025-11-23,16:15
13,https://www.fotmob.com/matches/getafe-vs-atletico-madrid/2qqieg#4837237,4837237,Getafe,8305,Atletico Madrid,9906,True,True,False,False,0 - 1,FT,Full-Time,finished,87,LaLiga,2025/2026,ESP,https://images.fotmob.com/image_resources/logo/teamlogo/8305.png,https://images.fotmob.com/image_resources/logo/teamlogo/9906.png,2025-11-23,18:30
13,https://www.fotmob.com/matches/real-madrid-vs-elche/2ycx1c#4837232,4837232,Elche,10268,Real Madrid,8633,True,True,False,False,2 - 2,FT,Full-Time,finished,87,LaLiga,2025/2026,ESP,https://images.fotmob.com/image_resources/logo/teamlogo/10268.png,https://images.fotmob.com/image_resources/logo/teamlogo/8633.png,2025-11-23,21:00
13,https://www.fotmob.com/matches/sevilla-vs-espanyol/2cmp5w#4837233,4837233,Espanyol,8558,Sevilla,8302,True,True,False,False,2 - 1,FT,Full-Time,finished,87,LaLiga,2025/2026,ESP,https://images.fotmob.com/image_resources/logo/teamlogo/8558.png,https://images.fotmob.com/image_resources/logo/teamlogo/8302.png,2025-11-24,21:00
14,https://www.fotmob.com/matches/getafe-vs-elche/2up6ks#4837249,4837249,Getafe,8305,Elche,10268,True,True,False,False,1 - 0,FT,Full-Time,finished,87,LaLiga,2025/2026,ESP,https://images.fotmob.com/image_resources/logo/teamlogo/8305.png,https://images.fotmob.com/image_resources/logo/teamlogo/10268.png,2025-11-28,21:00
14,https://www.fotmob.com/matches/osasuna-vs-mallorca/2ed6bd#4837243,4837243,Mallorca,8661,Osasuna,8371,True,True,False,False,2 - 2,FT,Full-Time,finished,87,LaLiga,2025/2026,ESP,https://images.fotmob.com/image_resources/logo/teamlogo/8661.png,https://images.fotmob.com/image_resources/logo/teamlogo/8371.png,2025-11-29,14:00
14,https://www.fotmob.com/matches/barcelona-vs-deportivo-alaves/2tw7n8#4837246,4837246,Barcelona,8634,Deportivo Alaves,9866,True,True,False,False,3 - 1,FT,Full-Time,finished,87,LaLiga,2025/2026,ESP,https://images.fotmob.com/image_resources/logo/teamlogo/8634.png,https://images.fotmob.com/image_resources/logo/teamlogo/9866.png,2025-11-29,16:15
14,https://www.fotmob.com/matches/athletic-club-vs-levante/2czq11#4837247,4837247,Levante,8581,Athletic Club,8315,True,True,False,False,0 - 2,FT,Full-Time,finished,87,LaLiga,2025/2026,ESP,https://images.fotmob.com/image_resources/logo/teamlogo/8581.png,https://images.fotmob.com/image_resources/logo/teamlogo/8315.png,2025-11-29,18:30
14,https://www.fotmob.com/matches/real-oviedo-vs-atletico-madrid/2uqet6#4837240,4837240,Atletico Madrid,9906,Real Oviedo,8670,True,True,False,False,2 - 0,FT,Full-Time,finished,87,LaLiga,2025/2026,ESP,https://images.fotmob.com/image_resources/logo/teamlogo/9906.png,https://images.fotmob.com/image_resources/logo/teamlogo/8670.png,2025-11-29,21:00
14,https://www.fotmob.com/matches/real-sociedad-vs-villarreal/2wu0mj#4837245,4837245,Real Sociedad,8560,Villarreal,10205,True,True,False,False,2 - 3,FT,Full-Time,finished,87,LaLiga,2025/2026,ESP,https://images.fotmob.com/image_resources/logo/teamlogo/8560.png,https://images.fotmob.com/image_resources/logo/teamlogo/10205.png,2025-11-30,14:00
14,https://www.fotmob.com/matches/sevilla-vs-real-betis/2d2zew#4837248,4837248,Sevilla,8302,Real Betis,8603,True,True,False,False,0 - 2,FT,Full-Time,finished,87,LaLiga,2025/2026,ESP,https://images.fotmob.com/image_resources/logo/teamlogo/8302.png,https://images.fotmob.com/image_resources/logo/teamlogo/8603.png,2025-11-30,16:15
14,https://www.fotmob.com/matches/espanyol-vs-celta-vigo/2tjj9s#4837241,4837241,Celta Vigo,9910,Espanyol,8558,True,True,False,False,0 - 1,FT,Full-Time,finished,87,LaLiga,2025/2026,ESP,https://images.fotmob.com/image_resources/logo/teamlogo/9910.png,https://images.fotmob.com/image_resources/logo/teamlogo/8558.png,2025-11-30,18:30
14,https://www.fotmob.com/matches/girona-vs-real-madrid/27qfz8#4837242,4837242,Girona,7732,Real Madrid,8633,True,True,False,False,1 - 1,FT,Full-Time,finished,87,LaLiga,2025/2026,ESP,https://images.fotmob.com/image_resources/logo/teamlogo/7732.png,https://images.fotmob.com/image_resources/logo/teamlogo/8633.png,2025-11-30,21:00
14,https://www.fotmob.com/matches/rayo-vallecano-vs-valencia/2vepf1#4837244,4837244,Rayo Vallecano,8370,Valencia,10267,True,True,False,False,1 - 1,FT,Full-Time,finished,87,LaLiga,2025/2026,ESP,https://images.fotmob.com/image_resources/logo/teamlogo/8370.png,https://images.fotmob.com/image_resources/logo/teamlogo/10267.png,2025-12-01,21:00
19,https://www.fotmob.com/matches/barcelona-vs-atletico-madrid/2uc3ao#4837294,4837294,Barcelona,8634,Atletico Madrid,9906,True,True,False,False,3 - 1,FT,Full-Time,finished,87,LaLiga,2025/2026,ESP,https://images.fotmob.com/image_resources/logo/teamlogo/8634.png,https://images.fotmob.com/image_resources/logo/teamlogo/9906.png,2025-12-02,21:00
19,https://www.fotmob.com/matches/athletic-club-vs-real-madrid/2dil23#4837290,4837290,Athletic Club,8315,Real Madrid,8633,True,True,False,False,0 - 3,FT,Full-Time,finished,87,LaLiga,2025/2026,ESP,https://images.fotmob.com/image_resources/logo/teamlogo/8315.png,https://images.fotmob.com/image_resources/logo/teamlogo/8633.png,2025-12-03,19:00
15,https://www.fotmob.com/matches/mallorca-vs-real-oviedo/2hfado#4837258,4837258,Real Oviedo,8670,Mallorca,8661,True,True,False,False,0 - 0,FT,Full-Time,finished,87,LaLiga,2025/2026,ESP,https://images.fotmob.com/image_resources/logo/teamlogo/8670.png,https://images.fotmob.com/image_resources/logo/teamlogo/8661.png,2025-12-05,21:00
15,https://www.fotmob.com/matches/getafe-vs-villarreal/2u058a#4837256,4837256,Villarreal,10205,Getafe,8305,True,True,False,False,2 - 0,FT,Full-Time,finished,87,LaLiga,2025/2026,ESP,https://images.fotmob.com/image_resources/logo/teamlogo/10205.png,https://images.fotmob.com/image_resources/logo/teamlogo/8305.png,2025-12-06,14:00
15,https://www.fotmob.com/matches/real-sociedad-vs-deportivo-alaves/2t2xeh#4837250,4837250,Deportivo Alaves,9866,Real Sociedad,8560,True,True,False,False,1 - 0,FT,Full-Time,finished,87,LaLiga,2025/2026,ESP,https://images.fotmob.com/image_resources/logo/teamlogo/9866.png,https://images.fotmob.com/image_resources/logo/teamlogo/8560.png,2025-12-06,16:15
15,https://www.fotmob.com/matches/real-betis-vs-barcelona/2gggox#4837254,4837254,Real Betis,8603,Barcelona,8634,True,True,False,False,3 - 5,FT,Full-Time,finished,87,LaLiga,2025/2026,ESP,https://images.fotmob.com/image_resources/logo/teamlogo/8603.png,https://images.fotmob.com/image_resources/logo/teamlogo/8634.png,2025-12-06,18:30
15,https://www.fotmob.com/matches/athletic-club-vs-atletico-madrid/2queyl#4837251,4837251,Athletic Club,8315,Atletico Madrid,9906,True,True,False,False,1 - 0,FT,Full-Time,finished,87,LaLiga,2025/2026,ESP,https://images.fotmob.com/image_resources/logo/teamlogo/8315.png,https://images.fotmob.com/image_resources/logo/teamlogo/9906.png,2025-12-06,21:00
15,https://www.fotmob.com/matches/girona-vs-elche/2ogkws#4837252,4837252,Elche,10268,Girona,7732,True,True,False,False,3 - 0,FT,Full-Time,finished,87,LaLiga,2025/2026,ESP,https://images.fotmob.com/image_resources/logo/teamlogo/10268.png,https://images.fotmob.com/image_resources/logo/teamlogo/7732.png,2025-12-07,14:00
15,https://www.fotmob.com/matches/sevilla-vs-valencia/2unl97#4837259,4837259,Valencia,10267,Sevilla,8302,True,True,False,False,1 - 1,FT,Full-Time,finished,87,LaLiga,2025/2026,ESP,https://images.fotmob.com/image_resources/logo/teamlogo/10267.png,https://images.fotmob.com/image_resources/logo/teamlogo/8302.png,2025-12-07,16:15
15,https://www.fotmob.com/matches/rayo-vallecano-vs-espanyol/2dbblq#4837253,4837253,Espanyol,8558,Rayo Vallecano,8370,True,True,False,False,1 - 0,FT,Full-Time,finished,87,LaLiga,2025/2026,ESP,https://images.fotmob.com/image_resources/logo/teamlogo/8558.png,https://images.fotmob.com/image_resources/logo/teamlogo/8370.png,2025-12-07,18:30
15,https://www.fotmob.com/matches/real-madrid-vs-celta-vigo/2uda7y#4837255,4837255,Real Madrid,8633,Celta Vigo,9910,True,True,False,False,0 - 2,FT,Full-Time,finished,87,LaLiga,2025/2026,ESP,https://images.fotmob.com/image_resources/logo/teamlogo/8633.png,https://images.fotmob.com/image_resources/logo/teamlogo/9910.png,2025-12-07,21:00
15,https://www.fotmob.com/matches/osasuna-vs-levante/2dk1c1#4837257,4837257,Osasuna,8371,Levante,8581,True,True,False,False,2 - 0,FT,Full-Time,finished,87,LaLiga,2025/2026,ESP,https://images.fotmob.com/image_resources/logo/teamlogo/8371.png,https://images.fotmob.com/image_resources/logo/teamlogo/8581.png,2025-12-08,21:00
16,https://www.fotmob.com/matches/girona-vs-real-sociedad/270w5m#4837268,4837268,Real Sociedad,8560,Girona,7732,True,True,False,False,1 - 2,FT,Full-Time,finished,87,LaLiga,2025/2026,ESP,https://images.fotmob.com/image_resources/logo/teamlogo/8560.png,https://images.fotmob.com/image_resources/logo/teamlogo/7732.png,2025-12-12,21:00
16,https://www.fotmob.com/matches/atletico-madrid-vs-valencia/3d5lpp#4837261,4837261,Atletico Madrid,9906,Valencia,10267,True,True,False,False,2 - 1,FT,Full-Time,finished,87,LaLiga,2025/2026,ESP,https://images.fotmob.com/image_resources/logo/teamlogo/9906.png,https://images.fotmob.com/image_resources/logo/teamlogo/10267.png,2025-12-13,14:00
16,https://www.fotmob.com/matches/mallorca-vs-elche/2yo9q6#4837266,4837266,Mallorca,8661,Elche,10268,True,True,False,False,3 - 1,FT,Full-Time,finished,87,LaLiga,2025/2026,ESP,https://images.fotmob.com/image_resources/logo/teamlogo/8661.png,https://images.fotmob.com/image_resources/logo/teamlogo/10268.png,2025-12-13,16:15
16,https://www.fotmob.com/matches/osasuna-vs-barcelona/2e3bqd#4837262,4837262,Barcelona,8634,Osasuna,8371,True,True,False,False,2 - 0,FT,Full-Time,finished,87,LaLiga,2025/2026,ESP,https://images.fotmob.com/image_resources/logo/teamlogo/8634.png,https://images.fotmob.com/image_resources/logo/teamlogo/8371.png,2025-12-13,18:30
16,https://www.fotmob.com/matches/getafe-vs-espanyol/2cns72#4837267,4837267,Getafe,8305,Espanyol,8558,True,True,False,False,0 - 1,FT,Full-Time,finished,87,LaLiga,2025/2026,ESP,https://images.fotmob.com/image_resources/logo/teamlogo/8305.png,https://images.fotmob.com/image_resources/logo/teamlogo/8558.png,2025-12-13,21:00
16,https://www.fotmob.com/matches/sevilla-vs-real-oviedo/2drb64#4837269,4837269,Sevilla,8302,Real Oviedo,8670,True,True,False,False,4 - 0,FT,Full-Time,finished,87,LaLiga,2025/2026,ESP,https://images.fotmob.com/image_resources/logo/teamlogo/8302.png,https://images.fotmob.com/image_resources/logo/teamlogo/8670.png,2025-12-14,14:00
16,https://www.fotmob.com/matches/athletic-club-vs-celta-vigo/2qvz7j#4837264,4837264,Celta Vigo,9910,Athletic Club,8315,True,True,False,False,2 - 0,FT,Full-Time,finished,87,LaLiga,2025/2026,ESP,https://images.fotmob.com/image_resources/logo/teamlogo/9910.png,https://images.fotmob.com/image_resources/logo/teamlogo/8315.png,2025-12-14,16:15
16,https://www.fotmob.com/matches/real-madrid-vs-deportivo-alaves/2tvtdc#4837260,4837260,Deportivo Alaves,9866,Real Madrid,8633,True,True,False,False,1 - 2,FT,Full-Time,finished,87,LaLiga,2025/2026,ESP,https://images.fotmob.com/image_resources/logo/teamlogo/9866.png,https://images.fotmob.com/image_resources/logo/teamlogo/8633.png,2025-12-14,21:00
16,https://www.fotmob.com/matches/rayo-vallecano-vs-real-betis/2dro7q#4837265,4837265,Rayo Vallecano,8370,Real Betis,8603,True,True,False,False,0 - 0,FT,Full-Time,finished,87,LaLiga,2025/2026,ESP,https://images.fotmob.com/image_resources/logo/teamlogo/8370.png,https://images.fotmob.com/image_resources/logo/teamlogo/8603.png,2025-12-15,21:00
17,https://www.fotmob.com/matches/mallorca-vs-valencia/2ynv4d#4837279,4837279,Valencia,10267,Mallorca,8661,True,True,False,False,1 - 1,FT,Full-Time,finished,87,LaLiga,2025/2026,ESP,https://images.fotmob.com/image_resources/logo/teamlogo/10267.png,https://images.fotmob.com/image_resources/logo/teamlogo/8661.png,2025-12-19,21:00
17,https://www.fotmob.com/matches/real-oviedo-vs-celta-vigo/2us05k#4837278,4837278,Real Oviedo,8670,Celta Vigo,9910,True,True,False,False,0 - 0,FT,Full-Time,finished,87,LaLiga,2025/2026,ESP,https://images.fotmob.com/image_resources/logo/teamlogo/8670.png,https://images.fotmob.com/image_resources/logo/teamlogo/9910.png,2025-12-20,14:00
17,https://www.fotmob.com/matches/real-sociedad-vs-levante/2fh3cs#4837273,4837273,Levante,8581,Real Sociedad,8560,True,True,False,False,1 - 1,FT,Full-Time,finished,87,LaLiga,2025/2026,ESP,https://images.fotmob.com/image_resources/logo/teamlogo/8581.png,https://images.fotmob.com/image_resources/logo/teamlogo/8560.png,2025-12-20,16:15
17,https://www.fotmob.com/matches/osasuna-vs-deportivo-alaves/2r0nzh#4837275,4837275,Osasuna,8371,Deportivo Alaves,9866,True,True,False,False,3 - 0,FT,Full-Time,finished,87,LaLiga,2025/2026,ESP,https://images.fotmob.com/image_resources/logo/teamlogo/8371.png,https://images.fotmob.com/image_resources/logo/teamlogo/9866.png,2025-12-20,18:30
17,https://www.fotmob.com/matches/sevilla-vs-real-madrid/2ddv45#4837274,4837274,Real Madrid,8633,Sevilla,8302,True,True,False,False,2 - 0,FT,Full-Time,finished,87,LaLiga,2025/2026,ESP,https://images.fotmob.com/image_resources/logo/teamlogo/8633.png,https://images.fotmob.com/image_resources/logo/teamlogo/8302.png,2025-12-20,21:00
17,https://www.fotmob.com/matches/girona-vs-atletico-madrid/2kmd87#4837276,4837276,Girona,7732,Atletico Madrid,9906,True,True,False,False,0 - 3,FT,Full-Time,finished,87,LaLiga,2025/2026,ESP,https://images.fotmob.com/image_resources/logo/teamlogo/7732.png,https://images.fotmob.com/image_resources/logo/teamlogo/9906.png,2025-12-21,14:00
17,https://www.fotmob.com/matches/barcelona-vs-villarreal/2xnua6#4837277,4837277,Villarreal,10205,Barcelona,8634,True,True,False,False,0 - 2,FT,Full-Time,finished,87,LaLiga,2025/2026,ESP,https://images.fotmob.com/image_resources/logo/teamlogo/10205.png,https://images.fotmob.com/image_resources/logo/teamlogo/8634.png,2025-12-21,16:15
17,https://www.fotmob.com/matches/rayo-vallecano-vs-elche/2vf3sr#4837272,4837272,Elche,10268,Rayo Vallecano,8370,True,True,False,False,4 - 0,FT,Full-Time,finished,87,LaLiga,2025/2026,ESP,https://images.fotmob.com/image_resources/logo/teamlogo/10268.png,https://images.fotmob.com/image_resources/logo/teamlogo/8370.png,2025-12-21,18:30
17,https://www.fotmob.com/matches/getafe-vs-real-betis/2d42jt#4837271,4837271,Real Betis,8603,Getafe,8305,True,True,False,False,4 - 0,FT,Full-Time,finished,87,LaLiga,2025/2026,ESP,https://images.fotmob.com/image_resources/logo/teamlogo/8603.png,https://images.fotmob.com/image_resources/logo/teamlogo/8305.png,2025-12-21,21:00
17,https://www.fotmob.com/matches/athletic-club-vs-espanyol/2crecr#4837270,4837270,Athletic Club,8315,Espanyol,8558,True,True,False,False,1 - 2,FT,Full-Time,finished,87,LaLiga,2025/2026,ESP,https://images.fotmob.com/image_resources/logo/teamlogo/8315.png,https://images.fotmob.com/image_resources/logo/teamlogo/8558.png,2025-12-22,21:00
18,https://www.fotmob.com/matches/getafe-vs-rayo-vallecano/2as7fs#4837287,4837287,Rayo Vallecano,8370,Getafe,8305,True,True,False,False,1 - 1,FT,Full-Time,finished,87,LaLiga,2025/2026,ESP,https://images.fotmob.com/image_resources/logo/teamlogo/8370.png,https://images.fotmob.com/image_resources/logo/teamlogo/8305.png,2026-01-02,21:00
18,https://www.fotmob.com/matches/celta-vigo-vs-valencia/3d7bzj#4837281,4837281,Celta Vigo,9910,Valencia,10267,True,True,False,False,4 - 1,FT,Full-Time,finished,87,LaLiga,2025/2026,ESP,https://images.fotmob.com/image_resources/logo/teamlogo/9910.png,https://images.fotmob.com/image_resources/logo/teamlogo/10267.png,2026-01-03,14:00
18,https://www.fotmob.com/matches/athletic-club-vs-osasuna/2aw50s#4837283,4837283,Osasuna,8371,Athletic Club,8315,True,True,False,False,1 - 1,FT,Full-Time,finished,87,LaLiga,2025/2026,ESP,https://images.fotmob.com/image_resources/logo/teamlogo/8371.png,https://images.fotmob.com/image_resources/logo/teamlogo/8315.png,2026-01-03,16:15
18,https://www.fotmob.com/matches/villarreal-vs-elche/3gsai9#4837282,4837282,Elche,10268,Villarreal,10205,True,True,False,False,1 - 3,FT,Full-Time,finished,87,LaLiga,2025/2026,ESP,https://images.fotmob.com/image_resources/logo/teamlogo/10268.png,https://images.fotmob.com/image_resources/logo/teamlogo/10205.png,2026-01-03,18:30
18,https://www.fotmob.com/matches/espanyol-vs-barcelona/2fzuy6#4837285,4837285,Espanyol,8558,Barcelona,8634,True,True,False,False,0 - 2,FT,Full-Time,finished,87,LaLiga,2025/2026,ESP,https://images.fotmob.com/image_resources/logo/teamlogo/8558.png,https://images.fotmob.com/image_resources/logo/teamlogo/8634.png,2026-01-03,21:00
18,https://www.fotmob.com/matches/sevilla-vs-levante/2cv0lv#4837289,4837289,Sevilla,8302,Levante,8581,True,True,False,False,0 - 3,FT,Full-Time,finished,87,LaLiga,2025/2026,ESP,https://images.fotmob.com/image_resources/logo/teamlogo/8302.png,https://images.fotmob.com/image_resources/logo/teamlogo/8581.png,2026-01-04,14:00
18,https://www.fotmob.com/matches/real-betis-vs-real-madrid/2gg3e3#4837286,4837286,Real Madrid,8633,Real Betis,8603,True,True,False,False,5 - 1,FT,Full-Time,finished,87,LaLiga,2025/2026,ESP,https://images.fotmob.com/image_resources/logo/teamlogo/8633.png,https://images.fotmob.com/image_resources/logo/teamlogo/8603.png,2026-01-04,16:15
18,https://www.fotmob.com/matches/real-oviedo-vs-deportivo-alaves/2uai1q#4837280,4837280,Deportivo Alaves,9866,Real Oviedo,8670,True,True,False,False,1 - 1,FT,Full-Time,finished,87,LaLiga,2025/2026,ESP,https://images.fotmob.com/image_resources/logo/teamlogo/9866.png,https://images.fotmob.com/image_resources/logo/teamlogo/8670.png,2026-01-04,18:30
18,https://www.fotmob.com/matches/girona-vs-mallorca/2809vm#4837288,4837288,Mallorca,8661,Girona,7732,True,True,False,False,1 - 2,FT,Full-Time,finished,87,LaLiga,2025/2026,ESP,https://images.fotmob.com/image_resources/logo/teamlogo/8661.png,https://images.fotmob.com/image_resources/logo/teamlogo/7732.png,2026-01-04,18:30
18,https://www.fotmob.com/matches/real-sociedad-vs-atletico-madrid/2tiqrp#4837284,4837284,Real Sociedad,8560,Atletico Madrid,9906,True,True,False,False,1 - 1,FT,Full-Time,finished,87,LaLiga,2025/2026,ESP,https://images.fotmob.com/image_resources/logo/teamlogo/8560.png,https://images.fotmob.com/image_resources/logo/teamlogo/9906.png,2026-01-04,21:00
19,https://www.fotmob.com/matches/getafe-vs-real-sociedad/2coi81#4837291,4837291,Getafe,8305,Real Sociedad,8560,True,True,False,False,1 - 2,FT,Full-Time,finished,87,LaLiga,2025/2026,ESP,https://images.fotmob.com/image_resources/logo/teamlogo/8305.png,https://images.fotmob.com/image_resources/logo/teamlogo/8560.png,2026-01-09,21:00
19,https://www.fotmob.com/matches/real-betis-vs-real-oviedo/2gts1f#4837295,4837295,Real Oviedo,8670,Real Betis,8603,True,True,False,False,1 - 1,FT,Full-Time,finished,87,LaLiga,2025/2026,ESP,https://images.fotmob.com/image_resources/logo/teamlogo/8670.png,https://images.fotmob.com/image_resources/logo/teamlogo/8603.png,2026-01-10,14:00
19,https://www.fotmob.com/matches/deportivo-alaves-vs-villarreal/3bxlyu#4837293,4837293,Villarreal,10205,Deportivo Alaves,9866,True,True,False,False,3 - 1,FT,Full-Time,finished,87,LaLiga,2025/2026,ESP,https://images.fotmob.com/image_resources/logo/teamlogo/10205.png,https://images.fotmob.com/image_resources/logo/teamlogo/9866.png,2026-01-10,16:15
19,https://www.fotmob.com/matches/girona-vs-osasuna/2579sv#4837292,4837292,Girona,7732,Osasuna,8371,True,True,False,False,1 - 0,FT,Full-Time,finished,87,LaLiga,2025/2026,ESP,https://images.fotmob.com/image_resources/logo/teamlogo/7732.png,https://images.fotmob.com/image_resources/logo/teamlogo/8371.png,2026-01-10,18:30
19,https://www.fotmob.com/matches/valencia-vs-elche/3hjjfk#4837297,4837297,Valencia,10267,Elche,10268,True,True,False,False,1 - 1,FT,Full-Time,finished,87,LaLiga,2025/2026,ESP,https://images.fotmob.com/image_resources/logo/teamlogo/10267.png,https://images.fotmob.com/image_resources/logo/teamlogo/10268.png,2026-01-10,21:00
19,https://www.fotmob.com/matches/rayo-vallecano-vs-mallorca/2ect69#4837299,4837299,Rayo Vallecano,8370,Mallorca,8661,True,True,False,False,2 - 1,FT,Full-Time,finished,87,LaLiga,2025/2026,ESP,https://images.fotmob.com/image_resources/logo/teamlogo/8370.png,https://images.fotmob.com/image_resources/logo/teamlogo/8661.png,2026-01-11,14:00
19,https://www.fotmob.com/matches/espanyol-vs-levante/2fgcwj#4837298,4837298,Levante,8581,Espanyol,8558,True,True,False,False,1 - 1,FT,Full-Time,finished,87,LaLiga,2025/2026,ESP,https://images.fotmob.com/image_resources/logo/teamlogo/8581.png,https://images.fotmob.com/image_resources/logo/teamlogo/8558.png,2026-01-11,16:15
19,https://www.fotmob.com/matches/sevilla-vs-celta-vigo/2qqwgg#4837296,4837296,Sevilla,8302,Celta Vigo,9910,True,True,False,False,0 - 1,FT,Full-Time,finished,87,LaLiga,2025/2026,ESP,https://images.fotmob.com/image_resources/logo/teamlogo/8302.png,https://images.fotmob.com/image_resources/logo/teamlogo/9910.png,2026-01-12,21:00
20,https://www.fotmob.com/matches/girona-vs-espanyol/27070h#4837303,4837303,Espanyol,8558,Girona,7732,True,True,False,False,0 - 2,FT,Full-Time,finished,87,LaLiga,2025/2026,ESP,https://images.fotmob.com/image_resources/logo/teamlogo/8558.png,https://images.fotmob.com/image_resources/logo/teamlogo/7732.png,2026-01-16,21:00
20,https://www.fotmob.com/matches/levante-vs-real-madrid/2g7yze#4837309,4837309,Real Madrid,8633,Levante,8581,True,True,False,False,2 - 0,FT,Full-Time,finished,87,LaLiga,2025/2026,ESP,https://images.fotmob.com/image_resources/logo/teamlogo/8633.png,https://images.fotmob.com/image_resources/logo/teamlogo/8581.png,2026-01-17,14:00
20,https://www.fotmob.com/matches/athletic-club-vs-mallorca/2dsrjx#4837307,4837307,Mallorca,8661,Athletic Club,8315,True,True,False,False,3 - 2,FT,Full-Time,finished,87,LaLiga,2025/2026,ESP,https://images.fotmob.com/image_resources/logo/teamlogo/8661.png,https://images.fotmob.com/image_resources/logo/teamlogo/8315.png,2026-01-17,16:15
20,https://www.fotmob.com/matches/osasuna-vs-real-oviedo/2eggmv#4837305,4837305,Osasuna,8371,Real Oviedo,8670,True,True,False,False,3 - 2,FT,Full-Time,finished,87,LaLiga,2025/2026,ESP,https://images.fotmob.com/image_resources/logo/teamlogo/8371.png,https://images.fotmob.com/image_resources/logo/teamlogo/8670.png,2026-01-17,18:30
20,https://www.fotmob.com/matches/real-betis-vs-villarreal/2xbbzr#4837300,4837300,Real Betis,8603,Villarreal,10205,True,True,False,False,2 - 0,FT,Full-Time,finished,87,LaLiga,2025/2026,ESP,https://images.fotmob.com/image_resources/logo/teamlogo/8603.png,https://images.fotmob.com/image_resources/logo/teamlogo/10205.png,2026-01-17,21:00
20,https://www.fotmob.com/matches/getafe-vs-valencia/2uos8v#4837304,4837304,Getafe,8305,Valencia,10267,True,True,False,False,0 - 1,FT,Full-Time,finished,87,LaLiga,2025/2026,ESP,https://images.fotmob.com/image_resources/logo/teamlogo/8305.png,https://images.fotmob.com/image_resources/logo/teamlogo/10267.png,2026-01-18,14:00
20,https://www.fotmob.com/matches/deportivo-alaves-vs-atletico-madrid/38dxso#4837306,4837306,Atletico Madrid,9906,Deportivo Alaves,9866,True,True,False,False,1 - 0,FT,Full-Time,finished,87,LaLiga,2025/2026,ESP,https://images.fotmob.com/image_resources/logo/teamlogo/9906.png,https://images.fotmob.com/image_resources/logo/teamlogo/9866.png,2026-01-18,16:15
20,https://www.fotmob.com/matches/rayo-vallecano-vs-celta-vigo/2rhhu2#4837301,4837301,Celta Vigo,9910,Rayo Vallecano,8370,True,True,False,False,3 - 0,FT,Full-Time,finished,87,LaLiga,2025/2026,ESP,https://images.fotmob.com/image_resources/logo/teamlogo/9910.png,https://images.fotmob.com/image_resources/logo/teamlogo/8370.png,2026-01-18,18:30
20,https://www.fotmob.com/matches/real-sociedad-vs-barcelona/2g0lhd#4837308,4837308,Real Sociedad,8560,Barcelona,8634,True,True,False,False,2 - 1,FT,Full-Time,finished,87,LaLiga,2025/2026,ESP,https://images.fotmob.com/image_resources/logo/teamlogo/8560.png,https://images.fotmob.com/image_resources/logo/teamlogo/8634.png,2026-01-18,21:00
20,https://www.fotmob.com/matches/sevilla-vs-elche/2unzl1#4837302,4837302,Elche,10268,Sevilla,8302,True,True,False,False,2 - 2,FT,Full-Time,finished,87,LaLiga,2025/2026,ESP,https://images.fotmob.com/image_resources/logo/teamlogo/10268.png,https://images.fotmob.com/image_resources/logo/teamlogo/8302.png,2026-01-19,21:00
21,https://www.fotmob.com/matches/levante-vs-elche/2xrvna#4837315,4837315,Levante,8581,Elche,10268,True,True,False,False,3 - 2,FT,Full-Time,finished,87,LaLiga,2025/2026,ESP,https://images.fotmob.com/image_resources/logo/teamlogo/8581.png,https://images.fotmob.com/image_resources/logo/teamlogo/10268.png,2026-01-23,21:00
21,https://www.fotmob.com/matches/rayo-vallecano-vs-osasuna/2bfuc2#4837318,4837318,Rayo Vallecano,8370,Osasuna,8371,True,True,False,False,1 - 3,FT,Full-Time,finished,87,LaLiga,2025/2026,ESP,https://images.fotmob.com/image_resources/logo/teamlogo/8370.png,https://images.fotmob.com/image_resources/logo/teamlogo/8371.png,2026-01-24,14:00
21,https://www.fotmob.com/matches/espanyol-vs-valencia/2xi6sb#4837316,4837316,Valencia,10267,Espanyol,8558,True,True,False,False,3 - 2,FT,Full-Time,finished,87,LaLiga,2025/2026,ESP,https://images.fotmob.com/image_resources/logo/teamlogo/10267.png,https://images.fotmob.com/image_resources/logo/teamlogo/8558.png,2026-01-24,16:15
21,https://www.fotmob.com/matches/sevilla-vs-athletic-club/2a7iew#4837313,4837313,Sevilla,8302,Athletic Club,8315,True,True,False,False,2 - 1,FT,Full-Time,finished,87,LaLiga,2025/2026,ESP,https://images.fotmob.com/image_resources/logo/teamlogo/8302.png,https://images.fotmob.com/image_resources/logo/teamlogo/8315.png,2026-01-24,18:30
21,https://www.fotmob.com/matches/real-madrid-vs-villarreal/2xnfqu#4837319,4837319,Villarreal,10205,Real Madrid,8633,True,True,False,False,0 - 2,FT,Full-Time,finished,87,LaLiga,2025/2026,ESP,https://images.fotmob.com/image_resources/logo/teamlogo/10205.png,https://images.fotmob.com/image_resources/logo/teamlogo/8633.png,2026-01-24,21:00
21,https://www.fotmob.com/matches/mallorca-vs-atletico-madrid/2umtu6#4837311,4837311,Atletico Madrid,9906,Mallorca,8661,True,True,False,False,3 - 0,FT,Full-Time,finished,87,LaLiga,2025/2026,ESP,https://images.fotmob.com/image_resources/logo/teamlogo/9906.png,https://images.fotmob.com/image_resources/logo/teamlogo/8661.png,2026-01-25,14:00
21,https://www.fotmob.com/matches/barcelona-vs-real-oviedo/2h59l6#4837312,4837312,Barcelona,8634,Real Oviedo,8670,True,True,False,False,3 - 0,FT,Full-Time,finished,87,LaLiga,2025/2026,ESP,https://images.fotmob.com/image_resources/logo/teamlogo/8634.png,https://images.fotmob.com/image_resources/logo/teamlogo/8670.png,2026-01-25,16:15
21,https://www.fotmob.com/matches/real-sociedad-vs-celta-vigo/2tkbrv#4837314,4837314,Real Sociedad,8560,Celta Vigo,9910,True,True,False,False,3 - 1,FT,Full-Time,finished,87,LaLiga,2025/2026,ESP,https://images.fotmob.com/image_resources/logo/teamlogo/8560.png,https://images.fotmob.com/image_resources/logo/teamlogo/9910.png,2026-01-25,18:30
21,https://www.fotmob.com/matches/real-betis-vs-deportivo-alaves/2tjxhl#4837310,4837310,Deportivo Alaves,9866,Real Betis,8603,True,True,False,False,2 - 1,FT,Full-Time,finished,87,LaLiga,2025/2026,ESP,https://images.fotmob.com/image_resources/logo/teamlogo/9866.png,https://images.fotmob.com/image_resources/logo/teamlogo/8603.png,2026-01-25,21:00
21,https://www.fotmob.com/matches/girona-vs-getafe/24kjcg#4837317,4837317,Girona,7732,Getafe,8305,True,True,False,False,1 - 1,FT,Full-Time,finished,87,LaLiga,2025/2026,ESP,https://images.fotmob.com/image_resources/logo/teamlogo/7732.png,https://images.fotmob.com/image_resources/logo/teamlogo/8305.png,2026-01-26,21:00
22,https://www.fotmob.com/matches/espanyol-vs-deportivo-alaves/2t24yu#4837324,4837324,Espanyol,8558,Deportivo Alaves,9866,True,True,False,False,1 - 2,FT,Full-Time,finished,87,LaLiga,2025/2026,ESP,https://images.fotmob.com/image_resources/logo/teamlogo/8558.png,https://images.fotmob.com/image_resources/logo/teamlogo/9866.png,2026-01-30,21:00
22,https://www.fotmob.com/matches/girona-vs-real-oviedo/283frd#4837328,4837328,Real Oviedo,8670,Girona,7732,True,True,False,False,1 - 0,FT,Full-Time,finished,87,LaLiga,2025/2026,ESP,https://images.fotmob.com/image_resources/logo/teamlogo/8670.png,https://images.fotmob.com/image_resources/logo/teamlogo/7732.png,2026-01-31,14:00
22,https://www.fotmob.com/matches/osasuna-vs-villarreal/2uqdmj#4837323,4837323,Osasuna,8371,Villarreal,10205,True,True,False,False,2 - 2,FT,Full-Time,finished,87,LaLiga,2025/2026,ESP,https://images.fotmob.com/image_resources/logo/teamlogo/8371.png,https://images.fotmob.com/image_resources/logo/teamlogo/10205.png,2026-01-31,16:15
22,https://www.fotmob.com/matches/levante-vs-atletico-madrid/2tr25y#4837325,4837325,Levante,8581,Atletico Madrid,9906,True,True,False,False,0 - 0,FT,Full-Time,finished,87,LaLiga,2025/2026,ESP,https://images.fotmob.com/image_resources/logo/teamlogo/8581.png,https://images.fotmob.com/image_resources/logo/teamlogo/9906.png,2026-01-31,18:30
22,https://www.fotmob.com/matches/barcelona-vs-elche/2ydbmf#4837326,4837326,Elche,10268,Barcelona,8634,True,True,False,False,1 - 3,FT,Full-Time,finished,87,LaLiga,2025/2026,ESP,https://images.fotmob.com/image_resources/logo/teamlogo/10268.png,https://images.fotmob.com/image_resources/logo/teamlogo/8634.png,2026-01-31,21:00
22,https://www.fotmob.com/matches/rayo-vallecano-vs-real-madrid/2e2lhn#4837329,4837329,Real Madrid,8633,Rayo Vallecano,8370,True,True,False,False,2 - 1,FT,Full-Time,finished,87,LaLiga,2025/2026,ESP,https://images.fotmob.com/image_resources/logo/teamlogo/8633.png,https://images.fotmob.com/image_resources/logo/teamlogo/8370.png,2026-02-01,14:00
22,https://www.fotmob.com/matches/real-betis-vs-valencia/2y0d9k#4837321,4837321,Real Betis,8603,Valencia,10267,True,True,False,False,2 - 1,FT,Full-Time,finished,87,LaLiga,2025/2026,ESP,https://images.fotmob.com/image_resources/logo/teamlogo/8603.png,https://images.fotmob.com/image_resources/logo/teamlogo/10267.png,2026-02-01,16:15
22,https://www.fotmob.com/matches/getafe-vs-celta-vigo/2qs2ma#4837327,4837327,Getafe,8305,Celta Vigo,9910,True,True,False,False,0 - 0,FT,Full-Time,finished,87,LaLiga,2025/2026,ESP,https://images.fotmob.com/image_resources/logo/teamlogo/8305.png,https://images.fotmob.com/image_resources/logo/teamlogo/9910.png,2026-02-01,18:30
22,https://www.fotmob.com/matches/athletic-club-vs-real-sociedad/2cs4ea#4837320,4837320,Athletic Club,8315,Real Sociedad,8560,True,True,False,False,1 - 1,FT,Full-Time,finished,87,LaLiga,2025/2026,ESP,https://images.fotmob.com/image_resources/logo/teamlogo/8315.png,https://images.fotmob.com/image_resources/logo/teamlogo/8560.png,2026-02-01,21:00
22,https://www.fotmob.com/matches/sevilla-vs-mallorca/2do1bv#4837322,4837322,Mallorca,8661,Sevilla,8302,True,True,False,False,4 - 1,FT,Full-Time,finished,87,LaLiga,2025/2026,ESP,https://images.fotmob.com/image_resources/logo/teamlogo/8661.png,https://images.fotmob.com/image_resources/logo/teamlogo/8302.png,2026-02-02,21:00
23,https://www.fotmob.com/matches/osasuna-vs-celta-vigo/2rhvxv#4837334,4837334,Celta Vigo,9910,Osasuna,8371,True,True,False,False,1 - 2,FT,Full-Time,finished,87,LaLiga,2025/2026,ESP,https://images.fotmob.com/image_resources/logo/teamlogo/9910.png,https://images.fotmob.com/image_resources/logo/teamlogo/8371.png,2026-02-06,21:00
23,https://www.fotmob.com/matches/barcelona-vs-mallorca/2h1xfx#4837333,4837333,Barcelona,8634,Mallorca,8661,True,True,False,False,3 - 0,FT,Full-Time,finished,87,LaLiga,2025/2026,ESP,https://images.fotmob.com/image_resources/logo/teamlogo/8634.png,https://images.fotmob.com/image_resources/logo/teamlogo/8661.png,2026-02-07,16:15
23,https://www.fotmob.com/matches/real-sociedad-vs-elche/2xjeda#4837335,4837335,Real Sociedad,8560,Elche,10268,True,True,False,False,3 - 1,FT,Full-Time,finished,87,LaLiga,2025/2026,ESP,https://images.fotmob.com/image_resources/logo/teamlogo/8560.png,https://images.fotmob.com/image_resources/logo/teamlogo/10268.png,2026-02-07,21:00
23,https://www.fotmob.com/matches/getafe-vs-deportivo-alaves/2qawwk#4837330,4837330,Deportivo Alaves,9866,Getafe,8305,True,True,False,False,0 - 2,FT,Full-Time,finished,87,LaLiga,2025/2026,ESP,https://images.fotmob.com/image_resources/logo/teamlogo/9866.png,https://images.fotmob.com/image_resources/logo/teamlogo/8305.png,2026-02-08,14:00
23,https://www.fotmob.com/matches/athletic-club-vs-levante/2czq11#4837331,4837331,Athletic Club,8315,Levante,8581,True,True,False,False,4 - 2,FT,Full-Time,finished,87,LaLiga,2025/2026,ESP,https://images.fotmob.com/image_resources/logo/teamlogo/8315.png,https://images.fotmob.com/image_resources/logo/teamlogo/8581.png,2026-02-08,16:15
23,https://www.fotmob.com/matches/girona-vs-sevilla/24ji81#4837337,4837337,Sevilla,8302,Girona,7732,True,True,False,False,1 - 1,FT,Full-Time,finished,87,LaLiga,2025/2026,ESP,https://images.fotmob.com/image_resources/logo/teamlogo/8302.png,https://images.fotmob.com/image_resources/logo/teamlogo/7732.png,2026-02-08,16:15
23,https://www.fotmob.com/matches/real-betis-vs-atletico-madrid/2tzs6l#4837332,4837332,Atletico Madrid,9906,Real Betis,8603,True,True,False,False,0 - 1,FT,Full-Time,finished,87,LaLiga,2025/2026,ESP,https://images.fotmob.com/image_resources/logo/teamlogo/9906.png,https://images.fotmob.com/image_resources/logo/teamlogo/8603.png,2026-02-08,18:30
23,https://www.fotmob.com/matches/real-madrid-vs-valencia/2ycigb#4837338,4837338,Valencia,10267,Real Madrid,8633,True,True,False,False,0 - 2,FT,Full-Time,finished,87,LaLiga,2025/2026,ESP,https://images.fotmob.com/image_resources/logo/teamlogo/10267.png,https://images.fotmob.com/image_resources/logo/teamlogo/8633.png,2026-02-08,21:00
23,https://www.fotmob.com/matches/espanyol-vs-villarreal/2wt7o0#4837336,4837336,Villarreal,10205,Espanyol,8558,True,True,False,False,4 - 1,FT,Full-Time,finished,87,LaLiga,2025/2026,ESP,https://images.fotmob.com/image_resources/logo/teamlogo/10205.png,https://images.fotmob.com/image_resources/logo/teamlogo/8558.png,2026-02-09,21:00
24,https://www.fotmob.com/matches/osasuna-vs-elche/2vfi6j#4837340,4837340,Elche,10268,Osasuna,8371,True,True,False,False,0 - 0,FT,Full-Time,finished,87,LaLiga,2025/2026,ESP,https://images.fotmob.com/image_resources/logo/teamlogo/10268.png,https://images.fotmob.com/image_resources/logo/teamlogo/8371.png,2026-02-13,21:00
24,https://www.fotmob.com/matches/espanyol-vs-celta-vigo/2tjj9s#4837349,4837349,Espanyol,8558,Celta Vigo,9910,True,True,False,False,2 - 2,FT,Full-Time,finished,87,LaLiga,2025/2026,ESP,https://images.fotmob.com/image_resources/logo/teamlogo/8558.png,https://images.fotmob.com/image_resources/logo/teamlogo/9910.png,2026-02-14,14:00
24,https://www.fotmob.com/matches/getafe-vs-villarreal/2u058a#4837341,4837341,Getafe,8305,Villarreal,10205,True,True,False,False,2 - 1,FT,Full-Time,finished,87,LaLiga,2025/2026,ESP,https://images.fotmob.com/image_resources/logo/teamlogo/8305.png,https://images.fotmob.com/image_resources/logo/teamlogo/10205.png,2026-02-14,16:15
24,https://www.fotmob.com/matches/sevilla-vs-deportivo-alaves/2q9que#4837344,4837344,Sevilla,8302,Deportivo Alaves,9866,True,True,False,False,1 - 1,FT,Full-Time,finished,87,LaLiga,2025/2026,ESP,https://images.fotmob.com/image_resources/logo/teamlogo/8302.png,https://images.fotmob.com/image_resources/logo/teamlogo/9866.png,2026-02-14,18:30
24,https://www.fotmob.com/matches/real-sociedad-vs-real-madrid/2g087q#4837343,4837343,Real Madrid,8633,Real Sociedad,8560,True,True,False,False,4 - 1,FT,Full-Time,finished,87,LaLiga,2025/2026,ESP,https://images.fotmob.com/image_resources/logo/teamlogo/8633.png,https://images.fotmob.com/image_resources/logo/teamlogo/8560.png,2026-02-14,21:00
24,https://www.fotmob.com/matches/athletic-club-vs-real-oviedo/2dw1hf#4837345,4837345,Real Oviedo,8670,Athletic Club,8315,True,True,False,False,1 - 2,FT,Full-Time,finished,87,LaLiga,2025/2026,ESP,https://images.fotmob.com/image_resources/logo/teamlogo/8670.png,https://images.fotmob.com/image_resources/logo/teamlogo/8315.png,2026-02-15,14:00
24,https://www.fotmob.com/matches/rayo-vallecano-vs-atletico-madrid/2rfxf0#4837346,4837346,Rayo Vallecano,8370,Atletico Madrid,9906,True,True,False,False,3 - 0,FT,Full-Time,finished,87,LaLiga,2025/2026,ESP,https://images.fotmob.com/image_resources/logo/teamlogo/8370.png,https://images.fotmob.com/image_resources/logo/teamlogo/9906.png,2026-02-15,16:15
24,https://www.fotmob.com/matches/levante-vs-valencia/2xrh3p#4837342,4837342,Levante,8581,Valencia,10267,True,True,False,False,0 - 2,FT,Full-Time,finished,87,LaLiga,2025/2026,ESP,https://images.fotmob.com/image_resources/logo/teamlogo/8581.png,https://images.fotmob.com/image_resources/logo/teamlogo/10267.png,2026-02-15,18:30
24,https://www.fotmob.com/matches/real-betis-vs-mallorca/2gqg3x#4837348,4837348,Mallorca,8661,Real Betis,8603,True,True,False,False,1 - 2,FT,Full-Time,finished,87,LaLiga,2025/2026,ESP,https://images.fotmob.com/image_resources/logo/teamlogo/8661.png,https://images.fotmob.com/image_resources/logo/teamlogo/8603.png,2026-02-15,21:00
24,https://www.fotmob.com/matches/girona-vs-barcelona/27qslv#4837347,4837347,Girona,7732,Barcelona,8634,True,True,False,False,2 - 1,FT,Full-Time,finished,87,LaLiga,2025/2026,ESP,https://images.fotmob.com/image_resources/logo/teamlogo/7732.png,https://images.fotmob.com/image_resources/logo/teamlogo/8634.png,2026-02-16,21:00
16,https://www.fotmob.com/matches/levante-vs-villarreal/2x2gvs#4837263,4837263,Levante,8581,Villarreal,10205,True,True,False,False,0 - 1,FT,Full-Time,finished,87,LaLiga,2025/2026,ESP,https://images.fotmob.com/image_resources/logo/teamlogo/8581.png,https://images.fotmob.com/image_resources/logo/teamlogo/10205.png,2026-02-18,20:00
25,https://www.fotmob.com/matches/athletic-club-vs-elche/2ut5xr#4837351,4837351,Athletic Club,8315,Elche,10268,True,True,False,False,2 - 1,FT,Full-Time,finished,87,LaLiga,2025/2026,ESP,https://images.fotmob.com/image_resources/logo/teamlogo/8315.png,https://images.fotmob.com/image_resources/logo/teamlogo/10268.png,2026-02-20,21:00
25,https://www.fotmob.com/matches/real-sociedad-vs-real-oviedo/2gdvmv#4837359,4837359,Real Sociedad,8560,Real Oviedo,8670,True,True,False,False,3 - 3,FT,Full-Time,finished,87,LaLiga,2025/2026,ESP,https://images.fotmob.com/image_resources/logo/teamlogo/8560.png,https://images.fotmob.com/image_resources/logo/teamlogo/8670.png,2026-02-21,14:00
25,https://www.fotmob.com/matches/rayo-vallecano-vs-real-betis/2dro7q#4837354,4837354,Real Betis,8603,Rayo Vallecano,8370,True,True,False,False,1 - 1,FT,Full-Time,finished,87,LaLiga,2025/2026,ESP,https://images.fotmob.com/image_resources/logo/teamlogo/8603.png,https://images.fotmob.com/image_resources/logo/teamlogo/8370.png,2026-02-21,16:15
25,https://www.fotmob.com/matches/osasuna-vs-real-madrid/2e2ylz#4837357,4837357,Osasuna,8371,Real Madrid,8633,True,True,False,False,2 - 1,FT,Full-Time,finished,87,LaLiga,2025/2026,ESP,https://images.fotmob.com/image_resources/logo/teamlogo/8371.png,https://images.fotmob.com/image_resources/logo/teamlogo/8633.png,2026-02-21,18:30
25,https://www.fotmob.com/matches/espanyol-vs-atletico-madrid/2thy9u#4837352,4837352,Atletico Madrid,9906,Espanyol,8558,True,True,False,False,4 - 2,FT,Full-Time,finished,87,LaLiga,2025/2026,ESP,https://images.fotmob.com/image_resources/logo/teamlogo/9906.png,https://images.fotmob.com/image_resources/logo/teamlogo/8558.png,2026-02-21,21:00
25,https://www.fotmob.com/matches/sevilla-vs-getafe/2a3y81#4837356,4837356,Getafe,8305,Sevilla,8302,True,True,False,False,0 - 1,FT,Full-Time,finished,87,LaLiga,2025/2026,ESP,https://images.fotmob.com/image_resources/logo/teamlogo/8305.png,https://images.fotmob.com/image_resources/logo/teamlogo/8302.png,2026-02-22,14:00
25,https://www.fotmob.com/matches/levante-vs-barcelona/2g8c9m#4837353,4837353,Barcelona,8634,Levante,8581,True,True,False,False,3 - 0,FT,Full-Time,finished,87,LaLiga,2025/2026,ESP,https://images.fotmob.com/image_resources/logo/teamlogo/8634.png,https://images.fotmob.com/image_resources/logo/teamlogo/8581.png,2026-02-22,16:15
25,https://www.fotmob.com/matches/mallorca-vs-celta-vigo/2uof5k#4837355,4837355,Celta Vigo,9910,Mallorca,8661,True,True,False,False,2 - 0,FT,Full-Time,finished,87,LaLiga,2025/2026,ESP,https://images.fotmob.com/image_resources/logo/teamlogo/9910.png,https://images.fotmob.com/image_resources/logo/teamlogo/8661.png,2026-02-22,18:30
25,https://www.fotmob.com/matches/villarreal-vs-valencia/3grupj#4837358,4837358,Villarreal,10205,Valencia,10267,True,True,False,False,2 - 1,FT,Full-Time,finished,87,LaLiga,2025/2026,ESP,https://images.fotmob.com/image_resources/logo/teamlogo/10205.png,https://images.fotmob.com/image_resources/logo/teamlogo/10267.png,2026-02-22,21:00
25,https://www.fotmob.com/matches/girona-vs-deportivo-alaves/2k79ez#4837350,4837350,Deportivo Alaves,9866,Girona,7732,True,True,False,False,2 - 2,FT,Full-Time,finished,87,LaLiga,2025/2026,ESP,https://images.fotmob.com/image_resources/logo/teamlogo/9866.png,https://images.fotmob.com/image_resources/logo/teamlogo/7732.png,2026-02-23,21:00
26,https://www.fotmob.com/matches/levante-vs-deportivo-alaves/2tb85e#4837364,4837364,Levante,8581,Deportivo Alaves,9866,True,True,False,False,2 - 0,FT,Full-Time,finished,87,LaLiga,2025/2026,ESP,https://images.fotmob.com/image_resources/logo/teamlogo/8581.png,https://images.fotmob.com/image_resources/logo/teamlogo/9866.png,2026-02-27,21:00
26,https://www.fotmob.com/matches/athletic-club-vs-rayo-vallecano/2avs59#4837365,4837365,Rayo Vallecano,8370,Athletic Club,8315,True,True,False,False,1 - 1,FT,Full-Time,finished,87,LaLiga,2025/2026,ESP,https://images.fotmob.com/image_resources/logo/teamlogo/8370.png,https://images.fotmob.com/image_resources/logo/teamlogo/8315.png,2026-02-28,14:00
26,https://www.fotmob.com/matches/barcelona-vs-villarreal/2xnua6#4837360,4837360,Barcelona,8634,Villarreal,10205,True,True,False,False,4 - 1,FT,Full-Time,finished,87,LaLiga,2025/2026,ESP,https://images.fotmob.com/image_resources/logo/teamlogo/8634.png,https://images.fotmob.com/image_resources/logo/teamlogo/10205.png,2026-02-28,16:15
26,https://www.fotmob.com/matches/real-sociedad-vs-mallorca/2gak04#4837363,4837363,Mallorca,8661,Real Sociedad,8560,True,True,False,False,0 - 1,FT,Full-Time,finished,87,LaLiga,2025/2026,ESP,https://images.fotmob.com/image_resources/logo/teamlogo/8661.png,https://images.fotmob.com/image_resources/logo/teamlogo/8560.png,2026-02-28,18:30
26,https://www.fotmob.com/matches/real-oviedo-vs-atletico-madrid/2uqet6#4837366,4837366,Real Oviedo,8670,Atletico Madrid,9906,True,True,False,False,0 - 1,FT,Full-Time,finished,87,LaLiga,2025/2026,ESP,https://images.fotmob.com/image_resources/logo/teamlogo/8670.png,https://images.fotmob.com/image_resources/logo/teamlogo/9906.png,2026-02-28,21:00
26,https://www.fotmob.com/matches/espanyol-vs-elche/2xilb9#4837362,4837362,Elche,10268,Espanyol,8558,True,True,False,False,2 - 2,FT,Full-Time,finished,87,LaLiga,2025/2026,ESP,https://images.fotmob.com/image_resources/logo/teamlogo/10268.png,https://images.fotmob.com/image_resources/logo/teamlogo/8558.png,2026-03-01,14:00
26,https://www.fotmob.com/matches/osasuna-vs-valencia/2vf3ss#4837369,4837369,Valencia,10267,Osasuna,8371,True,True,False,False,1 - 0,FT,Full-Time,finished,87,LaLiga,2025/2026,ESP,https://images.fotmob.com/image_resources/logo/teamlogo/10267.png,https://images.fotmob.com/image_resources/logo/teamlogo/8371.png,2026-03-01,16:15
26,https://www.fotmob.com/matches/sevilla-vs-real-betis/2d2zew#4837361,4837361,Real Betis,8603,Sevilla,8302,True,True,False,False,2 - 2,FT,Full-Time,finished,87,LaLiga,2025/2026,ESP,https://images.fotmob.com/image_resources/logo/teamlogo/8603.png,https://images.fotmob.com/image_resources/logo/teamlogo/8302.png,2026-03-01,18:30
26,https://www.fotmob.com/matches/girona-vs-celta-vigo/2knvod#4837367,4837367,Girona,7732,Celta Vigo,9910,True,True,False,False,1 - 2,FT,Full-Time,finished,87,LaLiga,2025/2026,ESP,https://images.fotmob.com/image_resources/logo/teamlogo/7732.png,https://images.fotmob.com/image_resources/logo/teamlogo/9910.png,2026-03-01,21:00
26,https://www.fotmob.com/matches/getafe-vs-real-madrid/2deybk#4837368,4837368,Real Madrid,8633,Getafe,8305,True,True,False,False,0 - 1,FT,Full-Time,finished,87,LaLiga,2025/2026,ESP,https://images.fotmob.com/image_resources/logo/teamlogo/8633.png,https://images.fotmob.com/image_resources/logo/teamlogo/8305.png,2026-03-02,21:00
23,https://www.fotmob.com/matches/rayo-vallecano-vs-real-oviedo/2eg3hi#4837339,4837339,Rayo Vallecano,8370,Real Oviedo,8670,True,True,False,False,3 - 0,FT,Full-Time,finished,87,LaLiga,2025/2026,ESP,https://images.fotmob.com/image_resources/logo/teamlogo/8370.png,https://images.fotmob.com/image_resources/logo/teamlogo/8670.png,2026-03-04,19:00
27,https://www.fotmob.com/matches/real-madrid-vs-celta-vigo/2uda7y#4837372,4837372,Celta Vigo,9910,Real Madrid,8633,True,True,False,False,1 - 2,FT,Full-Time,finished,87,LaLiga,2025/2026,ESP,https://images.fotmob.com/image_resources/logo/teamlogo/9910.png,https://images.fotmob.com/image_resources/logo/teamlogo/8633.png,2026-03-06,21:00
27,https://www.fotmob.com/matches/osasuna-vs-mallorca/2ed6bd#4837378,4837378,Osasuna,8371,Mallorca,8661,True,True,False,False,2 - 2,FT,Full-Time,finished,87,LaLiga,2025/2026,ESP,https://images.fotmob.com/image_resources/logo/teamlogo/8371.png,https://images.fotmob.com/image_resources/logo/teamlogo/8661.png,2026-03-07,14:00
27,https://www.fotmob.com/matches/girona-vs-levante/2788ca#4837377,4837377,Levante,8581,Girona,7732,True,True,False,False,1 - 1,FT,Full-Time,finished,87,LaLiga,2025/2026,ESP,https://images.fotmob.com/image_resources/logo/teamlogo/8581.png,https://images.fotmob.com/image_resources/logo/teamlogo/7732.png,2026-03-07,16:15
27,https://www.fotmob.com/matches/real-sociedad-vs-atletico-madrid/2tiqrp#4837371,4837371,Atletico Madrid,9906,Real Sociedad,8560,True,True,False,False,3 - 2,FT,Full-Time,finished,87,LaLiga,2025/2026,ESP,https://images.fotmob.com/image_resources/logo/teamlogo/9906.png,https://images.fotmob.com/image_resources/logo/teamlogo/8560.png,2026-03-07,18:30
27,https://www.fotmob.com/matches/athletic-club-vs-barcelona/2diy4x#4837370,4837370,Athletic Club,8315,Barcelona,8634,True,True,False,False,0 - 1,FT,Full-Time,finished,87,LaLiga,2025/2026,ESP,https://images.fotmob.com/image_resources/logo/teamlogo/8315.png,https://images.fotmob.com/image_resources/logo/teamlogo/8634.png,2026-03-07,21:00
27,https://www.fotmob.com/matches/villarreal-vs-elche/3gsai9#4837376,4837376,Villarreal,10205,Elche,10268,True,True,False,False,2 - 1,FT,Full-Time,finished,87,LaLiga,2025/2026,ESP,https://images.fotmob.com/image_resources/logo/teamlogo/10205.png,https://images.fotmob.com/image_resources/logo/teamlogo/10268.png,2026-03-08,14:00
27,https://www.fotmob.com/matches/getafe-vs-real-betis/2d42jt#4837375,4837375,Getafe,8305,Real Betis,8603,True,True,False,False,2 - 0,FT,Full-Time,finished,87,LaLiga,2025/2026,ESP,https://images.fotmob.com/image_resources/logo/teamlogo/8305.png,https://images.fotmob.com/image_resources/logo/teamlogo/8603.png,2026-03-08,16:15
27,https://www.fotmob.com/matches/sevilla-vs-rayo-vallecano/2ar4ua#4837379,4837379,Sevilla,8302,Rayo Vallecano,8370,True,True,False,False,1 - 1,FT,Full-Time,finished,87,LaLiga,2025/2026,ESP,https://images.fotmob.com/image_resources/logo/teamlogo/8302.png,https://images.fotmob.com/image_resources/logo/teamlogo/8370.png,2026-03-08,18:30
27,https://www.fotmob.com/matches/deportivo-alaves-vs-valencia/3cobnt#4837374,4837374,Valencia,10267,Deportivo Alaves,9866,True,True,False,False,3 - 2,FT,Full-Time,finished,87,LaLiga,2025/2026,ESP,https://images.fotmob.com/image_resources/logo/teamlogo/10267.png,https://images.fotmob.com/image_resources/logo/teamlogo/9866.png,2026-03-08,21:00
27,https://www.fotmob.com/matches/espanyol-vs-real-oviedo/2gd51o#4837373,4837373,Espanyol,8558,Real Oviedo,8670,True,True,False,False,1 - 1,FT,Full-Time,finished,87,LaLiga,2025/2026,ESP,https://images.fotmob.com/image_resources/logo/teamlogo/8558.png,https://images.fotmob.com/image_resources/logo/teamlogo/8670.png,2026-03-09,21:00
28,https://www.fotmob.com/matches/deportivo-alaves-vs-villarreal/3bxlyu#4837380,4837380,Deportivo Alaves,9866,Villarreal,10205,True,True,False,False,1 - 1,FT,Full-Time,finished,87,LaLiga,2025/2026,ESP,https://images.fotmob.com/image_resources/logo/teamlogo/9866.png,https://images.fotmob.com/image_resources/logo/teamlogo/10205.png,2026-03-13,21:00
28,https://www.fotmob.com/matches/girona-vs-athletic-club/24nz4z#4837385,4837385,Girona,7732,Athletic Club,8315,True,True,False,False,3 - 0,FT,Full-Time,finished,87,LaLiga,2025/2026,ESP,https://images.fotmob.com/image_resources/logo/teamlogo/7732.png,https://images.fotmob.com/image_resources/logo/teamlogo/8315.png,2026-03-14,14:00
28,https://www.fotmob.com/matches/getafe-vs-atletico-madrid/2qqieg#4837381,4837381,Atletico Madrid,9906,Getafe,8305,True,True,False,False,1 - 0,FT,Full-Time,finished,87,LaLiga,2025/2026,ESP,https://images.fotmob.com/image_resources/logo/teamlogo/9906.png,https://images.fotmob.com/image_resources/logo/teamlogo/8305.png,2026-03-14,16:15
28,https://www.fotmob.com/matches/real-oviedo-vs-valencia/2yrilv#4837384,4837384,Real Oviedo,8670,Valencia,10267,True,True,False,False,1 - 0,FT,Full-Time,finished,87,LaLiga,2025/2026,ESP,https://images.fotmob.com/image_resources/logo/teamlogo/8670.png,https://images.fotmob.com/image_resources/logo/teamlogo/10267.png,2026-03-14,18:30
28,https://www.fotmob.com/matches/real-madrid-vs-elche/2ycx1c#4837386,4837386,Real Madrid,8633,Elche,10268,True,True,False,False,4 - 1,FT,Full-Time,finished,87,LaLiga,2025/2026,ESP,https://images.fotmob.com/image_resources/logo/teamlogo/8633.png,https://images.fotmob.com/image_resources/logo/teamlogo/10268.png,2026-03-14,21:00
28,https://www.fotmob.com/matches/espanyol-vs-mallorca/2g9tff#4837387,4837387,Mallorca,8661,Espanyol,8558,True,True,False,False,2 - 1,FT,Full-Time,finished,87,LaLiga,2025/2026,ESP,https://images.fotmob.com/image_resources/logo/teamlogo/8661.png,https://images.fotmob.com/image_resources/logo/teamlogo/8558.png,2026-03-15,14:00
28,https://www.fotmob.com/matches/sevilla-vs-barcelona/2de86m#4837382,4837382,Barcelona,8634,Sevilla,8302,True,True,False,False,5 - 2,FT,Full-Time,finished,87,LaLiga,2025/2026,ESP,https://images.fotmob.com/image_resources/logo/teamlogo/8634.png,https://images.fotmob.com/image_resources/logo/teamlogo/8302.png,2026-03-15,16:15
28,https://www.fotmob.com/matches/real-betis-vs-celta-vigo/2u1dbj#4837383,4837383,Real Betis,8603,Celta Vigo,9910,True,True,False,False,1 - 1,FT,Full-Time,finished,87,LaLiga,2025/2026,ESP,https://images.fotmob.com/image_resources/logo/teamlogo/8603.png,https://images.fotmob.com/image_resources/logo/teamlogo/9910.png,2026-03-15,18:30
28,https://www.fotmob.com/matches/osasuna-vs-real-sociedad/2dcesm#4837389,4837389,Real Sociedad,8560,Osasuna,8371,True,True,False,False,3 - 1,FT,Full-Time,finished,87,LaLiga,2025/2026,ESP,https://images.fotmob.com/image_resources/logo/teamlogo/8560.png,https://images.fotmob.com/image_resources/logo/teamlogo/8371.png,2026-03-15,21:00
28,https://www.fotmob.com/matches/rayo-vallecano-vs-levante/2djo95#4837388,4837388,Rayo Vallecano,8370,Levante,8581,True,True,False,False,1 - 1,FT,Full-Time,finished,87,LaLiga,2025/2026,ESP,https://images.fotmob.com/image_resources/logo/teamlogo/8370.png,https://images.fotmob.com/image_resources/logo/teamlogo/8581.png,2026-03-16,21:00
29,https://www.fotmob.com/matches/real-sociedad-vs-villarreal/2wu0mj#4837399,4837399,Villarreal,10205,Real Sociedad,8560,True,True,False,False,3 - 1,FT,Full-Time,finished,87,LaLiga,2025/2026,ESP,https://images.fotmob.com/image_resources/logo/teamlogo/10205.png,https://images.fotmob.com/image_resources/logo/teamlogo/8560.png,2026-03-20,21:00
29,https://www.fotmob.com/matches/mallorca-vs-elche/2yo9q6#4837392,4837392,Elche,10268,Mallorca,8661,True,True,False,False,2 - 1,FT,Full-Time,finished,87,LaLiga,2025/2026,ESP,https://images.fotmob.com/image_resources/logo/teamlogo/10268.png,https://images.fotmob.com/image_resources/logo/teamlogo/8661.png,2026-03-21,14:00
29,https://www.fotmob.com/matches/getafe-vs-espanyol/2cns72#4837393,4837393,Espanyol,8558,Getafe,8305,True,True,False,False,1 - 2,FT,Full-Time,finished,87,LaLiga,2025/2026,ESP,https://images.fotmob.com/image_resources/logo/teamlogo/8558.png,https://images.fotmob.com/image_resources/logo/teamlogo/8305.png,2026-03-21,16:15
29,https://www.fotmob.com/matches/levante-vs-real-oviedo/2gln04#4837394,4837394,Levante,8581,Real Oviedo,8670,True,True,False,False,4 - 2,FT,Full-Time,finished,87,LaLiga,2025/2026,ESP,https://images.fotmob.com/image_resources/logo/teamlogo/8581.png,https://images.fotmob.com/image_resources/logo/teamlogo/8670.png,2026-03-21,18:30
29,https://www.fotmob.com/matches/girona-vs-osasuna/2579sv#4837398,4837398,Osasuna,8371,Girona,7732,True,True,False,False,1 - 0,FT,Full-Time,finished,87,LaLiga,2025/2026,ESP,https://images.fotmob.com/image_resources/logo/teamlogo/8371.png,https://images.fotmob.com/image_resources/logo/teamlogo/7732.png,2026-03-21,18:30
29,https://www.fotmob.com/matches/sevilla-vs-valencia/2unl97#4837395,4837395,Sevilla,8302,Valencia,10267,True,True,False,False,0 - 2,FT,Full-Time,finished,87,LaLiga,2025/2026,ESP,https://images.fotmob.com/image_resources/logo/teamlogo/8302.png,https://images.fotmob.com/image_resources/logo/teamlogo/10267.png,2026-03-21,21:00
29,https://www.fotmob.com/matches/rayo-vallecano-vs-barcelona/2e2ym0#4837391,4837391,Barcelona,8634,Rayo Vallecano,8370,True,True,False,False,1 - 0,FT,Full-Time,finished,87,LaLiga,2025/2026,ESP,https://images.fotmob.com/image_resources/logo/teamlogo/8634.png,https://images.fotmob.com/image_resources/logo/teamlogo/8370.png,2026-03-22,14:00
29,https://www.fotmob.com/matches/deportivo-alaves-vs-celta-vigo/38fmty#4837396,4837396,Celta Vigo,9910,Deportivo Alaves,9866,True,True,False,False,3 - 4,FT,Full-Time,finished,87,LaLiga,2025/2026,ESP,https://images.fotmob.com/image_resources/logo/teamlogo/9910.png,https://images.fotmob.com/image_resources/logo/teamlogo/9866.png,2026-03-22,16:15
29,https://www.fotmob.com/matches/athletic-club-vs-real-betis/2d7p20#4837390,4837390,Athletic Club,8315,Real Betis,8603,True,True,False,False,2 - 1,FT,Full-Time,finished,87,LaLiga,2025/2026,ESP,https://images.fotmob.com/image_resources/logo/teamlogo/8315.png,https://images.fotmob.com/image_resources/logo/teamlogo/8603.png,2026-03-22,18:30
29,https://www.fotmob.com/matches/real-madrid-vs-atletico-madrid/2ubozo#4837397,4837397,Real Madrid,8633,Atletico Madrid,9906,True,True,False,False,3 - 2,FT,Full-Time,finished,87,LaLiga,2025/2026,ESP,https://images.fotmob.com/image_resources/logo/teamlogo/8633.png,https://images.fotmob.com/image_resources/logo/teamlogo/9906.png,2026-03-22,21:00
30,https://www.fotmob.com/matches/rayo-vallecano-vs-elche/2vf3sr#4837408,4837408,Rayo Vallecano,8370,Elche,10268,True,True,False,False,1 - 0,FT,Full-Time,finished,87,LaLiga,2025/2026,ESP,https://images.fotmob.com/image_resources/logo/teamlogo/8370.png,https://images.fotmob.com/image_resources/logo/teamlogo/10268.png,2026-04-03,21:00
30,https://www.fotmob.com/matches/real-sociedad-vs-levante/2fh3cs#4837409,4837409,Real Sociedad,8560,Levante,8581,True,True,False,False,2 - 0,FT,Full-Time,finished,87,LaLiga,2025/2026,ESP,https://images.fotmob.com/image_resources/logo/teamlogo/8560.png,https://images.fotmob.com/image_resources/logo/teamlogo/8581.png,2026-04-04,14:00
30,https://www.fotmob.com/matches/real-madrid-vs-mallorca/2h1k3i#4837404,4837404,Mallorca,8661,Real Madrid,8633,True,True,False,False,2 - 1,FT,Full-Time,finished,87,LaLiga,2025/2026,ESP,https://images.fotmob.com/image_resources/logo/teamlogo/8661.png,https://images.fotmob.com/image_resources/logo/teamlogo/8633.png,2026-04-04,16:15
30,https://www.fotmob.com/matches/espanyol-vs-real-betis/2fog20#4837402,4837402,Real Betis,8603,Espanyol,8558,True,True,False,False,0 - 0,FT,Full-Time,finished,87,LaLiga,2025/2026,ESP,https://images.fotmob.com/image_resources/logo/teamlogo/8603.png,https://images.fotmob.com/image_resources/logo/teamlogo/8558.png,2026-04-04,18:30
30,https://www.fotmob.com/matches/barcelona-vs-atletico-madrid/2uc3ao#4837401,4837401,Atletico Madrid,9906,Barcelona,8634,True,True,False,False,1 - 2,FT,Full-Time,finished,87,LaLiga,2025/2026,ESP,https://images.fotmob.com/image_resources/logo/teamlogo/9906.png,https://images.fotmob.com/image_resources/logo/teamlogo/8634.png,2026-04-04,21:00
30,https://www.fotmob.com/matches/getafe-vs-athletic-club/2a8kvt#4837406,4837406,Getafe,8305,Athletic Club,8315,True,True,False,False,2 - 0,FT,Full-Time,finished,87,LaLiga,2025/2026,ESP,https://images.fotmob.com/image_resources/logo/teamlogo/8305.png,https://images.fotmob.com/image_resources/logo/teamlogo/8315.png,2026-04-05,14:00
30,https://www.fotmob.com/matches/celta-vigo-vs-valencia/3d7bzj#4837407,4837407,Valencia,10267,Celta Vigo,9910,True,True,False,False,2 - 3,FT,Full-Time,finished,87,LaLiga,2025/2026,ESP,https://images.fotmob.com/image_resources/logo/teamlogo/10267.png,https://images.fotmob.com/image_resources/logo/teamlogo/9910.png,2026-04-05,16:15
30,https://www.fotmob.com/matches/sevilla-vs-real-oviedo/2drb64#4837405,4837405,Real Oviedo,8670,Sevilla,8302,True,True,False,False,1 - 0,FT,Full-Time,finished,87,LaLiga,2025/2026,ESP,https://images.fotmob.com/image_resources/logo/teamlogo/8670.png,https://images.fotmob.com/image_resources/logo/teamlogo/8302.png,2026-04-05,18:30
30,https://www.fotmob.com/matches/osasuna-vs-deportivo-alaves/2r0nzh#4837400,4837400,Deportivo Alaves,9866,Osasuna,8371,True,True,False,False,2 - 2,FT,Full-Time,finished,87,LaLiga,2025/2026,ESP,https://images.fotmob.com/image_resources/logo/teamlogo/9866.png,https://images.fotmob.com/image_resources/logo/teamlogo/8371.png,2026-04-05,21:00
30,https://www.fotmob.com/matches/girona-vs-villarreal/2nsbf1#4837403,4837403,Girona,7732,Villarreal,10205,True,True,False,False,1 - 0,FT,Full-Time,finished,87,LaLiga,2025/2026,ESP,https://images.fotmob.com/image_resources/logo/teamlogo/7732.png,https://images.fotmob.com/image_resources/logo/teamlogo/10205.png,2026-04-06,21:00
31,https://www.fotmob.com/matches/girona-vs-real-madrid/27qfz8#4837419,4837419,Real Madrid,8633,Girona,7732,True,True,False,False,1 - 1,FT,Full-Time,finished,87,LaLiga,2025/2026,ESP,https://images.fotmob.com/image_resources/logo/teamlogo/8633.png,https://images.fotmob.com/image_resources/logo/teamlogo/7732.png,2026-04-10,21:00
31,https://www.fotmob.com/matches/real-sociedad-vs-deportivo-alaves/2t2xeh#4837415,4837415,Real Sociedad,8560,Deportivo Alaves,9866,True,True,False,False,3 - 3,FT,Full-Time,finished,87,LaLiga,2025/2026,ESP,https://images.fotmob.com/image_resources/logo/teamlogo/8560.png,https://images.fotmob.com/image_resources/logo/teamlogo/9866.png,2026-04-11,14:00
31,https://www.fotmob.com/matches/valencia-vs-elche/3hjjfk#4837413,4837413,Elche,10268,Valencia,10267,True,True,False,False,1 - 0,FT,Full-Time,finished,87,LaLiga,2025/2026,ESP,https://images.fotmob.com/image_resources/logo/teamlogo/10268.png,https://images.fotmob.com/image_resources/logo/teamlogo/10267.png,2026-04-11,16:15
31,https://www.fotmob.com/matches/espanyol-vs-barcelona/2fzuy6#4837411,4837411,Barcelona,8634,Espanyol,8558,True,True,False,False,4 - 1,FT,Full-Time,finished,87,LaLiga,2025/2026,ESP,https://images.fotmob.com/image_resources/logo/teamlogo/8634.png,https://images.fotmob.com/image_resources/logo/teamlogo/8558.png,2026-04-11,18:30
31,https://www.fotmob.com/matches/sevilla-vs-atletico-madrid/2qpc8y#4837416,4837416,Sevilla,8302,Atletico Madrid,9906,True,True,False,False,2 - 1,FT,Full-Time,finished,87,LaLiga,2025/2026,ESP,https://images.fotmob.com/image_resources/logo/teamlogo/8302.png,https://images.fotmob.com/image_resources/logo/teamlogo/9906.png,2026-04-11,21:00
31,https://www.fotmob.com/matches/osasuna-vs-real-betis/2ds1b8#4837417,4837417,Osasuna,8371,Real Betis,8603,True,True,False,False,1 - 1,FT,Full-Time,finished,87,LaLiga,2025/2026,ESP,https://images.fotmob.com/image_resources/logo/teamlogo/8371.png,https://images.fotmob.com/image_resources/logo/teamlogo/8603.png,2026-04-12,14:00
31,https://www.fotmob.com/matches/rayo-vallecano-vs-mallorca/2ect69#4837414,4837414,Mallorca,8661,Rayo Vallecano,8370,True,True,False,False,3 - 0,FT,Full-Time,finished,87,LaLiga,2025/2026,ESP,https://images.fotmob.com/image_resources/logo/teamlogo/8661.png,https://images.fotmob.com/image_resources/logo/teamlogo/8370.png,2026-04-12,16:15
31,https://www.fotmob.com/matches/real-oviedo-vs-celta-vigo/2us05k#4837412,4837412,Celta Vigo,9910,Real Oviedo,8670,True,True,False,False,0 - 3,FT,Full-Time,finished,87,LaLiga,2025/2026,ESP,https://images.fotmob.com/image_resources/logo/teamlogo/9910.png,https://images.fotmob.com/image_resources/logo/teamlogo/8670.png,2026-04-12,18:30
31,https://www.fotmob.com/matches/athletic-club-vs-villarreal/2u443r#4837410,4837410,Athletic Club,8315,Villarreal,10205,True,True,False,False,1 - 2,FT,Full-Time,finished,87,LaLiga,2025/2026,ESP,https://images.fotmob.com/image_resources/logo/teamlogo/8315.png,https://images.fotmob.com/image_resources/logo/teamlogo/10205.png,2026-04-12,21:00
31,https://www.fotmob.com/matches/getafe-vs-levante/2cw3oy#4837418,4837418,Levante,8581,Getafe,8305,True,True,False,False,1 - 0,FT,Full-Time,finished,87,LaLiga,2025/2026,ESP,https://images.fotmob.com/image_resources/logo/teamlogo/8581.png,https://images.fotmob.com/image_resources/logo/teamlogo/8305.png,2026-04-13,21:00
33,https://www.fotmob.com/matches/athletic-club-vs-osasuna/2aw50s#4837430,4837430,Athletic Club,8315,Osasuna,8371,True,True,False,False,1 - 0,FT,Full-Time,finished,87,LaLiga,2025/2026,ESP,https://images.fotmob.com/image_resources/logo/teamlogo/8315.png,https://images.fotmob.com/image_resources/logo/teamlogo/8371.png,2026-04-21,19:00
33,https://www.fotmob.com/matches/mallorca-vs-valencia/2ynv4d#4837433,4837433,Mallorca,8661,Valencia,10267,True,True,False,False,1 - 1,FT,Full-Time,finished,87,LaLiga,2025/2026,ESP,https://images.fotmob.com/image_resources/logo/teamlogo/8661.png,https://images.fotmob.com/image_resources/logo/teamlogo/10267.png,2026-04-21,19:00
33,https://www.fotmob.com/matches/girona-vs-real-betis/27fxgz#4837437,4837437,Girona,7732,Real Betis,8603,True,True,False,False,2 - 3,FT,Full-Time,finished,87,LaLiga,2025/2026,ESP,https://images.fotmob.com/image_resources/logo/teamlogo/7732.png,https://images.fotmob.com/image_resources/logo/teamlogo/8603.png,2026-04-21,21:30
33,https://www.fotmob.com/matches/real-madrid-vs-deportivo-alaves/2tvtdc#4837435,4837435,Real Madrid,8633,Deportivo Alaves,9866,True,True,False,False,2 - 1,FT,Full-Time,finished,87,LaLiga,2025/2026,ESP,https://images.fotmob.com/image_resources/logo/teamlogo/8633.png,https://images.fotmob.com/image_resources/logo/teamlogo/9866.png,2026-04-21,21:30
33,https://www.fotmob.com/matches/atletico-madrid-vs-elche/3d61a3#4837436,4837436,Elche,10268,Atletico Madrid,9906,True,True,False,False,3 - 2,FT,Full-Time,finished,87,LaLiga,2025/2026,ESP,https://images.fotmob.com/image_resources/logo/teamlogo/10268.png,https://images.fotmob.com/image_resources/logo/teamlogo/9906.png,2026-04-22,19:00
33,https://www.fotmob.com/matches/getafe-vs-real-sociedad/2coi81#4837439,4837439,Real Sociedad,8560,Getafe,8305,True,True,False,False,0 - 1,FT,Full-Time,finished,87,LaLiga,2025/2026,ESP,https://images.fotmob.com/image_resources/logo/teamlogo/8560.png,https://images.fotmob.com/image_resources/logo/teamlogo/8305.png,2026-04-22,20:00
33,https://www.fotmob.com/matches/barcelona-vs-celta-vigo/2udoj2#4837431,4837431,Barcelona,8634,Celta Vigo,9910,True,True,False,False,1 - 0,FT,Full-Time,finished,87,LaLiga,2025/2026,ESP,https://images.fotmob.com/image_resources/logo/teamlogo/8634.png,https://images.fotmob.com/image_resources/logo/teamlogo/9910.png,2026-04-22,21:30
33,https://www.fotmob.com/matches/sevilla-vs-levante/2cv0lv#4837432,4837432,Levante,8581,Sevilla,8302,True,True,False,False,2 - 0,FT,Full-Time,finished,87,LaLiga,2025/2026,ESP,https://images.fotmob.com/image_resources/logo/teamlogo/8581.png,https://images.fotmob.com/image_resources/logo/teamlogo/8302.png,2026-04-23,19:00
33,https://www.fotmob.com/matches/rayo-vallecano-vs-espanyol/2dbblq#4837438,4837438,Rayo Vallecano,8370,Espanyol,8558,True,True,False,False,1 - 0,FT,Full-Time,finished,87,LaLiga,2025/2026,ESP,https://images.fotmob.com/image_resources/logo/teamlogo/8370.png,https://images.fotmob.com/image_resources/logo/teamlogo/8558.png,2026-04-23,20:00
33,https://www.fotmob.com/matches/real-oviedo-vs-villarreal/2y2e4o#4837434,4837434,Real Oviedo,8670,Villarreal,10205,True,True,False,False,1 - 1,FT,Full-Time,finished,87,LaLiga,2025/2026,ESP,https://images.fotmob.com/image_resources/logo/teamlogo/8670.png,https://images.fotmob.com/image_resources/logo/teamlogo/10205.png,2026-04-23,21:30
32,https://www.fotmob.com/matches/real-betis-vs-real-madrid/2gg3e3#4837421,4837421,Real Betis,8603,Real Madrid,8633,True,True,False,False,1 - 1,FT,Full-Time,finished,87,LaLiga,2025/2026,ESP,https://images.fotmob.com/image_resources/logo/teamlogo/8603.png,https://images.fotmob.com/image_resources/logo/teamlogo/8633.png,2026-04-24,21:00
32,https://www.fotmob.com/matches/mallorca-vs-deportivo-alaves/2u6xcq#4837420,4837420,Deportivo Alaves,9866,Mallorca,8661,True,True,False,False,2 - 1,FT,Full-Time,finished,87,LaLiga,2025/2026,ESP,https://images.fotmob.com/image_resources/logo/teamlogo/9866.png,https://images.fotmob.com/image_resources/logo/teamlogo/8661.png,2026-04-25,14:00
32,https://www.fotmob.com/matches/getafe-vs-barcelona/2dfbe4#4837426,4837426,Getafe,8305,Barcelona,8634,True,True,False,False,0 - 2,FT,Full-Time,finished,87,LaLiga,2025/2026,ESP,https://images.fotmob.com/image_resources/logo/teamlogo/8305.png,https://images.fotmob.com/image_resources/logo/teamlogo/8634.png,2026-04-25,16:15
32,https://www.fotmob.com/matches/girona-vs-valencia/2og70s#4837429,4837429,Valencia,10267,Girona,7732,True,True,False,False,2 - 1,FT,Full-Time,finished,87,LaLiga,2025/2026,ESP,https://images.fotmob.com/image_resources/logo/teamlogo/10267.png,https://images.fotmob.com/image_resources/logo/teamlogo/7732.png,2026-04-25,18:30
32,https://www.fotmob.com/matches/athletic-club-vs-atletico-madrid/2queyl#4837425,4837425,Atletico Madrid,9906,Athletic Club,8315,True,True,False,False,3 - 2,FT,Full-Time,finished,87,LaLiga,2025/2026,ESP,https://images.fotmob.com/image_resources/logo/teamlogo/9906.png,https://images.fotmob.com/image_resources/logo/teamlogo/8315.png,2026-04-25,21:00
32,https://www.fotmob.com/matches/rayo-vallecano-vs-real-sociedad/2dc1qb#4837424,4837424,Rayo Vallecano,8370,Real Sociedad,8560,True,True,False,False,3 - 3,FT,Full-Time,finished,87,LaLiga,2025/2026,ESP,https://images.fotmob.com/image_resources/logo/teamlogo/8370.png,https://images.fotmob.com/image_resources/logo/teamlogo/8560.png,2026-04-26,14:00
32,https://www.fotmob.com/matches/real-oviedo-vs-elche/2yrx7x#4837428,4837428,Real Oviedo,8670,Elche,10268,True,True,False,False,1 - 2,FT,Full-Time,finished,87,LaLiga,2025/2026,ESP,https://images.fotmob.com/image_resources/logo/teamlogo/8670.png,https://images.fotmob.com/image_resources/logo/teamlogo/10268.png,2026-04-26,16:15
32,https://www.fotmob.com/matches/sevilla-vs-osasuna/2arhpg#4837423,4837423,Osasuna,8371,Sevilla,8302,True,True,False,False,2 - 1,FT,Full-Time,finished,87,LaLiga,2025/2026,ESP,https://images.fotmob.com/image_resources/logo/teamlogo/8371.png,https://images.fotmob.com/image_resources/logo/teamlogo/8302.png,2026-04-26,18:30
32,https://www.fotmob.com/matches/celta-vigo-vs-villarreal/3cgk6s#4837427,4837427,Villarreal,10205,Celta Vigo,9910,True,True,False,False,2 - 1,FT,Full-Time,finished,87,LaLiga,2025/2026,ESP,https://images.fotmob.com/image_resources/logo/teamlogo/10205.png,https://images.fotmob.com/image_resources/logo/teamlogo/9910.png,2026-04-26,21:00
32,https://www.fotmob.com/matches/espanyol-vs-levante/2fgcwj#4837422,4837422,Espanyol,8558,Levante,8581,True,True,False,False,0 - 0,FT,Full-Time,finished,87,LaLiga,2025/2026,ESP,https://images.fotmob.com/image_resources/logo/teamlogo/8558.png,https://images.fotmob.com/image_resources/logo/teamlogo/8581.png,2026-04-27,21:00
34,https://www.fotmob.com/matches/girona-vs-mallorca/2809vm#4837445,4837445,Girona,7732,Mallorca,8661,True,True,False,False,0 - 1,FT,Full-Time,finished,87,LaLiga,2025/2026,ESP,https://images.fotmob.com/image_resources/logo/teamlogo/7732.png,https://images.fotmob.com/image_resources/logo/teamlogo/8661.png,2026-05-01,21:00
34,https://www.fotmob.com/matches/levante-vs-villarreal/2x2gvs#4837448,4837448,Villarreal,10205,Levante,8581,True,True,False,False,5 - 1,FT,Full-Time,finished,87,LaLiga,2025/2026,ESP,https://images.fotmob.com/image_resources/logo/teamlogo/10205.png,https://images.fotmob.com/image_resources/logo/teamlogo/8581.png,2026-05-02,14:00
34,https://www.fotmob.com/matches/atletico-madrid-vs-valencia/3d5lpp#4837446,4837446,Valencia,10267,Atletico Madrid,9906,True,True,False,False,0 - 2,FT,Full-Time,finished,87,LaLiga,2025/2026,ESP,https://images.fotmob.com/image_resources/logo/teamlogo/10267.png,https://images.fotmob.com/image_resources/logo/teamlogo/9906.png,2026-05-02,16:15
34,https://www.fotmob.com/matches/athletic-club-vs-deportivo-alaves/2qet5l#4837440,4837440,Deportivo Alaves,9866,Athletic Club,8315,True,True,False,False,2 - 4,FT,Full-Time,finished,87,LaLiga,2025/2026,ESP,https://images.fotmob.com/image_resources/logo/teamlogo/9866.png,https://images.fotmob.com/image_resources/logo/teamlogo/8315.png,2026-05-02,18:30
34,https://www.fotmob.com/matches/osasuna-vs-barcelona/2e3bqd#4837447,4837447,Osasuna,8371,Barcelona,8634,True,True,False,False,1 - 2,FT,Full-Time,finished,87,LaLiga,2025/2026,ESP,https://images.fotmob.com/image_resources/logo/teamlogo/8371.png,https://images.fotmob.com/image_resources/logo/teamlogo/8634.png,2026-05-02,21:00
34,https://www.fotmob.com/matches/celta-vigo-vs-elche/3d7rk1#4837442,4837442,Celta Vigo,9910,Elche,10268,True,True,False,False,3 - 1,FT,Full-Time,finished,87,LaLiga,2025/2026,ESP,https://images.fotmob.com/image_resources/logo/teamlogo/9910.png,https://images.fotmob.com/image_resources/logo/teamlogo/10268.png,2026-05-03,14:00
34,https://www.fotmob.com/matches/getafe-vs-rayo-vallecano/2as7fs#4837444,4837444,Getafe,8305,Rayo Vallecano,8370,True,True,False,False,0 - 2,FT,Full-Time,finished,87,LaLiga,2025/2026,ESP,https://images.fotmob.com/image_resources/logo/teamlogo/8305.png,https://images.fotmob.com/image_resources/logo/teamlogo/8370.png,2026-05-03,16:15
34,https://www.fotmob.com/matches/real-betis-vs-real-oviedo/2gts1f#4837441,4837441,Real Betis,8603,Real Oviedo,8670,True,True,False,False,3 - 0,FT,Full-Time,finished,87,LaLiga,2025/2026,ESP,https://images.fotmob.com/image_resources/logo/teamlogo/8603.png,https://images.fotmob.com/image_resources/logo/teamlogo/8670.png,2026-05-03,18:30
34,https://www.fotmob.com/matches/espanyol-vs-real-madrid/2fzhol#4837443,4837443,Espanyol,8558,Real Madrid,8633,True,True,False,False,0 - 2,FT,Full-Time,finished,87,LaLiga,2025/2026,ESP,https://images.fotmob.com/image_resources/logo/teamlogo/8558.png,https://images.fotmob.com/image_resources/logo/teamlogo/8633.png,2026-05-03,21:00
34,https://www.fotmob.com/matches/sevilla-vs-real-sociedad/2cnf6p#4837449,4837449,Sevilla,8302,Real Sociedad,8560,True,True,False,False,1 - 0,FT,Full-Time,finished,87,LaLiga,2025/2026,ESP,https://images.fotmob.com/image_resources/logo/teamlogo/8302.png,https://images.fotmob.com/image_resources/logo/teamlogo/8560.png,2026-05-04,21:00
35,https://www.fotmob.com/matches/osasuna-vs-levante/2dk1c1#4837453,4837453,Levante,8581,Osasuna,8371,True,True,False,False,3 - 2,FT,Full-Time,finished,87,LaLiga,2025/2026,ESP,https://images.fotmob.com/image_resources/logo/teamlogo/8581.png,https://images.fotmob.com/image_resources/logo/teamlogo/8371.png,2026-05-08,21:00
35,https://www.fotmob.com/matches/deportivo-alaves-vs-elche/3cor73#4837455,4837455,Elche,10268,Deportivo Alaves,9866,True,True,False,False,1 - 1,FT,Full-Time,finished,87,LaLiga,2025/2026,ESP,https://images.fotmob.com/image_resources/logo/teamlogo/10268.png,https://images.fotmob.com/image_resources/logo/teamlogo/9866.png,2026-05-09,14:00
35,https://www.fotmob.com/matches/sevilla-vs-espanyol/2cmp5w#4837457,4837457,Sevilla,8302,Espanyol,8558,True,True,False,False,2 - 1,FT,Full-Time,finished,87,LaLiga,2025/2026,ESP,https://images.fotmob.com/image_resources/logo/teamlogo/8302.png,https://images.fotmob.com/image_resources/logo/teamlogo/8558.png,2026-05-09,16:15
35,https://www.fotmob.com/matches/atletico-madrid-vs-celta-vigo/38wlu2#4837451,4837451,Atletico Madrid,9906,Celta Vigo,9910,True,True,False,False,0 - 1,FT,Full-Time,finished,87,LaLiga,2025/2026,ESP,https://images.fotmob.com/image_resources/logo/teamlogo/9906.png,https://images.fotmob.com/image_resources/logo/teamlogo/9910.png,2026-05-09,18:30
35,https://www.fotmob.com/matches/real-sociedad-vs-real-betis/2fp6jh#4837456,4837456,Real Sociedad,8560,Real Betis,8603,True,True,False,False,2 - 2,FT,Full-Time,finished,87,LaLiga,2025/2026,ESP,https://images.fotmob.com/image_resources/logo/teamlogo/8560.png,https://images.fotmob.com/image_resources/logo/teamlogo/8603.png,2026-05-09,21:00
35,https://www.fotmob.com/matches/mallorca-vs-villarreal/2xyr2o#4837454,4837454,Mallorca,8661,Villarreal,10205,True,True,False,False,1 - 1,FT,Full-Time,finished,87,LaLiga,2025/2026,ESP,https://images.fotmob.com/image_resources/logo/teamlogo/8661.png,https://images.fotmob.com/image_resources/logo/teamlogo/10205.png,2026-05-10,14:00
35,https://www.fotmob.com/matches/athletic-club-vs-valencia/2usrlk#4837450,4837450,Athletic Club,8315,Valencia,10267,True,True,False,False,0 - 1,FT,Full-Time,finished,87,LaLiga,2025/2026,ESP,https://images.fotmob.com/image_resources/logo/teamlogo/8315.png,https://images.fotmob.com/image_resources/logo/teamlogo/10267.png,2026-05-10,16:15
35,https://www.fotmob.com/matches/getafe-vs-real-oviedo/2dsegm#4837458,4837458,Real Oviedo,8670,Getafe,8305,True,True,False,False,0 - 0,FT,Full-Time,finished,87,LaLiga,2025/2026,ESP,https://images.fotmob.com/image_resources/logo/teamlogo/8670.png,https://images.fotmob.com/image_resources/logo/teamlogo/8305.png,2026-05-10,18:30
35,https://www.fotmob.com/matches/real-madrid-vs-barcelona/2grk20#4837452,4837452,Barcelona,8634,Real Madrid,8633,True,True,False,False,2 - 0,FT,Full-Time,finished,87,LaLiga,2025/2026,ESP,https://images.fotmob.com/image_resources/logo/teamlogo/8634.png,https://images.fotmob.com/image_resources/logo/teamlogo/8633.png,2026-05-10,21:00
35,https://www.fotmob.com/matches/girona-vs-rayo-vallecano/256xdj#4837459,4837459,Rayo Vallecano,8370,Girona,7732,True,True,False,False,1 - 1,FT,Full-Time,finished,87,LaLiga,2025/2026,ESP,https://images.fotmob.com/image_resources/logo/teamlogo/8370.png,https://images.fotmob.com/image_resources/logo/teamlogo/7732.png,2026-05-11,21:00
36,https://www.fotmob.com/matches/levante-vs-celta-vigo/2tsn8g#4837462,4837462,Celta Vigo,9910,Levante,8581,True,True,False,False,2 - 3,FT,Full-Time,finished,87,LaLiga,2025/2026,ESP,https://images.fotmob.com/image_resources/logo/teamlogo/9910.png,https://images.fotmob.com/image_resources/logo/teamlogo/8581.png,2026-05-12,19:00
36,https://www.fotmob.com/matches/real-betis-vs-elche/2y0rtr#4837461,4837461,Real Betis,8603,Elche,10268,True,True,False,False,2 - 1,FT,Full-Time,finished,87,LaLiga,2025/2026,ESP,https://images.fotmob.com/image_resources/logo/teamlogo/8603.png,https://images.fotmob.com/image_resources/logo/teamlogo/10268.png,2026-05-12,20:00
36,https://www.fotmob.com/matches/osasuna-vs-atletico-madrid/2rgbip#4837466,4837466,Osasuna,8371,Atletico Madrid,9906,True,True,False,False,1 - 2,FT,Full-Time,finished,87,LaLiga,2025/2026,ESP,https://images.fotmob.com/image_resources/logo/teamlogo/8371.png,https://images.fotmob.com/image_resources/logo/teamlogo/9906.png,2026-05-12,21:30
36,https://www.fotmob.com/matches/athletic-club-vs-espanyol/2crecr#4837465,4837465,Espanyol,8558,Athletic Club,8315,True,True,False,False,2 - 0,FT,Full-Time,finished,87,LaLiga,2025/2026,ESP,https://images.fotmob.com/image_resources/logo/teamlogo/8558.png,https://images.fotmob.com/image_resources/logo/teamlogo/8315.png,2026-05-13,19:00
36,https://www.fotmob.com/matches/sevilla-vs-villarreal/2tyyds#4837468,4837468,Villarreal,10205,Sevilla,8302,True,True,False,False,2 - 3,FT,Full-Time,finished,87,LaLiga,2025/2026,ESP,https://images.fotmob.com/image_resources/logo/teamlogo/10205.png,https://images.fotmob.com/image_resources/logo/teamlogo/8302.png,2026-05-13,19:00
36,https://www.fotmob.com/matches/barcelona-vs-deportivo-alaves/2tw7n8#4837460,4837460,Deportivo Alaves,9866,Barcelona,8634,True,True,False,False,1 - 0,FT,Full-Time,finished,87,LaLiga,2025/2026,ESP,https://images.fotmob.com/image_resources/logo/teamlogo/9866.png,https://images.fotmob.com/image_resources/logo/teamlogo/8634.png,2026-05-13,21:30
36,https://www.fotmob.com/matches/getafe-vs-mallorca/2dp4lm#4837463,4837463,Getafe,8305,Mallorca,8661,True,True,False,False,3 - 1,FT,Full-Time,finished,87,LaLiga,2025/2026,ESP,https://images.fotmob.com/image_resources/logo/teamlogo/8305.png,https://images.fotmob.com/image_resources/logo/teamlogo/8661.png,2026-05-13,21:30
36,https://www.fotmob.com/matches/rayo-vallecano-vs-valencia/2vepf1#4837467,4837467,Valencia,10267,Rayo Vallecano,8370,True,True,False,False,1 - 1,FT,Full-Time,finished,87,LaLiga,2025/2026,ESP,https://images.fotmob.com/image_resources/logo/teamlogo/10267.png,https://images.fotmob.com/image_resources/logo/teamlogo/8370.png,2026-05-14,19:00
36,https://www.fotmob.com/matches/girona-vs-real-sociedad/270w5m#4837464,4837464,Girona,7732,Real Sociedad,8560,True,True,False,False,1 - 1,FT,Full-Time,finished,87,LaLiga,2025/2026,ESP,https://images.fotmob.com/image_resources/logo/teamlogo/7732.png,https://images.fotmob.com/image_resources/logo/teamlogo/8560.png,2026-05-14,20:00
36,https://www.fotmob.com/matches/real-madrid-vs-real-oviedo/2h4w8i#4837469,4837469,Real Madrid,8633,Real Oviedo,8670,True,True,False,False,2 - 0,FT,Full-Time,finished,87,LaLiga,2025/2026,ESP,https://images.fotmob.com/image_resources/logo/teamlogo/8633.png,https://images.fotmob.com/image_resources/logo/teamlogo/8670.png,2026-05-14,21:30
37,https://www.fotmob.com/matches/athletic-club-vs-celta-vigo/2qvz7j#4837470,4837470,Athletic Club,8315,Celta Vigo,9910,True,True,False,False,1 - 1,FT,Full-Time,finished,87,LaLiga,2025/2026,ESP,https://images.fotmob.com/image_resources/logo/teamlogo/8315.png,https://images.fotmob.com/image_resources/logo/teamlogo/9910.png,2026-05-17,19:00
37,https://www.fotmob.com/matches/girona-vs-atletico-madrid/2kmd87#4837471,4837471,Atletico Madrid,9906,Girona,7732,True,True,False,False,1 - 0,FT,Full-Time,finished,87,LaLiga,2025/2026,ESP,https://images.fotmob.com/image_resources/logo/teamlogo/9906.png,https://images.fotmob.com/image_resources/logo/teamlogo/7732.png,2026-05-17,19:00
37,https://www.fotmob.com/matches/getafe-vs-elche/2up6ks#4837473,4837473,Elche,10268,Getafe,8305,True,True,False,False,1 - 0,FT,Full-Time,finished,87,LaLiga,2025/2026,ESP,https://images.fotmob.com/image_resources/logo/teamlogo/10268.png,https://images.fotmob.com/image_resources/logo/teamlogo/8305.png,2026-05-17,19:00
37,https://www.fotmob.com/matches/levante-vs-mallorca/2gib84#4837474,4837474,Levante,8581,Mallorca,8661,True,True,False,False,2 - 0,FT,Full-Time,finished,87,LaLiga,2025/2026,ESP,https://images.fotmob.com/image_resources/logo/teamlogo/8581.png,https://images.fotmob.com/image_resources/logo/teamlogo/8661.png,2026-05-17,19:00
37,https://www.fotmob.com/matches/osasuna-vs-espanyol/2dbonz#4837478,4837478,Osasuna,8371,Espanyol,8558,True,True,False,False,1 - 2,FT,Full-Time,finished,87,LaLiga,2025/2026,ESP,https://images.fotmob.com/image_resources/logo/teamlogo/8371.png,https://images.fotmob.com/image_resources/logo/teamlogo/8558.png,2026-05-17,19:00
37,https://www.fotmob.com/matches/rayo-vallecano-vs-villarreal/2upzai#4837475,4837475,Rayo Vallecano,8370,Villarreal,10205,True,True,False,False,2 - 0,FT,Full-Time,finished,87,LaLiga,2025/2026,ESP,https://images.fotmob.com/image_resources/logo/teamlogo/8370.png,https://images.fotmob.com/image_resources/logo/teamlogo/10205.png,2026-05-17,19:00
37,https://www.fotmob.com/matches/real-oviedo-vs-deportivo-alaves/2uai1q#4837477,4837477,Real Oviedo,8670,Deportivo Alaves,9866,True,True,False,False,0 - 1,FT,Full-Time,finished,87,LaLiga,2025/2026,ESP,https://images.fotmob.com/image_resources/logo/teamlogo/8670.png,https://images.fotmob.com/image_resources/logo/teamlogo/9866.png,2026-05-17,19:00
37,https://www.fotmob.com/matches/real-sociedad-vs-valencia/2xizua#4837476,4837476,Real Sociedad,8560,Valencia,10267,True,True,False,False,3 - 4,FT,Full-Time,finished,87,LaLiga,2025/2026,ESP,https://images.fotmob.com/image_resources/logo/teamlogo/8560.png,https://images.fotmob.com/image_resources/logo/teamlogo/10267.png,2026-05-17,19:00
37,https://www.fotmob.com/matches/sevilla-vs-real-madrid/2ddv45#4837479,4837479,Sevilla,8302,Real Madrid,8633,True,True,False,False,0 - 1,FT,Full-Time,finished,87,LaLiga,2025/2026,ESP,https://images.fotmob.com/image_resources/logo/teamlogo/8302.png,https://images.fotmob.com/image_resources/logo/teamlogo/8633.png,2026-05-17,19:00
37,https://www.fotmob.com/matches/real-betis-vs-barcelona/2gggox#4837472,4837472,Barcelona,8634,Real Betis,8603,True,True,False,False,3 - 1,FT,Full-Time,finished,87,LaLiga,2025/2026,ESP,https://images.fotmob.com/image_resources/logo/teamlogo/8634.png,https://images.fotmob.com/image_resources/logo/teamlogo/8603.png,2026-05-17,21:15
38,https://www.fotmob.com/matches/sevilla-vs-celta-vigo/2qqwgg#4837482,4837482,Celta Vigo,9910,Sevilla,8302,True,True,False,False,1 - 0,FT,Full-Time,finished,87,LaLiga,2025/2026,ESP,https://images.fotmob.com/image_resources/logo/teamlogo/9910.png,https://images.fotmob.com/image_resources/logo/teamlogo/8302.png,2026-05-23,21:00
38,https://www.fotmob.com/matches/rayo-vallecano-vs-deportivo-alaves/2r09ww#4837480,4837480,Deportivo Alaves,9866,Rayo Vallecano,8370,True,True,False,False,1 - 2,FT,Full-Time,finished,87,LaLiga,2025/2026,ESP,https://images.fotmob.com/image_resources/logo/teamlogo/9866.png,https://images.fotmob.com/image_resources/logo/teamlogo/8370.png,2026-05-23,21:00
38,https://www.fotmob.com/matches/espanyol-vs-real-sociedad/2f8nc1#4837483,4837483,Espanyol,8558,Real Sociedad,8560,True,True,False,False,1 - 1,FT,Full-Time,finished,87,LaLiga,2025/2026,ESP,https://images.fotmob.com/image_resources/logo/teamlogo/8558.png,https://images.fotmob.com/image_resources/logo/teamlogo/8560.png,2026-05-23,21:00
38,https://www.fotmob.com/matches/getafe-vs-osasuna/2askb1#4837484,4837484,Getafe,8305,Osasuna,8371,True,True,False,False,1 - 0,FT,Full-Time,finished,87,LaLiga,2025/2026,ESP,https://images.fotmob.com/image_resources/logo/teamlogo/8305.png,https://images.fotmob.com/image_resources/logo/teamlogo/8371.png,2026-05-23,21:00
38,https://www.fotmob.com/matches/girona-vs-elche/2ogkws#4837489,4837489,Girona,7732,Elche,10268,True,True,False,False,1 - 1,FT,Full-Time,finished,87,LaLiga,2025/2026,ESP,https://images.fotmob.com/image_resources/logo/teamlogo/7732.png,https://images.fotmob.com/image_resources/logo/teamlogo/10268.png,2026-05-23,21:00
38,https://www.fotmob.com/matches/mallorca-vs-real-oviedo/2hfado#4837485,4837485,Mallorca,8661,Real Oviedo,8670,True,True,False,False,3 - 0,FT,Full-Time,finished,87,LaLiga,2025/2026,ESP,https://images.fotmob.com/image_resources/logo/teamlogo/8661.png,https://images.fotmob.com/image_resources/logo/teamlogo/8670.png,2026-05-23,21:00
38,https://www.fotmob.com/matches/levante-vs-real-betis/2fwwtn#4837481,4837481,Real Betis,8603,Levante,8581,True,True,False,False,2 - 1,FT,Full-Time,finished,87,LaLiga,2025/2026,ESP,https://images.fotmob.com/image_resources/logo/teamlogo/8603.png,https://images.fotmob.com/image_resources/logo/teamlogo/8581.png,2026-05-23,21:00
38,https://www.fotmob.com/matches/athletic-club-vs-real-madrid/2dil23#4837486,4837486,Real Madrid,8633,Athletic Club,8315,True,True,False,False,4 - 2,FT,Full-Time,finished,87,LaLiga,2025/2026,ESP,https://images.fotmob.com/image_resources/logo/teamlogo/8633.png,https://images.fotmob.com/image_resources/logo/teamlogo/8315.png,2026-05-23,21:00
38,https://www.fotmob.com/matches/barcelona-vs-valencia/2ycx1d#4837488,4837488,Valencia,10267,Barcelona,8634,True,True,False,False,3 - 1,FT,Full-Time,finished,87,LaLiga,2025/2026,ESP,https://images.fotmob.com/image_resources/logo/teamlogo/10267.png,https://images.fotmob.com/image_resources/logo/teamlogo/8634.png,2026-05-23,21:00
38,https://www.fotmob.com/matches/atletico-madrid-vs-villarreal/3ceu3u#4837487,4837487,Villarreal,10205,Atletico Madrid,9906,True,True,False,False,5 - 1,FT,Full-Time,finished,87,LaLiga,2025/2026,ESP,https://images.fotmob.com/image_resources/logo/teamlogo/10205.png,https://images.fotmob.com/image_resources/logo/teamlogo/9906.png,2026-05-24,21:00
