round,pageUrl,id,home.name,home.id,away.name,away.id,status.started,status.cancelled,status.finished,id_league_fotmob,name_league_fotmob,season,country_code_fotmob,status.awarded,status.scoreStr,status.reason.short,status.reason.long,status.reason.longKey,logo_team_home,logo_team_away,match_date,match_time
1,https://www.fotmob.com/matches/coventry-city-vs-arsenal/2tttz6#5795363,5795363,Arsenal,9825,Coventry City,8669,False,False,False,47,Premier League,2026/2027,ENG,,,,,,https://images.fotmob.com/image_resources/logo/teamlogo/9825.png,https://images.fotmob.com/image_resources/logo/teamlogo/8669.png,2026-08-21,21:00
1,https://www.fotmob.com/matches/hull-city-vs-manchester-united/2yngir#5795364,5795364,Hull City,8667,Manchester United,10260,False,False,False,47,Premier League,2026/2027,ENG,,,,,,https://images.fotmob.com/image_resources/logo/teamlogo/8667.png,https://images.fotmob.com/image_resources/logo/teamlogo/10260.png,2026-08-22,13:30
1,https://www.fotmob.com/matches/everton-vs-crystal-palace/2tttz7#5795365,5795365,Everton,8668,Crystal Palace,9826,False,False,False,47,Premier League,2026/2027,ENG,,,,,,https://images.fotmob.com/image_resources/logo/teamlogo/8668.png,https://images.fotmob.com/image_resources/logo/teamlogo/9826.png,2026-08-22,16:00
1,https://www.fotmob.com/matches/sunderland-vs-ipswich-town/2sif4z#5795366,5795366,Ipswich Town,9902,Sunderland,8472,False,False,False,47,Premier League,2026/2027,ENG,,,,,,https://images.fotmob.com/image_resources/logo/teamlogo/9902.png,https://images.fotmob.com/image_resources/logo/teamlogo/8472.png,2026-08-22,16:00
1,https://www.fotmob.com/matches/leeds-united-vs-nottingham-forest/2vqauu#5795367,5795367,Nottingham Forest,10203,Leeds United,8463,False,False,False,47,Premier League,2026/2027,ENG,,,,,,https://images.fotmob.com/image_resources/logo/teamlogo/10203.png,https://images.fotmob.com/image_resources/logo/teamlogo/8463.png,2026-08-22,16:00
1,https://www.fotmob.com/matches/tottenham-hotspur-vs-brentford/2u5c8b#5795368,5795368,Brentford,9937,Tottenham Hotspur,8586,False,False,False,47,Premier League,2026/2027,ENG,,,,,,https://images.fotmob.com/image_resources/logo/teamlogo/9937.png,https://images.fotmob.com/image_resources/logo/teamlogo/8586.png,2026-08-22,18:30
1,https://www.fotmob.com/matches/brighton-hove-albion-vs-aston-villa/3gku1s#5795369,5795369,Brighton & Hove Albion,10204,Aston Villa,10252,False,False,False,47,Premier League,2026/2027,ENG,,,,,,https://images.fotmob.com/image_resources/logo/teamlogo/10204.png,https://images.fotmob.com/image_resources/logo/teamlogo/10252.png,2026-08-23,15:00
1,https://www.fotmob.com/matches/manchester-city-vs-afc-bournemouth/2feiv3#5795370,5795370,Manchester City,8456,AFC Bournemouth,8678,False,False,False,47,Premier League,2026/2027,ENG,,,,,,https://images.fotmob.com/image_resources/logo/teamlogo/8456.png,https://images.fotmob.com/image_resources/logo/teamlogo/8678.png,2026-08-23,15:00
1,https://www.fotmob.com/matches/liverpool-vs-newcastle-united/2ygyxm#5795371,5795371,Newcastle United,10261,Liverpool,8650,False,False,False,47,Premier League,2026/2027,ENG,,,,,,https://images.fotmob.com/image_resources/logo/teamlogo/10261.png,https://images.fotmob.com/image_resources/logo/teamlogo/8650.png,2026-08-23,17:30
1,https://www.fotmob.com/matches/chelsea-vs-fulham/2s2omg#5795372,5795372,Fulham,9879,Chelsea,8455,False,False,False,47,Premier League,2026/2027,ENG,,,,,,https://images.fotmob.com/image_resources/logo/teamlogo/9879.png,https://images.fotmob.com/image_resources/logo/teamlogo/8455.png,2026-08-24,21:00
2,https://www.fotmob.com/matches/manchester-city-vs-crystal-palace/2ri9zd#5795429,5795429,Crystal Palace,9826,Manchester City,8456,False,False,False,47,Premier League,2026/2027,ENG,,,,,,https://images.fotmob.com/image_resources/logo/teamlogo/9826.png,https://images.fotmob.com/image_resources/logo/teamlogo/8456.png,2026-08-28,21:00
2,https://www.fotmob.com/matches/liverpool-vs-nottingham-forest/2xthvt#5795431,5795431,Liverpool,8650,Nottingham Forest,10203,False,False,False,47,Premier League,2026/2027,ENG,,,,,,https://images.fotmob.com/image_resources/logo/teamlogo/8650.png,https://images.fotmob.com/image_resources/logo/teamlogo/10203.png,2026-08-29,13:30
2,https://www.fotmob.com/matches/everton-vs-afc-bournemouth/2hkv2h#5795425,5795425,AFC Bournemouth,8678,Everton,8668,False,False,False,47,Premier League,2026/2027,ENG,,,,,,https://images.fotmob.com/image_resources/logo/teamlogo/8678.png,https://images.fotmob.com/image_resources/logo/teamlogo/8668.png,2026-08-29,16:00
2,https://www.fotmob.com/matches/hull-city-vs-coventry-city/2hh595#5795428,5795428,Coventry City,8669,Hull City,8667,False,False,False,47,Premier League,2026/2027,ENG,,,,,,https://images.fotmob.com/image_resources/logo/teamlogo/8669.png,https://images.fotmob.com/image_resources/logo/teamlogo/8667.png,2026-08-29,16:00
2,https://www.fotmob.com/matches/tottenham-hotspur-vs-newcastle-united/2xr2ka#5795434,5795434,Tottenham Hotspur,8586,Newcastle United,10261,False,False,False,47,Premier League,2026/2027,ENG,,,,,,https://images.fotmob.com/image_resources/logo/teamlogo/8586.png,https://images.fotmob.com/image_resources/logo/teamlogo/10261.png,2026-08-29,18:30
2,https://www.fotmob.com/matches/chelsea-vs-brighton-hove-albion/2vni1p#5795427,5795427,Chelsea,8455,Brighton & Hove Albion,10204,False,False,False,47,Premier League,2026/2027,ENG,,,,,,https://images.fotmob.com/image_resources/logo/teamlogo/8455.png,https://images.fotmob.com/image_resources/logo/teamlogo/10204.png,2026-08-30,15:00
2,https://www.fotmob.com/matches/leeds-united-vs-brentford/2sso1t#5795430,5795430,Leeds United,8463,Brentford,9937,False,False,False,47,Premier League,2026/2027,ENG,,,,,,https://images.fotmob.com/image_resources/logo/teamlogo/8463.png,https://images.fotmob.com/image_resources/logo/teamlogo/9937.png,2026-08-30,15:00
2,https://www.fotmob.com/matches/sunderland-vs-fulham/2s9d8f#5795433,5795433,Sunderland,8472,Fulham,9879,False,False,False,47,Premier League,2026/2027,ENG,,,,,,https://images.fotmob.com/image_resources/logo/teamlogo/8472.png,https://images.fotmob.com/image_resources/logo/teamlogo/9879.png,2026-08-30,15:00
2,https://www.fotmob.com/matches/ipswich-town-vs-manchester-united/3d0uj5#5795432,5795432,Manchester United,10260,Ipswich Town,9902,False,False,False,47,Premier League,2026/2027,ENG,,,,,,https://images.fotmob.com/image_resources/logo/teamlogo/10260.png,https://images.fotmob.com/image_resources/logo/teamlogo/9902.png,2026-08-30,17:30
2,https://www.fotmob.com/matches/arsenal-vs-aston-villa/3c06vg#5795426,5795426,Aston Villa,10252,Arsenal,9825,False,False,False,47,Premier League,2026/2027,ENG,,,,,,https://images.fotmob.com/image_resources/logo/teamlogo/10252.png,https://images.fotmob.com/image_resources/logo/teamlogo/9825.png,2026-08-31,21:00
3,https://www.fotmob.com/matches/liverpool-vs-ipswich-town/2ugv0q#5795441,5795441,Ipswich Town,9902,Liverpool,8650,False,False,False,47,Premier League,2026/2027,ENG,,,,,,https://images.fotmob.com/image_resources/logo/teamlogo/9902.png,https://images.fotmob.com/image_resources/logo/teamlogo/8650.png,2026-09-04,21:00
3,https://www.fotmob.com/matches/afc-bournemouth-vs-newcastle-united/2ysbu8#5795443,5795443,Newcastle United,10261,AFC Bournemouth,8678,False,False,False,47,Premier League,2026/2027,ENG,,,,,,https://images.fotmob.com/image_resources/logo/teamlogo/10261.png,https://images.fotmob.com/image_resources/logo/teamlogo/8678.png,2026-09-05,13:30
3,https://www.fotmob.com/matches/sunderland-vs-brentford/2sw7v2#5795436,5795436,Brentford,9937,Sunderland,8472,False,False,False,47,Premier League,2026/2027,ENG,,,,,,https://images.fotmob.com/image_resources/logo/teamlogo/9937.png,https://images.fotmob.com/image_resources/logo/teamlogo/8472.png,2026-09-05,16:00
3,https://www.fotmob.com/matches/leeds-united-vs-brighton-hove-albion/2vqp9d#5795437,5795437,Brighton & Hove Albion,10204,Leeds United,8463,False,False,False,47,Premier League,2026/2027,ENG,,,,,,https://images.fotmob.com/image_resources/logo/teamlogo/10204.png,https://images.fotmob.com/image_resources/logo/teamlogo/8463.png,2026-09-05,16:00
3,https://www.fotmob.com/matches/crystal-palace-vs-fulham/37llbg#5795439,5795439,Fulham,9879,Crystal Palace,9826,False,False,False,47,Premier League,2026/2027,ENG,,,,,,https://images.fotmob.com/image_resources/logo/teamlogo/9879.png,https://images.fotmob.com/image_resources/logo/teamlogo/9826.png,2026-09-05,16:00
3,https://www.fotmob.com/matches/manchester-city-vs-coventry-city/2fb7wc#5795442,5795442,Manchester City,8456,Coventry City,8669,False,False,False,47,Premier League,2026/2027,ENG,,,,,,https://images.fotmob.com/image_resources/logo/teamlogo/8456.png,https://images.fotmob.com/image_resources/logo/teamlogo/8669.png,2026-09-05,16:00
3,https://www.fotmob.com/matches/tottenham-hotspur-vs-nottingham-forest/2x3odl#5795444,5795444,Nottingham Forest,10203,Tottenham Hotspur,8586,False,False,False,47,Premier League,2026/2027,ENG,,,,,,https://images.fotmob.com/image_resources/logo/teamlogo/10203.png,https://images.fotmob.com/image_resources/logo/teamlogo/8586.png,2026-09-05,16:00
3,https://www.fotmob.com/matches/hull-city-vs-aston-villa/2yk7pj#5795440,5795440,Hull City,8667,Aston Villa,10252,False,False,False,47,Premier League,2026/2027,ENG,,,,,,https://images.fotmob.com/image_resources/logo/teamlogo/8667.png,https://images.fotmob.com/image_resources/logo/teamlogo/10252.png,2026-09-05,18:30
3,https://www.fotmob.com/matches/everton-vs-manchester-united/2ynv4k#5795438,5795438,Everton,8668,Manchester United,10260,False,False,False,47,Premier League,2026/2027,ENG,,,,,,https://images.fotmob.com/image_resources/logo/teamlogo/8668.png,https://images.fotmob.com/image_resources/logo/teamlogo/10260.png,2026-09-06,15:00
3,https://www.fotmob.com/matches/chelsea-vs-arsenal/2rhhrp#5795435,5795435,Arsenal,9825,Chelsea,8455,False,False,False,47,Premier League,2026/2027,ENG,,,,,,https://images.fotmob.com/image_resources/logo/teamlogo/9825.png,https://images.fotmob.com/image_resources/logo/teamlogo/8455.png,2026-09-06,17:30
4,https://www.fotmob.com/matches/afc-bournemouth-vs-brentford/2v5yfp#5795445,5795445,AFC Bournemouth,8678,Brentford,9937,False,False,False,47,Premier League,2026/2027,ENG,,,,,,https://images.fotmob.com/image_resources/logo/teamlogo/8678.png,https://images.fotmob.com/image_resources/logo/teamlogo/9937.png,2026-09-12,16:00
4,https://www.fotmob.com/matches/nottingham-forest-vs-aston-villa/3gke9k#5795446,5795446,Aston Villa,10252,Nottingham Forest,10203,False,False,False,47,Premier League,2026/2027,ENG,,,,,,https://images.fotmob.com/image_resources/logo/teamlogo/10252.png,https://images.fotmob.com/image_resources/logo/teamlogo/10203.png,2026-09-12,16:00
4,https://www.fotmob.com/matches/chelsea-vs-hull-city/2fa49a#5795447,5795447,Chelsea,8455,Hull City,8667,False,False,False,47,Premier League,2026/2027,ENG,,,,,,https://images.fotmob.com/image_resources/logo/teamlogo/8455.png,https://images.fotmob.com/image_resources/logo/teamlogo/8667.png,2026-09-12,16:00
4,https://www.fotmob.com/matches/crystal-palace-vs-ipswich-town/37vb92#5795449,5795449,Crystal Palace,9826,Ipswich Town,9902,False,False,False,47,Premier League,2026/2027,ENG,,,,,,https://images.fotmob.com/image_resources/logo/teamlogo/9826.png,https://images.fotmob.com/image_resources/logo/teamlogo/9902.png,2026-09-12,16:00
4,https://www.fotmob.com/matches/liverpool-vs-fulham/2u7pyg#5795451,5795451,Liverpool,8650,Fulham,9879,False,False,False,47,Premier League,2026/2027,ENG,,,,,,https://images.fotmob.com/image_resources/logo/teamlogo/8650.png,https://images.fotmob.com/image_resources/logo/teamlogo/9879.png,2026-09-12,16:00
4,https://www.fotmob.com/matches/tottenham-hotspur-vs-everton/2gmqxt#5795454,5795454,Tottenham Hotspur,8586,Everton,8668,False,False,False,47,Premier League,2026/2027,ENG,,,,,,https://images.fotmob.com/image_resources/logo/teamlogo/8586.png,https://images.fotmob.com/image_resources/logo/teamlogo/8668.png,2026-09-12,18:30
4,https://www.fotmob.com/matches/sunderland-vs-arsenal/2ro5o6#5795453,5795453,Sunderland,8472,Arsenal,9825,False,False,False,47,Premier League,2026/2027,ENG,,,,,,https://images.fotmob.com/image_resources/logo/teamlogo/8472.png,https://images.fotmob.com/image_resources/logo/teamlogo/9825.png,2026-09-12,21:00
4,https://www.fotmob.com/matches/coventry-city-vs-brighton-hove-albion/2y1l02#5795448,5795448,Coventry City,8669,Brighton & Hove Albion,10204,False,False,False,47,Premier League,2026/2027,ENG,,,,,,https://images.fotmob.com/image_resources/logo/teamlogo/8669.png,https://images.fotmob.com/image_resources/logo/teamlogo/10204.png,2026-09-13,15:00
4,https://www.fotmob.com/matches/manchester-city-vs-manchester-united/2wabz2#5795452,5795452,Manchester United,10260,Manchester City,8456,False,False,False,47,Premier League,2026/2027,ENG,,,,,,https://images.fotmob.com/image_resources/logo/teamlogo/10260.png,https://images.fotmob.com/image_resources/logo/teamlogo/8456.png,2026-09-13,17:30
4,https://www.fotmob.com/matches/leeds-united-vs-newcastle-united/2wdjjd#5795450,5795450,Leeds United,8463,Newcastle United,10261,False,False,False,47,Premier League,2026/2027,ENG,,,,,,https://images.fotmob.com/image_resources/logo/teamlogo/8463.png,https://images.fotmob.com/image_resources/logo/teamlogo/10261.png,2026-09-14,21:00
5,https://www.fotmob.com/matches/chelsea-vs-brentford/2spihp#5795456,5795456,Brentford,9937,Chelsea,8455,False,False,False,47,Premier League,2026/2027,ENG,,,,,,https://images.fotmob.com/image_resources/logo/teamlogo/9937.png,https://images.fotmob.com/image_resources/logo/teamlogo/8455.png,2026-09-18,21:00
5,https://www.fotmob.com/matches/tottenham-hotspur-vs-aston-villa/2xnfpj#5795464,5795464,Tottenham Hotspur,8586,Aston Villa,10252,False,False,False,47,Premier League,2026/2027,ENG,,,,,,https://images.fotmob.com/image_resources/logo/teamlogo/8586.png,https://images.fotmob.com/image_resources/logo/teamlogo/10252.png,2026-09-19,13:30
5,https://www.fotmob.com/matches/arsenal-vs-brighton-hove-albion/3bfk5g#5795457,5795457,Brighton & Hove Albion,10204,Arsenal,9825,False,False,False,47,Premier League,2026/2027,ENG,,,,,,https://images.fotmob.com/image_resources/logo/teamlogo/10204.png,https://images.fotmob.com/image_resources/logo/teamlogo/9825.png,2026-09-19,16:00
5,https://www.fotmob.com/matches/everton-vs-ipswich-town/2uo0th#5795458,5795458,Everton,8668,Ipswich Town,9902,False,False,False,47,Premier League,2026/2027,ENG,,,,,,https://images.fotmob.com/image_resources/logo/teamlogo/8668.png,https://images.fotmob.com/image_resources/logo/teamlogo/9902.png,2026-09-19,16:00
5,https://www.fotmob.com/matches/leeds-united-vs-crystal-palace/2rl0qz#5795460,5795460,Leeds United,8463,Crystal Palace,9826,False,False,False,47,Premier League,2026/2027,ENG,,,,,,https://images.fotmob.com/image_resources/logo/teamlogo/8463.png,https://images.fotmob.com/image_resources/logo/teamlogo/9826.png,2026-09-19,16:00
5,https://www.fotmob.com/matches/manchester-city-vs-sunderland/2dbbjc#5795461,5795461,Manchester City,8456,Sunderland,8472,False,False,False,47,Premier League,2026/2027,ENG,,,,,,https://images.fotmob.com/image_resources/logo/teamlogo/8456.png,https://images.fotmob.com/image_resources/logo/teamlogo/8472.png,2026-09-19,16:00
5,https://www.fotmob.com/matches/hull-city-vs-newcastle-united/2ynv4j#5795462,5795462,Newcastle United,10261,Hull City,8667,False,False,False,47,Premier League,2026/2027,ENG,,,,,,https://images.fotmob.com/image_resources/logo/teamlogo/10261.png,https://images.fotmob.com/image_resources/logo/teamlogo/8667.png,2026-09-19,16:00
5,https://www.fotmob.com/matches/coventry-city-vs-nottingham-forest/2y16ft#5795463,5795463,Nottingham Forest,10203,Coventry City,8669,False,False,False,47,Premier League,2026/2027,ENG,,,,,,https://images.fotmob.com/image_resources/logo/teamlogo/10203.png,https://images.fotmob.com/image_resources/logo/teamlogo/8669.png,2026-09-19,18:30
5,https://www.fotmob.com/matches/liverpool-vs-afc-bournemouth/2he69q#5795455,5795455,AFC Bournemouth,8678,Liverpool,8650,False,False,False,47,Premier League,2026/2027,ENG,,,,,,https://images.fotmob.com/image_resources/logo/teamlogo/8678.png,https://images.fotmob.com/image_resources/logo/teamlogo/8650.png,2026-09-20,15:00
5,https://www.fotmob.com/matches/fulham-vs-manchester-united/3cqww9#5795459,5795459,Fulham,9879,Manchester United,10260,False,False,False,47,Premier League,2026/2027,ENG,,,,,,https://images.fotmob.com/image_resources/logo/teamlogo/9879.png,https://images.fotmob.com/image_resources/logo/teamlogo/10260.png,2026-09-20,17:30
6,https://www.fotmob.com/matches/leeds-united-vs-arsenal/2rkmmx#5795465,5795465,Arsenal,9825,Leeds United,8463,False,False,False,47,Premier League,2026/2027,ENG,,,,,,https://images.fotmob.com/image_resources/logo/teamlogo/9825.png,https://images.fotmob.com/image_resources/logo/teamlogo/8463.png,2026-10-10,16:00
6,https://www.fotmob.com/matches/brentford-vs-aston-villa/3dciw4#5795466,5795466,Aston Villa,10252,Brentford,9937,False,False,False,47,Premier League,2026/2027,ENG,,,,,,https://images.fotmob.com/image_resources/logo/teamlogo/10252.png,https://images.fotmob.com/image_resources/logo/teamlogo/9937.png,2026-10-10,16:00
6,https://www.fotmob.com/matches/chelsea-vs-afc-bournemouth/2fe5n5#5795467,5795467,Chelsea,8455,AFC Bournemouth,8678,False,False,False,47,Premier League,2026/2027,ENG,,,,,,https://images.fotmob.com/image_resources/logo/teamlogo/8455.png,https://images.fotmob.com/image_resources/logo/teamlogo/8678.png,2026-10-10,16:00
6,https://www.fotmob.com/matches/coventry-city-vs-newcastle-united/2yooc8#5795468,5795468,Coventry City,8669,Newcastle United,10261,False,False,False,47,Premier League,2026/2027,ENG,,,,,,https://images.fotmob.com/image_resources/logo/teamlogo/8669.png,https://images.fotmob.com/image_resources/logo/teamlogo/10261.png,2026-10-10,16:00
6,https://www.fotmob.com/matches/crystal-palace-vs-nottingham-forest/3bfk5h#5795469,5795469,Crystal Palace,9826,Nottingham Forest,10203,False,False,False,47,Premier League,2026/2027,ENG,,,,,,https://images.fotmob.com/image_resources/logo/teamlogo/9826.png,https://images.fotmob.com/image_resources/logo/teamlogo/10203.png,2026-10-10,16:00
6,https://www.fotmob.com/matches/hull-city-vs-everton/2hgrvk#5795470,5795470,Hull City,8667,Everton,8668,False,False,False,47,Premier League,2026/2027,ENG,,,,,,https://images.fotmob.com/image_resources/logo/teamlogo/8667.png,https://images.fotmob.com/image_resources/logo/teamlogo/8668.png,2026-10-10,16:00
6,https://www.fotmob.com/matches/fulham-vs-ipswich-town/38hr4t#5795471,5795471,Ipswich Town,9902,Fulham,9879,False,False,False,47,Premier League,2026/2027,ENG,,,,,,https://images.fotmob.com/image_resources/logo/teamlogo/9902.png,https://images.fotmob.com/image_resources/logo/teamlogo/9879.png,2026-10-10,16:00
6,https://www.fotmob.com/matches/manchester-city-vs-liverpool/2f48yd#5795472,5795472,Liverpool,8650,Manchester City,8456,False,False,False,47,Premier League,2026/2027,ENG,,,,,,https://images.fotmob.com/image_resources/logo/teamlogo/8650.png,https://images.fotmob.com/image_resources/logo/teamlogo/8456.png,2026-10-10,16:00
6,https://www.fotmob.com/matches/tottenham-hotspur-vs-manchester-united/2xqo0r#5795473,5795473,Manchester United,10260,Tottenham Hotspur,8586,False,False,False,47,Premier League,2026/2027,ENG,,,,,,https://images.fotmob.com/image_resources/logo/teamlogo/10260.png,https://images.fotmob.com/image_resources/logo/teamlogo/8586.png,2026-10-10,16:00
6,https://www.fotmob.com/matches/sunderland-vs-brighton-hove-albion/2vuaxm#5795474,5795474,Sunderland,8472,Brighton & Hove Albion,10204,False,False,False,47,Premier League,2026/2027,ENG,,,,,,https://images.fotmob.com/image_resources/logo/teamlogo/8472.png,https://images.fotmob.com/image_resources/logo/teamlogo/10204.png,2026-10-10,16:00
7,https://www.fotmob.com/matches/sunderland-vs-afc-bournemouth/2fkehz#5795475,5795475,AFC Bournemouth,8678,Sunderland,8472,False,False,False,47,Premier League,2026/2027,ENG,,,,,,https://images.fotmob.com/image_resources/logo/teamlogo/8678.png,https://images.fotmob.com/image_resources/logo/teamlogo/8472.png,2026-10-17,16:00
7,https://www.fotmob.com/matches/liverpool-vs-brentford/2uusjv#5795476,5795476,Brentford,9937,Liverpool,8650,False,False,False,47,Premier League,2026/2027,ENG,,,,,,https://images.fotmob.com/image_resources/logo/teamlogo/9937.png,https://images.fotmob.com/image_resources/logo/teamlogo/8650.png,2026-10-17,16:00
7,https://www.fotmob.com/matches/crystal-palace-vs-brighton-hove-albion/3bfzlv#5795477,5795477,Brighton & Hove Albion,10204,Crystal Palace,9826,False,False,False,47,Premier League,2026/2027,ENG,,,,,,https://images.fotmob.com/image_resources/logo/teamlogo/10204.png,https://images.fotmob.com/image_resources/logo/teamlogo/9826.png,2026-10-17,16:00
7,https://www.fotmob.com/matches/chelsea-vs-everton/2fahgy#5795478,5795478,Everton,8668,Chelsea,8455,False,False,False,47,Premier League,2026/2027,ENG,,,,,,https://images.fotmob.com/image_resources/logo/teamlogo/8668.png,https://images.fotmob.com/image_resources/logo/teamlogo/8455.png,2026-10-17,16:00
7,https://www.fotmob.com/matches/hull-city-vs-fulham/2ueh4i#5795479,5795479,Fulham,9879,Hull City,8667,False,False,False,47,Premier League,2026/2027,ENG,,,,,,https://images.fotmob.com/image_resources/logo/teamlogo/9879.png,https://images.fotmob.com/image_resources/logo/teamlogo/8667.png,2026-10-17,16:00
7,https://www.fotmob.com/matches/leeds-united-vs-manchester-united/2wd539#5795480,5795480,Leeds United,8463,Manchester United,10260,False,False,False,47,Premier League,2026/2027,ENG,,,,,,https://images.fotmob.com/image_resources/logo/teamlogo/8463.png,https://images.fotmob.com/image_resources/logo/teamlogo/10260.png,2026-10-17,16:00
7,https://www.fotmob.com/matches/manchester-city-vs-ipswich-town/2sc4e3#5795481,5795481,Manchester City,8456,Ipswich Town,9902,False,False,False,47,Premier League,2026/2027,ENG,,,,,,https://images.fotmob.com/image_resources/logo/teamlogo/8456.png,https://images.fotmob.com/image_resources/logo/teamlogo/9902.png,2026-10-17,16:00
7,https://www.fotmob.com/matches/aston-villa-vs-newcastle-united/3h9v0m#5795482,5795482,Newcastle United,10261,Aston Villa,10252,False,False,False,47,Premier League,2026/2027,ENG,,,,,,https://images.fotmob.com/image_resources/logo/teamlogo/10261.png,https://images.fotmob.com/image_resources/logo/teamlogo/10252.png,2026-10-17,16:00
7,https://www.fotmob.com/matches/arsenal-vs-nottingham-forest/3bf4p3#5795483,5795483,Nottingham Forest,10203,Arsenal,9825,False,False,False,47,Premier League,2026/2027,ENG,,,,,,https://images.fotmob.com/image_resources/logo/teamlogo/10203.png,https://images.fotmob.com/image_resources/logo/teamlogo/9825.png,2026-10-17,16:00
7,https://www.fotmob.com/matches/tottenham-hotspur-vs-coventry-city/2gn495#5795484,5795484,Tottenham Hotspur,8586,Coventry City,8669,False,False,False,47,Premier League,2026/2027,ENG,,,,,,https://images.fotmob.com/image_resources/logo/teamlogo/8586.png,https://images.fotmob.com/image_resources/logo/teamlogo/8669.png,2026-10-17,16:00
8,https://www.fotmob.com/matches/everton-vs-arsenal/2ttfpg#5795485,5795485,Arsenal,9825,Everton,8668,False,False,False,47,Premier League,2026/2027,ENG,,,,,,https://images.fotmob.com/image_resources/logo/teamlogo/9825.png,https://images.fotmob.com/image_resources/logo/teamlogo/8668.png,2026-10-24,16:00
8,https://www.fotmob.com/matches/manchester-city-vs-aston-villa/2w74gq#5795486,5795486,Aston Villa,10252,Manchester City,8456,False,False,False,47,Premier League,2026/2027,ENG,,,,,,https://images.fotmob.com/image_resources/logo/teamlogo/10252.png,https://images.fotmob.com/image_resources/logo/teamlogo/8456.png,2026-10-24,16:00
8,https://www.fotmob.com/matches/chelsea-vs-tottenham-hotspur/2eggkj#5795487,5795487,Chelsea,8455,Tottenham Hotspur,8586,False,False,False,47,Premier League,2026/2027,ENG,,,,,,https://images.fotmob.com/image_resources/logo/teamlogo/8455.png,https://images.fotmob.com/image_resources/logo/teamlogo/8586.png,2026-10-24,16:00
8,https://www.fotmob.com/matches/coventry-city-vs-fulham/2uf9qx#5795488,5795488,Coventry City,8669,Fulham,9879,False,False,False,47,Premier League,2026/2027,ENG,,,,,,https://images.fotmob.com/image_resources/logo/teamlogo/8669.png,https://images.fotmob.com/image_resources/logo/teamlogo/9879.png,2026-10-24,16:00
8,https://www.fotmob.com/matches/crystal-palace-vs-newcastle-united/3c4hty#5795489,5795489,Crystal Palace,9826,Newcastle United,10261,False,False,False,47,Premier League,2026/2027,ENG,,,,,,https://images.fotmob.com/image_resources/logo/teamlogo/9826.png,https://images.fotmob.com/image_resources/logo/teamlogo/10261.png,2026-10-24,16:00
8,https://www.fotmob.com/matches/hull-city-vs-brentford/2v1khb#5795490,5795490,Hull City,8667,Brentford,9937,False,False,False,47,Premier League,2026/2027,ENG,,,,,,https://images.fotmob.com/image_resources/logo/teamlogo/8667.png,https://images.fotmob.com/image_resources/logo/teamlogo/9937.png,2026-10-24,16:00
8,https://www.fotmob.com/matches/ipswich-town-vs-nottingham-forest/3cc90b#5795491,5795491,Ipswich Town,9902,Nottingham Forest,10203,False,False,False,47,Premier League,2026/2027,ENG,,,,,,https://images.fotmob.com/image_resources/logo/teamlogo/9902.png,https://images.fotmob.com/image_resources/logo/teamlogo/10203.png,2026-10-24,16:00
8,https://www.fotmob.com/matches/liverpool-vs-brighton-hove-albion/2xtwfj#5795492,5795492,Liverpool,8650,Brighton & Hove Albion,10204,False,False,False,47,Premier League,2026/2027,ENG,,,,,,https://images.fotmob.com/image_resources/logo/teamlogo/8650.png,https://images.fotmob.com/image_resources/logo/teamlogo/10204.png,2026-10-24,16:00
8,https://www.fotmob.com/matches/afc-bournemouth-vs-manchester-united/2yrx85#5795493,5795493,Manchester United,10260,AFC Bournemouth,8678,False,False,False,47,Premier League,2026/2027,ENG,,,,,,https://images.fotmob.com/image_resources/logo/teamlogo/10260.png,https://images.fotmob.com/image_resources/logo/teamlogo/8678.png,2026-10-24,16:00
8,https://www.fotmob.com/matches/leeds-united-vs-sunderland/2dduzo#5795494,5795494,Sunderland,8472,Leeds United,8463,False,False,False,47,Premier League,2026/2027,ENG,,,,,,https://images.fotmob.com/image_resources/logo/teamlogo/8472.png,https://images.fotmob.com/image_resources/logo/teamlogo/8463.png,2026-10-24,16:00
9,https://www.fotmob.com/matches/leeds-united-vs-afc-bournemouth/2fh3fh#5795495,5795495,AFC Bournemouth,8678,Leeds United,8463,False,False,False,47,Premier League,2026/2027,ENG,,,,,,https://images.fotmob.com/image_resources/logo/teamlogo/8678.png,https://images.fotmob.com/image_resources/logo/teamlogo/8463.png,2026-10-31,16:00
9,https://www.fotmob.com/matches/fulham-vs-aston-villa/3cnglp#5795496,5795496,Aston Villa,10252,Fulham,9879,False,False,False,47,Premier League,2026/2027,ENG,,,,,,https://images.fotmob.com/image_resources/logo/teamlogo/10252.png,https://images.fotmob.com/image_resources/logo/teamlogo/9879.png,2026-10-31,16:00
9,https://www.fotmob.com/matches/brentford-vs-nottingham-forest/3crchb#5795497,5795497,Brentford,9937,Nottingham Forest,10203,False,False,False,47,Premier League,2026/2027,ENG,,,,,,https://images.fotmob.com/image_resources/logo/teamlogo/9937.png,https://images.fotmob.com/image_resources/logo/teamlogo/10203.png,2026-10-31,16:00
9,https://www.fotmob.com/matches/chelsea-vs-manchester-united/2w9xj5#5795498,5795498,Chelsea,8455,Manchester United,10260,False,False,False,47,Premier League,2026/2027,ENG,,,,,,https://images.fotmob.com/image_resources/logo/teamlogo/8455.png,https://images.fotmob.com/image_resources/logo/teamlogo/10260.png,2026-10-31,16:00
9,https://www.fotmob.com/matches/sunderland-vs-coventry-city/2fh3f8#5795499,5795499,Coventry City,8669,Sunderland,8472,False,False,False,47,Premier League,2026/2027,ENG,,,,,,https://images.fotmob.com/image_resources/logo/teamlogo/8669.png,https://images.fotmob.com/image_resources/logo/teamlogo/8472.png,2026-10-31,16:00
9,https://www.fotmob.com/matches/hull-city-vs-ipswich-town/2unmhn#5795500,5795500,Hull City,8667,Ipswich Town,9902,False,False,False,47,Premier League,2026/2027,ENG,,,,,,https://images.fotmob.com/image_resources/logo/teamlogo/8667.png,https://images.fotmob.com/image_resources/logo/teamlogo/9902.png,2026-10-31,16:00
9,https://www.fotmob.com/matches/liverpool-vs-arsenal/2tmaz7#5795501,5795501,Liverpool,8650,Arsenal,9825,False,False,False,47,Premier League,2026/2027,ENG,,,,,,https://images.fotmob.com/image_resources/logo/teamlogo/8650.png,https://images.fotmob.com/image_resources/logo/teamlogo/9825.png,2026-10-31,16:00
9,https://www.fotmob.com/matches/manchester-city-vs-brighton-hove-albion/2vnwg2#5795502,5795502,Manchester City,8456,Brighton & Hove Albion,10204,False,False,False,47,Premier League,2026/2027,ENG,,,,,,https://images.fotmob.com/image_resources/logo/teamlogo/8456.png,https://images.fotmob.com/image_resources/logo/teamlogo/10204.png,2026-10-31,16:00
9,https://www.fotmob.com/matches/everton-vs-newcastle-united/2yo9qd#5795503,5795503,Newcastle United,10261,Everton,8668,False,False,False,47,Premier League,2026/2027,ENG,,,,,,https://images.fotmob.com/image_resources/logo/teamlogo/10261.png,https://images.fotmob.com/image_resources/logo/teamlogo/8668.png,2026-10-31,16:00
9,https://www.fotmob.com/matches/tottenham-hotspur-vs-crystal-palace/2sxee8#5795504,5795504,Tottenham Hotspur,8586,Crystal Palace,9826,False,False,False,47,Premier League,2026/2027,ENG,,,,,,https://images.fotmob.com/image_resources/logo/teamlogo/8586.png,https://images.fotmob.com/image_resources/logo/teamlogo/9826.png,2026-10-31,16:00
10,https://www.fotmob.com/matches/hull-city-vs-arsenal/2tt1fr#5795505,5795505,Arsenal,9825,Hull City,8667,False,False,False,47,Premier League,2026/2027,ENG,,,,,,https://images.fotmob.com/image_resources/logo/teamlogo/9825.png,https://images.fotmob.com/image_resources/logo/teamlogo/8667.png,2026-11-07,16:00
10,https://www.fotmob.com/matches/brentford-vs-brighton-hove-albion/3crs0s#5795506,5795506,Brighton & Hove Albion,10204,Brentford,9937,False,False,False,47,Premier League,2026/2027,ENG,,,,,,https://images.fotmob.com/image_resources/logo/teamlogo/10204.png,https://images.fotmob.com/image_resources/logo/teamlogo/9937.png,2026-11-07,16:00
10,https://www.fotmob.com/matches/liverpool-vs-crystal-palace/2tmp8g#5795507,5795507,Crystal Palace,9826,Liverpool,8650,False,False,False,47,Premier League,2026/2027,ENG,,,,,,https://images.fotmob.com/image_resources/logo/teamlogo/9826.png,https://images.fotmob.com/image_resources/logo/teamlogo/8650.png,2026-11-07,16:00
10,https://www.fotmob.com/matches/everton-vs-coventry-city/2hhimq#5795508,5795508,Everton,8668,Coventry City,8669,False,False,False,47,Premier League,2026/2027,ENG,,,,,,https://images.fotmob.com/image_resources/logo/teamlogo/8668.png,https://images.fotmob.com/image_resources/logo/teamlogo/8669.png,2026-11-07,16:00
10,https://www.fotmob.com/matches/fulham-vs-newcastle-united/3crcfp#5795509,5795509,Fulham,9879,Newcastle United,10261,False,False,False,47,Premier League,2026/2027,ENG,,,,,,https://images.fotmob.com/image_resources/logo/teamlogo/9879.png,https://images.fotmob.com/image_resources/logo/teamlogo/10261.png,2026-11-07,16:00
10,https://www.fotmob.com/matches/afc-bournemouth-vs-ipswich-town/2us05c#5795510,5795510,Ipswich Town,9902,AFC Bournemouth,8678,False,False,False,47,Premier League,2026/2027,ENG,,,,,,https://images.fotmob.com/image_resources/logo/teamlogo/9902.png,https://images.fotmob.com/image_resources/logo/teamlogo/8678.png,2026-11-07,16:00
10,https://www.fotmob.com/matches/leeds-united-vs-tottenham-hotspur/2ejdsf#5795511,5795511,Leeds United,8463,Tottenham Hotspur,8586,False,False,False,47,Premier League,2026/2027,ENG,,,,,,https://images.fotmob.com/image_resources/logo/teamlogo/8463.png,https://images.fotmob.com/image_resources/logo/teamlogo/8586.png,2026-11-07,16:00
10,https://www.fotmob.com/matches/aston-villa-vs-manchester-united/3h9f6s#5795512,5795512,Manchester United,10260,Aston Villa,10252,False,False,False,47,Premier League,2026/2027,ENG,,,,,,https://images.fotmob.com/image_resources/logo/teamlogo/10260.png,https://images.fotmob.com/image_resources/logo/teamlogo/10252.png,2026-11-07,16:00
10,https://www.fotmob.com/matches/manchester-city-vs-nottingham-forest/2vni1q#5795513,5795513,Nottingham Forest,10203,Manchester City,8456,False,False,False,47,Premier League,2026/2027,ENG,,,,,,https://images.fotmob.com/image_resources/logo/teamlogo/10203.png,https://images.fotmob.com/image_resources/logo/teamlogo/8456.png,2026-11-07,16:00
10,https://www.fotmob.com/matches/chelsea-vs-sunderland/2dayh4#5795514,5795514,Sunderland,8472,Chelsea,8455,False,False,False,47,Premier League,2026/2027,ENG,,,,,,https://images.fotmob.com/image_resources/logo/teamlogo/8472.png,https://images.fotmob.com/image_resources/logo/teamlogo/8455.png,2026-11-07,16:00
11,https://www.fotmob.com/matches/afc-bournemouth-vs-nottingham-forest/2y4tjb#5795515,5795515,AFC Bournemouth,8678,Nottingham Forest,10203,False,False,False,47,Premier League,2026/2027,ENG,,,,,,https://images.fotmob.com/image_resources/logo/teamlogo/8678.png,https://images.fotmob.com/image_resources/logo/teamlogo/10203.png,2026-11-21,16:00
11,https://www.fotmob.com/matches/sunderland-vs-aston-villa/2wdjjm#5795516,5795516,Aston Villa,10252,Sunderland,8472,False,False,False,47,Premier League,2026/2027,ENG,,,,,,https://images.fotmob.com/image_resources/logo/teamlogo/10252.png,https://images.fotmob.com/image_resources/logo/teamlogo/8472.png,2026-11-21,16:00
11,https://www.fotmob.com/matches/everton-vs-brentford/2v1yu4#5795517,5795517,Brentford,9937,Everton,8668,False,False,False,47,Premier League,2026/2027,ENG,,,,,,https://images.fotmob.com/image_resources/logo/teamlogo/9937.png,https://images.fotmob.com/image_resources/logo/teamlogo/8668.png,2026-11-21,16:00
11,https://www.fotmob.com/matches/chelsea-vs-leeds-united/2d7oy4#5795518,5795518,Chelsea,8455,Leeds United,8463,False,False,False,47,Premier League,2026/2027,ENG,,,,,,https://images.fotmob.com/image_resources/logo/teamlogo/8455.png,https://images.fotmob.com/image_resources/logo/teamlogo/8463.png,2026-11-21,16:00
11,https://www.fotmob.com/matches/coventry-city-vs-crystal-palace/2tu88y#5795519,5795519,Coventry City,8669,Crystal Palace,9826,False,False,False,47,Premier League,2026/2027,ENG,,,,,,https://images.fotmob.com/image_resources/logo/teamlogo/8669.png,https://images.fotmob.com/image_resources/logo/teamlogo/9826.png,2026-11-21,16:00
11,https://www.fotmob.com/matches/hull-city-vs-brighton-hove-albion/2y0rvj#5795520,5795520,Hull City,8667,Brighton & Hove Albion,10204,False,False,False,47,Premier League,2026/2027,ENG,,,,,,https://images.fotmob.com/image_resources/logo/teamlogo/8667.png,https://images.fotmob.com/image_resources/logo/teamlogo/10204.png,2026-11-21,16:00
11,https://www.fotmob.com/matches/liverpool-vs-manchester-united/2ygkcb#5795521,5795521,Liverpool,8650,Manchester United,10260,False,False,False,47,Premier League,2026/2027,ENG,,,,,,https://images.fotmob.com/image_resources/logo/teamlogo/8650.png,https://images.fotmob.com/image_resources/logo/teamlogo/10260.png,2026-11-21,16:00
11,https://www.fotmob.com/matches/manchester-city-vs-fulham/2s32rr#5795522,5795522,Manchester City,8456,Fulham,9879,False,False,False,47,Premier League,2026/2027,ENG,,,,,,https://images.fotmob.com/image_resources/logo/teamlogo/8456.png,https://images.fotmob.com/image_resources/logo/teamlogo/9879.png,2026-11-21,16:00
11,https://www.fotmob.com/matches/arsenal-vs-newcastle-united/3c42by#5795523,5795523,Newcastle United,10261,Arsenal,9825,False,False,False,47,Premier League,2026/2027,ENG,,,,,,https://images.fotmob.com/image_resources/logo/teamlogo/10261.png,https://images.fotmob.com/image_resources/logo/teamlogo/9825.png,2026-11-21,16:00
11,https://www.fotmob.com/matches/tottenham-hotspur-vs-ipswich-town/2trgfe#5795524,5795524,Tottenham Hotspur,8586,Ipswich Town,9902,False,False,False,47,Premier League,2026/2027,ENG,,,,,,https://images.fotmob.com/image_resources/logo/teamlogo/8586.png,https://images.fotmob.com/image_resources/logo/teamlogo/9902.png,2026-11-21,16:00
12,https://www.fotmob.com/matches/manchester-city-vs-arsenal/2rhvvi#5795525,5795525,Arsenal,9825,Manchester City,8456,False,False,False,47,Premier League,2026/2027,ENG,,,,,,https://images.fotmob.com/image_resources/logo/teamlogo/9825.png,https://images.fotmob.com/image_resources/logo/teamlogo/8456.png,2026-11-28,16:00
12,https://www.fotmob.com/matches/brighton-hove-albion-vs-newcastle-united/3gos5a#5795526,5795526,Brighton & Hove Albion,10204,Newcastle United,10261,False,False,False,47,Premier League,2026/2027,ENG,,,,,,https://images.fotmob.com/image_resources/logo/teamlogo/10204.png,https://images.fotmob.com/image_resources/logo/teamlogo/10261.png,2026-11-28,16:00
12,https://www.fotmob.com/matches/hull-city-vs-crystal-palace/2ttfph#5795527,5795527,Crystal Palace,9826,Hull City,8667,False,False,False,47,Premier League,2026/2027,ENG,,,,,,https://images.fotmob.com/image_resources/logo/teamlogo/9826.png,https://images.fotmob.com/image_resources/logo/teamlogo/8667.png,2026-11-28,16:00
12,https://www.fotmob.com/matches/liverpool-vs-everton/2hagld#5795528,5795528,Everton,8668,Liverpool,8650,False,False,False,47,Premier League,2026/2027,ENG,,,,,,https://images.fotmob.com/image_resources/logo/teamlogo/8668.png,https://images.fotmob.com/image_resources/logo/teamlogo/8650.png,2026-11-28,16:00
12,https://www.fotmob.com/matches/afc-bournemouth-vs-fulham/2uiul6#5795529,5795529,Fulham,9879,AFC Bournemouth,8678,False,False,False,47,Premier League,2026/2027,ENG,,,,,,https://images.fotmob.com/image_resources/logo/teamlogo/9879.png,https://images.fotmob.com/image_resources/logo/teamlogo/8678.png,2026-11-28,16:00
12,https://www.fotmob.com/matches/ipswich-town-vs-aston-villa/3cxe3h#5795530,5795530,Ipswich Town,9902,Aston Villa,10252,False,False,False,47,Premier League,2026/2027,ENG,,,,,,https://images.fotmob.com/image_resources/logo/teamlogo/9902.png,https://images.fotmob.com/image_resources/logo/teamlogo/10252.png,2026-11-28,16:00
12,https://www.fotmob.com/matches/leeds-united-vs-coventry-city/2fdsez#5795531,5795531,Leeds United,8463,Coventry City,8669,False,False,False,47,Premier League,2026/2027,ENG,,,,,,https://images.fotmob.com/image_resources/logo/teamlogo/8463.png,https://images.fotmob.com/image_resources/logo/teamlogo/8669.png,2026-11-28,16:00
12,https://www.fotmob.com/matches/brentford-vs-manchester-united/3dfzjk#5795532,5795532,Manchester United,10260,Brentford,9937,False,False,False,47,Premier League,2026/2027,ENG,,,,,,https://images.fotmob.com/image_resources/logo/teamlogo/10260.png,https://images.fotmob.com/image_resources/logo/teamlogo/9937.png,2026-11-28,16:00
12,https://www.fotmob.com/matches/chelsea-vs-nottingham-forest/2vn3ne#5795533,5795533,Nottingham Forest,10203,Chelsea,8455,False,False,False,47,Premier League,2026/2027,ENG,,,,,,https://images.fotmob.com/image_resources/logo/teamlogo/10203.png,https://images.fotmob.com/image_resources/logo/teamlogo/8455.png,2026-11-28,16:00
12,https://www.fotmob.com/matches/sunderland-vs-tottenham-hotspur/2emo7x#5795534,5795534,Sunderland,8472,Tottenham Hotspur,8586,False,False,False,47,Premier League,2026/2027,ENG,,,,,,https://images.fotmob.com/image_resources/logo/teamlogo/8472.png,https://images.fotmob.com/image_resources/logo/teamlogo/8586.png,2026-11-28,16:00
13,https://www.fotmob.com/matches/afc-bournemouth-vs-brighton-hove-albion/2y583t#5795535,5795535,AFC Bournemouth,8678,Brighton & Hove Albion,10204,False,False,False,47,Premier League,2026/2027,ENG,,,,,,https://images.fotmob.com/image_resources/logo/teamlogo/8678.png,https://images.fotmob.com/image_resources/logo/teamlogo/10204.png,2026-12-02,21:00
13,https://www.fotmob.com/matches/everton-vs-aston-villa/2ykmb4#5795536,5795536,Aston Villa,10252,Everton,8668,False,False,False,47,Premier League,2026/2027,ENG,,,,,,https://images.fotmob.com/image_resources/logo/teamlogo/10252.png,https://images.fotmob.com/image_resources/logo/teamlogo/8668.png,2026-12-02,21:00
13,https://www.fotmob.com/matches/arsenal-vs-brentford/389pak#5795537,5795537,Brentford,9937,Arsenal,9825,False,False,False,47,Premier League,2026/2027,ENG,,,,,,https://images.fotmob.com/image_resources/logo/teamlogo/9937.png,https://images.fotmob.com/image_resources/logo/teamlogo/9825.png,2026-12-02,21:00
13,https://www.fotmob.com/matches/chelsea-vs-crystal-palace/2rhvvj#5795538,5795538,Chelsea,8455,Crystal Palace,9826,False,False,False,47,Premier League,2026/2027,ENG,,,,,,https://images.fotmob.com/image_resources/logo/teamlogo/8455.png,https://images.fotmob.com/image_resources/logo/teamlogo/9826.png,2026-12-02,21:00
13,https://www.fotmob.com/matches/coventry-city-vs-ipswich-town/2uof5c#5795539,5795539,Coventry City,8669,Ipswich Town,9902,False,False,False,47,Premier League,2026/2027,ENG,,,,,,https://images.fotmob.com/image_resources/logo/teamlogo/8669.png,https://images.fotmob.com/image_resources/logo/teamlogo/9902.png,2026-12-02,21:00
13,https://www.fotmob.com/matches/hull-city-vs-nottingham-forest/2y0dbc#5795540,5795540,Hull City,8667,Nottingham Forest,10203,False,False,False,47,Premier League,2026/2027,ENG,,,,,,https://images.fotmob.com/image_resources/logo/teamlogo/8667.png,https://images.fotmob.com/image_resources/logo/teamlogo/10203.png,2026-12-02,21:00
13,https://www.fotmob.com/matches/sunderland-vs-liverpool/2fa48t#5795541,5795541,Liverpool,8650,Sunderland,8472,False,False,False,47,Premier League,2026/2027,ENG,,,,,,https://images.fotmob.com/image_resources/logo/teamlogo/8650.png,https://images.fotmob.com/image_resources/logo/teamlogo/8472.png,2026-12-02,21:00
13,https://www.fotmob.com/matches/manchester-city-vs-leeds-united/2d8203#5795542,5795542,Manchester City,8456,Leeds United,8463,False,False,False,47,Premier League,2026/2027,ENG,,,,,,https://images.fotmob.com/image_resources/logo/teamlogo/8456.png,https://images.fotmob.com/image_resources/logo/teamlogo/8463.png,2026-12-02,21:00
13,https://www.fotmob.com/matches/manchester-united-vs-newcastle-united/3hddo2#5795543,5795543,Newcastle United,10261,Manchester United,10260,False,False,False,47,Premier League,2026/2027,ENG,,,,,,https://images.fotmob.com/image_resources/logo/teamlogo/10261.png,https://images.fotmob.com/image_resources/logo/teamlogo/10260.png,2026-12-02,21:00
13,https://www.fotmob.com/matches/tottenham-hotspur-vs-fulham/2tici0#5795544,5795544,Tottenham Hotspur,8586,Fulham,9879,False,False,False,47,Premier League,2026/2027,ENG,,,,,,https://images.fotmob.com/image_resources/logo/teamlogo/8586.png,https://images.fotmob.com/image_resources/logo/teamlogo/9879.png,2026-12-02,21:00
14,https://www.fotmob.com/matches/hull-city-vs-afc-bournemouth/2hkhon#5795545,5795545,AFC Bournemouth,8678,Hull City,8667,False,False,False,47,Premier League,2026/2027,ENG,,,,,,https://images.fotmob.com/image_resources/logo/teamlogo/8678.png,https://images.fotmob.com/image_resources/logo/teamlogo/8667.png,2026-12-05,16:00
14,https://www.fotmob.com/matches/crystal-palace-vs-aston-villa/3c0md7#5795546,5795546,Aston Villa,10252,Crystal Palace,9826,False,False,False,47,Premier League,2026/2027,ENG,,,,,,https://images.fotmob.com/image_resources/logo/teamlogo/10252.png,https://images.fotmob.com/image_resources/logo/teamlogo/9826.png,2026-12-05,16:00
14,https://www.fotmob.com/matches/manchester-city-vs-brentford/2spwom#5795547,5795547,Brentford,9937,Manchester City,8456,False,False,False,47,Premier League,2026/2027,ENG,,,,,,https://images.fotmob.com/image_resources/logo/teamlogo/9937.png,https://images.fotmob.com/image_resources/logo/teamlogo/8456.png,2026-12-05,16:00
14,https://www.fotmob.com/matches/chelsea-vs-liverpool/2f3vr7#5795548,5795548,Chelsea,8455,Liverpool,8650,False,False,False,47,Premier League,2026/2027,ENG,,,,,,https://images.fotmob.com/image_resources/logo/teamlogo/8455.png,https://images.fotmob.com/image_resources/logo/teamlogo/8650.png,2026-12-05,16:00
14,https://www.fotmob.com/matches/everton-vs-fulham/2uevfp#5795549,5795549,Everton,8668,Fulham,9879,False,False,False,47,Premier League,2026/2027,ENG,,,,,,https://images.fotmob.com/image_resources/logo/teamlogo/8668.png,https://images.fotmob.com/image_resources/logo/teamlogo/9879.png,2026-12-05,16:00
14,https://www.fotmob.com/matches/leeds-united-vs-ipswich-town/2sevkh#5795550,5795550,Leeds United,8463,Ipswich Town,9902,False,False,False,47,Premier League,2026/2027,ENG,,,,,,https://images.fotmob.com/image_resources/logo/teamlogo/8463.png,https://images.fotmob.com/image_resources/logo/teamlogo/9902.png,2026-12-05,16:00
14,https://www.fotmob.com/matches/coventry-city-vs-manchester-united/2yo9qe#5795551,5795551,Manchester United,10260,Coventry City,8669,False,False,False,47,Premier League,2026/2027,ENG,,,,,,https://images.fotmob.com/image_resources/logo/teamlogo/10260.png,https://images.fotmob.com/image_resources/logo/teamlogo/8669.png,2026-12-05,16:00
14,https://www.fotmob.com/matches/sunderland-vs-newcastle-united/2wh5lv#5795552,5795552,Newcastle United,10261,Sunderland,8472,False,False,False,47,Premier League,2026/2027,ENG,,,,,,https://images.fotmob.com/image_resources/logo/teamlogo/10261.png,https://images.fotmob.com/image_resources/logo/teamlogo/8472.png,2026-12-05,16:00
14,https://www.fotmob.com/matches/nottingham-forest-vs-brighton-hove-albion/3fzdi8#5795553,5795553,Nottingham Forest,10203,Brighton & Hove Albion,10204,False,False,False,47,Premier League,2026/2027,ENG,,,,,,https://images.fotmob.com/image_resources/logo/teamlogo/10203.png,https://images.fotmob.com/image_resources/logo/teamlogo/10204.png,2026-12-05,16:00
14,https://www.fotmob.com/matches/tottenham-hotspur-vs-arsenal/2sx06r#5795554,5795554,Tottenham Hotspur,8586,Arsenal,9825,False,False,False,47,Premier League,2026/2027,ENG,,,,,,https://images.fotmob.com/image_resources/logo/teamlogo/8586.png,https://images.fotmob.com/image_resources/logo/teamlogo/9825.png,2026-12-05,16:00
15,https://www.fotmob.com/matches/afc-bournemouth-vs-arsenal/2txefx#5795555,5795555,Arsenal,9825,AFC Bournemouth,8678,False,False,False,47,Premier League,2026/2027,ENG,,,,,,https://images.fotmob.com/image_resources/logo/teamlogo/9825.png,https://images.fotmob.com/image_resources/logo/teamlogo/8678.png,2026-12-12,16:00
15,https://www.fotmob.com/matches/everton-vs-brighton-hove-albion/2y16fs#5795556,5795556,Brighton & Hove Albion,10204,Everton,8668,False,False,False,47,Premier League,2026/2027,ENG,,,,,,https://images.fotmob.com/image_resources/logo/teamlogo/10204.png,https://images.fotmob.com/image_resources/logo/teamlogo/8668.png,2026-12-12,16:00
15,https://www.fotmob.com/matches/coventry-city-vs-aston-villa/2yl0wq#5795557,5795557,Coventry City,8669,Aston Villa,10252,False,False,False,47,Premier League,2026/2027,ENG,,,,,,https://images.fotmob.com/image_resources/logo/teamlogo/8669.png,https://images.fotmob.com/image_resources/logo/teamlogo/10252.png,2026-12-12,16:00
15,https://www.fotmob.com/matches/crystal-palace-vs-manchester-united/3c42bz#5795558,5795558,Crystal Palace,9826,Manchester United,10260,False,False,False,47,Premier League,2026/2027,ENG,,,,,,https://images.fotmob.com/image_resources/logo/teamlogo/9826.png,https://images.fotmob.com/image_resources/logo/teamlogo/10260.png,2026-12-12,16:00
15,https://www.fotmob.com/matches/fulham-vs-brentford/38wlut#5795559,5795559,Fulham,9879,Brentford,9937,False,False,False,47,Premier League,2026/2027,ENG,,,,,,https://images.fotmob.com/image_resources/logo/teamlogo/9879.png,https://images.fotmob.com/image_resources/logo/teamlogo/9937.png,2026-12-12,16:00
15,https://www.fotmob.com/matches/tottenham-hotspur-vs-hull-city/2gmdmi#5795560,5795560,Hull City,8667,Tottenham Hotspur,8586,False,False,False,47,Premier League,2026/2027,ENG,,,,,,https://images.fotmob.com/image_resources/logo/teamlogo/8667.png,https://images.fotmob.com/image_resources/logo/teamlogo/8586.png,2026-12-12,16:00
15,https://www.fotmob.com/matches/ipswich-town-vs-newcastle-united/3d1a38#5795561,5795561,Ipswich Town,9902,Newcastle United,10261,False,False,False,47,Premier League,2026/2027,ENG,,,,,,https://images.fotmob.com/image_resources/logo/teamlogo/9902.png,https://images.fotmob.com/image_resources/logo/teamlogo/10261.png,2026-12-12,16:00
15,https://www.fotmob.com/matches/leeds-united-vs-liverpool/2f6tdb#5795562,5795562,Liverpool,8650,Leeds United,8463,False,False,False,47,Premier League,2026/2027,ENG,,,,,,https://images.fotmob.com/image_resources/logo/teamlogo/8650.png,https://images.fotmob.com/image_resources/logo/teamlogo/8463.png,2026-12-12,16:00
15,https://www.fotmob.com/matches/chelsea-vs-manchester-city/2d55kw#5795563,5795563,Manchester City,8456,Chelsea,8455,False,False,False,47,Premier League,2026/2027,ENG,,,,,,https://images.fotmob.com/image_resources/logo/teamlogo/8456.png,https://images.fotmob.com/image_resources/logo/teamlogo/8455.png,2026-12-12,16:00
15,https://www.fotmob.com/matches/sunderland-vs-nottingham-forest/2vtwiu#5795564,5795564,Sunderland,8472,Nottingham Forest,10203,False,False,False,47,Premier League,2026/2027,ENG,,,,,,https://images.fotmob.com/image_resources/logo/teamlogo/8472.png,https://images.fotmob.com/image_resources/logo/teamlogo/10203.png,2026-12-12,16:00
16,https://www.fotmob.com/matches/coventry-city-vs-afc-bournemouth/2hl8gc#5795565,5795565,AFC Bournemouth,8678,Coventry City,8669,False,False,False,47,Premier League,2026/2027,ENG,,,,,,https://images.fotmob.com/image_resources/logo/teamlogo/8678.png,https://images.fotmob.com/image_resources/logo/teamlogo/8669.png,2026-12-19,16:00
16,https://www.fotmob.com/matches/arsenal-vs-manchester-united/3c3mu0#5795566,5795566,Arsenal,9825,Manchester United,10260,False,False,False,47,Premier League,2026/2027,ENG,,,,,,https://images.fotmob.com/image_resources/logo/teamlogo/9825.png,https://images.fotmob.com/image_resources/logo/teamlogo/10260.png,2026-12-19,16:00
16,https://www.fotmob.com/matches/brentford-vs-newcastle-united/3dgf4m#5795567,5795567,Brentford,9937,Newcastle United,10261,False,False,False,47,Premier League,2026/2027,ENG,,,,,,https://images.fotmob.com/image_resources/logo/teamlogo/9937.png,https://images.fotmob.com/image_resources/logo/teamlogo/10261.png,2026-12-19,16:00
16,https://www.fotmob.com/matches/ipswich-town-vs-brighton-hove-albion/3ccoit#5795568,5795568,Brighton & Hove Albion,10204,Ipswich Town,9902,False,False,False,47,Premier League,2026/2027,ENG,,,,,,https://images.fotmob.com/image_resources/logo/teamlogo/10204.png,https://images.fotmob.com/image_resources/logo/teamlogo/9902.png,2026-12-19,16:00
16,https://www.fotmob.com/matches/chelsea-vs-aston-villa/2w6q11#5795569,5795569,Chelsea,8455,Aston Villa,10252,False,False,False,47,Premier League,2026/2027,ENG,,,,,,https://images.fotmob.com/image_resources/logo/teamlogo/8455.png,https://images.fotmob.com/image_resources/logo/teamlogo/10252.png,2026-12-19,16:00
16,https://www.fotmob.com/matches/leeds-united-vs-fulham/2s5tto#5795570,5795570,Leeds United,8463,Fulham,9879,False,False,False,47,Premier League,2026/2027,ENG,,,,,,https://images.fotmob.com/image_resources/logo/teamlogo/8463.png,https://images.fotmob.com/image_resources/logo/teamlogo/9879.png,2026-12-19,16:00
16,https://www.fotmob.com/matches/tottenham-hotspur-vs-liverpool/2gg3ek#5795571,5795571,Liverpool,8650,Tottenham Hotspur,8586,False,False,False,47,Premier League,2026/2027,ENG,,,,,,https://images.fotmob.com/image_resources/logo/teamlogo/8650.png,https://images.fotmob.com/image_resources/logo/teamlogo/8586.png,2026-12-19,16:00
16,https://www.fotmob.com/matches/manchester-city-vs-hull-city/2fahgx#5795572,5795572,Manchester City,8456,Hull City,8667,False,False,False,47,Premier League,2026/2027,ENG,,,,,,https://images.fotmob.com/image_resources/logo/teamlogo/8456.png,https://images.fotmob.com/image_resources/logo/teamlogo/8667.png,2026-12-19,16:00
16,https://www.fotmob.com/matches/everton-vs-nottingham-forest/2y0rvk#5795573,5795573,Nottingham Forest,10203,Everton,8668,False,False,False,47,Premier League,2026/2027,ENG,,,,,,https://images.fotmob.com/image_resources/logo/teamlogo/10203.png,https://images.fotmob.com/image_resources/logo/teamlogo/8668.png,2026-12-19,16:00
16,https://www.fotmob.com/matches/sunderland-vs-crystal-palace/2rojsh#5795574,5795574,Sunderland,8472,Crystal Palace,9826,False,False,False,47,Premier League,2026/2027,ENG,,,,,,https://images.fotmob.com/image_resources/logo/teamlogo/8472.png,https://images.fotmob.com/image_resources/logo/teamlogo/9826.png,2026-12-19,16:00
17,https://www.fotmob.com/matches/leeds-united-vs-aston-villa/2w9xjd#5795575,5795575,Aston Villa,10252,Leeds United,8463,False,False,False,47,Premier League,2026/2027,ENG,,,,,,https://images.fotmob.com/image_resources/logo/teamlogo/10252.png,https://images.fotmob.com/image_resources/logo/teamlogo/8463.png,2026-12-26,16:00
17,https://www.fotmob.com/matches/chelsea-vs-coventry-city/2fauon#5795576,5795576,Coventry City,8669,Chelsea,8455,False,False,False,47,Premier League,2026/2027,ENG,,,,,,https://images.fotmob.com/image_resources/logo/teamlogo/8669.png,https://images.fotmob.com/image_resources/logo/teamlogo/8455.png,2026-12-26,16:00
17,https://www.fotmob.com/matches/arsenal-vs-crystal-palace/36ytc8#5795577,5795577,Crystal Palace,9826,Arsenal,9825,False,False,False,47,Premier League,2026/2027,ENG,,,,,,https://images.fotmob.com/image_resources/logo/teamlogo/9826.png,https://images.fotmob.com/image_resources/logo/teamlogo/9825.png,2026-12-26,16:00
17,https://www.fotmob.com/matches/sunderland-vs-everton/2fgq72#5795578,5795578,Everton,8668,Sunderland,8472,False,False,False,47,Premier League,2026/2027,ENG,,,,,,https://images.fotmob.com/image_resources/logo/teamlogo/8668.png,https://images.fotmob.com/image_resources/logo/teamlogo/8472.png,2026-12-26,16:00
17,https://www.fotmob.com/matches/fulham-vs-brighton-hove-albion/3c2rvp#5795579,5795579,Fulham,9879,Brighton & Hove Albion,10204,False,False,False,47,Premier League,2026/2027,ENG,,,,,,https://images.fotmob.com/image_resources/logo/teamlogo/9879.png,https://images.fotmob.com/image_resources/logo/teamlogo/10204.png,2026-12-26,16:00
17,https://www.fotmob.com/matches/liverpool-vs-hull-city/2ha38a#5795580,5795580,Hull City,8667,Liverpool,8650,False,False,False,47,Premier League,2026/2027,ENG,,,,,,https://images.fotmob.com/image_resources/logo/teamlogo/8667.png,https://images.fotmob.com/image_resources/logo/teamlogo/8650.png,2026-12-26,16:00
17,https://www.fotmob.com/matches/ipswich-town-vs-brentford/396dqp#5795581,5795581,Ipswich Town,9902,Brentford,9937,False,False,False,47,Premier League,2026/2027,ENG,,,,,,https://images.fotmob.com/image_resources/logo/teamlogo/9902.png,https://images.fotmob.com/image_resources/logo/teamlogo/9937.png,2026-12-26,16:00
17,https://www.fotmob.com/matches/nottingham-forest-vs-manchester-united/3gnwkc#5795582,5795582,Manchester United,10260,Nottingham Forest,10203,False,False,False,47,Premier League,2026/2027,ENG,,,,,,https://images.fotmob.com/image_resources/logo/teamlogo/10260.png,https://images.fotmob.com/image_resources/logo/teamlogo/10203.png,2026-12-26,16:00
17,https://www.fotmob.com/matches/manchester-city-vs-newcastle-united/2waqez#5795583,5795583,Newcastle United,10261,Manchester City,8456,False,False,False,47,Premier League,2026/2027,ENG,,,,,,https://images.fotmob.com/image_resources/logo/teamlogo/10261.png,https://images.fotmob.com/image_resources/logo/teamlogo/8456.png,2026-12-26,16:00
17,https://www.fotmob.com/matches/tottenham-hotspur-vs-afc-bournemouth/2gqg4e#5795584,5795584,Tottenham Hotspur,8586,AFC Bournemouth,8678,False,False,False,47,Premier League,2026/2027,ENG,,,,,,https://images.fotmob.com/image_resources/logo/teamlogo/8586.png,https://images.fotmob.com/image_resources/logo/teamlogo/8678.png,2026-12-26,16:00
18,https://www.fotmob.com/matches/liverpool-vs-aston-villa/2ydbmv#5795585,5795585,Aston Villa,10252,Liverpool,8650,False,False,False,47,Premier League,2026/2027,ENG,,,,,,https://images.fotmob.com/image_resources/logo/teamlogo/10252.png,https://images.fotmob.com/image_resources/logo/teamlogo/8650.png,2026-12-30,21:00
18,https://www.fotmob.com/matches/coventry-city-vs-brentford/2v2d6y#5795586,5795586,Coventry City,8669,Brentford,9937,False,False,False,47,Premier League,2026/2027,ENG,,,,,,https://images.fotmob.com/image_resources/logo/teamlogo/8669.png,https://images.fotmob.com/image_resources/logo/teamlogo/9937.png,2026-12-30,21:00
18,https://www.fotmob.com/matches/afc-bournemouth-vs-crystal-palace/2txspy#5795587,5795587,Crystal Palace,9826,AFC Bournemouth,8678,False,False,False,47,Premier League,2026/2027,ENG,,,,,,https://images.fotmob.com/image_resources/logo/teamlogo/9826.png,https://images.fotmob.com/image_resources/logo/teamlogo/8678.png,2026-12-30,21:00
18,https://www.fotmob.com/matches/manchester-city-vs-everton/2fauom#5795588,5795588,Everton,8668,Manchester City,8456,False,False,False,47,Premier League,2026/2027,ENG,,,,,,https://images.fotmob.com/image_resources/logo/teamlogo/8668.png,https://images.fotmob.com/image_resources/logo/teamlogo/8456.png,2026-12-30,21:00
18,https://www.fotmob.com/matches/arsenal-vs-fulham/37l643#5795589,5795589,Fulham,9879,Arsenal,9825,False,False,False,47,Premier League,2026/2027,ENG,,,,,,https://images.fotmob.com/image_resources/logo/teamlogo/9879.png,https://images.fotmob.com/image_resources/logo/teamlogo/9825.png,2026-12-30,21:00
18,https://www.fotmob.com/matches/leeds-united-vs-hull-city/2fd1z6#5795590,5795590,Hull City,8667,Leeds United,8463,False,False,False,47,Premier League,2026/2027,ENG,,,,,,https://images.fotmob.com/image_resources/logo/teamlogo/8667.png,https://images.fotmob.com/image_resources/logo/teamlogo/8463.png,2026-12-30,21:00
18,https://www.fotmob.com/matches/chelsea-vs-ipswich-town/2sbq85#5795591,5795591,Ipswich Town,9902,Chelsea,8455,False,False,False,47,Premier League,2026/2027,ENG,,,,,,https://images.fotmob.com/image_resources/logo/teamlogo/9902.png,https://images.fotmob.com/image_resources/logo/teamlogo/8455.png,2026-12-30,21:00
18,https://www.fotmob.com/matches/sunderland-vs-manchester-united/2wgr5i#5795592,5795592,Manchester United,10260,Sunderland,8472,False,False,False,47,Premier League,2026/2027,ENG,,,,,,https://images.fotmob.com/image_resources/logo/teamlogo/10260.png,https://images.fotmob.com/image_resources/logo/teamlogo/8472.png,2026-12-30,21:00
18,https://www.fotmob.com/matches/nottingham-forest-vs-newcastle-united/3gocct#5795593,5795593,Newcastle United,10261,Nottingham Forest,10203,False,False,False,47,Premier League,2026/2027,ENG,,,,,,https://images.fotmob.com/image_resources/logo/teamlogo/10261.png,https://images.fotmob.com/image_resources/logo/teamlogo/10203.png,2026-12-30,21:00
18,https://www.fotmob.com/matches/tottenham-hotspur-vs-brighton-hove-albion/2x42vj#5795594,5795594,Tottenham Hotspur,8586,Brighton & Hove Albion,10204,False,False,False,47,Premier League,2026/2027,ENG,,,,,,https://images.fotmob.com/image_resources/logo/teamlogo/8586.png,https://images.fotmob.com/image_resources/logo/teamlogo/10204.png,2026-12-30,21:00
19,https://www.fotmob.com/matches/afc-bournemouth-vs-aston-villa/2yooch#5795595,5795595,AFC Bournemouth,8678,Aston Villa,10252,False,False,False,47,Premier League,2026/2027,ENG,,,,,,https://images.fotmob.com/image_resources/logo/teamlogo/8678.png,https://images.fotmob.com/image_resources/logo/teamlogo/10252.png,2027-01-02,16:00
19,https://www.fotmob.com/matches/arsenal-vs-ipswich-town/37uw12#5795596,5795596,Arsenal,9825,Ipswich Town,9902,False,False,False,47,Premier League,2026/2027,ENG,,,,,,https://images.fotmob.com/image_resources/logo/teamlogo/9825.png,https://images.fotmob.com/image_resources/logo/teamlogo/9902.png,2027-01-02,16:00
19,https://www.fotmob.com/matches/crystal-palace-vs-brentford/38a4jj#5795597,5795597,Brentford,9937,Crystal Palace,9826,False,False,False,47,Premier League,2026/2027,ENG,,,,,,https://images.fotmob.com/image_resources/logo/teamlogo/9937.png,https://images.fotmob.com/image_resources/logo/teamlogo/9826.png,2027-01-02,16:00
19,https://www.fotmob.com/matches/brighton-hove-albion-vs-manchester-united/3goccs#5795598,5795598,Brighton & Hove Albion,10204,Manchester United,10260,False,False,False,47,Premier League,2026/2027,ENG,,,,,,https://images.fotmob.com/image_resources/logo/teamlogo/10204.png,https://images.fotmob.com/image_resources/logo/teamlogo/10260.png,2027-01-02,16:00
19,https://www.fotmob.com/matches/chelsea-vs-newcastle-united/2wabz1#5795599,5795599,Chelsea,8455,Newcastle United,10261,False,False,False,47,Premier League,2026/2027,ENG,,,,,,https://images.fotmob.com/image_resources/logo/teamlogo/8455.png,https://images.fotmob.com/image_resources/logo/teamlogo/10261.png,2027-01-02,16:00
19,https://www.fotmob.com/matches/leeds-united-vs-everton/2fdf72#5795600,5795600,Leeds United,8463,Everton,8668,False,False,False,47,Premier League,2026/2027,ENG,,,,,,https://images.fotmob.com/image_resources/logo/teamlogo/8463.png,https://images.fotmob.com/image_resources/logo/teamlogo/8668.png,2027-01-02,16:00
19,https://www.fotmob.com/matches/liverpool-vs-coventry-city/2hatyh#5795601,5795601,Liverpool,8650,Coventry City,8669,False,False,False,47,Premier League,2026/2027,ENG,,,,,,https://images.fotmob.com/image_resources/logo/teamlogo/8650.png,https://images.fotmob.com/image_resources/logo/teamlogo/8669.png,2027-01-02,16:00
19,https://www.fotmob.com/matches/manchester-city-vs-tottenham-hotspur/2egtpx#5795602,5795602,Manchester City,8456,Tottenham Hotspur,8586,False,False,False,47,Premier League,2026/2027,ENG,,,,,,https://images.fotmob.com/image_resources/logo/teamlogo/8456.png,https://images.fotmob.com/image_resources/logo/teamlogo/8586.png,2027-01-02,16:00
19,https://www.fotmob.com/matches/fulham-vs-nottingham-forest/3c2cdu#5795603,5795603,Nottingham Forest,10203,Fulham,9879,False,False,False,47,Premier League,2026/2027,ENG,,,,,,https://images.fotmob.com/image_resources/logo/teamlogo/10203.png,https://images.fotmob.com/image_resources/logo/teamlogo/9879.png,2027-01-02,16:00
19,https://www.fotmob.com/matches/sunderland-vs-hull-city/2fgcyx#5795604,5795604,Sunderland,8472,Hull City,8667,False,False,False,47,Premier League,2026/2027,ENG,,,,,,https://images.fotmob.com/image_resources/logo/teamlogo/8472.png,https://images.fotmob.com/image_resources/logo/teamlogo/8667.png,2027-01-02,16:00
20,https://www.fotmob.com/matches/arsenal-vs-brentford/389pak#5795605,5795605,Arsenal,9825,Brentford,9937,False,False,False,47,Premier League,2026/2027,ENG,,,,,,https://images.fotmob.com/image_resources/logo/teamlogo/9825.png,https://images.fotmob.com/image_resources/logo/teamlogo/9937.png,2027-01-06,21:00
20,https://www.fotmob.com/matches/afc-bournemouth-vs-brighton-hove-albion/2y583t#5795606,5795606,Brighton & Hove Albion,10204,AFC Bournemouth,8678,False,False,False,47,Premier League,2026/2027,ENG,,,,,,https://images.fotmob.com/image_resources/logo/teamlogo/10204.png,https://images.fotmob.com/image_resources/logo/teamlogo/8678.png,2027-01-06,21:00
20,https://www.fotmob.com/matches/chelsea-vs-crystal-palace/2rhvvj#5795607,5795607,Crystal Palace,9826,Chelsea,8455,False,False,False,47,Premier League,2026/2027,ENG,,,,,,https://images.fotmob.com/image_resources/logo/teamlogo/9826.png,https://images.fotmob.com/image_resources/logo/teamlogo/8455.png,2027-01-06,21:00
20,https://www.fotmob.com/matches/everton-vs-aston-villa/2ykmb4#5795608,5795608,Everton,8668,Aston Villa,10252,False,False,False,47,Premier League,2026/2027,ENG,,,,,,https://images.fotmob.com/image_resources/logo/teamlogo/8668.png,https://images.fotmob.com/image_resources/logo/teamlogo/10252.png,2027-01-06,21:00
20,https://www.fotmob.com/matches/tottenham-hotspur-vs-fulham/2tici0#5795609,5795609,Fulham,9879,Tottenham Hotspur,8586,False,False,False,47,Premier League,2026/2027,ENG,,,,,,https://images.fotmob.com/image_resources/logo/teamlogo/9879.png,https://images.fotmob.com/image_resources/logo/teamlogo/8586.png,2027-01-06,21:00
20,https://www.fotmob.com/matches/coventry-city-vs-ipswich-town/2uof5c#5795610,5795610,Ipswich Town,9902,Coventry City,8669,False,False,False,47,Premier League,2026/2027,ENG,,,,,,https://images.fotmob.com/image_resources/logo/teamlogo/9902.png,https://images.fotmob.com/image_resources/logo/teamlogo/8669.png,2027-01-06,21:00
20,https://www.fotmob.com/matches/manchester-city-vs-leeds-united/2d8203#5795611,5795611,Leeds United,8463,Manchester City,8456,False,False,False,47,Premier League,2026/2027,ENG,,,,,,https://images.fotmob.com/image_resources/logo/teamlogo/8463.png,https://images.fotmob.com/image_resources/logo/teamlogo/8456.png,2027-01-06,21:00
20,https://www.fotmob.com/matches/manchester-united-vs-newcastle-united/3hddo2#5795612,5795612,Manchester United,10260,Newcastle United,10261,False,False,False,47,Premier League,2026/2027,ENG,,,,,,https://images.fotmob.com/image_resources/logo/teamlogo/10260.png,https://images.fotmob.com/image_resources/logo/teamlogo/10261.png,2027-01-06,21:00
20,https://www.fotmob.com/matches/hull-city-vs-nottingham-forest/2y0dbc#5795613,5795613,Nottingham Forest,10203,Hull City,8667,False,False,False,47,Premier League,2026/2027,ENG,,,,,,https://images.fotmob.com/image_resources/logo/teamlogo/10203.png,https://images.fotmob.com/image_resources/logo/teamlogo/8667.png,2027-01-06,21:00
20,https://www.fotmob.com/matches/sunderland-vs-liverpool/2fa48t#5795614,5795614,Sunderland,8472,Liverpool,8650,False,False,False,47,Premier League,2026/2027,ENG,,,,,,https://images.fotmob.com/image_resources/logo/teamlogo/8472.png,https://images.fotmob.com/image_resources/logo/teamlogo/8650.png,2027-01-06,21:00
21,https://www.fotmob.com/matches/afc-bournemouth-vs-ipswich-town/2us05c#5795615,5795615,AFC Bournemouth,8678,Ipswich Town,9902,False,False,False,47,Premier League,2026/2027,ENG,,,,,,https://images.fotmob.com/image_resources/logo/teamlogo/8678.png,https://images.fotmob.com/image_resources/logo/teamlogo/9902.png,2027-01-16,16:00
21,https://www.fotmob.com/matches/aston-villa-vs-manchester-united/3h9f6s#5795616,5795616,Aston Villa,10252,Manchester United,10260,False,False,False,47,Premier League,2026/2027,ENG,,,,,,https://images.fotmob.com/image_resources/logo/teamlogo/10252.png,https://images.fotmob.com/image_resources/logo/teamlogo/10260.png,2027-01-16,16:00
21,https://www.fotmob.com/matches/brentford-vs-brighton-hove-albion/3crs0s#5795617,5795617,Brentford,9937,Brighton & Hove Albion,10204,False,False,False,47,Premier League,2026/2027,ENG,,,,,,https://images.fotmob.com/image_resources/logo/teamlogo/9937.png,https://images.fotmob.com/image_resources/logo/teamlogo/10204.png,2027-01-16,16:00
21,https://www.fotmob.com/matches/chelsea-vs-sunderland/2dayh4#5795618,5795618,Chelsea,8455,Sunderland,8472,False,False,False,47,Premier League,2026/2027,ENG,,,,,,https://images.fotmob.com/image_resources/logo/teamlogo/8455.png,https://images.fotmob.com/image_resources/logo/teamlogo/8472.png,2027-01-16,16:00
21,https://www.fotmob.com/matches/everton-vs-coventry-city/2hhimq#5795619,5795619,Coventry City,8669,Everton,8668,False,False,False,47,Premier League,2026/2027,ENG,,,,,,https://images.fotmob.com/image_resources/logo/teamlogo/8669.png,https://images.fotmob.com/image_resources/logo/teamlogo/8668.png,2027-01-16,16:00
21,https://www.fotmob.com/matches/hull-city-vs-arsenal/2tt1fr#5795620,5795620,Hull City,8667,Arsenal,9825,False,False,False,47,Premier League,2026/2027,ENG,,,,,,https://images.fotmob.com/image_resources/logo/teamlogo/8667.png,https://images.fotmob.com/image_resources/logo/teamlogo/9825.png,2027-01-16,16:00
21,https://www.fotmob.com/matches/liverpool-vs-crystal-palace/2tmp8g#5795621,5795621,Liverpool,8650,Crystal Palace,9826,False,False,False,47,Premier League,2026/2027,ENG,,,,,,https://images.fotmob.com/image_resources/logo/teamlogo/8650.png,https://images.fotmob.com/image_resources/logo/teamlogo/9826.png,2027-01-16,16:00
21,https://www.fotmob.com/matches/manchester-city-vs-nottingham-forest/2vni1q#5795622,5795622,Manchester City,8456,Nottingham Forest,10203,False,False,False,47,Premier League,2026/2027,ENG,,,,,,https://images.fotmob.com/image_resources/logo/teamlogo/8456.png,https://images.fotmob.com/image_resources/logo/teamlogo/10203.png,2027-01-16,16:00
21,https://www.fotmob.com/matches/fulham-vs-newcastle-united/3crcfp#5795623,5795623,Newcastle United,10261,Fulham,9879,False,False,False,47,Premier League,2026/2027,ENG,,,,,,https://images.fotmob.com/image_resources/logo/teamlogo/10261.png,https://images.fotmob.com/image_resources/logo/teamlogo/9879.png,2027-01-16,16:00
21,https://www.fotmob.com/matches/leeds-united-vs-tottenham-hotspur/2ejdsf#5795624,5795624,Tottenham Hotspur,8586,Leeds United,8463,False,False,False,47,Premier League,2026/2027,ENG,,,,,,https://images.fotmob.com/image_resources/logo/teamlogo/8586.png,https://images.fotmob.com/image_resources/logo/teamlogo/8463.png,2027-01-16,16:00
22,https://www.fotmob.com/matches/arsenal-vs-newcastle-united/3c42by#5795625,5795625,Arsenal,9825,Newcastle United,10261,False,False,False,47,Premier League,2026/2027,ENG,,,,,,https://images.fotmob.com/image_resources/logo/teamlogo/9825.png,https://images.fotmob.com/image_resources/logo/teamlogo/10261.png,2027-01-23,16:00
22,https://www.fotmob.com/matches/manchester-city-vs-brighton-hove-albion/2vnwg2#5795626,5795626,Brighton & Hove Albion,10204,Manchester City,8456,False,False,False,47,Premier League,2026/2027,ENG,,,,,,https://images.fotmob.com/image_resources/logo/teamlogo/10204.png,https://images.fotmob.com/image_resources/logo/teamlogo/8456.png,2027-01-23,16:00
22,https://www.fotmob.com/matches/tottenham-hotspur-vs-crystal-palace/2sxee8#5795627,5795627,Crystal Palace,9826,Tottenham Hotspur,8586,False,False,False,47,Premier League,2026/2027,ENG,,,,,,https://images.fotmob.com/image_resources/logo/teamlogo/9826.png,https://images.fotmob.com/image_resources/logo/teamlogo/8586.png,2027-01-23,16:00
22,https://www.fotmob.com/matches/everton-vs-brentford/2v1yu4#5795628,5795628,Everton,8668,Brentford,9937,False,False,False,47,Premier League,2026/2027,ENG,,,,,,https://images.fotmob.com/image_resources/logo/teamlogo/8668.png,https://images.fotmob.com/image_resources/logo/teamlogo/9937.png,2027-01-23,16:00
22,https://www.fotmob.com/matches/fulham-vs-aston-villa/3cnglp#5795629,5795629,Fulham,9879,Aston Villa,10252,False,False,False,47,Premier League,2026/2027,ENG,,,,,,https://images.fotmob.com/image_resources/logo/teamlogo/9879.png,https://images.fotmob.com/image_resources/logo/teamlogo/10252.png,2027-01-23,16:00
22,https://www.fotmob.com/matches/hull-city-vs-ipswich-town/2unmhn#5795630,5795630,Ipswich Town,9902,Hull City,8667,False,False,False,47,Premier League,2026/2027,ENG,,,,,,https://images.fotmob.com/image_resources/logo/teamlogo/9902.png,https://images.fotmob.com/image_resources/logo/teamlogo/8667.png,2027-01-23,16:00
22,https://www.fotmob.com/matches/chelsea-vs-leeds-united/2d7oy4#5795631,5795631,Leeds United,8463,Chelsea,8455,False,False,False,47,Premier League,2026/2027,ENG,,,,,,https://images.fotmob.com/image_resources/logo/teamlogo/8463.png,https://images.fotmob.com/image_resources/logo/teamlogo/8455.png,2027-01-23,16:00
22,https://www.fotmob.com/matches/liverpool-vs-manchester-united/2ygkcb#5795632,5795632,Manchester United,10260,Liverpool,8650,False,False,False,47,Premier League,2026/2027,ENG,,,,,,https://images.fotmob.com/image_resources/logo/teamlogo/10260.png,https://images.fotmob.com/image_resources/logo/teamlogo/8650.png,2027-01-23,16:00
22,https://www.fotmob.com/matches/afc-bournemouth-vs-nottingham-forest/2y4tjb#5795633,5795633,Nottingham Forest,10203,AFC Bournemouth,8678,False,False,False,47,Premier League,2026/2027,ENG,,,,,,https://images.fotmob.com/image_resources/logo/teamlogo/10203.png,https://images.fotmob.com/image_resources/logo/teamlogo/8678.png,2027-01-23,16:00
22,https://www.fotmob.com/matches/sunderland-vs-coventry-city/2fh3f8#5795634,5795634,Sunderland,8472,Coventry City,8669,False,False,False,47,Premier League,2026/2027,ENG,,,,,,https://images.fotmob.com/image_resources/logo/teamlogo/8472.png,https://images.fotmob.com/image_resources/logo/teamlogo/8669.png,2027-01-23,16:00
23,https://www.fotmob.com/matches/afc-bournemouth-vs-fulham/2uiul6#5795635,5795635,AFC Bournemouth,8678,Fulham,9879,False,False,False,47,Premier League,2026/2027,ENG,,,,,,https://images.fotmob.com/image_resources/logo/teamlogo/8678.png,https://images.fotmob.com/image_resources/logo/teamlogo/9879.png,2027-01-30,16:00
23,https://www.fotmob.com/matches/ipswich-town-vs-aston-villa/3cxe3h#5795636,5795636,Aston Villa,10252,Ipswich Town,9902,False,False,False,47,Premier League,2026/2027,ENG,,,,,,https://images.fotmob.com/image_resources/logo/teamlogo/10252.png,https://images.fotmob.com/image_resources/logo/teamlogo/9902.png,2027-01-30,16:00
23,https://www.fotmob.com/matches/brentford-vs-manchester-united/3dfzjk#5795637,5795637,Brentford,9937,Manchester United,10260,False,False,False,47,Premier League,2026/2027,ENG,,,,,,https://images.fotmob.com/image_resources/logo/teamlogo/9937.png,https://images.fotmob.com/image_resources/logo/teamlogo/10260.png,2027-01-30,16:00
23,https://www.fotmob.com/matches/chelsea-vs-nottingham-forest/2vn3ne#5795638,5795638,Chelsea,8455,Nottingham Forest,10203,False,False,False,47,Premier League,2026/2027,ENG,,,,,,https://images.fotmob.com/image_resources/logo/teamlogo/8455.png,https://images.fotmob.com/image_resources/logo/teamlogo/10203.png,2027-01-30,16:00
23,https://www.fotmob.com/matches/leeds-united-vs-coventry-city/2fdsez#5795639,5795639,Coventry City,8669,Leeds United,8463,False,False,False,47,Premier League,2026/2027,ENG,,,,,,https://images.fotmob.com/image_resources/logo/teamlogo/8669.png,https://images.fotmob.com/image_resources/logo/teamlogo/8463.png,2027-01-30,16:00
23,https://www.fotmob.com/matches/hull-city-vs-crystal-palace/2ttfph#5795640,5795640,Hull City,8667,Crystal Palace,9826,False,False,False,47,Premier League,2026/2027,ENG,,,,,,https://images.fotmob.com/image_resources/logo/teamlogo/8667.png,https://images.fotmob.com/image_resources/logo/teamlogo/9826.png,2027-01-30,16:00
23,https://www.fotmob.com/matches/liverpool-vs-everton/2hagld#5795641,5795641,Liverpool,8650,Everton,8668,False,False,False,47,Premier League,2026/2027,ENG,,,,,,https://images.fotmob.com/image_resources/logo/teamlogo/8650.png,https://images.fotmob.com/image_resources/logo/teamlogo/8668.png,2027-01-30,16:00
23,https://www.fotmob.com/matches/manchester-city-vs-arsenal/2rhvvi#5795642,5795642,Manchester City,8456,Arsenal,9825,False,False,False,47,Premier League,2026/2027,ENG,,,,,,https://images.fotmob.com/image_resources/logo/teamlogo/8456.png,https://images.fotmob.com/image_resources/logo/teamlogo/9825.png,2027-01-30,16:00
23,https://www.fotmob.com/matches/brighton-hove-albion-vs-newcastle-united/3gos5a#5795643,5795643,Newcastle United,10261,Brighton & Hove Albion,10204,False,False,False,47,Premier League,2026/2027,ENG,,,,,,https://images.fotmob.com/image_resources/logo/teamlogo/10261.png,https://images.fotmob.com/image_resources/logo/teamlogo/10204.png,2027-01-30,16:00
23,https://www.fotmob.com/matches/sunderland-vs-tottenham-hotspur/2emo7x#5795644,5795644,Tottenham Hotspur,8586,Sunderland,8472,False,False,False,47,Premier League,2026/2027,ENG,,,,,,https://images.fotmob.com/image_resources/logo/teamlogo/8586.png,https://images.fotmob.com/image_resources/logo/teamlogo/8472.png,2027-01-30,16:00
24,https://www.fotmob.com/matches/liverpool-vs-arsenal/2tmaz7#5795645,5795645,Arsenal,9825,Liverpool,8650,False,False,False,47,Premier League,2026/2027,ENG,,,,,,https://images.fotmob.com/image_resources/logo/teamlogo/9825.png,https://images.fotmob.com/image_resources/logo/teamlogo/8650.png,2027-02-06,16:00
24,https://www.fotmob.com/matches/hull-city-vs-brighton-hove-albion/2y0rvj#5795646,5795646,Brighton & Hove Albion,10204,Hull City,8667,False,False,False,47,Premier League,2026/2027,ENG,,,,,,https://images.fotmob.com/image_resources/logo/teamlogo/10204.png,https://images.fotmob.com/image_resources/logo/teamlogo/8667.png,2027-02-06,16:00
24,https://www.fotmob.com/matches/coventry-city-vs-crystal-palace/2tu88y#5795647,5795647,Crystal Palace,9826,Coventry City,8669,False,False,False,47,Premier League,2026/2027,ENG,,,,,,https://images.fotmob.com/image_resources/logo/teamlogo/9826.png,https://images.fotmob.com/image_resources/logo/teamlogo/8669.png,2027-02-06,16:00
24,https://www.fotmob.com/matches/everton-vs-newcastle-united/2yo9qd#5795648,5795648,Everton,8668,Newcastle United,10261,False,False,False,47,Premier League,2026/2027,ENG,,,,,,https://images.fotmob.com/image_resources/logo/teamlogo/8668.png,https://images.fotmob.com/image_resources/logo/teamlogo/10261.png,2027-02-06,16:00
24,https://www.fotmob.com/matches/manchester-city-vs-fulham/2s32rr#5795649,5795649,Fulham,9879,Manchester City,8456,False,False,False,47,Premier League,2026/2027,ENG,,,,,,https://images.fotmob.com/image_resources/logo/teamlogo/9879.png,https://images.fotmob.com/image_resources/logo/teamlogo/8456.png,2027-02-06,16:00
24,https://www.fotmob.com/matches/tottenham-hotspur-vs-ipswich-town/2trgfe#5795650,5795650,Ipswich Town,9902,Tottenham Hotspur,8586,False,False,False,47,Premier League,2026/2027,ENG,,,,,,https://images.fotmob.com/image_resources/logo/teamlogo/9902.png,https://images.fotmob.com/image_resources/logo/teamlogo/8586.png,2027-02-06,16:00
24,https://www.fotmob.com/matches/leeds-united-vs-afc-bournemouth/2fh3fh#5795651,5795651,Leeds United,8463,AFC Bournemouth,8678,False,False,False,47,Premier League,2026/2027,ENG,,,,,,https://images.fotmob.com/image_resources/logo/teamlogo/8463.png,https://images.fotmob.com/image_resources/logo/teamlogo/8678.png,2027-02-06,16:00
24,https://www.fotmob.com/matches/chelsea-vs-manchester-united/2w9xj5#5795652,5795652,Manchester United,10260,Chelsea,8455,False,False,False,47,Premier League,2026/2027,ENG,,,,,,https://images.fotmob.com/image_resources/logo/teamlogo/10260.png,https://images.fotmob.com/image_resources/logo/teamlogo/8455.png,2027-02-06,16:00
24,https://www.fotmob.com/matches/brentford-vs-nottingham-forest/3crchb#5795653,5795653,Nottingham Forest,10203,Brentford,9937,False,False,False,47,Premier League,2026/2027,ENG,,,,,,https://images.fotmob.com/image_resources/logo/teamlogo/10203.png,https://images.fotmob.com/image_resources/logo/teamlogo/9937.png,2027-02-06,16:00
24,https://www.fotmob.com/matches/sunderland-vs-aston-villa/2wdjjm#5795654,5795654,Sunderland,8472,Aston Villa,10252,False,False,False,47,Premier League,2026/2027,ENG,,,,,,https://images.fotmob.com/image_resources/logo/teamlogo/8472.png,https://images.fotmob.com/image_resources/logo/teamlogo/10252.png,2027-02-06,16:00
25,https://www.fotmob.com/matches/afc-bournemouth-vs-aston-villa/2yooch#5795655,5795655,Aston Villa,10252,AFC Bournemouth,8678,False,False,False,47,Premier League,2026/2027,ENG,,,,,,https://images.fotmob.com/image_resources/logo/teamlogo/10252.png,https://images.fotmob.com/image_resources/logo/teamlogo/8678.png,2027-02-10,21:00
25,https://www.fotmob.com/matches/liverpool-vs-coventry-city/2hatyh#5795656,5795656,Coventry City,8669,Liverpool,8650,False,False,False,47,Premier League,2026/2027,ENG,,,,,,https://images.fotmob.com/image_resources/logo/teamlogo/8669.png,https://images.fotmob.com/image_resources/logo/teamlogo/8650.png,2027-02-10,21:00
25,https://www.fotmob.com/matches/crystal-palace-vs-brentford/38a4jj#5795657,5795657,Crystal Palace,9826,Brentford,9937,False,False,False,47,Premier League,2026/2027,ENG,,,,,,https://images.fotmob.com/image_resources/logo/teamlogo/9826.png,https://images.fotmob.com/image_resources/logo/teamlogo/9937.png,2027-02-10,21:00
25,https://www.fotmob.com/matches/leeds-united-vs-everton/2fdf72#5795658,5795658,Everton,8668,Leeds United,8463,False,False,False,47,Premier League,2026/2027,ENG,,,,,,https://images.fotmob.com/image_resources/logo/teamlogo/8668.png,https://images.fotmob.com/image_resources/logo/teamlogo/8463.png,2027-02-10,21:00
25,https://www.fotmob.com/matches/fulham-vs-nottingham-forest/3c2cdu#5795659,5795659,Fulham,9879,Nottingham Forest,10203,False,False,False,47,Premier League,2026/2027,ENG,,,,,,https://images.fotmob.com/image_resources/logo/teamlogo/9879.png,https://images.fotmob.com/image_resources/logo/teamlogo/10203.png,2027-02-10,21:00
25,https://www.fotmob.com/matches/sunderland-vs-hull-city/2fgcyx#5795660,5795660,Hull City,8667,Sunderland,8472,False,False,False,47,Premier League,2026/2027,ENG,,,,,,https://images.fotmob.com/image_resources/logo/teamlogo/8667.png,https://images.fotmob.com/image_resources/logo/teamlogo/8472.png,2027-02-10,21:00
25,https://www.fotmob.com/matches/arsenal-vs-ipswich-town/37uw12#5795661,5795661,Ipswich Town,9902,Arsenal,9825,False,False,False,47,Premier League,2026/2027,ENG,,,,,,https://images.fotmob.com/image_resources/logo/teamlogo/9902.png,https://images.fotmob.com/image_resources/logo/teamlogo/9825.png,2027-02-10,21:00
25,https://www.fotmob.com/matches/brighton-hove-albion-vs-manchester-united/3goccs#5795662,5795662,Manchester United,10260,Brighton & Hove Albion,10204,False,False,False,47,Premier League,2026/2027,ENG,,,,,,https://images.fotmob.com/image_resources/logo/teamlogo/10260.png,https://images.fotmob.com/image_resources/logo/teamlogo/10204.png,2027-02-10,21:00
25,https://www.fotmob.com/matches/chelsea-vs-newcastle-united/2wabz1#5795663,5795663,Newcastle United,10261,Chelsea,8455,False,False,False,47,Premier League,2026/2027,ENG,,,,,,https://images.fotmob.com/image_resources/logo/teamlogo/10261.png,https://images.fotmob.com/image_resources/logo/teamlogo/8455.png,2027-02-10,21:00
25,https://www.fotmob.com/matches/manchester-city-vs-tottenham-hotspur/2egtpx#5795664,5795664,Tottenham Hotspur,8586,Manchester City,8456,False,False,False,47,Premier League,2026/2027,ENG,,,,,,https://images.fotmob.com/image_resources/logo/teamlogo/8586.png,https://images.fotmob.com/image_resources/logo/teamlogo/8456.png,2027-02-10,21:00
26,https://www.fotmob.com/matches/afc-bournemouth-vs-crystal-palace/2txspy#5795665,5795665,AFC Bournemouth,8678,Crystal Palace,9826,False,False,False,47,Premier League,2026/2027,ENG,,,,,,https://images.fotmob.com/image_resources/logo/teamlogo/8678.png,https://images.fotmob.com/image_resources/logo/teamlogo/9826.png,2027-02-20,16:00
26,https://www.fotmob.com/matches/arsenal-vs-fulham/37l643#5795666,5795666,Arsenal,9825,Fulham,9879,False,False,False,47,Premier League,2026/2027,ENG,,,,,,https://images.fotmob.com/image_resources/logo/teamlogo/9825.png,https://images.fotmob.com/image_resources/logo/teamlogo/9879.png,2027-02-20,16:00
26,https://www.fotmob.com/matches/coventry-city-vs-brentford/2v2d6y#5795667,5795667,Brentford,9937,Coventry City,8669,False,False,False,47,Premier League,2026/2027,ENG,,,,,,https://images.fotmob.com/image_resources/logo/teamlogo/9937.png,https://images.fotmob.com/image_resources/logo/teamlogo/8669.png,2027-02-20,16:00
26,https://www.fotmob.com/matches/tottenham-hotspur-vs-brighton-hove-albion/2x42vj#5795668,5795668,Brighton & Hove Albion,10204,Tottenham Hotspur,8586,False,False,False,47,Premier League,2026/2027,ENG,,,,,,https://images.fotmob.com/image_resources/logo/teamlogo/10204.png,https://images.fotmob.com/image_resources/logo/teamlogo/8586.png,2027-02-20,16:00
26,https://www.fotmob.com/matches/chelsea-vs-ipswich-town/2sbq85#5795669,5795669,Chelsea,8455,Ipswich Town,9902,False,False,False,47,Premier League,2026/2027,ENG,,,,,,https://images.fotmob.com/image_resources/logo/teamlogo/8455.png,https://images.fotmob.com/image_resources/logo/teamlogo/9902.png,2027-02-20,16:00
26,https://www.fotmob.com/matches/leeds-united-vs-aston-villa/2w9xjd#5795670,5795670,Leeds United,8463,Aston Villa,10252,False,False,False,47,Premier League,2026/2027,ENG,,,,,,https://images.fotmob.com/image_resources/logo/teamlogo/8463.png,https://images.fotmob.com/image_resources/logo/teamlogo/10252.png,2027-02-20,16:00
26,https://www.fotmob.com/matches/liverpool-vs-hull-city/2ha38a#5795671,5795671,Liverpool,8650,Hull City,8667,False,False,False,47,Premier League,2026/2027,ENG,,,,,,https://images.fotmob.com/image_resources/logo/teamlogo/8650.png,https://images.fotmob.com/image_resources/logo/teamlogo/8667.png,2027-02-20,16:00
26,https://www.fotmob.com/matches/manchester-city-vs-newcastle-united/2waqez#5795672,5795672,Manchester City,8456,Newcastle United,10261,False,False,False,47,Premier League,2026/2027,ENG,,,,,,https://images.fotmob.com/image_resources/logo/teamlogo/8456.png,https://images.fotmob.com/image_resources/logo/teamlogo/10261.png,2027-02-20,16:00
26,https://www.fotmob.com/matches/nottingham-forest-vs-manchester-united/3gnwkc#5795673,5795673,Nottingham Forest,10203,Manchester United,10260,False,False,False,47,Premier League,2026/2027,ENG,,,,,,https://images.fotmob.com/image_resources/logo/teamlogo/10203.png,https://images.fotmob.com/image_resources/logo/teamlogo/10260.png,2027-02-20,16:00
26,https://www.fotmob.com/matches/sunderland-vs-everton/2fgq72#5795674,5795674,Sunderland,8472,Everton,8668,False,False,False,47,Premier League,2026/2027,ENG,,,,,,https://images.fotmob.com/image_resources/logo/teamlogo/8472.png,https://images.fotmob.com/image_resources/logo/teamlogo/8668.png,2027-02-20,16:00
27,https://www.fotmob.com/matches/chelsea-vs-aston-villa/2w6q11#5795675,5795675,Aston Villa,10252,Chelsea,8455,False,False,False,47,Premier League,2026/2027,ENG,,,,,,https://images.fotmob.com/image_resources/logo/teamlogo/10252.png,https://images.fotmob.com/image_resources/logo/teamlogo/8455.png,2027-02-27,16:00
27,https://www.fotmob.com/matches/coventry-city-vs-afc-bournemouth/2hl8gc#5795676,5795676,Coventry City,8669,AFC Bournemouth,8678,False,False,False,47,Premier League,2026/2027,ENG,,,,,,https://images.fotmob.com/image_resources/logo/teamlogo/8669.png,https://images.fotmob.com/image_resources/logo/teamlogo/8678.png,2027-02-27,16:00
27,https://www.fotmob.com/matches/sunderland-vs-crystal-palace/2rojsh#5795677,5795677,Crystal Palace,9826,Sunderland,8472,False,False,False,47,Premier League,2026/2027,ENG,,,,,,https://images.fotmob.com/image_resources/logo/teamlogo/9826.png,https://images.fotmob.com/image_resources/logo/teamlogo/8472.png,2027-02-27,16:00
27,https://www.fotmob.com/matches/everton-vs-nottingham-forest/2y0rvk#5795678,5795678,Everton,8668,Nottingham Forest,10203,False,False,False,47,Premier League,2026/2027,ENG,,,,,,https://images.fotmob.com/image_resources/logo/teamlogo/8668.png,https://images.fotmob.com/image_resources/logo/teamlogo/10203.png,2027-02-27,16:00
27,https://www.fotmob.com/matches/leeds-united-vs-fulham/2s5tto#5795679,5795679,Fulham,9879,Leeds United,8463,False,False,False,47,Premier League,2026/2027,ENG,,,,,,https://images.fotmob.com/image_resources/logo/teamlogo/9879.png,https://images.fotmob.com/image_resources/logo/teamlogo/8463.png,2027-02-27,16:00
27,https://www.fotmob.com/matches/manchester-city-vs-hull-city/2fahgx#5795680,5795680,Hull City,8667,Manchester City,8456,False,False,False,47,Premier League,2026/2027,ENG,,,,,,https://images.fotmob.com/image_resources/logo/teamlogo/8667.png,https://images.fotmob.com/image_resources/logo/teamlogo/8456.png,2027-02-27,16:00
27,https://www.fotmob.com/matches/ipswich-town-vs-brighton-hove-albion/3ccoit#5795681,5795681,Ipswich Town,9902,Brighton & Hove Albion,10204,False,False,False,47,Premier League,2026/2027,ENG,,,,,,https://images.fotmob.com/image_resources/logo/teamlogo/9902.png,https://images.fotmob.com/image_resources/logo/teamlogo/10204.png,2027-02-27,16:00
27,https://www.fotmob.com/matches/arsenal-vs-manchester-united/3c3mu0#5795682,5795682,Manchester United,10260,Arsenal,9825,False,False,False,47,Premier League,2026/2027,ENG,,,,,,https://images.fotmob.com/image_resources/logo/teamlogo/10260.png,https://images.fotmob.com/image_resources/logo/teamlogo/9825.png,2027-02-27,16:00
27,https://www.fotmob.com/matches/brentford-vs-newcastle-united/3dgf4m#5795683,5795683,Newcastle United,10261,Brentford,9937,False,False,False,47,Premier League,2026/2027,ENG,,,,,,https://images.fotmob.com/image_resources/logo/teamlogo/10261.png,https://images.fotmob.com/image_resources/logo/teamlogo/9937.png,2027-02-27,16:00
27,https://www.fotmob.com/matches/tottenham-hotspur-vs-liverpool/2gg3ek#5795684,5795684,Tottenham Hotspur,8586,Liverpool,8650,False,False,False,47,Premier League,2026/2027,ENG,,,,,,https://images.fotmob.com/image_resources/logo/teamlogo/8586.png,https://images.fotmob.com/image_resources/logo/teamlogo/8650.png,2027-02-27,16:00
28,https://www.fotmob.com/matches/tottenham-hotspur-vs-afc-bournemouth/2gqg4e#5795685,5795685,AFC Bournemouth,8678,Tottenham Hotspur,8586,False,False,False,47,Premier League,2026/2027,ENG,,,,,,https://images.fotmob.com/image_resources/logo/teamlogo/8678.png,https://images.fotmob.com/image_resources/logo/teamlogo/8586.png,2027-03-03,21:00
28,https://www.fotmob.com/matches/arsenal-vs-crystal-palace/36ytc8#5795686,5795686,Arsenal,9825,Crystal Palace,9826,False,False,False,47,Premier League,2026/2027,ENG,,,,,,https://images.fotmob.com/image_resources/logo/teamlogo/9825.png,https://images.fotmob.com/image_resources/logo/teamlogo/9826.png,2027-03-03,21:00
28,https://www.fotmob.com/matches/ipswich-town-vs-brentford/396dqp#5795687,5795687,Brentford,9937,Ipswich Town,9902,False,False,False,47,Premier League,2026/2027,ENG,,,,,,https://images.fotmob.com/image_resources/logo/teamlogo/9937.png,https://images.fotmob.com/image_resources/logo/teamlogo/9902.png,2027-03-03,21:00
28,https://www.fotmob.com/matches/fulham-vs-brighton-hove-albion/3c2rvp#5795688,5795688,Brighton & Hove Albion,10204,Fulham,9879,False,False,False,47,Premier League,2026/2027,ENG,,,,,,https://images.fotmob.com/image_resources/logo/teamlogo/10204.png,https://images.fotmob.com/image_resources/logo/teamlogo/9879.png,2027-03-03,21:00
28,https://www.fotmob.com/matches/chelsea-vs-coventry-city/2fauon#5795689,5795689,Chelsea,8455,Coventry City,8669,False,False,False,47,Premier League,2026/2027,ENG,,,,,,https://images.fotmob.com/image_resources/logo/teamlogo/8455.png,https://images.fotmob.com/image_resources/logo/teamlogo/8669.png,2027-03-03,21:00
28,https://www.fotmob.com/matches/leeds-united-vs-hull-city/2fd1z6#5795690,5795690,Leeds United,8463,Hull City,8667,False,False,False,47,Premier League,2026/2027,ENG,,,,,,https://images.fotmob.com/image_resources/logo/teamlogo/8463.png,https://images.fotmob.com/image_resources/logo/teamlogo/8667.png,2027-03-03,21:00
28,https://www.fotmob.com/matches/liverpool-vs-aston-villa/2ydbmv#5795691,5795691,Liverpool,8650,Aston Villa,10252,False,False,False,47,Premier League,2026/2027,ENG,,,,,,https://images.fotmob.com/image_resources/logo/teamlogo/8650.png,https://images.fotmob.com/image_resources/logo/teamlogo/10252.png,2027-03-03,21:00
28,https://www.fotmob.com/matches/manchester-city-vs-everton/2fauom#5795692,5795692,Manchester City,8456,Everton,8668,False,False,False,47,Premier League,2026/2027,ENG,,,,,,https://images.fotmob.com/image_resources/logo/teamlogo/8456.png,https://images.fotmob.com/image_resources/logo/teamlogo/8668.png,2027-03-03,21:00
28,https://www.fotmob.com/matches/nottingham-forest-vs-newcastle-united/3gocct#5795693,5795693,Nottingham Forest,10203,Newcastle United,10261,False,False,False,47,Premier League,2026/2027,ENG,,,,,,https://images.fotmob.com/image_resources/logo/teamlogo/10203.png,https://images.fotmob.com/image_resources/logo/teamlogo/10261.png,2027-03-03,21:00
28,https://www.fotmob.com/matches/sunderland-vs-manchester-united/2wgr5i#5795694,5795694,Sunderland,8472,Manchester United,10260,False,False,False,47,Premier League,2026/2027,ENG,,,,,,https://images.fotmob.com/image_resources/logo/teamlogo/8472.png,https://images.fotmob.com/image_resources/logo/teamlogo/10260.png,2027-03-03,21:00
29,https://www.fotmob.com/matches/afc-bournemouth-vs-newcastle-united/2ysbu8#5795695,5795695,AFC Bournemouth,8678,Newcastle United,10261,False,False,False,47,Premier League,2026/2027,ENG,,,,,,https://images.fotmob.com/image_resources/logo/teamlogo/8678.png,https://images.fotmob.com/image_resources/logo/teamlogo/10261.png,2027-03-13,16:00
29,https://www.fotmob.com/matches/hull-city-vs-aston-villa/2yk7pj#5795696,5795696,Aston Villa,10252,Hull City,8667,False,False,False,47,Premier League,2026/2027,ENG,,,,,,https://images.fotmob.com/image_resources/logo/teamlogo/10252.png,https://images.fotmob.com/image_resources/logo/teamlogo/8667.png,2027-03-13,16:00
29,https://www.fotmob.com/matches/chelsea-vs-arsenal/2rhhrp#5795697,5795697,Chelsea,8455,Arsenal,9825,False,False,False,47,Premier League,2026/2027,ENG,,,,,,https://images.fotmob.com/image_resources/logo/teamlogo/8455.png,https://images.fotmob.com/image_resources/logo/teamlogo/9825.png,2027-03-13,16:00
29,https://www.fotmob.com/matches/manchester-city-vs-coventry-city/2fb7wc#5795698,5795698,Coventry City,8669,Manchester City,8456,False,False,False,47,Premier League,2026/2027,ENG,,,,,,https://images.fotmob.com/image_resources/logo/teamlogo/8669.png,https://images.fotmob.com/image_resources/logo/teamlogo/8456.png,2027-03-13,16:00
29,https://www.fotmob.com/matches/crystal-palace-vs-fulham/37llbg#5795699,5795699,Crystal Palace,9826,Fulham,9879,False,False,False,47,Premier League,2026/2027,ENG,,,,,,https://images.fotmob.com/image_resources/logo/teamlogo/9826.png,https://images.fotmob.com/image_resources/logo/teamlogo/9879.png,2027-03-13,16:00
29,https://www.fotmob.com/matches/leeds-united-vs-brighton-hove-albion/2vqp9d#5795700,5795700,Leeds United,8463,Brighton & Hove Albion,10204,False,False,False,47,Premier League,2026/2027,ENG,,,,,,https://images.fotmob.com/image_resources/logo/teamlogo/8463.png,https://images.fotmob.com/image_resources/logo/teamlogo/10204.png,2027-03-13,16:00
29,https://www.fotmob.com/matches/liverpool-vs-ipswich-town/2ugv0q#5795701,5795701,Liverpool,8650,Ipswich Town,9902,False,False,False,47,Premier League,2026/2027,ENG,,,,,,https://images.fotmob.com/image_resources/logo/teamlogo/8650.png,https://images.fotmob.com/image_resources/logo/teamlogo/9902.png,2027-03-13,16:00
29,https://www.fotmob.com/matches/everton-vs-manchester-united/2ynv4k#5795702,5795702,Manchester United,10260,Everton,8668,False,False,False,47,Premier League,2026/2027,ENG,,,,,,https://images.fotmob.com/image_resources/logo/teamlogo/10260.png,https://images.fotmob.com/image_resources/logo/teamlogo/8668.png,2027-03-13,16:00
29,https://www.fotmob.com/matches/sunderland-vs-brentford/2sw7v2#5795703,5795703,Sunderland,8472,Brentford,9937,False,False,False,47,Premier League,2026/2027,ENG,,,,,,https://images.fotmob.com/image_resources/logo/teamlogo/8472.png,https://images.fotmob.com/image_resources/logo/teamlogo/9937.png,2027-03-13,16:00
29,https://www.fotmob.com/matches/tottenham-hotspur-vs-nottingham-forest/2x3odl#5795704,5795704,Tottenham Hotspur,8586,Nottingham Forest,10203,False,False,False,47,Premier League,2026/2027,ENG,,,,,,https://images.fotmob.com/image_resources/logo/teamlogo/8586.png,https://images.fotmob.com/image_resources/logo/teamlogo/10203.png,2027-03-13,16:00
30,https://www.fotmob.com/matches/sunderland-vs-arsenal/2ro5o6#5795705,5795705,Arsenal,9825,Sunderland,8472,False,False,False,47,Premier League,2026/2027,ENG,,,,,,https://images.fotmob.com/image_resources/logo/teamlogo/9825.png,https://images.fotmob.com/image_resources/logo/teamlogo/8472.png,2027-03-20,16:00
30,https://www.fotmob.com/matches/afc-bournemouth-vs-brentford/2v5yfp#5795706,5795706,Brentford,9937,AFC Bournemouth,8678,False,False,False,47,Premier League,2026/2027,ENG,,,,,,https://images.fotmob.com/image_resources/logo/teamlogo/9937.png,https://images.fotmob.com/image_resources/logo/teamlogo/8678.png,2027-03-20,16:00
30,https://www.fotmob.com/matches/coventry-city-vs-brighton-hove-albion/2y1l02#5795707,5795707,Brighton & Hove Albion,10204,Coventry City,8669,False,False,False,47,Premier League,2026/2027,ENG,,,,,,https://images.fotmob.com/image_resources/logo/teamlogo/10204.png,https://images.fotmob.com/image_resources/logo/teamlogo/8669.png,2027-03-20,16:00
30,https://www.fotmob.com/matches/tottenham-hotspur-vs-everton/2gmqxt#5795708,5795708,Everton,8668,Tottenham Hotspur,8586,False,False,False,47,Premier League,2026/2027,ENG,,,,,,https://images.fotmob.com/image_resources/logo/teamlogo/8668.png,https://images.fotmob.com/image_resources/logo/teamlogo/8586.png,2027-03-20,16:00
30,https://www.fotmob.com/matches/liverpool-vs-fulham/2u7pyg#5795709,5795709,Fulham,9879,Liverpool,8650,False,False,False,47,Premier League,2026/2027,ENG,,,,,,https://images.fotmob.com/image_resources/logo/teamlogo/9879.png,https://images.fotmob.com/image_resources/logo/teamlogo/8650.png,2027-03-20,16:00
30,https://www.fotmob.com/matches/chelsea-vs-hull-city/2fa49a#5795710,5795710,Hull City,8667,Chelsea,8455,False,False,False,47,Premier League,2026/2027,ENG,,,,,,https://images.fotmob.com/image_resources/logo/teamlogo/8667.png,https://images.fotmob.com/image_resources/logo/teamlogo/8455.png,2027-03-20,16:00
30,https://www.fotmob.com/matches/crystal-palace-vs-ipswich-town/37vb92#5795711,5795711,Ipswich Town,9902,Crystal Palace,9826,False,False,False,47,Premier League,2026/2027,ENG,,,,,,https://images.fotmob.com/image_resources/logo/teamlogo/9902.png,https://images.fotmob.com/image_resources/logo/teamlogo/9826.png,2027-03-20,16:00
30,https://www.fotmob.com/matches/manchester-city-vs-manchester-united/2wabz2#5795712,5795712,Manchester City,8456,Manchester United,10260,False,False,False,47,Premier League,2026/2027,ENG,,,,,,https://images.fotmob.com/image_resources/logo/teamlogo/8456.png,https://images.fotmob.com/image_resources/logo/teamlogo/10260.png,2027-03-20,16:00
30,https://www.fotmob.com/matches/leeds-united-vs-newcastle-united/2wdjjd#5795713,5795713,Newcastle United,10261,Leeds United,8463,False,False,False,47,Premier League,2026/2027,ENG,,,,,,https://images.fotmob.com/image_resources/logo/teamlogo/10261.png,https://images.fotmob.com/image_resources/logo/teamlogo/8463.png,2027-03-20,16:00
30,https://www.fotmob.com/matches/nottingham-forest-vs-aston-villa/3gke9k#5795714,5795714,Nottingham Forest,10203,Aston Villa,10252,False,False,False,47,Premier League,2026/2027,ENG,,,,,,https://images.fotmob.com/image_resources/logo/teamlogo/10203.png,https://images.fotmob.com/image_resources/logo/teamlogo/10252.png,2027-03-20,16:00
31,https://www.fotmob.com/matches/manchester-city-vs-afc-bournemouth/2feiv3#5795715,5795715,AFC Bournemouth,8678,Manchester City,8456,False,False,False,47,Premier League,2026/2027,ENG,,,,,,https://images.fotmob.com/image_resources/logo/teamlogo/8678.png,https://images.fotmob.com/image_resources/logo/teamlogo/8456.png,2027-04-10,16:00
31,https://www.fotmob.com/matches/brighton-hove-albion-vs-aston-villa/3gku1s#5795716,5795716,Aston Villa,10252,Brighton & Hove Albion,10204,False,False,False,47,Premier League,2026/2027,ENG,,,,,,https://images.fotmob.com/image_resources/logo/teamlogo/10252.png,https://images.fotmob.com/image_resources/logo/teamlogo/10204.png,2027-04-10,16:00
31,https://www.fotmob.com/matches/chelsea-vs-fulham/2s2omg#5795717,5795717,Chelsea,8455,Fulham,9879,False,False,False,47,Premier League,2026/2027,ENG,,,,,,https://images.fotmob.com/image_resources/logo/teamlogo/8455.png,https://images.fotmob.com/image_resources/logo/teamlogo/9879.png,2027-04-10,16:00
31,https://www.fotmob.com/matches/coventry-city-vs-arsenal/2tttz6#5795718,5795718,Coventry City,8669,Arsenal,9825,False,False,False,47,Premier League,2026/2027,ENG,,,,,,https://images.fotmob.com/image_resources/logo/teamlogo/8669.png,https://images.fotmob.com/image_resources/logo/teamlogo/9825.png,2027-04-10,16:00
31,https://www.fotmob.com/matches/everton-vs-crystal-palace/2tttz7#5795719,5795719,Crystal Palace,9826,Everton,8668,False,False,False,47,Premier League,2026/2027,ENG,,,,,,https://images.fotmob.com/image_resources/logo/teamlogo/9826.png,https://images.fotmob.com/image_resources/logo/teamlogo/8668.png,2027-04-10,16:00
31,https://www.fotmob.com/matches/leeds-united-vs-nottingham-forest/2vqauu#5795720,5795720,Leeds United,8463,Nottingham Forest,10203,False,False,False,47,Premier League,2026/2027,ENG,,,,,,https://images.fotmob.com/image_resources/logo/teamlogo/8463.png,https://images.fotmob.com/image_resources/logo/teamlogo/10203.png,2027-04-10,16:00
31,https://www.fotmob.com/matches/liverpool-vs-newcastle-united/2ygyxm#5795721,5795721,Liverpool,8650,Newcastle United,10261,False,False,False,47,Premier League,2026/2027,ENG,,,,,,https://images.fotmob.com/image_resources/logo/teamlogo/8650.png,https://images.fotmob.com/image_resources/logo/teamlogo/10261.png,2027-04-10,16:00
31,https://www.fotmob.com/matches/hull-city-vs-manchester-united/2yngir#5795722,5795722,Manchester United,10260,Hull City,8667,False,False,False,47,Premier League,2026/2027,ENG,,,,,,https://images.fotmob.com/image_resources/logo/teamlogo/10260.png,https://images.fotmob.com/image_resources/logo/teamlogo/8667.png,2027-04-10,16:00
31,https://www.fotmob.com/matches/sunderland-vs-ipswich-town/2sif4z#5795723,5795723,Sunderland,8472,Ipswich Town,9902,False,False,False,47,Premier League,2026/2027,ENG,,,,,,https://images.fotmob.com/image_resources/logo/teamlogo/8472.png,https://images.fotmob.com/image_resources/logo/teamlogo/9902.png,2027-04-10,16:00
31,https://www.fotmob.com/matches/tottenham-hotspur-vs-brentford/2u5c8b#5795724,5795724,Tottenham Hotspur,8586,Brentford,9937,False,False,False,47,Premier League,2026/2027,ENG,,,,,,https://images.fotmob.com/image_resources/logo/teamlogo/8586.png,https://images.fotmob.com/image_resources/logo/teamlogo/9937.png,2027-04-10,16:00
32,https://www.fotmob.com/matches/arsenal-vs-aston-villa/3c06vg#5795725,5795725,Arsenal,9825,Aston Villa,10252,False,False,False,47,Premier League,2026/2027,ENG,,,,,,https://images.fotmob.com/image_resources/logo/teamlogo/9825.png,https://images.fotmob.com/image_resources/logo/teamlogo/10252.png,2027-04-17,16:00
32,https://www.fotmob.com/matches/leeds-united-vs-brentford/2sso1t#5795726,5795726,Brentford,9937,Leeds United,8463,False,False,False,47,Premier League,2026/2027,ENG,,,,,,https://images.fotmob.com/image_resources/logo/teamlogo/9937.png,https://images.fotmob.com/image_resources/logo/teamlogo/8463.png,2027-04-17,16:00
32,https://www.fotmob.com/matches/chelsea-vs-brighton-hove-albion/2vni1p#5795727,5795727,Brighton & Hove Albion,10204,Chelsea,8455,False,False,False,47,Premier League,2026/2027,ENG,,,,,,https://images.fotmob.com/image_resources/logo/teamlogo/10204.png,https://images.fotmob.com/image_resources/logo/teamlogo/8455.png,2027-04-17,16:00
32,https://www.fotmob.com/matches/everton-vs-afc-bournemouth/2hkv2h#5795728,5795728,Everton,8668,AFC Bournemouth,8678,False,False,False,47,Premier League,2026/2027,ENG,,,,,,https://images.fotmob.com/image_resources/logo/teamlogo/8668.png,https://images.fotmob.com/image_resources/logo/teamlogo/8678.png,2027-04-17,16:00
32,https://www.fotmob.com/matches/sunderland-vs-fulham/2s9d8f#5795729,5795729,Fulham,9879,Sunderland,8472,False,False,False,47,Premier League,2026/2027,ENG,,,,,,https://images.fotmob.com/image_resources/logo/teamlogo/9879.png,https://images.fotmob.com/image_resources/logo/teamlogo/8472.png,2027-04-17,16:00
32,https://www.fotmob.com/matches/hull-city-vs-coventry-city/2hh595#5795730,5795730,Hull City,8667,Coventry City,8669,False,False,False,47,Premier League,2026/2027,ENG,,,,,,https://images.fotmob.com/image_resources/logo/teamlogo/8667.png,https://images.fotmob.com/image_resources/logo/teamlogo/8669.png,2027-04-17,16:00
32,https://www.fotmob.com/matches/ipswich-town-vs-manchester-united/3d0uj5#5795731,5795731,Ipswich Town,9902,Manchester United,10260,False,False,False,47,Premier League,2026/2027,ENG,,,,,,https://images.fotmob.com/image_resources/logo/teamlogo/9902.png,https://images.fotmob.com/image_resources/logo/teamlogo/10260.png,2027-04-17,16:00
32,https://www.fotmob.com/matches/manchester-city-vs-crystal-palace/2ri9zd#5795732,5795732,Manchester City,8456,Crystal Palace,9826,False,False,False,47,Premier League,2026/2027,ENG,,,,,,https://images.fotmob.com/image_resources/logo/teamlogo/8456.png,https://images.fotmob.com/image_resources/logo/teamlogo/9826.png,2027-04-17,16:00
32,https://www.fotmob.com/matches/tottenham-hotspur-vs-newcastle-united/2xr2ka#5795733,5795733,Newcastle United,10261,Tottenham Hotspur,8586,False,False,False,47,Premier League,2026/2027,ENG,,,,,,https://images.fotmob.com/image_resources/logo/teamlogo/10261.png,https://images.fotmob.com/image_resources/logo/teamlogo/8586.png,2027-04-17,16:00
32,https://www.fotmob.com/matches/liverpool-vs-nottingham-forest/2xthvt#5795734,5795734,Nottingham Forest,10203,Liverpool,8650,False,False,False,47,Premier League,2026/2027,ENG,,,,,,https://images.fotmob.com/image_resources/logo/teamlogo/10203.png,https://images.fotmob.com/image_resources/logo/teamlogo/8650.png,2027-04-17,16:00
33,https://www.fotmob.com/matches/afc-bournemouth-vs-arsenal/2txefx#5795735,5795735,AFC Bournemouth,8678,Arsenal,9825,False,False,False,47,Premier League,2026/2027,ENG,,,,,,https://images.fotmob.com/image_resources/logo/teamlogo/8678.png,https://images.fotmob.com/image_resources/logo/teamlogo/9825.png,2027-04-24,16:00
33,https://www.fotmob.com/matches/coventry-city-vs-aston-villa/2yl0wq#5795736,5795736,Aston Villa,10252,Coventry City,8669,False,False,False,47,Premier League,2026/2027,ENG,,,,,,https://images.fotmob.com/image_resources/logo/teamlogo/10252.png,https://images.fotmob.com/image_resources/logo/teamlogo/8669.png,2027-04-24,16:00
33,https://www.fotmob.com/matches/fulham-vs-brentford/38wlut#5795737,5795737,Brentford,9937,Fulham,9879,False,False,False,47,Premier League,2026/2027,ENG,,,,,,https://images.fotmob.com/image_resources/logo/teamlogo/9937.png,https://images.fotmob.com/image_resources/logo/teamlogo/9879.png,2027-04-24,16:00
33,https://www.fotmob.com/matches/chelsea-vs-manchester-city/2d55kw#5795738,5795738,Chelsea,8455,Manchester City,8456,False,False,False,47,Premier League,2026/2027,ENG,,,,,,https://images.fotmob.com/image_resources/logo/teamlogo/8455.png,https://images.fotmob.com/image_resources/logo/teamlogo/8456.png,2027-04-24,16:00
33,https://www.fotmob.com/matches/everton-vs-brighton-hove-albion/2y16fs#5795739,5795739,Everton,8668,Brighton & Hove Albion,10204,False,False,False,47,Premier League,2026/2027,ENG,,,,,,https://images.fotmob.com/image_resources/logo/teamlogo/8668.png,https://images.fotmob.com/image_resources/logo/teamlogo/10204.png,2027-04-24,16:00
33,https://www.fotmob.com/matches/leeds-united-vs-liverpool/2f6tdb#5795740,5795740,Leeds United,8463,Liverpool,8650,False,False,False,47,Premier League,2026/2027,ENG,,,,,,https://images.fotmob.com/image_resources/logo/teamlogo/8463.png,https://images.fotmob.com/image_resources/logo/teamlogo/8650.png,2027-04-24,16:00
33,https://www.fotmob.com/matches/crystal-palace-vs-manchester-united/3c42bz#5795741,5795741,Manchester United,10260,Crystal Palace,9826,False,False,False,47,Premier League,2026/2027,ENG,,,,,,https://images.fotmob.com/image_resources/logo/teamlogo/10260.png,https://images.fotmob.com/image_resources/logo/teamlogo/9826.png,2027-04-24,16:00
33,https://www.fotmob.com/matches/ipswich-town-vs-newcastle-united/3d1a38#5795742,5795742,Newcastle United,10261,Ipswich Town,9902,False,False,False,47,Premier League,2026/2027,ENG,,,,,,https://images.fotmob.com/image_resources/logo/teamlogo/10261.png,https://images.fotmob.com/image_resources/logo/teamlogo/9902.png,2027-04-24,16:00
33,https://www.fotmob.com/matches/sunderland-vs-nottingham-forest/2vtwiu#5795743,5795743,Nottingham Forest,10203,Sunderland,8472,False,False,False,47,Premier League,2026/2027,ENG,,,,,,https://images.fotmob.com/image_resources/logo/teamlogo/10203.png,https://images.fotmob.com/image_resources/logo/teamlogo/8472.png,2027-04-24,16:00
33,https://www.fotmob.com/matches/tottenham-hotspur-vs-hull-city/2gmdmi#5795744,5795744,Tottenham Hotspur,8586,Hull City,8667,False,False,False,47,Premier League,2026/2027,ENG,,,,,,https://images.fotmob.com/image_resources/logo/teamlogo/8586.png,https://images.fotmob.com/image_resources/logo/teamlogo/8667.png,2027-04-24,16:00
34,https://www.fotmob.com/matches/tottenham-hotspur-vs-arsenal/2sx06r#5795745,5795745,Arsenal,9825,Tottenham Hotspur,8586,False,False,False,47,Premier League,2026/2027,ENG,,,,,,https://images.fotmob.com/image_resources/logo/teamlogo/9825.png,https://images.fotmob.com/image_resources/logo/teamlogo/8586.png,2027-05-01,16:00
34,https://www.fotmob.com/matches/nottingham-forest-vs-brighton-hove-albion/3fzdi8#5795746,5795746,Brighton & Hove Albion,10204,Nottingham Forest,10203,False,False,False,47,Premier League,2026/2027,ENG,,,,,,https://images.fotmob.com/image_resources/logo/teamlogo/10204.png,https://images.fotmob.com/image_resources/logo/teamlogo/10203.png,2027-05-01,16:00
34,https://www.fotmob.com/matches/coventry-city-vs-manchester-united/2yo9qe#5795747,5795747,Coventry City,8669,Manchester United,10260,False,False,False,47,Premier League,2026/2027,ENG,,,,,,https://images.fotmob.com/image_resources/logo/teamlogo/8669.png,https://images.fotmob.com/image_resources/logo/teamlogo/10260.png,2027-05-01,16:00
34,https://www.fotmob.com/matches/crystal-palace-vs-aston-villa/3c0md7#5795748,5795748,Crystal Palace,9826,Aston Villa,10252,False,False,False,47,Premier League,2026/2027,ENG,,,,,,https://images.fotmob.com/image_resources/logo/teamlogo/9826.png,https://images.fotmob.com/image_resources/logo/teamlogo/10252.png,2027-05-01,16:00
34,https://www.fotmob.com/matches/everton-vs-fulham/2uevfp#5795749,5795749,Fulham,9879,Everton,8668,False,False,False,47,Premier League,2026/2027,ENG,,,,,,https://images.fotmob.com/image_resources/logo/teamlogo/9879.png,https://images.fotmob.com/image_resources/logo/teamlogo/8668.png,2027-05-01,16:00
34,https://www.fotmob.com/matches/hull-city-vs-afc-bournemouth/2hkhon#5795750,5795750,Hull City,8667,AFC Bournemouth,8678,False,False,False,47,Premier League,2026/2027,ENG,,,,,,https://images.fotmob.com/image_resources/logo/teamlogo/8667.png,https://images.fotmob.com/image_resources/logo/teamlogo/8678.png,2027-05-01,16:00
34,https://www.fotmob.com/matches/leeds-united-vs-ipswich-town/2sevkh#5795751,5795751,Ipswich Town,9902,Leeds United,8463,False,False,False,47,Premier League,2026/2027,ENG,,,,,,https://images.fotmob.com/image_resources/logo/teamlogo/9902.png,https://images.fotmob.com/image_resources/logo/teamlogo/8463.png,2027-05-01,16:00
34,https://www.fotmob.com/matches/chelsea-vs-liverpool/2f3vr7#5795752,5795752,Liverpool,8650,Chelsea,8455,False,False,False,47,Premier League,2026/2027,ENG,,,,,,https://images.fotmob.com/image_resources/logo/teamlogo/8650.png,https://images.fotmob.com/image_resources/logo/teamlogo/8455.png,2027-05-01,16:00
34,https://www.fotmob.com/matches/manchester-city-vs-brentford/2spwom#5795753,5795753,Manchester City,8456,Brentford,9937,False,False,False,47,Premier League,2026/2027,ENG,,,,,,https://images.fotmob.com/image_resources/logo/teamlogo/8456.png,https://images.fotmob.com/image_resources/logo/teamlogo/9937.png,2027-05-01,16:00
34,https://www.fotmob.com/matches/sunderland-vs-newcastle-united/2wh5lv#5795754,5795754,Sunderland,8472,Newcastle United,10261,False,False,False,47,Premier League,2026/2027,ENG,,,,,,https://images.fotmob.com/image_resources/logo/teamlogo/8472.png,https://images.fotmob.com/image_resources/logo/teamlogo/10261.png,2027-05-01,16:00
35,https://www.fotmob.com/matches/afc-bournemouth-vs-manchester-united/2yrx85#5795755,5795755,AFC Bournemouth,8678,Manchester United,10260,False,False,False,47,Premier League,2026/2027,ENG,,,,,,https://images.fotmob.com/image_resources/logo/teamlogo/8678.png,https://images.fotmob.com/image_resources/logo/teamlogo/10260.png,2027-05-08,16:00
35,https://www.fotmob.com/matches/brentford-vs-aston-villa/3dciw4#5795756,5795756,Brentford,9937,Aston Villa,10252,False,False,False,47,Premier League,2026/2027,ENG,,,,,,https://images.fotmob.com/image_resources/logo/teamlogo/9937.png,https://images.fotmob.com/image_resources/logo/teamlogo/10252.png,2027-05-08,16:00
35,https://www.fotmob.com/matches/sunderland-vs-brighton-hove-albion/2vuaxm#5795757,5795757,Brighton & Hove Albion,10204,Sunderland,8472,False,False,False,47,Premier League,2026/2027,ENG,,,,,,https://images.fotmob.com/image_resources/logo/teamlogo/10204.png,https://images.fotmob.com/image_resources/logo/teamlogo/8472.png,2027-05-08,16:00
35,https://www.fotmob.com/matches/hull-city-vs-everton/2hgrvk#5795771,5795771,Everton,8668,Hull City,8667,False,False,False,47,Premier League,2026/2027,ENG,,,,,,https://images.fotmob.com/image_resources/logo/teamlogo/8668.png,https://images.fotmob.com/image_resources/logo/teamlogo/8667.png,2027-05-08,16:00
35,https://www.fotmob.com/matches/fulham-vs-ipswich-town/38hr4t#5795772,5795772,Fulham,9879,Ipswich Town,9902,False,False,False,47,Premier League,2026/2027,ENG,,,,,,https://images.fotmob.com/image_resources/logo/teamlogo/9879.png,https://images.fotmob.com/image_resources/logo/teamlogo/9902.png,2027-05-08,16:00
35,https://www.fotmob.com/matches/leeds-united-vs-arsenal/2rkmmx#5795773,5795773,Leeds United,8463,Arsenal,9825,False,False,False,47,Premier League,2026/2027,ENG,,,,,,https://images.fotmob.com/image_resources/logo/teamlogo/8463.png,https://images.fotmob.com/image_resources/logo/teamlogo/9825.png,2027-05-08,16:00
35,https://www.fotmob.com/matches/manchester-city-vs-liverpool/2f48yd#5795774,5795774,Manchester City,8456,Liverpool,8650,False,False,False,47,Premier League,2026/2027,ENG,,,,,,https://images.fotmob.com/image_resources/logo/teamlogo/8456.png,https://images.fotmob.com/image_resources/logo/teamlogo/8650.png,2027-05-08,16:00
35,https://www.fotmob.com/matches/coventry-city-vs-newcastle-united/2yooc8#5795775,5795775,Newcastle United,10261,Coventry City,8669,False,False,False,47,Premier League,2026/2027,ENG,,,,,,https://images.fotmob.com/image_resources/logo/teamlogo/10261.png,https://images.fotmob.com/image_resources/logo/teamlogo/8669.png,2027-05-08,16:00
35,https://www.fotmob.com/matches/crystal-palace-vs-nottingham-forest/3bfk5h#5795776,5795776,Nottingham Forest,10203,Crystal Palace,9826,False,False,False,47,Premier League,2026/2027,ENG,,,,,,https://images.fotmob.com/image_resources/logo/teamlogo/10203.png,https://images.fotmob.com/image_resources/logo/teamlogo/9826.png,2027-05-08,16:00
35,https://www.fotmob.com/matches/chelsea-vs-tottenham-hotspur/2eggkj#5795777,5795777,Tottenham Hotspur,8586,Chelsea,8455,False,False,False,47,Premier League,2026/2027,ENG,,,,,,https://images.fotmob.com/image_resources/logo/teamlogo/8586.png,https://images.fotmob.com/image_resources/logo/teamlogo/8455.png,2027-05-08,16:00
36,https://www.fotmob.com/matches/arsenal-vs-nottingham-forest/3bf4p3#5795778,5795778,Arsenal,9825,Nottingham Forest,10203,False,False,False,47,Premier League,2026/2027,ENG,,,,,,https://images.fotmob.com/image_resources/logo/teamlogo/9825.png,https://images.fotmob.com/image_resources/logo/teamlogo/10203.png,2027-05-15,16:00
36,https://www.fotmob.com/matches/aston-villa-vs-newcastle-united/3h9v0m#5795779,5795779,Aston Villa,10252,Newcastle United,10261,False,False,False,47,Premier League,2026/2027,ENG,,,,,,https://images.fotmob.com/image_resources/logo/teamlogo/10252.png,https://images.fotmob.com/image_resources/logo/teamlogo/10261.png,2027-05-15,16:00
36,https://www.fotmob.com/matches/chelsea-vs-everton/2fahgy#5795780,5795780,Chelsea,8455,Everton,8668,False,False,False,47,Premier League,2026/2027,ENG,,,,,,https://images.fotmob.com/image_resources/logo/teamlogo/8455.png,https://images.fotmob.com/image_resources/logo/teamlogo/8668.png,2027-05-15,16:00
36,https://www.fotmob.com/matches/tottenham-hotspur-vs-coventry-city/2gn495#5795781,5795781,Coventry City,8669,Tottenham Hotspur,8586,False,False,False,47,Premier League,2026/2027,ENG,,,,,,https://images.fotmob.com/image_resources/logo/teamlogo/8669.png,https://images.fotmob.com/image_resources/logo/teamlogo/8586.png,2027-05-15,16:00
36,https://www.fotmob.com/matches/crystal-palace-vs-brighton-hove-albion/3bfzlv#5795782,5795782,Crystal Palace,9826,Brighton & Hove Albion,10204,False,False,False,47,Premier League,2026/2027,ENG,,,,,,https://images.fotmob.com/image_resources/logo/teamlogo/9826.png,https://images.fotmob.com/image_resources/logo/teamlogo/10204.png,2027-05-15,16:00
36,https://www.fotmob.com/matches/hull-city-vs-fulham/2ueh4i#5795783,5795783,Hull City,8667,Fulham,9879,False,False,False,47,Premier League,2026/2027,ENG,,,,,,https://images.fotmob.com/image_resources/logo/teamlogo/8667.png,https://images.fotmob.com/image_resources/logo/teamlogo/9879.png,2027-05-15,16:00
36,https://www.fotmob.com/matches/manchester-city-vs-ipswich-town/2sc4e3#5795784,5795784,Ipswich Town,9902,Manchester City,8456,False,False,False,47,Premier League,2026/2027,ENG,,,,,,https://images.fotmob.com/image_resources/logo/teamlogo/9902.png,https://images.fotmob.com/image_resources/logo/teamlogo/8456.png,2027-05-15,16:00
36,https://www.fotmob.com/matches/liverpool-vs-brentford/2uusjv#5795785,5795785,Liverpool,8650,Brentford,9937,False,False,False,47,Premier League,2026/2027,ENG,,,,,,https://images.fotmob.com/image_resources/logo/teamlogo/8650.png,https://images.fotmob.com/image_resources/logo/teamlogo/9937.png,2027-05-15,16:00
36,https://www.fotmob.com/matches/leeds-united-vs-manchester-united/2wd539#5795786,5795786,Manchester United,10260,Leeds United,8463,False,False,False,47,Premier League,2026/2027,ENG,,,,,,https://images.fotmob.com/image_resources/logo/teamlogo/10260.png,https://images.fotmob.com/image_resources/logo/teamlogo/8463.png,2027-05-15,16:00
36,https://www.fotmob.com/matches/sunderland-vs-afc-bournemouth/2fkehz#5795787,5795787,Sunderland,8472,AFC Bournemouth,8678,False,False,False,47,Premier League,2026/2027,ENG,,,,,,https://images.fotmob.com/image_resources/logo/teamlogo/8472.png,https://images.fotmob.com/image_resources/logo/teamlogo/8678.png,2027-05-15,16:00
37,https://www.fotmob.com/matches/chelsea-vs-afc-bournemouth/2fe5n5#5795788,5795788,AFC Bournemouth,8678,Chelsea,8455,False,False,False,47,Premier League,2026/2027,ENG,,,,,,https://images.fotmob.com/image_resources/logo/teamlogo/8678.png,https://images.fotmob.com/image_resources/logo/teamlogo/8455.png,2027-05-23,16:00
37,https://www.fotmob.com/matches/hull-city-vs-brentford/2v1khb#5795789,5795789,Brentford,9937,Hull City,8667,False,False,False,47,Premier League,2026/2027,ENG,,,,,,https://images.fotmob.com/image_resources/logo/teamlogo/9937.png,https://images.fotmob.com/image_resources/logo/teamlogo/8667.png,2027-05-23,16:00
37,https://www.fotmob.com/matches/liverpool-vs-brighton-hove-albion/2xtwfj#5795790,5795790,Brighton & Hove Albion,10204,Liverpool,8650,False,False,False,47,Premier League,2026/2027,ENG,,,,,,https://images.fotmob.com/image_resources/logo/teamlogo/10204.png,https://images.fotmob.com/image_resources/logo/teamlogo/8650.png,2027-05-23,16:00
37,https://www.fotmob.com/matches/everton-vs-arsenal/2ttfpg#5795791,5795791,Everton,8668,Arsenal,9825,False,False,False,47,Premier League,2026/2027,ENG,,,,,,https://images.fotmob.com/image_resources/logo/teamlogo/8668.png,https://images.fotmob.com/image_resources/logo/teamlogo/9825.png,2027-05-23,16:00
37,https://www.fotmob.com/matches/coventry-city-vs-fulham/2uf9qx#5795792,5795792,Fulham,9879,Coventry City,8669,False,False,False,47,Premier League,2026/2027,ENG,,,,,,https://images.fotmob.com/image_resources/logo/teamlogo/9879.png,https://images.fotmob.com/image_resources/logo/teamlogo/8669.png,2027-05-23,16:00
37,https://www.fotmob.com/matches/leeds-united-vs-sunderland/2dduzo#5795793,5795793,Leeds United,8463,Sunderland,8472,False,False,False,47,Premier League,2026/2027,ENG,,,,,,https://images.fotmob.com/image_resources/logo/teamlogo/8463.png,https://images.fotmob.com/image_resources/logo/teamlogo/8472.png,2027-05-23,16:00
37,https://www.fotmob.com/matches/manchester-city-vs-aston-villa/2w74gq#5795794,5795794,Manchester City,8456,Aston Villa,10252,False,False,False,47,Premier League,2026/2027,ENG,,,,,,https://images.fotmob.com/image_resources/logo/teamlogo/8456.png,https://images.fotmob.com/image_resources/logo/teamlogo/10252.png,2027-05-23,16:00
37,https://www.fotmob.com/matches/crystal-palace-vs-newcastle-united/3c4hty#5795795,5795795,Newcastle United,10261,Crystal Palace,9826,False,False,False,47,Premier League,2026/2027,ENG,,,,,,https://images.fotmob.com/image_resources/logo/teamlogo/10261.png,https://images.fotmob.com/image_resources/logo/teamlogo/9826.png,2027-05-23,16:00
37,https://www.fotmob.com/matches/ipswich-town-vs-nottingham-forest/3cc90b#5795796,5795796,Nottingham Forest,10203,Ipswich Town,9902,False,False,False,47,Premier League,2026/2027,ENG,,,,,,https://images.fotmob.com/image_resources/logo/teamlogo/10203.png,https://images.fotmob.com/image_resources/logo/teamlogo/9902.png,2027-05-23,16:00
37,https://www.fotmob.com/matches/tottenham-hotspur-vs-manchester-united/2xqo0r#5795797,5795797,Tottenham Hotspur,8586,Manchester United,10260,False,False,False,47,Premier League,2026/2027,ENG,,,,,,https://images.fotmob.com/image_resources/logo/teamlogo/8586.png,https://images.fotmob.com/image_resources/logo/teamlogo/10260.png,2027-05-23,16:00
38,https://www.fotmob.com/matches/arsenal-vs-brighton-hove-albion/3bfk5g#5795798,5795798,Arsenal,9825,Brighton & Hove Albion,10204,False,False,False,47,Premier League,2026/2027,ENG,,,,,,https://images.fotmob.com/image_resources/logo/teamlogo/9825.png,https://images.fotmob.com/image_resources/logo/teamlogo/10204.png,2027-05-30,17:00
38,https://www.fotmob.com/matches/tottenham-hotspur-vs-aston-villa/2xnfpj#5795799,5795799,Aston Villa,10252,Tottenham Hotspur,8586,False,False,False,47,Premier League,2026/2027,ENG,,,,,,https://images.fotmob.com/image_resources/logo/teamlogo/10252.png,https://images.fotmob.com/image_resources/logo/teamlogo/8586.png,2027-05-30,17:00
38,https://www.fotmob.com/matches/chelsea-vs-brentford/2spihp#5795800,5795800,Chelsea,8455,Brentford,9937,False,False,False,47,Premier League,2026/2027,ENG,,,,,,https://images.fotmob.com/image_resources/logo/teamlogo/8455.png,https://images.fotmob.com/image_resources/logo/teamlogo/9937.png,2027-05-30,17:00
38,https://www.fotmob.com/matches/coventry-city-vs-nottingham-forest/2y16ft#5795801,5795801,Coventry City,8669,Nottingham Forest,10203,False,False,False,47,Premier League,2026/2027,ENG,,,,,,https://images.fotmob.com/image_resources/logo/teamlogo/8669.png,https://images.fotmob.com/image_resources/logo/teamlogo/10203.png,2027-05-30,17:00
38,https://www.fotmob.com/matches/leeds-united-vs-crystal-palace/2rl0qz#5795802,5795802,Crystal Palace,9826,Leeds United,8463,False,False,False,47,Premier League,2026/2027,ENG,,,,,,https://images.fotmob.com/image_resources/logo/teamlogo/9826.png,https://images.fotmob.com/image_resources/logo/teamlogo/8463.png,2027-05-30,17:00
38,https://www.fotmob.com/matches/hull-city-vs-newcastle-united/2ynv4j#5795803,5795803,Hull City,8667,Newcastle United,10261,False,False,False,47,Premier League,2026/2027,ENG,,,,,,https://images.fotmob.com/image_resources/logo/teamlogo/8667.png,https://images.fotmob.com/image_resources/logo/teamlogo/10261.png,2027-05-30,17:00
38,https://www.fotmob.com/matches/everton-vs-ipswich-town/2uo0th#5795804,5795804,Ipswich Town,9902,Everton,8668,False,False,False,47,Premier League,2026/2027,ENG,,,,,,https://images.fotmob.com/image_resources/logo/teamlogo/9902.png,https://images.fotmob.com/image_resources/logo/teamlogo/8668.png,2027-05-30,17:00
38,https://www.fotmob.com/matches/liverpool-vs-afc-bournemouth/2he69q#5795805,5795805,Liverpool,8650,AFC Bournemouth,8678,False,False,False,47,Premier League,2026/2027,ENG,,,,,,https://images.fotmob.com/image_resources/logo/teamlogo/8650.png,https://images.fotmob.com/image_resources/logo/teamlogo/8678.png,2027-05-30,17:00
38,https://www.fotmob.com/matches/fulham-vs-manchester-united/3cqww9#5795806,5795806,Manchester United,10260,Fulham,9879,False,False,False,47,Premier League,2026/2027,ENG,,,,,,https://images.fotmob.com/image_resources/logo/teamlogo/10260.png,https://images.fotmob.com/image_resources/logo/teamlogo/9879.png,2027-05-30,17:00
38,https://www.fotmob.com/matches/manchester-city-vs-sunderland/2dbbjc#5795807,5795807,Sunderland,8472,Manchester City,8456,False,False,False,47,Premier League,2026/2027,ENG,,,,,,https://images.fotmob.com/image_resources/logo/teamlogo/8472.png,https://images.fotmob.com/image_resources/logo/teamlogo/8456.png,2027-05-30,17:00
1,https://www.fotmob.com/matches/marseille-vs-strasbourg/2t8gik#5802905,5802905,Marseille,8592,Strasbourg,9848,False,False,False,53,Ligue 1,2026/2027,FRA,,,,,,https://images.fotmob.com/image_resources/logo/teamlogo/8592.png,https://images.fotmob.com/image_resources/logo/teamlogo/9848.png,2026-08-21,20:45
1,https://www.fotmob.com/matches/auxerre-vs-lens/2fs4i2#5802904,5802904,Lens,8588,Auxerre,8583,False,False,False,53,Ligue 1,2026/2027,FRA,,,,,,https://images.fotmob.com/image_resources/logo/teamlogo/8588.png,https://images.fotmob.com/image_resources/logo/teamlogo/8583.png,2026-08-22,17:15
1,https://www.fotmob.com/matches/brest-vs-le-mans/2g3wyg#5802903,5802903,Le Mans,8682,Brest,8521,False,False,False,53,Ligue 1,2026/2027,FRA,,,,,,https://images.fotmob.com/image_resources/logo/teamlogo/8682.png,https://images.fotmob.com/image_resources/logo/teamlogo/8521.png,2026-08-22,20:45
1,https://www.fotmob.com/matches/lorient-vs-nice/2u459v#5802906,5802906,Nice,9831,Lorient,8689,False,False,False,53,Ligue 1,2026/2027,FRA,,,,,,https://images.fotmob.com/image_resources/logo/teamlogo/9831.png,https://images.fotmob.com/image_resources/logo/teamlogo/8689.png,2026-08-22,20:45
1,https://www.fotmob.com/matches/lyon-vs-toulouse/37eu6q#5802908,5802908,Toulouse,9941,Lyon,9748,False,False,False,53,Ligue 1,2026/2027,FRA,,,,,,https://images.fotmob.com/image_resources/logo/teamlogo/9941.png,https://images.fotmob.com/image_resources/logo/teamlogo/9748.png,2026-08-22,20:45
1,https://www.fotmob.com/matches/paris-fc-vs-troyes/2a8w7q#5802909,5802909,Troyes,10242,Paris FC,6379,False,False,False,53,Ligue 1,2026/2027,FRA,,,,,,https://images.fotmob.com/image_resources/logo/teamlogo/10242.png,https://images.fotmob.com/image_resources/logo/teamlogo/6379.png,2026-08-22,20:45
1,https://www.fotmob.com/matches/angers-vs-lille/2bmo4b#5802901,5802901,Angers,8121,Lille,8639,False,False,False,53,Ligue 1,2026/2027,FRA,,,,,,https://images.fotmob.com/image_resources/logo/teamlogo/8121.png,https://images.fotmob.com/image_resources/logo/teamlogo/8639.png,2026-08-23,15:00
1,https://www.fotmob.com/matches/le-havre-vs-monaco/362v61#5802902,5802902,Le Havre,9746,Monaco,9829,False,False,False,53,Ligue 1,2026/2027,FRA,,,,,,https://images.fotmob.com/image_resources/logo/teamlogo/9746.png,https://images.fotmob.com/image_resources/logo/teamlogo/9829.png,2026-08-23,17:15
1,https://www.fotmob.com/matches/paris-saint-germain-vs-rennes/37imvq#5802907,5802907,Paris Saint-Germain,9847,Rennes,9851,False,False,False,53,Ligue 1,2026/2027,FRA,,,,,,https://images.fotmob.com/image_resources/logo/teamlogo/9847.png,https://images.fotmob.com/image_resources/logo/teamlogo/9851.png,2026-08-23,20:45
2,https://www.fotmob.com/matches/lille-vs-paris-saint-germain/2tqnus#5802918,5802918,Lille,8639,Paris Saint-Germain,9847,False,False,False,53,Ligue 1,2026/2027,FRA,,,,,,https://images.fotmob.com/image_resources/logo/teamlogo/8639.png,https://images.fotmob.com/image_resources/logo/teamlogo/9847.png,2026-08-28,20:45
2,https://www.fotmob.com/matches/lens-vs-strasbourg/2t6vlu#5802917,5802917,Strasbourg,9848,Lens,8588,False,False,False,53,Ligue 1,2026/2027,FRA,,,,,,https://images.fotmob.com/image_resources/logo/teamlogo/9848.png,https://images.fotmob.com/image_resources/logo/teamlogo/8588.png,2026-08-29,17:15
2,https://www.fotmob.com/matches/angers-vs-auxerre/2b2l2f#5802910,5802910,Auxerre,8583,Angers,8121,False,False,False,53,Ligue 1,2026/2027,FRA,,,,,,https://images.fotmob.com/image_resources/logo/teamlogo/8583.png,https://images.fotmob.com/image_resources/logo/teamlogo/8121.png,2026-08-29,20:45
2,https://www.fotmob.com/matches/brest-vs-toulouse/2th5t2#5802911,5802911,Brest,8521,Toulouse,9941,False,False,False,53,Ligue 1,2026/2027,FRA,,,,,,https://images.fotmob.com/image_resources/logo/teamlogo/8521.png,https://images.fotmob.com/image_resources/logo/teamlogo/9941.png,2026-08-29,20:45
2,https://www.fotmob.com/matches/lorient-vs-troyes/2yp2yn#5802912,5802912,Lorient,8689,Troyes,10242,False,False,False,53,Ligue 1,2026/2027,FRA,,,,,,https://images.fotmob.com/image_resources/logo/teamlogo/8689.png,https://images.fotmob.com/image_resources/logo/teamlogo/10242.png,2026-08-29,20:45
2,https://www.fotmob.com/matches/le-havre-vs-lyon/354y61#5802913,5802913,Lyon,9748,Le Havre,9746,False,False,False,53,Ligue 1,2026/2027,FRA,,,,,,https://images.fotmob.com/image_resources/logo/teamlogo/9748.png,https://images.fotmob.com/image_resources/logo/teamlogo/9746.png,2026-08-29,20:45
2,https://www.fotmob.com/matches/paris-fc-vs-nice/268cvm#5802915,5802915,Paris FC,6379,Nice,9831,False,False,False,53,Ligue 1,2026/2027,FRA,,,,,,https://images.fotmob.com/image_resources/logo/teamlogo/6379.png,https://images.fotmob.com/image_resources/logo/teamlogo/9831.png,2026-08-30,15:00
2,https://www.fotmob.com/matches/le-mans-vs-rennes/2u9b4q#5802916,5802916,Rennes,9851,Le Mans,8682,False,False,False,53,Ligue 1,2026/2027,FRA,,,,,,https://images.fotmob.com/image_resources/logo/teamlogo/9851.png,https://images.fotmob.com/image_resources/logo/teamlogo/8682.png,2026-08-30,17:15
2,https://www.fotmob.com/matches/marseille-vs-monaco/2t0yak#5802914,5802914,Monaco,9829,Marseille,8592,False,False,False,53,Ligue 1,2026/2027,FRA,,,,,,https://images.fotmob.com/image_resources/logo/teamlogo/9829.png,https://images.fotmob.com/image_resources/logo/teamlogo/8592.png,2026-08-30,20:45
3,https://www.fotmob.com/matches/lille-vs-toulouse/2us06f#5802926,5802926,Toulouse,9941,Lille,8639,False,False,False,53,Ligue 1,2026/2027,FRA,,,,,,https://images.fotmob.com/image_resources/logo/teamlogo/9941.png,https://images.fotmob.com/image_resources/logo/teamlogo/8639.png,2026-09-03,20:45
3,https://www.fotmob.com/matches/auxerre-vs-lyon/2s1i32#5802922,5802922,Lyon,9748,Auxerre,8583,False,False,False,53,Ligue 1,2026/2027,FRA,,,,,,https://images.fotmob.com/image_resources/logo/teamlogo/9748.png,https://images.fotmob.com/image_resources/logo/teamlogo/8583.png,2026-09-04,19:00
3,https://www.fotmob.com/matches/monaco-vs-paris-saint-germain/379cod#5802925,5802925,Paris Saint-Germain,9847,Monaco,9829,False,False,False,53,Ligue 1,2026/2027,FRA,,,,,,https://images.fotmob.com/image_resources/logo/teamlogo/9847.png,https://images.fotmob.com/image_resources/logo/teamlogo/9829.png,2026-09-04,21:05
3,https://www.fotmob.com/matches/lens-vs-lorient/2gv9dg#5802921,5802921,Lens,8588,Lorient,8689,False,False,False,53,Ligue 1,2026/2027,FRA,,,,,,https://images.fotmob.com/image_resources/logo/teamlogo/8588.png,https://images.fotmob.com/image_resources/logo/teamlogo/8689.png,2026-09-05,17:15
3,https://www.fotmob.com/matches/brest-vs-le-havre/2rceek#5802920,5802920,Le Havre,9746,Brest,8521,False,False,False,53,Ligue 1,2026/2027,FRA,,,,,,https://images.fotmob.com/image_resources/logo/teamlogo/9746.png,https://images.fotmob.com/image_resources/logo/teamlogo/8521.png,2026-09-05,20:45
3,https://www.fotmob.com/matches/le-mans-vs-nice/2u1d9c#5802924,5802924,Nice,9831,Le Mans,8682,False,False,False,53,Ligue 1,2026/2027,FRA,,,,,,https://images.fotmob.com/image_resources/logo/teamlogo/9831.png,https://images.fotmob.com/image_resources/logo/teamlogo/8682.png,2026-09-05,20:45
3,https://www.fotmob.com/matches/strasbourg-vs-troyes/3c5scn#5802927,5802927,Troyes,10242,Strasbourg,9848,False,False,False,53,Ligue 1,2026/2027,FRA,,,,,,https://images.fotmob.com/image_resources/logo/teamlogo/10242.png,https://images.fotmob.com/image_resources/logo/teamlogo/9848.png,2026-09-06,15:00
3,https://www.fotmob.com/matches/angers-vs-rennes/2o5ty5#5802919,5802919,Angers,8121,Rennes,9851,False,False,False,53,Ligue 1,2026/2027,FRA,,,,,,https://images.fotmob.com/image_resources/logo/teamlogo/8121.png,https://images.fotmob.com/image_resources/logo/teamlogo/9851.png,2026-09-06,17:15
3,https://www.fotmob.com/matches/paris-fc-vs-marseille/1uqamy#5802923,5802923,Marseille,8592,Paris FC,6379,False,False,False,53,Ligue 1,2026/2027,FRA,,,,,,https://images.fotmob.com/image_resources/logo/teamlogo/8592.png,https://images.fotmob.com/image_resources/logo/teamlogo/6379.png,2026-09-06,20:45
4,https://www.fotmob.com/matches/marseille-vs-rennes/2t9n7h#5802935,5802935,Rennes,9851,Marseille,8592,False,False,False,53,Ligue 1,2026/2027,FRA,,,,,,https://images.fotmob.com/image_resources/logo/teamlogo/9851.png,https://images.fotmob.com/image_resources/logo/teamlogo/8592.png,2026-09-11,20:45
4,https://www.fotmob.com/matches/monaco-vs-strasbourg/379ruz#5802936,5802936,Strasbourg,9848,Monaco,9829,False,False,False,53,Ligue 1,2026/2027,FRA,,,,,,https://images.fotmob.com/image_resources/logo/teamlogo/9848.png,https://images.fotmob.com/image_resources/logo/teamlogo/9829.png,2026-09-12,17:15
4,https://www.fotmob.com/matches/auxerre-vs-nice/2sy6tc#5802928,5802928,Auxerre,8583,Nice,9831,False,False,False,53,Ligue 1,2026/2027,FRA,,,,,,https://images.fotmob.com/image_resources/logo/teamlogo/8583.png,https://images.fotmob.com/image_resources/logo/teamlogo/9831.png,2026-09-12,20:45
4,https://www.fotmob.com/matches/angers-vs-le-havre/2n1i0k#5802930,5802930,Le Havre,9746,Angers,8121,False,False,False,53,Ligue 1,2026/2027,FRA,,,,,,https://images.fotmob.com/image_resources/logo/teamlogo/9746.png,https://images.fotmob.com/image_resources/logo/teamlogo/8121.png,2026-09-12,20:45
4,https://www.fotmob.com/matches/lorient-vs-toulouse/2vbxze#5802933,5802933,Lorient,8689,Toulouse,9941,False,False,False,53,Ligue 1,2026/2027,FRA,,,,,,https://images.fotmob.com/image_resources/logo/teamlogo/8689.png,https://images.fotmob.com/image_resources/logo/teamlogo/9941.png,2026-09-12,20:45
4,https://www.fotmob.com/matches/paris-fc-vs-lyon/25flas#5802934,5802934,Paris FC,6379,Lyon,9748,False,False,False,53,Ligue 1,2026/2027,FRA,,,,,,https://images.fotmob.com/image_resources/logo/teamlogo/6379.png,https://images.fotmob.com/image_resources/logo/teamlogo/9748.png,2026-09-12,20:45
4,https://www.fotmob.com/matches/lille-vs-troyes/2y4ti8#5802932,5802932,Lille,8639,Troyes,10242,False,False,False,53,Ligue 1,2026/2027,FRA,,,,,,https://images.fotmob.com/image_resources/logo/teamlogo/8639.png,https://images.fotmob.com/image_resources/logo/teamlogo/10242.png,2026-09-13,15:00
4,https://www.fotmob.com/matches/lens-vs-le-mans/2gso2f#5802931,5802931,Le Mans,8682,Lens,8588,False,False,False,53,Ligue 1,2026/2027,FRA,,,,,,https://images.fotmob.com/image_resources/logo/teamlogo/8682.png,https://images.fotmob.com/image_resources/logo/teamlogo/8588.png,2026-09-13,17:15
4,https://www.fotmob.com/matches/brest-vs-paris-saint-germain/2sg21j#5802929,5802929,Brest,8521,Paris Saint-Germain,9847,False,False,False,53,Ligue 1,2026/2027,FRA,,,,,,https://images.fotmob.com/image_resources/logo/teamlogo/8521.png,https://images.fotmob.com/image_resources/logo/teamlogo/9847.png,2026-09-13,20:45
5,https://www.fotmob.com/matches/angers-vs-troyes/2se1ur#5802937,5802937,Angers,8121,Troyes,10242,False,False,False,53,Ligue 1,2026/2027,FRA,,,,,,https://images.fotmob.com/image_resources/logo/teamlogo/8121.png,https://images.fotmob.com/image_resources/logo/teamlogo/10242.png,2026-09-19,17:00
5,https://www.fotmob.com/matches/brest-vs-auxerre/2f3ii7#5802938,5802938,Auxerre,8583,Brest,8521,False,False,False,53,Ligue 1,2026/2027,FRA,,,,,,https://images.fotmob.com/image_resources/logo/teamlogo/8583.png,https://images.fotmob.com/image_resources/logo/teamlogo/8521.png,2026-09-19,17:00
5,https://www.fotmob.com/matches/le-mans-vs-lorient/2hu5xn#5802939,5802939,Le Mans,8682,Lorient,8689,False,False,False,53,Ligue 1,2026/2027,FRA,,,,,,https://images.fotmob.com/image_resources/logo/teamlogo/8682.png,https://images.fotmob.com/image_resources/logo/teamlogo/8689.png,2026-09-19,17:00
5,https://www.fotmob.com/matches/lyon-vs-rennes/36cxwz#5802940,5802940,Lyon,9748,Rennes,9851,False,False,False,53,Ligue 1,2026/2027,FRA,,,,,,https://images.fotmob.com/image_resources/logo/teamlogo/9748.png,https://images.fotmob.com/image_resources/logo/teamlogo/9851.png,2026-09-19,17:00
5,https://www.fotmob.com/matches/lens-vs-monaco/2szdfy#5802941,5802941,Monaco,9829,Lens,8588,False,False,False,53,Ligue 1,2026/2027,FRA,,,,,,https://images.fotmob.com/image_resources/logo/teamlogo/9829.png,https://images.fotmob.com/image_resources/logo/teamlogo/8588.png,2026-09-19,17:00
5,https://www.fotmob.com/matches/lille-vs-nice/2tkbpo#5802942,5802942,Nice,9831,Lille,8639,False,False,False,53,Ligue 1,2026/2027,FRA,,,,,,https://images.fotmob.com/image_resources/logo/teamlogo/9831.png,https://images.fotmob.com/image_resources/logo/teamlogo/8639.png,2026-09-19,17:00
5,https://www.fotmob.com/matches/paris-fc-vs-strasbourg/26e9n2#5802943,5802943,Paris FC,6379,Strasbourg,9848,False,False,False,53,Ligue 1,2026/2027,FRA,,,,,,https://images.fotmob.com/image_resources/logo/teamlogo/6379.png,https://images.fotmob.com/image_resources/logo/teamlogo/9848.png,2026-09-19,17:00
5,https://www.fotmob.com/matches/le-havre-vs-toulouse/37dzsx#5802944,5802944,Toulouse,9941,Le Havre,9746,False,False,False,53,Ligue 1,2026/2027,FRA,,,,,,https://images.fotmob.com/image_resources/logo/teamlogo/9941.png,https://images.fotmob.com/image_resources/logo/teamlogo/9746.png,2026-09-19,17:00
5,https://www.fotmob.com/matches/marseille-vs-paris-saint-germain/2t82ab#5802945,5802945,Marseille,8592,Paris Saint-Germain,9847,False,False,False,53,Ligue 1,2026/2027,FRA,,,,,,https://images.fotmob.com/image_resources/logo/teamlogo/8592.png,https://images.fotmob.com/image_resources/logo/teamlogo/9847.png,2026-09-20,20:45
6,https://www.fotmob.com/matches/angers-vs-brest/2agfd8#5802946,5802946,Brest,8521,Angers,8121,False,False,False,53,Ligue 1,2026/2027,FRA,,,,,,https://images.fotmob.com/image_resources/logo/teamlogo/8521.png,https://images.fotmob.com/image_resources/logo/teamlogo/8121.png,2026-10-10,17:00
6,https://www.fotmob.com/matches/lens-vs-lyon/2s3gtg#5802947,5802947,Lens,8588,Lyon,9748,False,False,False,53,Ligue 1,2026/2027,FRA,,,,,,https://images.fotmob.com/image_resources/logo/teamlogo/8588.png,https://images.fotmob.com/image_resources/logo/teamlogo/9748.png,2026-10-10,17:00
6,https://www.fotmob.com/matches/lille-vs-le-havre/2smr0r#5802948,5802948,Lille,8639,Le Havre,9746,False,False,False,53,Ligue 1,2026/2027,FRA,,,,,,https://images.fotmob.com/image_resources/logo/teamlogo/8639.png,https://images.fotmob.com/image_resources/logo/teamlogo/9746.png,2026-10-10,17:00
6,https://www.fotmob.com/matches/paris-fc-vs-lorient/1vliw7#5802949,5802949,Lorient,8689,Paris FC,6379,False,False,False,53,Ligue 1,2026/2027,FRA,,,,,,https://images.fotmob.com/image_resources/logo/teamlogo/8689.png,https://images.fotmob.com/image_resources/logo/teamlogo/6379.png,2026-10-10,17:00
6,https://www.fotmob.com/matches/monaco-vs-toulouse/38d3b8#5802950,5802950,Monaco,9829,Toulouse,9941,False,False,False,53,Ligue 1,2026/2027,FRA,,,,,,https://images.fotmob.com/image_resources/logo/teamlogo/9829.png,https://images.fotmob.com/image_resources/logo/teamlogo/9941.png,2026-10-10,17:00
6,https://www.fotmob.com/matches/nice-vs-strasbourg/37am88#5802951,5802951,Nice,9831,Strasbourg,9848,False,False,False,53,Ligue 1,2026/2027,FRA,,,,,,https://images.fotmob.com/image_resources/logo/teamlogo/9831.png,https://images.fotmob.com/image_resources/logo/teamlogo/9848.png,2026-10-10,17:00
6,https://www.fotmob.com/matches/le-mans-vs-paris-saint-germain/2u7pxk#5802952,5802952,Paris Saint-Germain,9847,Le Mans,8682,False,False,False,53,Ligue 1,2026/2027,FRA,,,,,,https://images.fotmob.com/image_resources/logo/teamlogo/9847.png,https://images.fotmob.com/image_resources/logo/teamlogo/8682.png,2026-10-10,17:00
6,https://www.fotmob.com/matches/auxerre-vs-rennes/2t635q#5802953,5802953,Rennes,9851,Auxerre,8583,False,False,False,53,Ligue 1,2026/2027,FRA,,,,,,https://images.fotmob.com/image_resources/logo/teamlogo/9851.png,https://images.fotmob.com/image_resources/logo/teamlogo/8583.png,2026-10-10,17:00
6,https://www.fotmob.com/matches/marseille-vs-troyes/2xltkr#5802954,5802954,Troyes,10242,Marseille,8592,False,False,False,53,Ligue 1,2026/2027,FRA,,,,,,https://images.fotmob.com/image_resources/logo/teamlogo/10242.png,https://images.fotmob.com/image_resources/logo/teamlogo/8592.png,2026-10-10,17:00
7,https://www.fotmob.com/matches/angers-vs-marseille/2b5t3x#5802955,5802955,Angers,8121,Marseille,8592,False,False,False,53,Ligue 1,2026/2027,FRA,,,,,,https://images.fotmob.com/image_resources/logo/teamlogo/8121.png,https://images.fotmob.com/image_resources/logo/teamlogo/8592.png,2026-10-17,17:00
7,https://www.fotmob.com/matches/auxerre-vs-le-havre/2s0psn#5802956,5802956,Le Havre,9746,Auxerre,8583,False,False,False,53,Ligue 1,2026/2027,FRA,,,,,,https://images.fotmob.com/image_resources/logo/teamlogo/9746.png,https://images.fotmob.com/image_resources/logo/teamlogo/8583.png,2026-10-17,17:00
7,https://www.fotmob.com/matches/le-mans-vs-toulouse/2v95dh#5802957,5802957,Le Mans,8682,Toulouse,9941,False,False,False,53,Ligue 1,2026/2027,FRA,,,,,,https://images.fotmob.com/image_resources/logo/teamlogo/8682.png,https://images.fotmob.com/image_resources/logo/teamlogo/9941.png,2026-10-17,17:00
7,https://www.fotmob.com/matches/brest-vs-lille/2fo2ub#5802958,5802958,Lille,8639,Brest,8521,False,False,False,53,Ligue 1,2026/2027,FRA,,,,,,https://images.fotmob.com/image_resources/logo/teamlogo/8639.png,https://images.fotmob.com/image_resources/logo/teamlogo/8521.png,2026-10-17,17:00
7,https://www.fotmob.com/matches/lorient-vs-monaco/2u3coy#5802959,5802959,Lorient,8689,Monaco,9829,False,False,False,53,Ligue 1,2026/2027,FRA,,,,,,https://images.fotmob.com/image_resources/logo/teamlogo/8689.png,https://images.fotmob.com/image_resources/logo/teamlogo/9829.png,2026-10-17,17:00
7,https://www.fotmob.com/matches/lyon-vs-nice/364jld#5802960,5802960,Lyon,9748,Nice,9831,False,False,False,53,Ligue 1,2026/2027,FRA,,,,,,https://images.fotmob.com/image_resources/logo/teamlogo/9748.png,https://images.fotmob.com/image_resources/logo/teamlogo/9831.png,2026-10-17,17:00
7,https://www.fotmob.com/matches/paris-fc-vs-rennes/26fb7k#5802961,5802961,Paris FC,6379,Rennes,9851,False,False,False,53,Ligue 1,2026/2027,FRA,,,,,,https://images.fotmob.com/image_resources/logo/teamlogo/6379.png,https://images.fotmob.com/image_resources/logo/teamlogo/9851.png,2026-10-17,17:00
7,https://www.fotmob.com/matches/paris-saint-germain-vs-strasbourg/37hda8#5802962,5802962,Strasbourg,9848,Paris Saint-Germain,9847,False,False,False,53,Ligue 1,2026/2027,FRA,,,,,,https://images.fotmob.com/image_resources/logo/teamlogo/9848.png,https://images.fotmob.com/image_resources/logo/teamlogo/9847.png,2026-10-17,17:00
7,https://www.fotmob.com/matches/lens-vs-troyes/2xk7g5#5802963,5802963,Troyes,10242,Lens,8588,False,False,False,53,Ligue 1,2026/2027,FRA,,,,,,https://images.fotmob.com/image_resources/logo/teamlogo/10242.png,https://images.fotmob.com/image_resources/logo/teamlogo/8588.png,2026-10-17,17:00
8,https://www.fotmob.com/matches/angers-vs-lorient/2c4nqw#5802964,5802964,Angers,8121,Lorient,8689,False,False,False,53,Ligue 1,2026/2027,FRA,,,,,,https://images.fotmob.com/image_resources/logo/teamlogo/8121.png,https://images.fotmob.com/image_resources/logo/teamlogo/8689.png,2026-10-24,17:00
8,https://www.fotmob.com/matches/auxerre-vs-le-mans/2gqtg3#5802965,5802965,Auxerre,8583,Le Mans,8682,False,False,False,53,Ligue 1,2026/2027,FRA,,,,,,https://images.fotmob.com/image_resources/logo/teamlogo/8583.png,https://images.fotmob.com/image_resources/logo/teamlogo/8682.png,2026-10-24,17:00
8,https://www.fotmob.com/matches/brest-vs-nice/2s9rcv#5802966,5802966,Brest,8521,Nice,9831,False,False,False,53,Ligue 1,2026/2027,FRA,,,,,,https://images.fotmob.com/image_resources/logo/teamlogo/8521.png,https://images.fotmob.com/image_resources/logo/teamlogo/9831.png,2026-10-24,17:00
8,https://www.fotmob.com/matches/paris-fc-vs-lens/1up0fk#5802967,5802967,Lens,8588,Paris FC,6379,False,False,False,53,Ligue 1,2026/2027,FRA,,,,,,https://images.fotmob.com/image_resources/logo/teamlogo/8588.png,https://images.fotmob.com/image_resources/logo/teamlogo/6379.png,2026-10-24,17:00
8,https://www.fotmob.com/matches/marseille-vs-le-havre/2s4945#5802968,5802968,Marseille,8592,Le Havre,9746,False,False,False,53,Ligue 1,2026/2027,FRA,,,,,,https://images.fotmob.com/image_resources/logo/teamlogo/8592.png,https://images.fotmob.com/image_resources/logo/teamlogo/9746.png,2026-10-24,17:00
8,https://www.fotmob.com/matches/lille-vs-monaco/2tjj7j#5802969,5802969,Monaco,9829,Lille,8639,False,False,False,53,Ligue 1,2026/2027,FRA,,,,,,https://images.fotmob.com/image_resources/logo/teamlogo/9829.png,https://images.fotmob.com/image_resources/logo/teamlogo/8639.png,2026-10-24,17:00
8,https://www.fotmob.com/matches/strasbourg-vs-rennes/37j22x#5802970,5802970,Rennes,9851,Strasbourg,9848,False,False,False,53,Ligue 1,2026/2027,FRA,,,,,,https://images.fotmob.com/image_resources/logo/teamlogo/9851.png,https://images.fotmob.com/image_resources/logo/teamlogo/9848.png,2026-10-24,17:00
8,https://www.fotmob.com/matches/toulouse-vs-troyes/3d9xft#5802971,5802971,Toulouse,9941,Troyes,10242,False,False,False,53,Ligue 1,2026/2027,FRA,,,,,,https://images.fotmob.com/image_resources/logo/teamlogo/9941.png,https://images.fotmob.com/image_resources/logo/teamlogo/10242.png,2026-10-24,17:00
8,https://www.fotmob.com/matches/lyon-vs-paris-saint-germain/36b9fd#5802972,5802972,Paris Saint-Germain,9847,Lyon,9748,False,False,False,53,Ligue 1,2026/2027,FRA,,,,,,https://images.fotmob.com/image_resources/logo/teamlogo/9847.png,https://images.fotmob.com/image_resources/logo/teamlogo/9748.png,2026-10-25,20:45
9,https://www.fotmob.com/matches/le-havre-vs-paris-saint-germain/36af6s#5802973,5802973,Le Havre,9746,Paris Saint-Germain,9847,False,False,False,53,Ligue 1,2026/2027,FRA,,,,,,https://images.fotmob.com/image_resources/logo/teamlogo/9746.png,https://images.fotmob.com/image_resources/logo/teamlogo/9847.png,2026-10-31,17:00
9,https://www.fotmob.com/matches/lens-vs-lille/2gcrq9#5802974,5802974,Lille,8639,Lens,8588,False,False,False,53,Ligue 1,2026/2027,FRA,,,,,,https://images.fotmob.com/image_resources/logo/teamlogo/8639.png,https://images.fotmob.com/image_resources/logo/teamlogo/8588.png,2026-10-31,17:00
9,https://www.fotmob.com/matches/brest-vs-lorient/2g6hwg#5802975,5802975,Lorient,8689,Brest,8521,False,False,False,53,Ligue 1,2026/2027,FRA,,,,,,https://images.fotmob.com/image_resources/logo/teamlogo/8689.png,https://images.fotmob.com/image_resources/logo/teamlogo/8521.png,2026-10-31,17:00
9,https://www.fotmob.com/matches/angers-vs-lyon/2n29lb#5802976,5802976,Lyon,9748,Angers,8121,False,False,False,53,Ligue 1,2026/2027,FRA,,,,,,https://images.fotmob.com/image_resources/logo/teamlogo/9748.png,https://images.fotmob.com/image_resources/logo/teamlogo/8121.png,2026-10-31,17:00
9,https://www.fotmob.com/matches/marseille-vs-toulouse/2u9b78#5802977,5802977,Marseille,8592,Toulouse,9941,False,False,False,53,Ligue 1,2026/2027,FRA,,,,,,https://images.fotmob.com/image_resources/logo/teamlogo/8592.png,https://images.fotmob.com/image_resources/logo/teamlogo/9941.png,2026-10-31,17:00
9,https://www.fotmob.com/matches/nice-vs-rennes/37bvse#5802978,5802978,Nice,9831,Rennes,9851,False,False,False,53,Ligue 1,2026/2027,FRA,,,,,,https://images.fotmob.com/image_resources/logo/teamlogo/9831.png,https://images.fotmob.com/image_resources/logo/teamlogo/9851.png,2026-10-31,17:00
9,https://www.fotmob.com/matches/paris-fc-vs-monaco/267nv1#5802979,5802979,Paris FC,6379,Monaco,9829,False,False,False,53,Ligue 1,2026/2027,FRA,,,,,,https://images.fotmob.com/image_resources/logo/teamlogo/6379.png,https://images.fotmob.com/image_resources/logo/teamlogo/9829.png,2026-10-31,17:00
9,https://www.fotmob.com/matches/auxerre-vs-strasbourg/2t4whk#5802980,5802980,Strasbourg,9848,Auxerre,8583,False,False,False,53,Ligue 1,2026/2027,FRA,,,,,,https://images.fotmob.com/image_resources/logo/teamlogo/9848.png,https://images.fotmob.com/image_resources/logo/teamlogo/8583.png,2026-10-31,17:00
9,https://www.fotmob.com/matches/le-mans-vs-troyes/2ym8q0#5802981,5802981,Troyes,10242,Le Mans,8682,False,False,False,53,Ligue 1,2026/2027,FRA,,,,,,https://images.fotmob.com/image_resources/logo/teamlogo/10242.png,https://images.fotmob.com/image_resources/logo/teamlogo/8682.png,2026-10-31,17:00
10,https://www.fotmob.com/matches/angers-vs-nice/2ny4qf#5802982,5802982,Angers,8121,Nice,9831,False,False,False,53,Ligue 1,2026/2027,FRA,,,,,,https://images.fotmob.com/image_resources/logo/teamlogo/8121.png,https://images.fotmob.com/image_resources/logo/teamlogo/9831.png,2026-11-07,17:00
10,https://www.fotmob.com/matches/paris-fc-vs-auxerre/1uneoy#5802983,5802983,Auxerre,8583,Paris FC,6379,False,False,False,53,Ligue 1,2026/2027,FRA,,,,,,https://images.fotmob.com/image_resources/logo/teamlogo/8583.png,https://images.fotmob.com/image_resources/logo/teamlogo/6379.png,2026-11-07,17:00
10,https://www.fotmob.com/matches/brest-vs-lyon/2rd6lj#5802984,5802984,Brest,8521,Lyon,9748,False,False,False,53,Ligue 1,2026/2027,FRA,,,,,,https://images.fotmob.com/image_resources/logo/teamlogo/8521.png,https://images.fotmob.com/image_resources/logo/teamlogo/9748.png,2026-11-07,17:00
10,https://www.fotmob.com/matches/lorient-vs-le-havre/2t6haw#5802985,5802985,Le Havre,9746,Lorient,8689,False,False,False,53,Ligue 1,2026/2027,FRA,,,,,,https://images.fotmob.com/image_resources/logo/teamlogo/9746.png,https://images.fotmob.com/image_resources/logo/teamlogo/8689.png,2026-11-07,17:00
10,https://www.fotmob.com/matches/le-mans-vs-monaco/2u0kot#5802986,5802986,Le Mans,8682,Monaco,9829,False,False,False,53,Ligue 1,2026/2027,FRA,,,,,,https://images.fotmob.com/image_resources/logo/teamlogo/8682.png,https://images.fotmob.com/image_resources/logo/teamlogo/9829.png,2026-11-07,17:00
10,https://www.fotmob.com/matches/paris-saint-germain-vs-troyes/3c5cuk#5802987,5802987,Paris Saint-Germain,9847,Troyes,10242,False,False,False,53,Ligue 1,2026/2027,FRA,,,,,,https://images.fotmob.com/image_resources/logo/teamlogo/9847.png,https://images.fotmob.com/image_resources/logo/teamlogo/10242.png,2026-11-07,17:00
10,https://www.fotmob.com/matches/lille-vs-rennes/2ts8x6#5802988,5802988,Rennes,9851,Lille,8639,False,False,False,53,Ligue 1,2026/2027,FRA,,,,,,https://images.fotmob.com/image_resources/logo/teamlogo/9851.png,https://images.fotmob.com/image_resources/logo/teamlogo/8639.png,2026-11-07,17:00
10,https://www.fotmob.com/matches/strasbourg-vs-toulouse/38l5ao#5802989,5802989,Toulouse,9941,Strasbourg,9848,False,False,False,53,Ligue 1,2026/2027,FRA,,,,,,https://images.fotmob.com/image_resources/logo/teamlogo/9941.png,https://images.fotmob.com/image_resources/logo/teamlogo/9848.png,2026-11-07,17:00
10,https://www.fotmob.com/matches/lens-vs-marseille/2fvfs6#5802990,5802990,Lens,8588,Marseille,8592,False,False,False,53,Ligue 1,2026/2027,FRA,,,,,,https://images.fotmob.com/image_resources/logo/teamlogo/8588.png,https://images.fotmob.com/image_resources/logo/teamlogo/8592.png,2026-11-07,20:45
11,https://www.fotmob.com/matches/lens-vs-toulouse/2u7q06#5802991,5802991,Lens,8588,Toulouse,9941,False,False,False,53,Ligue 1,2026/2027,FRA,,,,,,https://images.fotmob.com/image_resources/logo/teamlogo/8588.png,https://images.fotmob.com/image_resources/logo/teamlogo/9941.png,2026-11-21,17:00
11,https://www.fotmob.com/matches/lille-vs-lyon/2snjea#5802992,5802992,Lille,8639,Lyon,9748,False,False,False,53,Ligue 1,2026/2027,FRA,,,,,,https://images.fotmob.com/image_resources/logo/teamlogo/8639.png,https://images.fotmob.com/image_resources/logo/teamlogo/9748.png,2026-11-21,17:00
11,https://www.fotmob.com/matches/lorient-vs-rennes/2uc395#5802993,5802993,Lorient,8689,Rennes,9851,False,False,False,53,Ligue 1,2026/2027,FRA,,,,,,https://images.fotmob.com/image_resources/logo/teamlogo/8689.png,https://images.fotmob.com/image_resources/logo/teamlogo/9851.png,2026-11-21,17:00
11,https://www.fotmob.com/matches/marseille-vs-le-mans/2gu5dl#5802994,5802994,Marseille,8592,Le Mans,8682,False,False,False,53,Ligue 1,2026/2027,FRA,,,,,,https://images.fotmob.com/image_resources/logo/teamlogo/8592.png,https://images.fotmob.com/image_resources/logo/teamlogo/8682.png,2026-11-21,17:00
11,https://www.fotmob.com/matches/auxerre-vs-monaco/2sxeeb#5802995,5802995,Monaco,9829,Auxerre,8583,False,False,False,53,Ligue 1,2026/2027,FRA,,,,,,https://images.fotmob.com/image_resources/logo/teamlogo/9829.png,https://images.fotmob.com/image_resources/logo/teamlogo/8583.png,2026-11-21,17:00
11,https://www.fotmob.com/matches/nice-vs-paris-saint-germain/37a71k#5802996,5802996,Nice,9831,Paris Saint-Germain,9847,False,False,False,53,Ligue 1,2026/2027,FRA,,,,,,https://images.fotmob.com/image_resources/logo/teamlogo/9831.png,https://images.fotmob.com/image_resources/logo/teamlogo/9847.png,2026-11-21,17:00
11,https://www.fotmob.com/matches/paris-fc-vs-angers/1qlitv#5802997,5802997,Paris FC,6379,Angers,8121,False,False,False,53,Ligue 1,2026/2027,FRA,,,,,,https://images.fotmob.com/image_resources/logo/teamlogo/6379.png,https://images.fotmob.com/image_resources/logo/teamlogo/8121.png,2026-11-21,17:00
11,https://www.fotmob.com/matches/brest-vs-strasbourg/2sgg7t#5802998,5802998,Strasbourg,9848,Brest,8521,False,False,False,53,Ligue 1,2026/2027,FRA,,,,,,https://images.fotmob.com/image_resources/logo/teamlogo/9848.png,https://images.fotmob.com/image_resources/logo/teamlogo/8521.png,2026-11-21,17:00
11,https://www.fotmob.com/matches/le-havre-vs-troyes/3axz38#5802999,5802999,Troyes,10242,Le Havre,9746,False,False,False,53,Ligue 1,2026/2027,FRA,,,,,,https://images.fotmob.com/image_resources/logo/teamlogo/10242.png,https://images.fotmob.com/image_resources/logo/teamlogo/9746.png,2026-11-21,17:00
12,https://www.fotmob.com/matches/angers-vs-lens/2b4diz#5803000,5803000,Angers,8121,Lens,8588,False,False,False,53,Ligue 1,2026/2027,FRA,,,,,,https://images.fotmob.com/image_resources/logo/teamlogo/8121.png,https://images.fotmob.com/image_resources/logo/teamlogo/8588.png,2026-11-28,17:00
12,https://www.fotmob.com/matches/auxerre-vs-marseille/2ftlic#5803001,5803001,Auxerre,8583,Marseille,8592,False,False,False,53,Ligue 1,2026/2027,FRA,,,,,,https://images.fotmob.com/image_resources/logo/teamlogo/8583.png,https://images.fotmob.com/image_resources/logo/teamlogo/8592.png,2026-11-28,17:00
12,https://www.fotmob.com/matches/paris-fc-vs-brest/1u3kbv#5803002,5803002,Brest,8521,Paris FC,6379,False,False,False,53,Ligue 1,2026/2027,FRA,,,,,,https://images.fotmob.com/image_resources/logo/teamlogo/8521.png,https://images.fotmob.com/image_resources/logo/teamlogo/6379.png,2026-11-28,17:00
12,https://www.fotmob.com/matches/le-havre-vs-strasbourg/36aub3#5803003,5803003,Le Havre,9746,Strasbourg,9848,False,False,False,53,Ligue 1,2026/2027,FRA,,,,,,https://images.fotmob.com/image_resources/logo/teamlogo/9746.png,https://images.fotmob.com/image_resources/logo/teamlogo/9848.png,2026-11-28,17:00
12,https://www.fotmob.com/matches/lille-vs-le-mans/2hbkp3#5803004,5803004,Le Mans,8682,Lille,8639,False,False,False,53,Ligue 1,2026/2027,FRA,,,,,,https://images.fotmob.com/image_resources/logo/teamlogo/8682.png,https://images.fotmob.com/image_resources/logo/teamlogo/8639.png,2026-11-28,17:00
12,https://www.fotmob.com/matches/lyon-vs-monaco/363pdm#5803005,5803005,Lyon,9748,Monaco,9829,False,False,False,53,Ligue 1,2026/2027,FRA,,,,,,https://images.fotmob.com/image_resources/logo/teamlogo/9748.png,https://images.fotmob.com/image_resources/logo/teamlogo/9829.png,2026-11-28,17:00
12,https://www.fotmob.com/matches/nice-vs-troyes/3bygx0#5803006,5803006,Nice,9831,Troyes,10242,False,False,False,53,Ligue 1,2026/2027,FRA,,,,,,https://images.fotmob.com/image_resources/logo/teamlogo/9831.png,https://images.fotmob.com/image_resources/logo/teamlogo/10242.png,2026-11-28,17:00
12,https://www.fotmob.com/matches/lorient-vs-paris-saint-germain/2uai17#5803007,5803007,Paris Saint-Germain,9847,Lorient,8689,False,False,False,53,Ligue 1,2026/2027,FRA,,,,,,https://images.fotmob.com/image_resources/logo/teamlogo/9847.png,https://images.fotmob.com/image_resources/logo/teamlogo/8689.png,2026-11-28,17:00
12,https://www.fotmob.com/matches/rennes-vs-toulouse/38mf3x#5803008,5803008,Toulouse,9941,Rennes,9851,False,False,False,53,Ligue 1,2026/2027,FRA,,,,,,https://images.fotmob.com/image_resources/logo/teamlogo/9941.png,https://images.fotmob.com/image_resources/logo/teamlogo/9851.png,2026-11-28,17:00
13,https://www.fotmob.com/matches/lens-vs-le-havre/2s2oir#5803009,5803009,Lens,8588,Le Havre,9746,False,False,False,53,Ligue 1,2026/2027,FRA,,,,,,https://images.fotmob.com/image_resources/logo/teamlogo/8588.png,https://images.fotmob.com/image_resources/logo/teamlogo/9746.png,2026-12-05,17:00
13,https://www.fotmob.com/matches/auxerre-vs-lille/2gax9w#5803010,5803010,Lille,8639,Auxerre,8583,False,False,False,53,Ligue 1,2026/2027,FRA,,,,,,https://images.fotmob.com/image_resources/logo/teamlogo/8639.png,https://images.fotmob.com/image_resources/logo/teamlogo/8583.png,2026-12-05,17:00
13,https://www.fotmob.com/matches/marseille-vs-nice/2t1qq3#5803011,5803011,Marseille,8592,Nice,9831,False,False,False,53,Ligue 1,2026/2027,FRA,,,,,,https://images.fotmob.com/image_resources/logo/teamlogo/8592.png,https://images.fotmob.com/image_resources/logo/teamlogo/9831.png,2026-12-05,17:00
13,https://www.fotmob.com/matches/angers-vs-monaco/2nxd12#5803012,5803012,Monaco,9829,Angers,8121,False,False,False,53,Ligue 1,2026/2027,FRA,,,,,,https://images.fotmob.com/image_resources/logo/teamlogo/9829.png,https://images.fotmob.com/image_resources/logo/teamlogo/8121.png,2026-12-05,17:00
13,https://www.fotmob.com/matches/paris-fc-vs-le-mans/1vj9ip#5803013,5803013,Paris FC,6379,Le Mans,8682,False,False,False,53,Ligue 1,2026/2027,FRA,,,,,,https://images.fotmob.com/image_resources/logo/teamlogo/6379.png,https://images.fotmob.com/image_resources/logo/teamlogo/8682.png,2026-12-05,17:00
13,https://www.fotmob.com/matches/brest-vs-rennes/2shmqt#5803014,5803014,Rennes,9851,Brest,8521,False,False,False,53,Ligue 1,2026/2027,FRA,,,,,,https://images.fotmob.com/image_resources/logo/teamlogo/9851.png,https://images.fotmob.com/image_resources/logo/teamlogo/8521.png,2026-12-05,17:00
13,https://www.fotmob.com/matches/lorient-vs-strasbourg/2uawc5#5803015,5803015,Strasbourg,9848,Lorient,8689,False,False,False,53,Ligue 1,2026/2027,FRA,,,,,,https://images.fotmob.com/image_resources/logo/teamlogo/9848.png,https://images.fotmob.com/image_resources/logo/teamlogo/8689.png,2026-12-05,17:00
13,https://www.fotmob.com/matches/paris-saint-germain-vs-toulouse/38kq0z#5803016,5803016,Toulouse,9941,Paris Saint-Germain,9847,False,False,False,53,Ligue 1,2026/2027,FRA,,,,,,https://images.fotmob.com/image_resources/logo/teamlogo/9941.png,https://images.fotmob.com/image_resources/logo/teamlogo/9847.png,2026-12-05,17:00
13,https://www.fotmob.com/matches/lyon-vs-troyes/3aytxt#5803017,5803017,Troyes,10242,Lyon,9748,False,False,False,53,Ligue 1,2026/2027,FRA,,,,,,https://images.fotmob.com/image_resources/logo/teamlogo/10242.png,https://images.fotmob.com/image_resources/logo/teamlogo/9748.png,2026-12-05,17:00
14,https://www.fotmob.com/matches/angers-vs-strasbourg/2o4och#5803018,5803018,Angers,8121,Strasbourg,9848,False,False,False,53,Ligue 1,2026/2027,FRA,,,,,,https://images.fotmob.com/image_resources/logo/teamlogo/8121.png,https://images.fotmob.com/image_resources/logo/teamlogo/9848.png,2026-12-12,17:00
14,https://www.fotmob.com/matches/auxerre-vs-toulouse/2u5qiz#5803019,5803019,Auxerre,8583,Toulouse,9941,False,False,False,53,Ligue 1,2026/2027,FRA,,,,,,https://images.fotmob.com/image_resources/logo/teamlogo/8583.png,https://images.fotmob.com/image_resources/logo/teamlogo/9941.png,2026-12-12,17:00
14,https://www.fotmob.com/matches/brest-vs-troyes/2wt7mz#5803020,5803020,Brest,8521,Troyes,10242,False,False,False,53,Ligue 1,2026/2027,FRA,,,,,,https://images.fotmob.com/image_resources/logo/teamlogo/8521.png,https://images.fotmob.com/image_resources/logo/teamlogo/10242.png,2026-12-12,17:00
14,https://www.fotmob.com/matches/le-mans-vs-le-havre/2t3pqw#5803021,5803021,Le Havre,9746,Le Mans,8682,False,False,False,53,Ligue 1,2026/2027,FRA,,,,,,https://images.fotmob.com/image_resources/logo/teamlogo/9746.png,https://images.fotmob.com/image_resources/logo/teamlogo/8682.png,2026-12-12,17:00
14,https://www.fotmob.com/matches/lille-vs-lorient/2he6a1#5803022,5803022,Lorient,8689,Lille,8639,False,False,False,53,Ligue 1,2026/2027,FRA,,,,,,https://images.fotmob.com/image_resources/logo/teamlogo/8689.png,https://images.fotmob.com/image_resources/logo/teamlogo/8639.png,2026-12-12,17:00
14,https://www.fotmob.com/matches/lens-vs-nice/2t05v9#5803023,5803023,Nice,9831,Lens,8588,False,False,False,53,Ligue 1,2026/2027,FRA,,,,,,https://images.fotmob.com/image_resources/logo/teamlogo/9831.png,https://images.fotmob.com/image_resources/logo/teamlogo/8588.png,2026-12-12,17:00
14,https://www.fotmob.com/matches/paris-fc-vs-paris-saint-germain/26dx4a#5803024,5803024,Paris Saint-Germain,9847,Paris FC,6379,False,False,False,53,Ligue 1,2026/2027,FRA,,,,,,https://images.fotmob.com/image_resources/logo/teamlogo/9847.png,https://images.fotmob.com/image_resources/logo/teamlogo/6379.png,2026-12-12,17:00
14,https://www.fotmob.com/matches/monaco-vs-rennes/37b1ez#5803025,5803025,Rennes,9851,Monaco,9829,False,False,False,53,Ligue 1,2026/2027,FRA,,,,,,https://images.fotmob.com/image_resources/logo/teamlogo/9851.png,https://images.fotmob.com/image_resources/logo/teamlogo/9829.png,2026-12-12,17:00
14,https://www.fotmob.com/matches/marseille-vs-lyon/2s51f2#5803026,5803026,Lyon,9748,Marseille,8592,False,False,False,53,Ligue 1,2026/2027,FRA,,,,,,https://images.fotmob.com/image_resources/logo/teamlogo/9748.png,https://images.fotmob.com/image_resources/logo/teamlogo/8592.png,2026-12-13,20:45
15,https://www.fotmob.com/matches/brest-vs-marseille/2f6tbp#5803027,5803027,Brest,8521,Marseille,8592,False,False,False,53,Ligue 1,2026/2027,FRA,,,,,,https://images.fotmob.com/image_resources/logo/teamlogo/8521.png,https://images.fotmob.com/image_resources/logo/teamlogo/8592.png,2027-01-02,17:00
15,https://www.fotmob.com/matches/le-mans-vs-lyon/2t4i6t#5803028,5803028,Le Mans,8682,Lyon,9748,False,False,False,53,Ligue 1,2026/2027,FRA,,,,,,https://images.fotmob.com/image_resources/logo/teamlogo/8682.png,https://images.fotmob.com/image_resources/logo/teamlogo/9748.png,2027-01-02,17:00
15,https://www.fotmob.com/matches/lille-vs-strasbourg/2tr24c#5803029,5803029,Lille,8639,Strasbourg,9848,False,False,False,53,Ligue 1,2026/2027,FRA,,,,,,https://images.fotmob.com/image_resources/logo/teamlogo/8639.png,https://images.fotmob.com/image_resources/logo/teamlogo/9848.png,2027-01-02,17:00
15,https://www.fotmob.com/matches/auxerre-vs-lorient/2gteq5#5803030,5803030,Lorient,8689,Auxerre,8583,False,False,False,53,Ligue 1,2026/2027,FRA,,,,,,https://images.fotmob.com/image_resources/logo/teamlogo/8689.png,https://images.fotmob.com/image_resources/logo/teamlogo/8583.png,2027-01-02,17:00
15,https://www.fotmob.com/matches/monaco-vs-nice/372lud#5803031,5803031,Monaco,9829,Nice,9831,False,False,False,53,Ligue 1,2026/2027,FRA,,,,,,https://images.fotmob.com/image_resources/logo/teamlogo/9829.png,https://images.fotmob.com/image_resources/logo/teamlogo/9831.png,2027-01-02,17:00
15,https://www.fotmob.com/matches/paris-fc-vs-le-havre/25ewet#5803032,5803032,Paris FC,6379,Le Havre,9746,False,False,False,53,Ligue 1,2026/2027,FRA,,,,,,https://images.fotmob.com/image_resources/logo/teamlogo/6379.png,https://images.fotmob.com/image_resources/logo/teamlogo/9746.png,2027-01-02,17:00
15,https://www.fotmob.com/matches/angers-vs-toulouse/2p4l8e#5803033,5803033,Toulouse,9941,Angers,8121,False,False,False,53,Ligue 1,2026/2027,FRA,,,,,,https://images.fotmob.com/image_resources/logo/teamlogo/9941.png,https://images.fotmob.com/image_resources/logo/teamlogo/8121.png,2027-01-02,17:00
15,https://www.fotmob.com/matches/rennes-vs-troyes/3c72v2#5803034,5803034,Troyes,10242,Rennes,9851,False,False,False,53,Ligue 1,2026/2027,FRA,,,,,,https://images.fotmob.com/image_resources/logo/teamlogo/10242.png,https://images.fotmob.com/image_resources/logo/teamlogo/9851.png,2027-01-02,17:00
15,https://www.fotmob.com/matches/lens-vs-paris-saint-germain/2t6hdp#5803035,5803035,Lens,8588,Paris Saint-Germain,9847,False,False,False,53,Ligue 1,2026/2027,FRA,,,,,,https://images.fotmob.com/image_resources/logo/teamlogo/8588.png,https://images.fotmob.com/image_resources/logo/teamlogo/9847.png,2027-01-03,20:45
16,https://www.fotmob.com/matches/angers-vs-paris-saint-germain/2o4ahb#5803036,5803036,Angers,8121,Paris Saint-Germain,9847,False,False,False,53,Ligue 1,2026/2027,FRA,,,,,,https://images.fotmob.com/image_resources/logo/teamlogo/8121.png,https://images.fotmob.com/image_resources/logo/teamlogo/9847.png,2027-01-16,17:00
16,https://www.fotmob.com/matches/auxerre-vs-troyes/2xi6t0#5803037,5803037,Auxerre,8583,Troyes,10242,False,False,False,53,Ligue 1,2026/2027,FRA,,,,,,https://images.fotmob.com/image_resources/logo/teamlogo/8583.png,https://images.fotmob.com/image_resources/logo/teamlogo/10242.png,2027-01-16,17:00
16,https://www.fotmob.com/matches/lorient-vs-lyon/2t79r7#5803038,5803038,Lyon,9748,Lorient,8689,False,False,False,53,Ligue 1,2026/2027,FRA,,,,,,https://images.fotmob.com/image_resources/logo/teamlogo/9748.png,https://images.fotmob.com/image_resources/logo/teamlogo/8689.png,2027-01-16,17:00
16,https://www.fotmob.com/matches/marseille-vs-lille/2ge8wn#5803039,5803039,Marseille,8592,Lille,8639,False,False,False,53,Ligue 1,2026/2027,FRA,,,,,,https://images.fotmob.com/image_resources/logo/teamlogo/8592.png,https://images.fotmob.com/image_resources/logo/teamlogo/8639.png,2027-01-16,17:00
16,https://www.fotmob.com/matches/brest-vs-monaco/2s8z1a#5803040,5803040,Monaco,9829,Brest,8521,False,False,False,53,Ligue 1,2026/2027,FRA,,,,,,https://images.fotmob.com/image_resources/logo/teamlogo/9829.png,https://images.fotmob.com/image_resources/logo/teamlogo/8521.png,2027-01-16,17:00
16,https://www.fotmob.com/matches/le-havre-vs-nice/363pdo#5803041,5803041,Nice,9831,Le Havre,9746,False,False,False,53,Ligue 1,2026/2027,FRA,,,,,,https://images.fotmob.com/image_resources/logo/teamlogo/9831.png,https://images.fotmob.com/image_resources/logo/teamlogo/9746.png,2027-01-16,17:00
16,https://www.fotmob.com/matches/paris-fc-vs-toulouse/27apit#5803042,5803042,Paris FC,6379,Toulouse,9941,False,False,False,53,Ligue 1,2026/2027,FRA,,,,,,https://images.fotmob.com/image_resources/logo/teamlogo/6379.png,https://images.fotmob.com/image_resources/logo/teamlogo/9941.png,2027-01-16,17:00
16,https://www.fotmob.com/matches/lens-vs-rennes/2t82af#5803043,5803043,Rennes,9851,Lens,8588,False,False,False,53,Ligue 1,2026/2027,FRA,,,,,,https://images.fotmob.com/image_resources/logo/teamlogo/9851.png,https://images.fotmob.com/image_resources/logo/teamlogo/8588.png,2027-01-16,17:00
16,https://www.fotmob.com/matches/le-mans-vs-strasbourg/2u848b#5803044,5803044,Strasbourg,9848,Le Mans,8682,False,False,False,53,Ligue 1,2026/2027,FRA,,,,,,https://images.fotmob.com/image_resources/logo/teamlogo/9848.png,https://images.fotmob.com/image_resources/logo/teamlogo/8682.png,2027-01-16,17:00
17,https://www.fotmob.com/matches/le-havre-vs-rennes/36c3o6#5803045,5803045,Le Havre,9746,Rennes,9851,False,False,False,53,Ligue 1,2026/2027,FRA,,,,,,https://images.fotmob.com/image_resources/logo/teamlogo/9746.png,https://images.fotmob.com/image_resources/logo/teamlogo/9851.png,2027-01-23,17:00
17,https://www.fotmob.com/matches/angers-vs-le-mans/2c24yo#5803046,5803046,Le Mans,8682,Angers,8121,False,False,False,53,Ligue 1,2026/2027,FRA,,,,,,https://images.fotmob.com/image_resources/logo/teamlogo/8682.png,https://images.fotmob.com/image_resources/logo/teamlogo/8121.png,2027-01-23,17:00
17,https://www.fotmob.com/matches/brest-vs-lens/2f5cib#5803047,5803047,Lens,8588,Brest,8521,False,False,False,53,Ligue 1,2026/2027,FRA,,,,,,https://images.fotmob.com/image_resources/logo/teamlogo/8588.png,https://images.fotmob.com/image_resources/logo/teamlogo/8521.png,2027-01-23,17:00
17,https://www.fotmob.com/matches/paris-fc-vs-lille/1v5eh2#5803048,5803048,Lille,8639,Paris FC,6379,False,False,False,53,Ligue 1,2026/2027,FRA,,,,,,https://images.fotmob.com/image_resources/logo/teamlogo/8639.png,https://images.fotmob.com/image_resources/logo/teamlogo/6379.png,2027-01-23,17:00
17,https://www.fotmob.com/matches/marseille-vs-lorient/2gwqpe#5803049,5803049,Lorient,8689,Marseille,8592,False,False,False,53,Ligue 1,2026/2027,FRA,,,,,,https://images.fotmob.com/image_resources/logo/teamlogo/8689.png,https://images.fotmob.com/image_resources/logo/teamlogo/8592.png,2027-01-23,17:00
17,https://www.fotmob.com/matches/auxerre-vs-paris-saint-germain/2t4i9k#5803050,5803050,Paris Saint-Germain,9847,Auxerre,8583,False,False,False,53,Ligue 1,2026/2027,FRA,,,,,,https://images.fotmob.com/image_resources/logo/teamlogo/9847.png,https://images.fotmob.com/image_resources/logo/teamlogo/8583.png,2027-01-23,17:00
17,https://www.fotmob.com/matches/lyon-vs-strasbourg/36bojq#5803051,5803051,Strasbourg,9848,Lyon,9748,False,False,False,53,Ligue 1,2026/2027,FRA,,,,,,https://images.fotmob.com/image_resources/logo/teamlogo/9848.png,https://images.fotmob.com/image_resources/logo/teamlogo/9748.png,2027-01-23,17:00
17,https://www.fotmob.com/matches/nice-vs-toulouse/38dxtn#5803052,5803052,Toulouse,9941,Nice,9831,False,False,False,53,Ligue 1,2026/2027,FRA,,,,,,https://images.fotmob.com/image_resources/logo/teamlogo/9941.png,https://images.fotmob.com/image_resources/logo/teamlogo/9831.png,2027-01-23,17:00
17,https://www.fotmob.com/matches/monaco-vs-troyes/3bxlxt#5803053,5803053,Troyes,10242,Monaco,9829,False,False,False,53,Ligue 1,2026/2027,FRA,,,,,,https://images.fotmob.com/image_resources/logo/teamlogo/10242.png,https://images.fotmob.com/image_resources/logo/teamlogo/9829.png,2027-01-23,17:00
18,https://www.fotmob.com/matches/angers-vs-le-havre/2n1i0k#5803054,5803054,Angers,8121,Le Havre,9746,False,False,False,53,Ligue 1,2026/2027,FRA,,,,,,https://images.fotmob.com/image_resources/logo/teamlogo/8121.png,https://images.fotmob.com/image_resources/logo/teamlogo/9746.png,2027-01-30,17:00
18,https://www.fotmob.com/matches/brest-vs-strasbourg/2sgg7t#5803055,5803055,Brest,8521,Strasbourg,9848,False,False,False,53,Ligue 1,2026/2027,FRA,,,,,,https://images.fotmob.com/image_resources/logo/teamlogo/8521.png,https://images.fotmob.com/image_resources/logo/teamlogo/9848.png,2027-01-30,17:00
18,https://www.fotmob.com/matches/le-mans-vs-nice/2u1d9c#5803056,5803056,Le Mans,8682,Nice,9831,False,False,False,53,Ligue 1,2026/2027,FRA,,,,,,https://images.fotmob.com/image_resources/logo/teamlogo/8682.png,https://images.fotmob.com/image_resources/logo/teamlogo/9831.png,2027-01-30,17:00
18,https://www.fotmob.com/matches/lille-vs-lyon/2snjea#5803057,5803057,Lyon,9748,Lille,8639,False,False,False,53,Ligue 1,2026/2027,FRA,,,,,,https://images.fotmob.com/image_resources/logo/teamlogo/9748.png,https://images.fotmob.com/image_resources/logo/teamlogo/8639.png,2027-01-30,17:00
18,https://www.fotmob.com/matches/marseille-vs-troyes/2xltkr#5803058,5803058,Marseille,8592,Troyes,10242,False,False,False,53,Ligue 1,2026/2027,FRA,,,,,,https://images.fotmob.com/image_resources/logo/teamlogo/8592.png,https://images.fotmob.com/image_resources/logo/teamlogo/10242.png,2027-01-30,17:00
18,https://www.fotmob.com/matches/monaco-vs-paris-saint-germain/379cod#5803059,5803059,Monaco,9829,Paris Saint-Germain,9847,False,False,False,53,Ligue 1,2026/2027,FRA,,,,,,https://images.fotmob.com/image_resources/logo/teamlogo/9829.png,https://images.fotmob.com/image_resources/logo/teamlogo/9847.png,2027-01-30,17:00
18,https://www.fotmob.com/matches/paris-fc-vs-auxerre/1uneoy#5803060,5803060,Paris FC,6379,Auxerre,8583,False,False,False,53,Ligue 1,2026/2027,FRA,,,,,,https://images.fotmob.com/image_resources/logo/teamlogo/6379.png,https://images.fotmob.com/image_resources/logo/teamlogo/8583.png,2027-01-30,17:00
18,https://www.fotmob.com/matches/lorient-vs-rennes/2uc395#5803061,5803061,Rennes,9851,Lorient,8689,False,False,False,53,Ligue 1,2026/2027,FRA,,,,,,https://images.fotmob.com/image_resources/logo/teamlogo/9851.png,https://images.fotmob.com/image_resources/logo/teamlogo/8689.png,2027-01-30,17:00
18,https://www.fotmob.com/matches/lens-vs-toulouse/2u7q06#5803062,5803062,Toulouse,9941,Lens,8588,False,False,False,53,Ligue 1,2026/2027,FRA,,,,,,https://images.fotmob.com/image_resources/logo/teamlogo/9941.png,https://images.fotmob.com/image_resources/logo/teamlogo/8588.png,2027-01-30,17:00
19,https://www.fotmob.com/matches/auxerre-vs-monaco/2sxeeb#5803063,5803063,Auxerre,8583,Monaco,9829,False,False,False,53,Ligue 1,2026/2027,FRA,,,,,,https://images.fotmob.com/image_resources/logo/teamlogo/8583.png,https://images.fotmob.com/image_resources/logo/teamlogo/9829.png,2027-02-06,17:00
19,https://www.fotmob.com/matches/le-havre-vs-toulouse/37dzsx#5803064,5803064,Le Havre,9746,Toulouse,9941,False,False,False,53,Ligue 1,2026/2027,FRA,,,,,,https://images.fotmob.com/image_resources/logo/teamlogo/9746.png,https://images.fotmob.com/image_resources/logo/teamlogo/9941.png,2027-02-06,17:00
19,https://www.fotmob.com/matches/angers-vs-lens/2b4diz#5803065,5803065,Lens,8588,Angers,8121,False,False,False,53,Ligue 1,2026/2027,FRA,,,,,,https://images.fotmob.com/image_resources/logo/teamlogo/8588.png,https://images.fotmob.com/image_resources/logo/teamlogo/8121.png,2027-02-06,17:00
19,https://www.fotmob.com/matches/le-mans-vs-lorient/2hu5xn#5803066,5803066,Lorient,8689,Le Mans,8682,False,False,False,53,Ligue 1,2026/2027,FRA,,,,,,https://images.fotmob.com/image_resources/logo/teamlogo/8689.png,https://images.fotmob.com/image_resources/logo/teamlogo/8682.png,2027-02-06,17:00
19,https://www.fotmob.com/matches/brest-vs-nice/2s9rcv#5803067,5803067,Nice,9831,Brest,8521,False,False,False,53,Ligue 1,2026/2027,FRA,,,,,,https://images.fotmob.com/image_resources/logo/teamlogo/9831.png,https://images.fotmob.com/image_resources/logo/teamlogo/8521.png,2027-02-06,17:00
19,https://www.fotmob.com/matches/lyon-vs-rennes/36cxwz#5803068,5803068,Rennes,9851,Lyon,9748,False,False,False,53,Ligue 1,2026/2027,FRA,,,,,,https://images.fotmob.com/image_resources/logo/teamlogo/9851.png,https://images.fotmob.com/image_resources/logo/teamlogo/9748.png,2027-02-06,17:00
19,https://www.fotmob.com/matches/paris-fc-vs-strasbourg/26e9n2#5803069,5803069,Strasbourg,9848,Paris FC,6379,False,False,False,53,Ligue 1,2026/2027,FRA,,,,,,https://images.fotmob.com/image_resources/logo/teamlogo/9848.png,https://images.fotmob.com/image_resources/logo/teamlogo/6379.png,2027-02-06,17:00
19,https://www.fotmob.com/matches/lille-vs-troyes/2y4ti8#5803070,5803070,Troyes,10242,Lille,8639,False,False,False,53,Ligue 1,2026/2027,FRA,,,,,,https://images.fotmob.com/image_resources/logo/teamlogo/10242.png,https://images.fotmob.com/image_resources/logo/teamlogo/8639.png,2027-02-06,17:00
19,https://www.fotmob.com/matches/marseille-vs-paris-saint-germain/2t82ab#5803071,5803071,Paris Saint-Germain,9847,Marseille,8592,False,False,False,53,Ligue 1,2026/2027,FRA,,,,,,https://images.fotmob.com/image_resources/logo/teamlogo/9847.png,https://images.fotmob.com/image_resources/logo/teamlogo/8592.png,2027-02-07,20:45
20,https://www.fotmob.com/matches/auxerre-vs-strasbourg/2t4whk#5803072,5803072,Auxerre,8583,Strasbourg,9848,False,False,False,53,Ligue 1,2026/2027,FRA,,,,,,https://images.fotmob.com/image_resources/logo/teamlogo/8583.png,https://images.fotmob.com/image_resources/logo/teamlogo/9848.png,2027-02-13,17:00
20,https://www.fotmob.com/matches/brest-vs-rennes/2shmqt#5803073,5803073,Brest,8521,Rennes,9851,False,False,False,53,Ligue 1,2026/2027,FRA,,,,,,https://images.fotmob.com/image_resources/logo/teamlogo/8521.png,https://images.fotmob.com/image_resources/logo/teamlogo/9851.png,2027-02-13,17:00
20,https://www.fotmob.com/matches/le-mans-vs-paris-saint-germain/2u7pxk#5803074,5803074,Le Mans,8682,Paris Saint-Germain,9847,False,False,False,53,Ligue 1,2026/2027,FRA,,,,,,https://images.fotmob.com/image_resources/logo/teamlogo/8682.png,https://images.fotmob.com/image_resources/logo/teamlogo/9847.png,2027-02-13,17:00
20,https://www.fotmob.com/matches/lille-vs-nice/2tkbpo#5803075,5803075,Lille,8639,Nice,9831,False,False,False,53,Ligue 1,2026/2027,FRA,,,,,,https://images.fotmob.com/image_resources/logo/teamlogo/8639.png,https://images.fotmob.com/image_resources/logo/teamlogo/9831.png,2027-02-13,17:00
20,https://www.fotmob.com/matches/lorient-vs-le-havre/2t6haw#5803076,5803076,Lorient,8689,Le Havre,9746,False,False,False,53,Ligue 1,2026/2027,FRA,,,,,,https://images.fotmob.com/image_resources/logo/teamlogo/8689.png,https://images.fotmob.com/image_resources/logo/teamlogo/9746.png,2027-02-13,17:00
20,https://www.fotmob.com/matches/lens-vs-lyon/2s3gtg#5803077,5803077,Lyon,9748,Lens,8588,False,False,False,53,Ligue 1,2026/2027,FRA,,,,,,https://images.fotmob.com/image_resources/logo/teamlogo/9748.png,https://images.fotmob.com/image_resources/logo/teamlogo/8588.png,2027-02-13,17:00
20,https://www.fotmob.com/matches/angers-vs-marseille/2b5t3x#5803078,5803078,Marseille,8592,Angers,8121,False,False,False,53,Ligue 1,2026/2027,FRA,,,,,,https://images.fotmob.com/image_resources/logo/teamlogo/8592.png,https://images.fotmob.com/image_resources/logo/teamlogo/8121.png,2027-02-13,17:00
20,https://www.fotmob.com/matches/paris-fc-vs-troyes/2a8w7q#5803079,5803079,Paris FC,6379,Troyes,10242,False,False,False,53,Ligue 1,2026/2027,FRA,,,,,,https://images.fotmob.com/image_resources/logo/teamlogo/6379.png,https://images.fotmob.com/image_resources/logo/teamlogo/10242.png,2027-02-13,17:00
20,https://www.fotmob.com/matches/monaco-vs-toulouse/38d3b8#5803080,5803080,Toulouse,9941,Monaco,9829,False,False,False,53,Ligue 1,2026/2027,FRA,,,,,,https://images.fotmob.com/image_resources/logo/teamlogo/9941.png,https://images.fotmob.com/image_resources/logo/teamlogo/9829.png,2027-02-13,17:00
21,https://www.fotmob.com/matches/paris-fc-vs-angers/1qlitv#5803081,5803081,Angers,8121,Paris FC,6379,False,False,False,53,Ligue 1,2026/2027,FRA,,,,,,https://images.fotmob.com/image_resources/logo/teamlogo/8121.png,https://images.fotmob.com/image_resources/logo/teamlogo/6379.png,2027-02-20,17:00
21,https://www.fotmob.com/matches/le-havre-vs-lyon/354y61#5803082,5803082,Le Havre,9746,Lyon,9748,False,False,False,53,Ligue 1,2026/2027,FRA,,,,,,https://images.fotmob.com/image_resources/logo/teamlogo/9746.png,https://images.fotmob.com/image_resources/logo/teamlogo/9748.png,2027-02-20,17:00
21,https://www.fotmob.com/matches/lens-vs-troyes/2xk7g5#5803083,5803083,Lens,8588,Troyes,10242,False,False,False,53,Ligue 1,2026/2027,FRA,,,,,,https://images.fotmob.com/image_resources/logo/teamlogo/8588.png,https://images.fotmob.com/image_resources/logo/teamlogo/10242.png,2027-02-20,17:00
21,https://www.fotmob.com/matches/lille-vs-lorient/2he6a1#5803084,5803084,Lille,8639,Lorient,8689,False,False,False,53,Ligue 1,2026/2027,FRA,,,,,,https://images.fotmob.com/image_resources/logo/teamlogo/8639.png,https://images.fotmob.com/image_resources/logo/teamlogo/8689.png,2027-02-20,17:00
21,https://www.fotmob.com/matches/le-mans-vs-monaco/2u0kot#5803085,5803085,Monaco,9829,Le Mans,8682,False,False,False,53,Ligue 1,2026/2027,FRA,,,,,,https://images.fotmob.com/image_resources/logo/teamlogo/9829.png,https://images.fotmob.com/image_resources/logo/teamlogo/8682.png,2027-02-20,17:00
21,https://www.fotmob.com/matches/auxerre-vs-nice/2sy6tc#5803086,5803086,Nice,9831,Auxerre,8583,False,False,False,53,Ligue 1,2026/2027,FRA,,,,,,https://images.fotmob.com/image_resources/logo/teamlogo/9831.png,https://images.fotmob.com/image_resources/logo/teamlogo/8583.png,2027-02-20,17:00
21,https://www.fotmob.com/matches/brest-vs-paris-saint-germain/2sg21j#5803087,5803087,Paris Saint-Germain,9847,Brest,8521,False,False,False,53,Ligue 1,2026/2027,FRA,,,,,,https://images.fotmob.com/image_resources/logo/teamlogo/9847.png,https://images.fotmob.com/image_resources/logo/teamlogo/8521.png,2027-02-20,17:00
21,https://www.fotmob.com/matches/rennes-vs-toulouse/38mf3x#5803088,5803088,Rennes,9851,Toulouse,9941,False,False,False,53,Ligue 1,2026/2027,FRA,,,,,,https://images.fotmob.com/image_resources/logo/teamlogo/9851.png,https://images.fotmob.com/image_resources/logo/teamlogo/9941.png,2027-02-20,17:00
21,https://www.fotmob.com/matches/marseille-vs-strasbourg/2t8gik#5803089,5803089,Strasbourg,9848,Marseille,8592,False,False,False,53,Ligue 1,2026/2027,FRA,,,,,,https://images.fotmob.com/image_resources/logo/teamlogo/9848.png,https://images.fotmob.com/image_resources/logo/teamlogo/8592.png,2027-02-20,17:00
22,https://www.fotmob.com/matches/auxerre-vs-lille/2gax9w#5803090,5803090,Auxerre,8583,Lille,8639,False,False,False,53,Ligue 1,2026/2027,FRA,,,,,,https://images.fotmob.com/image_resources/logo/teamlogo/8583.png,https://images.fotmob.com/image_resources/logo/teamlogo/8639.png,2027-02-27,17:00
22,https://www.fotmob.com/matches/brest-vs-monaco/2s8z1a#5803091,5803091,Brest,8521,Monaco,9829,False,False,False,53,Ligue 1,2026/2027,FRA,,,,,,https://images.fotmob.com/image_resources/logo/teamlogo/8521.png,https://images.fotmob.com/image_resources/logo/teamlogo/9829.png,2027-02-27,17:00
22,https://www.fotmob.com/matches/paris-fc-vs-le-mans/1vj9ip#5803092,5803092,Le Mans,8682,Paris FC,6379,False,False,False,53,Ligue 1,2026/2027,FRA,,,,,,https://images.fotmob.com/image_resources/logo/teamlogo/8682.png,https://images.fotmob.com/image_resources/logo/teamlogo/6379.png,2027-02-27,17:00
22,https://www.fotmob.com/matches/angers-vs-lorient/2c4nqw#5803093,5803093,Lorient,8689,Angers,8121,False,False,False,53,Ligue 1,2026/2027,FRA,,,,,,https://images.fotmob.com/image_resources/logo/teamlogo/8689.png,https://images.fotmob.com/image_resources/logo/teamlogo/8121.png,2027-02-27,17:00
22,https://www.fotmob.com/matches/lyon-vs-toulouse/37eu6q#5803094,5803094,Lyon,9748,Toulouse,9941,False,False,False,53,Ligue 1,2026/2027,FRA,,,,,,https://images.fotmob.com/image_resources/logo/teamlogo/9748.png,https://images.fotmob.com/image_resources/logo/teamlogo/9941.png,2027-02-27,17:00
22,https://www.fotmob.com/matches/marseille-vs-rennes/2t9n7h#5803095,5803095,Marseille,8592,Rennes,9851,False,False,False,53,Ligue 1,2026/2027,FRA,,,,,,https://images.fotmob.com/image_resources/logo/teamlogo/8592.png,https://images.fotmob.com/image_resources/logo/teamlogo/9851.png,2027-02-27,17:00
22,https://www.fotmob.com/matches/le-havre-vs-strasbourg/36aub3#5803096,5803096,Strasbourg,9848,Le Havre,9746,False,False,False,53,Ligue 1,2026/2027,FRA,,,,,,https://images.fotmob.com/image_resources/logo/teamlogo/9848.png,https://images.fotmob.com/image_resources/logo/teamlogo/9746.png,2027-02-27,17:00
22,https://www.fotmob.com/matches/nice-vs-troyes/3bygx0#5803097,5803097,Troyes,10242,Nice,9831,False,False,False,53,Ligue 1,2026/2027,FRA,,,,,,https://images.fotmob.com/image_resources/logo/teamlogo/10242.png,https://images.fotmob.com/image_resources/logo/teamlogo/9831.png,2027-02-27,17:00
22,https://www.fotmob.com/matches/lens-vs-paris-saint-germain/2t6hdp#5803098,5803098,Paris Saint-Germain,9847,Lens,8588,False,False,False,53,Ligue 1,2026/2027,FRA,,,,,,https://images.fotmob.com/image_resources/logo/teamlogo/9847.png,https://images.fotmob.com/image_resources/logo/teamlogo/8588.png,2027-02-28,20:45
23,https://www.fotmob.com/matches/angers-vs-auxerre/2b2l2f#5803099,5803099,Angers,8121,Auxerre,8583,False,False,False,53,Ligue 1,2026/2027,FRA,,,,,,https://images.fotmob.com/image_resources/logo/teamlogo/8121.png,https://images.fotmob.com/image_resources/logo/teamlogo/8583.png,2027-03-06,17:00
23,https://www.fotmob.com/matches/le-havre-vs-nice/363pdo#5803100,5803100,Le Havre,9746,Nice,9831,False,False,False,53,Ligue 1,2026/2027,FRA,,,,,,https://images.fotmob.com/image_resources/logo/teamlogo/9746.png,https://images.fotmob.com/image_resources/logo/teamlogo/9831.png,2027-03-06,17:00
23,https://www.fotmob.com/matches/lens-vs-strasbourg/2t6vlu#5803101,5803101,Lens,8588,Strasbourg,9848,False,False,False,53,Ligue 1,2026/2027,FRA,,,,,,https://images.fotmob.com/image_resources/logo/teamlogo/8588.png,https://images.fotmob.com/image_resources/logo/teamlogo/9848.png,2027-03-06,17:00
23,https://www.fotmob.com/matches/marseille-vs-lille/2ge8wn#5803102,5803102,Lille,8639,Marseille,8592,False,False,False,53,Ligue 1,2026/2027,FRA,,,,,,https://images.fotmob.com/image_resources/logo/teamlogo/8639.png,https://images.fotmob.com/image_resources/logo/teamlogo/8592.png,2027-03-06,17:00
23,https://www.fotmob.com/matches/lyon-vs-monaco/363pdm#5803103,5803103,Monaco,9829,Lyon,9748,False,False,False,53,Ligue 1,2026/2027,FRA,,,,,,https://images.fotmob.com/image_resources/logo/teamlogo/9829.png,https://images.fotmob.com/image_resources/logo/teamlogo/9748.png,2027-03-06,17:00
23,https://www.fotmob.com/matches/paris-fc-vs-brest/1u3kbv#5803104,5803104,Paris FC,6379,Brest,8521,False,False,False,53,Ligue 1,2026/2027,FRA,,,,,,https://images.fotmob.com/image_resources/logo/teamlogo/6379.png,https://images.fotmob.com/image_resources/logo/teamlogo/8521.png,2027-03-06,17:00
23,https://www.fotmob.com/matches/paris-saint-germain-vs-rennes/37imvq#5803105,5803105,Rennes,9851,Paris Saint-Germain,9847,False,False,False,53,Ligue 1,2026/2027,FRA,,,,,,https://images.fotmob.com/image_resources/logo/teamlogo/9851.png,https://images.fotmob.com/image_resources/logo/teamlogo/9847.png,2027-03-06,17:00
23,https://www.fotmob.com/matches/le-mans-vs-toulouse/2v95dh#5803106,5803106,Toulouse,9941,Le Mans,8682,False,False,False,53,Ligue 1,2026/2027,FRA,,,,,,https://images.fotmob.com/image_resources/logo/teamlogo/9941.png,https://images.fotmob.com/image_resources/logo/teamlogo/8682.png,2027-03-06,17:00
23,https://www.fotmob.com/matches/lorient-vs-troyes/2yp2yn#5803107,5803107,Troyes,10242,Lorient,8689,False,False,False,53,Ligue 1,2026/2027,FRA,,,,,,https://images.fotmob.com/image_resources/logo/teamlogo/10242.png,https://images.fotmob.com/image_resources/logo/teamlogo/8689.png,2027-03-06,17:00
24,https://www.fotmob.com/matches/auxerre-vs-paris-saint-germain/2t4i9k#5803108,5803108,Auxerre,8583,Paris Saint-Germain,9847,False,False,False,53,Ligue 1,2026/2027,FRA,,,,,,https://images.fotmob.com/image_resources/logo/teamlogo/8583.png,https://images.fotmob.com/image_resources/logo/teamlogo/9847.png,2027-03-13,17:00
24,https://www.fotmob.com/matches/brest-vs-lille/2fo2ub#5803109,5803109,Brest,8521,Lille,8639,False,False,False,53,Ligue 1,2026/2027,FRA,,,,,,https://images.fotmob.com/image_resources/logo/teamlogo/8521.png,https://images.fotmob.com/image_resources/logo/teamlogo/8639.png,2027-03-13,17:00
24,https://www.fotmob.com/matches/lens-vs-le-havre/2s2oir#5803110,5803110,Le Havre,9746,Lens,8588,False,False,False,53,Ligue 1,2026/2027,FRA,,,,,,https://images.fotmob.com/image_resources/logo/teamlogo/9746.png,https://images.fotmob.com/image_resources/logo/teamlogo/8588.png,2027-03-13,17:00
24,https://www.fotmob.com/matches/le-mans-vs-rennes/2u9b4q#5803111,5803111,Le Mans,8682,Rennes,9851,False,False,False,53,Ligue 1,2026/2027,FRA,,,,,,https://images.fotmob.com/image_resources/logo/teamlogo/8682.png,https://images.fotmob.com/image_resources/logo/teamlogo/9851.png,2027-03-13,17:00
24,https://www.fotmob.com/matches/lyon-vs-troyes/3aytxt#5803112,5803112,Lyon,9748,Troyes,10242,False,False,False,53,Ligue 1,2026/2027,FRA,,,,,,https://images.fotmob.com/image_resources/logo/teamlogo/9748.png,https://images.fotmob.com/image_resources/logo/teamlogo/10242.png,2027-03-13,17:00
24,https://www.fotmob.com/matches/marseille-vs-monaco/2t0yak#5803113,5803113,Marseille,8592,Monaco,9829,False,False,False,53,Ligue 1,2026/2027,FRA,,,,,,https://images.fotmob.com/image_resources/logo/teamlogo/8592.png,https://images.fotmob.com/image_resources/logo/teamlogo/9829.png,2027-03-13,17:00
24,https://www.fotmob.com/matches/nice-vs-toulouse/38dxtn#5803114,5803114,Nice,9831,Toulouse,9941,False,False,False,53,Ligue 1,2026/2027,FRA,,,,,,https://images.fotmob.com/image_resources/logo/teamlogo/9831.png,https://images.fotmob.com/image_resources/logo/teamlogo/9941.png,2027-03-13,17:00
24,https://www.fotmob.com/matches/paris-fc-vs-lorient/1vliw7#5803115,5803115,Paris FC,6379,Lorient,8689,False,False,False,53,Ligue 1,2026/2027,FRA,,,,,,https://images.fotmob.com/image_resources/logo/teamlogo/6379.png,https://images.fotmob.com/image_resources/logo/teamlogo/8689.png,2027-03-13,17:00
24,https://www.fotmob.com/matches/angers-vs-strasbourg/2o4och#5803116,5803116,Strasbourg,9848,Angers,8121,False,False,False,53,Ligue 1,2026/2027,FRA,,,,,,https://images.fotmob.com/image_resources/logo/teamlogo/9848.png,https://images.fotmob.com/image_resources/logo/teamlogo/8121.png,2027-03-13,17:00
25,https://www.fotmob.com/matches/angers-vs-le-mans/2c24yo#5803117,5803117,Angers,8121,Le Mans,8682,False,False,False,53,Ligue 1,2026/2027,FRA,,,,,,https://images.fotmob.com/image_resources/logo/teamlogo/8121.png,https://images.fotmob.com/image_resources/logo/teamlogo/8682.png,2027-03-20,17:00
25,https://www.fotmob.com/matches/lens-vs-lille/2gcrq9#5803118,5803118,Lens,8588,Lille,8639,False,False,False,53,Ligue 1,2026/2027,FRA,,,,,,https://images.fotmob.com/image_resources/logo/teamlogo/8588.png,https://images.fotmob.com/image_resources/logo/teamlogo/8639.png,2027-03-20,17:00
25,https://www.fotmob.com/matches/lorient-vs-nice/2u459v#5803119,5803119,Lorient,8689,Nice,9831,False,False,False,53,Ligue 1,2026/2027,FRA,,,,,,https://images.fotmob.com/image_resources/logo/teamlogo/8689.png,https://images.fotmob.com/image_resources/logo/teamlogo/9831.png,2027-03-20,17:00
25,https://www.fotmob.com/matches/le-havre-vs-monaco/362v61#5803120,5803120,Monaco,9829,Le Havre,9746,False,False,False,53,Ligue 1,2026/2027,FRA,,,,,,https://images.fotmob.com/image_resources/logo/teamlogo/9829.png,https://images.fotmob.com/image_resources/logo/teamlogo/9746.png,2027-03-20,17:00
25,https://www.fotmob.com/matches/paris-saint-germain-vs-strasbourg/37hda8#5803121,5803121,Paris Saint-Germain,9847,Strasbourg,9848,False,False,False,53,Ligue 1,2026/2027,FRA,,,,,,https://images.fotmob.com/image_resources/logo/teamlogo/9847.png,https://images.fotmob.com/image_resources/logo/teamlogo/9848.png,2027-03-20,17:00
25,https://www.fotmob.com/matches/paris-fc-vs-rennes/26fb7k#5803122,5803122,Rennes,9851,Paris FC,6379,False,False,False,53,Ligue 1,2026/2027,FRA,,,,,,https://images.fotmob.com/image_resources/logo/teamlogo/9851.png,https://images.fotmob.com/image_resources/logo/teamlogo/6379.png,2027-03-20,17:00
25,https://www.fotmob.com/matches/brest-vs-toulouse/2th5t2#5803123,5803123,Toulouse,9941,Brest,8521,False,False,False,53,Ligue 1,2026/2027,FRA,,,,,,https://images.fotmob.com/image_resources/logo/teamlogo/9941.png,https://images.fotmob.com/image_resources/logo/teamlogo/8521.png,2027-03-20,17:00
25,https://www.fotmob.com/matches/auxerre-vs-troyes/2xi6t0#5803124,5803124,Troyes,10242,Auxerre,8583,False,False,False,53,Ligue 1,2026/2027,FRA,,,,,,https://images.fotmob.com/image_resources/logo/teamlogo/10242.png,https://images.fotmob.com/image_resources/logo/teamlogo/8583.png,2027-03-20,17:00
25,https://www.fotmob.com/matches/marseille-vs-lyon/2s51f2#5803125,5803125,Marseille,8592,Lyon,9748,False,False,False,53,Ligue 1,2026/2027,FRA,,,,,,https://images.fotmob.com/image_resources/logo/teamlogo/8592.png,https://images.fotmob.com/image_resources/logo/teamlogo/9748.png,2027-03-21,20:45
26,https://www.fotmob.com/matches/angers-vs-monaco/2nxd12#5803126,5803126,Angers,8121,Monaco,9829,False,False,False,53,Ligue 1,2026/2027,FRA,,,,,,https://images.fotmob.com/image_resources/logo/teamlogo/8121.png,https://images.fotmob.com/image_resources/logo/teamlogo/9829.png,2027-04-03,17:00
26,https://www.fotmob.com/matches/auxerre-vs-lens/2fs4i2#5803127,5803127,Auxerre,8583,Lens,8588,False,False,False,53,Ligue 1,2026/2027,FRA,,,,,,https://images.fotmob.com/image_resources/logo/teamlogo/8583.png,https://images.fotmob.com/image_resources/logo/teamlogo/8588.png,2027-04-03,17:00
26,https://www.fotmob.com/matches/brest-vs-lorient/2g6hwg#5803128,5803128,Brest,8521,Lorient,8689,False,False,False,53,Ligue 1,2026/2027,FRA,,,,,,https://images.fotmob.com/image_resources/logo/teamlogo/8521.png,https://images.fotmob.com/image_resources/logo/teamlogo/8689.png,2027-04-03,17:00
26,https://www.fotmob.com/matches/le-havre-vs-troyes/3axz38#5803129,5803129,Le Havre,9746,Troyes,10242,False,False,False,53,Ligue 1,2026/2027,FRA,,,,,,https://images.fotmob.com/image_resources/logo/teamlogo/9746.png,https://images.fotmob.com/image_resources/logo/teamlogo/10242.png,2027-04-03,17:00
26,https://www.fotmob.com/matches/marseille-vs-le-mans/2gu5dl#5803130,5803130,Le Mans,8682,Marseille,8592,False,False,False,53,Ligue 1,2026/2027,FRA,,,,,,https://images.fotmob.com/image_resources/logo/teamlogo/8682.png,https://images.fotmob.com/image_resources/logo/teamlogo/8592.png,2027-04-03,17:00
26,https://www.fotmob.com/matches/lille-vs-rennes/2ts8x6#5803131,5803131,Lille,8639,Rennes,9851,False,False,False,53,Ligue 1,2026/2027,FRA,,,,,,https://images.fotmob.com/image_resources/logo/teamlogo/8639.png,https://images.fotmob.com/image_resources/logo/teamlogo/9851.png,2027-04-03,17:00
26,https://www.fotmob.com/matches/lyon-vs-nice/364jld#5803132,5803132,Nice,9831,Lyon,9748,False,False,False,53,Ligue 1,2026/2027,FRA,,,,,,https://images.fotmob.com/image_resources/logo/teamlogo/9831.png,https://images.fotmob.com/image_resources/logo/teamlogo/9748.png,2027-04-03,17:00
26,https://www.fotmob.com/matches/paris-fc-vs-paris-saint-germain/26dx4a#5803133,5803133,Paris FC,6379,Paris Saint-Germain,9847,False,False,False,53,Ligue 1,2026/2027,FRA,,,,,,https://images.fotmob.com/image_resources/logo/teamlogo/6379.png,https://images.fotmob.com/image_resources/logo/teamlogo/9847.png,2027-04-03,17:00
26,https://www.fotmob.com/matches/strasbourg-vs-toulouse/38l5ao#5803134,5803134,Strasbourg,9848,Toulouse,9941,False,False,False,53,Ligue 1,2026/2027,FRA,,,,,,https://images.fotmob.com/image_resources/logo/teamlogo/9848.png,https://images.fotmob.com/image_resources/logo/teamlogo/9941.png,2027-04-03,17:00
27,https://www.fotmob.com/matches/auxerre-vs-le-mans/2gqtg3#5803135,5803135,Le Mans,8682,Auxerre,8583,False,False,False,53,Ligue 1,2026/2027,FRA,,,,,,https://images.fotmob.com/image_resources/logo/teamlogo/8682.png,https://images.fotmob.com/image_resources/logo/teamlogo/8583.png,2027-04-10,17:00
27,https://www.fotmob.com/matches/lille-vs-toulouse/2us06f#5803136,5803136,Lille,8639,Toulouse,9941,False,False,False,53,Ligue 1,2026/2027,FRA,,,,,,https://images.fotmob.com/image_resources/logo/teamlogo/8639.png,https://images.fotmob.com/image_resources/logo/teamlogo/9941.png,2027-04-10,17:00
27,https://www.fotmob.com/matches/lens-vs-lorient/2gv9dg#5803137,5803137,Lorient,8689,Lens,8588,False,False,False,53,Ligue 1,2026/2027,FRA,,,,,,https://images.fotmob.com/image_resources/logo/teamlogo/8689.png,https://images.fotmob.com/image_resources/logo/teamlogo/8588.png,2027-04-10,17:00
27,https://www.fotmob.com/matches/lyon-vs-strasbourg/36bojq#5803138,5803138,Lyon,9748,Strasbourg,9848,False,False,False,53,Ligue 1,2026/2027,FRA,,,,,,https://images.fotmob.com/image_resources/logo/teamlogo/9748.png,https://images.fotmob.com/image_resources/logo/teamlogo/9848.png,2027-04-10,17:00
27,https://www.fotmob.com/matches/brest-vs-marseille/2f6tbp#5803139,5803139,Marseille,8592,Brest,8521,False,False,False,53,Ligue 1,2026/2027,FRA,,,,,,https://images.fotmob.com/image_resources/logo/teamlogo/8592.png,https://images.fotmob.com/image_resources/logo/teamlogo/8521.png,2027-04-10,17:00
27,https://www.fotmob.com/matches/monaco-vs-rennes/37b1ez#5803140,5803140,Monaco,9829,Rennes,9851,False,False,False,53,Ligue 1,2026/2027,FRA,,,,,,https://images.fotmob.com/image_resources/logo/teamlogo/9829.png,https://images.fotmob.com/image_resources/logo/teamlogo/9851.png,2027-04-10,17:00
27,https://www.fotmob.com/matches/paris-fc-vs-nice/268cvm#5803141,5803141,Nice,9831,Paris FC,6379,False,False,False,53,Ligue 1,2026/2027,FRA,,,,,,https://images.fotmob.com/image_resources/logo/teamlogo/9831.png,https://images.fotmob.com/image_resources/logo/teamlogo/6379.png,2027-04-10,17:00
27,https://www.fotmob.com/matches/le-havre-vs-paris-saint-germain/36af6s#5803142,5803142,Paris Saint-Germain,9847,Le Havre,9746,False,False,False,53,Ligue 1,2026/2027,FRA,,,,,,https://images.fotmob.com/image_resources/logo/teamlogo/9847.png,https://images.fotmob.com/image_resources/logo/teamlogo/9746.png,2027-04-10,17:00
27,https://www.fotmob.com/matches/angers-vs-troyes/2se1ur#5803143,5803143,Troyes,10242,Angers,8121,False,False,False,53,Ligue 1,2026/2027,FRA,,,,,,https://images.fotmob.com/image_resources/logo/teamlogo/10242.png,https://images.fotmob.com/image_resources/logo/teamlogo/8121.png,2027-04-10,17:00
28,https://www.fotmob.com/matches/angers-vs-lyon/2n29lb#5803144,5803144,Angers,8121,Lyon,9748,False,False,False,53,Ligue 1,2026/2027,FRA,,,,,,https://images.fotmob.com/image_resources/logo/teamlogo/8121.png,https://images.fotmob.com/image_resources/logo/teamlogo/9748.png,2027-04-17,17:00
28,https://www.fotmob.com/matches/auxerre-vs-lorient/2gteq5#5803145,5803145,Auxerre,8583,Lorient,8689,False,False,False,53,Ligue 1,2026/2027,FRA,,,,,,https://images.fotmob.com/image_resources/logo/teamlogo/8583.png,https://images.fotmob.com/image_resources/logo/teamlogo/8689.png,2027-04-17,17:00
28,https://www.fotmob.com/matches/brest-vs-le-mans/2g3wyg#5803146,5803146,Brest,8521,Le Mans,8682,False,False,False,53,Ligue 1,2026/2027,FRA,,,,,,https://images.fotmob.com/image_resources/logo/teamlogo/8521.png,https://images.fotmob.com/image_resources/logo/teamlogo/8682.png,2027-04-17,17:00
28,https://www.fotmob.com/matches/marseille-vs-le-havre/2s4945#5803147,5803147,Le Havre,9746,Marseille,8592,False,False,False,53,Ligue 1,2026/2027,FRA,,,,,,https://images.fotmob.com/image_resources/logo/teamlogo/9746.png,https://images.fotmob.com/image_resources/logo/teamlogo/8592.png,2027-04-17,17:00
28,https://www.fotmob.com/matches/lens-vs-nice/2t05v9#5803148,5803148,Lens,8588,Nice,9831,False,False,False,53,Ligue 1,2026/2027,FRA,,,,,,https://images.fotmob.com/image_resources/logo/teamlogo/8588.png,https://images.fotmob.com/image_resources/logo/teamlogo/9831.png,2027-04-17,17:00
28,https://www.fotmob.com/matches/monaco-vs-strasbourg/379ruz#5803149,5803149,Monaco,9829,Strasbourg,9848,False,False,False,53,Ligue 1,2026/2027,FRA,,,,,,https://images.fotmob.com/image_resources/logo/teamlogo/9829.png,https://images.fotmob.com/image_resources/logo/teamlogo/9848.png,2027-04-17,17:00
28,https://www.fotmob.com/matches/lille-vs-paris-saint-germain/2tqnus#5803150,5803150,Paris Saint-Germain,9847,Lille,8639,False,False,False,53,Ligue 1,2026/2027,FRA,,,,,,https://images.fotmob.com/image_resources/logo/teamlogo/9847.png,https://images.fotmob.com/image_resources/logo/teamlogo/8639.png,2027-04-17,17:00
28,https://www.fotmob.com/matches/rennes-vs-troyes/3c72v2#5803151,5803151,Rennes,9851,Troyes,10242,False,False,False,53,Ligue 1,2026/2027,FRA,,,,,,https://images.fotmob.com/image_resources/logo/teamlogo/9851.png,https://images.fotmob.com/image_resources/logo/teamlogo/10242.png,2027-04-17,17:00
28,https://www.fotmob.com/matches/paris-fc-vs-toulouse/27apit#5803152,5803152,Toulouse,9941,Paris FC,6379,False,False,False,53,Ligue 1,2026/2027,FRA,,,,,,https://images.fotmob.com/image_resources/logo/teamlogo/9941.png,https://images.fotmob.com/image_resources/logo/teamlogo/6379.png,2027-04-17,17:00
29,https://www.fotmob.com/matches/le-mans-vs-le-havre/2t3pqw#5803153,5803153,Le Mans,8682,Le Havre,9746,False,False,False,53,Ligue 1,2026/2027,FRA,,,,,,https://images.fotmob.com/image_resources/logo/teamlogo/8682.png,https://images.fotmob.com/image_resources/logo/teamlogo/9746.png,2027-04-24,17:00
29,https://www.fotmob.com/matches/lille-vs-monaco/2tjj7j#5803154,5803154,Lille,8639,Monaco,9829,False,False,False,53,Ligue 1,2026/2027,FRA,,,,,,https://images.fotmob.com/image_resources/logo/teamlogo/8639.png,https://images.fotmob.com/image_resources/logo/teamlogo/9829.png,2027-04-24,17:00
29,https://www.fotmob.com/matches/lorient-vs-paris-saint-germain/2uai17#5803155,5803155,Lorient,8689,Paris Saint-Germain,9847,False,False,False,53,Ligue 1,2026/2027,FRA,,,,,,https://images.fotmob.com/image_resources/logo/teamlogo/8689.png,https://images.fotmob.com/image_resources/logo/teamlogo/9847.png,2027-04-24,17:00
29,https://www.fotmob.com/matches/brest-vs-lyon/2rd6lj#5803156,5803156,Lyon,9748,Brest,8521,False,False,False,53,Ligue 1,2026/2027,FRA,,,,,,https://images.fotmob.com/image_resources/logo/teamlogo/9748.png,https://images.fotmob.com/image_resources/logo/teamlogo/8521.png,2027-04-24,17:00
29,https://www.fotmob.com/matches/auxerre-vs-marseille/2ftlic#5803157,5803157,Marseille,8592,Auxerre,8583,False,False,False,53,Ligue 1,2026/2027,FRA,,,,,,https://images.fotmob.com/image_resources/logo/teamlogo/8592.png,https://images.fotmob.com/image_resources/logo/teamlogo/8583.png,2027-04-24,17:00
29,https://www.fotmob.com/matches/angers-vs-nice/2ny4qf#5803158,5803158,Nice,9831,Angers,8121,False,False,False,53,Ligue 1,2026/2027,FRA,,,,,,https://images.fotmob.com/image_resources/logo/teamlogo/9831.png,https://images.fotmob.com/image_resources/logo/teamlogo/8121.png,2027-04-24,17:00
29,https://www.fotmob.com/matches/paris-fc-vs-lens/1up0fk#5803159,5803159,Paris FC,6379,Lens,8588,False,False,False,53,Ligue 1,2026/2027,FRA,,,,,,https://images.fotmob.com/image_resources/logo/teamlogo/6379.png,https://images.fotmob.com/image_resources/logo/teamlogo/8588.png,2027-04-24,17:00
29,https://www.fotmob.com/matches/strasbourg-vs-rennes/37j22x#5803160,5803160,Strasbourg,9848,Rennes,9851,False,False,False,53,Ligue 1,2026/2027,FRA,,,,,,https://images.fotmob.com/image_resources/logo/teamlogo/9848.png,https://images.fotmob.com/image_resources/logo/teamlogo/9851.png,2027-04-24,17:00
29,https://www.fotmob.com/matches/toulouse-vs-troyes/3d9xft#5803161,5803161,Troyes,10242,Toulouse,9941,False,False,False,53,Ligue 1,2026/2027,FRA,,,,,,https://images.fotmob.com/image_resources/logo/teamlogo/10242.png,https://images.fotmob.com/image_resources/logo/teamlogo/9941.png,2027-04-24,17:00
30,https://www.fotmob.com/matches/auxerre-vs-lyon/2s1i32#5803162,5803162,Auxerre,8583,Lyon,9748,False,False,False,53,Ligue 1,2026/2027,FRA,,,,,,https://images.fotmob.com/image_resources/logo/teamlogo/8583.png,https://images.fotmob.com/image_resources/logo/teamlogo/9748.png,2027-05-01,17:00
30,https://www.fotmob.com/matches/paris-fc-vs-le-havre/25ewet#5803163,5803163,Le Havre,9746,Paris FC,6379,False,False,False,53,Ligue 1,2026/2027,FRA,,,,,,https://images.fotmob.com/image_resources/logo/teamlogo/9746.png,https://images.fotmob.com/image_resources/logo/teamlogo/6379.png,2027-05-01,17:00
30,https://www.fotmob.com/matches/lens-vs-le-mans/2gso2f#5803164,5803164,Lens,8588,Le Mans,8682,False,False,False,53,Ligue 1,2026/2027,FRA,,,,,,https://images.fotmob.com/image_resources/logo/teamlogo/8588.png,https://images.fotmob.com/image_resources/logo/teamlogo/8682.png,2027-05-01,17:00
30,https://www.fotmob.com/matches/lorient-vs-monaco/2u3coy#5803165,5803165,Monaco,9829,Lorient,8689,False,False,False,53,Ligue 1,2026/2027,FRA,,,,,,https://images.fotmob.com/image_resources/logo/teamlogo/9829.png,https://images.fotmob.com/image_resources/logo/teamlogo/8689.png,2027-05-01,17:00
30,https://www.fotmob.com/matches/angers-vs-paris-saint-germain/2o4ahb#5803166,5803166,Paris Saint-Germain,9847,Angers,8121,False,False,False,53,Ligue 1,2026/2027,FRA,,,,,,https://images.fotmob.com/image_resources/logo/teamlogo/9847.png,https://images.fotmob.com/image_resources/logo/teamlogo/8121.png,2027-05-01,17:00
30,https://www.fotmob.com/matches/nice-vs-rennes/37bvse#5803167,5803167,Rennes,9851,Nice,9831,False,False,False,53,Ligue 1,2026/2027,FRA,,,,,,https://images.fotmob.com/image_resources/logo/teamlogo/9851.png,https://images.fotmob.com/image_resources/logo/teamlogo/9831.png,2027-05-01,17:00
30,https://www.fotmob.com/matches/lille-vs-strasbourg/2tr24c#5803168,5803168,Strasbourg,9848,Lille,8639,False,False,False,53,Ligue 1,2026/2027,FRA,,,,,,https://images.fotmob.com/image_resources/logo/teamlogo/9848.png,https://images.fotmob.com/image_resources/logo/teamlogo/8639.png,2027-05-01,17:00
30,https://www.fotmob.com/matches/marseille-vs-toulouse/2u9b78#5803169,5803169,Toulouse,9941,Marseille,8592,False,False,False,53,Ligue 1,2026/2027,FRA,,,,,,https://images.fotmob.com/image_resources/logo/teamlogo/9941.png,https://images.fotmob.com/image_resources/logo/teamlogo/8592.png,2027-05-01,17:00
30,https://www.fotmob.com/matches/brest-vs-troyes/2wt7mz#5803170,5803170,Troyes,10242,Brest,8521,False,False,False,53,Ligue 1,2026/2027,FRA,,,,,,https://images.fotmob.com/image_resources/logo/teamlogo/10242.png,https://images.fotmob.com/image_resources/logo/teamlogo/8521.png,2027-05-01,17:00
31,https://www.fotmob.com/matches/angers-vs-toulouse/2p4l8e#5803171,5803171,Angers,8121,Toulouse,9941,False,False,False,53,Ligue 1,2026/2027,FRA,,,,,,https://images.fotmob.com/image_resources/logo/teamlogo/8121.png,https://images.fotmob.com/image_resources/logo/teamlogo/9941.png,2027-05-08,17:00
31,https://www.fotmob.com/matches/brest-vs-auxerre/2f3ii7#5803172,5803172,Brest,8521,Auxerre,8583,False,False,False,53,Ligue 1,2026/2027,FRA,,,,,,https://images.fotmob.com/image_resources/logo/teamlogo/8521.png,https://images.fotmob.com/image_resources/logo/teamlogo/8583.png,2027-05-08,17:00
31,https://www.fotmob.com/matches/le-mans-vs-troyes/2ym8q0#5803173,5803173,Le Mans,8682,Troyes,10242,False,False,False,53,Ligue 1,2026/2027,FRA,,,,,,https://images.fotmob.com/image_resources/logo/teamlogo/8682.png,https://images.fotmob.com/image_resources/logo/teamlogo/10242.png,2027-05-08,17:00
31,https://www.fotmob.com/matches/lens-vs-monaco/2szdfy#5803174,5803174,Lens,8588,Monaco,9829,False,False,False,53,Ligue 1,2026/2027,FRA,,,,,,https://images.fotmob.com/image_resources/logo/teamlogo/8588.png,https://images.fotmob.com/image_resources/logo/teamlogo/9829.png,2027-05-08,17:00
31,https://www.fotmob.com/matches/lorient-vs-strasbourg/2uawc5#5803175,5803175,Lorient,8689,Strasbourg,9848,False,False,False,53,Ligue 1,2026/2027,FRA,,,,,,https://images.fotmob.com/image_resources/logo/teamlogo/8689.png,https://images.fotmob.com/image_resources/logo/teamlogo/9848.png,2027-05-08,17:00
31,https://www.fotmob.com/matches/marseille-vs-nice/2t1qq3#5803176,5803176,Nice,9831,Marseille,8592,False,False,False,53,Ligue 1,2026/2027,FRA,,,,,,https://images.fotmob.com/image_resources/logo/teamlogo/9831.png,https://images.fotmob.com/image_resources/logo/teamlogo/8592.png,2027-05-08,17:00
31,https://www.fotmob.com/matches/paris-fc-vs-lille/1v5eh2#5803177,5803177,Paris FC,6379,Lille,8639,False,False,False,53,Ligue 1,2026/2027,FRA,,,,,,https://images.fotmob.com/image_resources/logo/teamlogo/6379.png,https://images.fotmob.com/image_resources/logo/teamlogo/8639.png,2027-05-08,17:00
31,https://www.fotmob.com/matches/le-havre-vs-rennes/36c3o6#5803178,5803178,Rennes,9851,Le Havre,9746,False,False,False,53,Ligue 1,2026/2027,FRA,,,,,,https://images.fotmob.com/image_resources/logo/teamlogo/9851.png,https://images.fotmob.com/image_resources/logo/teamlogo/9746.png,2027-05-08,17:00
31,https://www.fotmob.com/matches/lyon-vs-paris-saint-germain/36b9fd#5803179,5803179,Lyon,9748,Paris Saint-Germain,9847,False,False,False,53,Ligue 1,2026/2027,FRA,,,,,,https://images.fotmob.com/image_resources/logo/teamlogo/9748.png,https://images.fotmob.com/image_resources/logo/teamlogo/9847.png,2027-05-09,20:45
32,https://www.fotmob.com/matches/auxerre-vs-rennes/2t635q#5803180,5803180,Auxerre,8583,Rennes,9851,False,False,False,53,Ligue 1,2026/2027,FRA,,,,,,https://images.fotmob.com/image_resources/logo/teamlogo/8583.png,https://images.fotmob.com/image_resources/logo/teamlogo/9851.png,2027-05-16,17:00
32,https://www.fotmob.com/matches/brest-vs-le-havre/2rceek#5803181,5803181,Brest,8521,Le Havre,9746,False,False,False,53,Ligue 1,2026/2027,FRA,,,,,,https://images.fotmob.com/image_resources/logo/teamlogo/8521.png,https://images.fotmob.com/image_resources/logo/teamlogo/9746.png,2027-05-16,17:00
32,https://www.fotmob.com/matches/angers-vs-lille/2bmo4b#5803182,5803182,Lille,8639,Angers,8121,False,False,False,53,Ligue 1,2026/2027,FRA,,,,,,https://images.fotmob.com/image_resources/logo/teamlogo/8639.png,https://images.fotmob.com/image_resources/logo/teamlogo/8121.png,2027-05-16,17:00
32,https://www.fotmob.com/matches/le-mans-vs-lyon/2t4i6t#5803183,5803183,Lyon,9748,Le Mans,8682,False,False,False,53,Ligue 1,2026/2027,FRA,,,,,,https://images.fotmob.com/image_resources/logo/teamlogo/9748.png,https://images.fotmob.com/image_resources/logo/teamlogo/8682.png,2027-05-16,17:00
32,https://www.fotmob.com/matches/lens-vs-marseille/2fvfs6#5803184,5803184,Marseille,8592,Lens,8588,False,False,False,53,Ligue 1,2026/2027,FRA,,,,,,https://images.fotmob.com/image_resources/logo/teamlogo/8592.png,https://images.fotmob.com/image_resources/logo/teamlogo/8588.png,2027-05-16,17:00
32,https://www.fotmob.com/matches/paris-fc-vs-monaco/267nv1#5803185,5803185,Monaco,9829,Paris FC,6379,False,False,False,53,Ligue 1,2026/2027,FRA,,,,,,https://images.fotmob.com/image_resources/logo/teamlogo/9829.png,https://images.fotmob.com/image_resources/logo/teamlogo/6379.png,2027-05-16,17:00
32,https://www.fotmob.com/matches/nice-vs-paris-saint-germain/37a71k#5803186,5803186,Paris Saint-Germain,9847,Nice,9831,False,False,False,53,Ligue 1,2026/2027,FRA,,,,,,https://images.fotmob.com/image_resources/logo/teamlogo/9847.png,https://images.fotmob.com/image_resources/logo/teamlogo/9831.png,2027-05-16,17:00
32,https://www.fotmob.com/matches/strasbourg-vs-troyes/3c5scn#5803187,5803187,Strasbourg,9848,Troyes,10242,False,False,False,53,Ligue 1,2026/2027,FRA,,,,,,https://images.fotmob.com/image_resources/logo/teamlogo/9848.png,https://images.fotmob.com/image_resources/logo/teamlogo/10242.png,2027-05-16,17:00
32,https://www.fotmob.com/matches/lorient-vs-toulouse/2vbxze#5803188,5803188,Toulouse,9941,Lorient,8689,False,False,False,53,Ligue 1,2026/2027,FRA,,,,,,https://images.fotmob.com/image_resources/logo/teamlogo/9941.png,https://images.fotmob.com/image_resources/logo/teamlogo/8689.png,2027-05-16,17:00
33,https://www.fotmob.com/matches/angers-vs-brest/2agfd8#5803189,5803189,Angers,8121,Brest,8521,False,False,False,53,Ligue 1,2026/2027,FRA,,,,,,https://images.fotmob.com/image_resources/logo/teamlogo/8121.png,https://images.fotmob.com/image_resources/logo/teamlogo/8521.png,2027-05-22,17:00
33,https://www.fotmob.com/matches/lille-vs-le-havre/2smr0r#5803190,5803190,Le Havre,9746,Lille,8639,False,False,False,53,Ligue 1,2026/2027,FRA,,,,,,https://images.fotmob.com/image_resources/logo/teamlogo/9746.png,https://images.fotmob.com/image_resources/logo/teamlogo/8639.png,2027-05-22,17:00
33,https://www.fotmob.com/matches/le-mans-vs-strasbourg/2u848b#5803191,5803191,Le Mans,8682,Strasbourg,9848,False,False,False,53,Ligue 1,2026/2027,FRA,,,,,,https://images.fotmob.com/image_resources/logo/teamlogo/8682.png,https://images.fotmob.com/image_resources/logo/teamlogo/9848.png,2027-05-22,17:00
33,https://www.fotmob.com/matches/lens-vs-rennes/2t82af#5803192,5803192,Lens,8588,Rennes,9851,False,False,False,53,Ligue 1,2026/2027,FRA,,,,,,https://images.fotmob.com/image_resources/logo/teamlogo/8588.png,https://images.fotmob.com/image_resources/logo/teamlogo/9851.png,2027-05-22,17:00
33,https://www.fotmob.com/matches/lorient-vs-lyon/2t79r7#5803193,5803193,Lorient,8689,Lyon,9748,False,False,False,53,Ligue 1,2026/2027,FRA,,,,,,https://images.fotmob.com/image_resources/logo/teamlogo/8689.png,https://images.fotmob.com/image_resources/logo/teamlogo/9748.png,2027-05-22,17:00
33,https://www.fotmob.com/matches/monaco-vs-nice/372lud#5803194,5803194,Nice,9831,Monaco,9829,False,False,False,53,Ligue 1,2026/2027,FRA,,,,,,https://images.fotmob.com/image_resources/logo/teamlogo/9831.png,https://images.fotmob.com/image_resources/logo/teamlogo/9829.png,2027-05-22,17:00
33,https://www.fotmob.com/matches/paris-fc-vs-marseille/1uqamy#5803195,5803195,Paris FC,6379,Marseille,8592,False,False,False,53,Ligue 1,2026/2027,FRA,,,,,,https://images.fotmob.com/image_resources/logo/teamlogo/6379.png,https://images.fotmob.com/image_resources/logo/teamlogo/8592.png,2027-05-22,17:00
33,https://www.fotmob.com/matches/auxerre-vs-toulouse/2u5qiz#5803196,5803196,Toulouse,9941,Auxerre,8583,False,False,False,53,Ligue 1,2026/2027,FRA,,,,,,https://images.fotmob.com/image_resources/logo/teamlogo/9941.png,https://images.fotmob.com/image_resources/logo/teamlogo/8583.png,2027-05-22,17:00
33,https://www.fotmob.com/matches/paris-saint-germain-vs-troyes/3c5cuk#5803197,5803197,Troyes,10242,Paris Saint-Germain,9847,False,False,False,53,Ligue 1,2026/2027,FRA,,,,,,https://images.fotmob.com/image_resources/logo/teamlogo/10242.png,https://images.fotmob.com/image_resources/logo/teamlogo/9847.png,2027-05-22,17:00
34,https://www.fotmob.com/matches/auxerre-vs-le-havre/2s0psn#5803198,5803198,Auxerre,8583,Le Havre,9746,False,False,False,53,Ligue 1,2026/2027,FRA,,,,,,https://images.fotmob.com/image_resources/logo/teamlogo/8583.png,https://images.fotmob.com/image_resources/logo/teamlogo/9746.png,2027-05-29,21:00
34,https://www.fotmob.com/matches/brest-vs-lens/2f5cib#5803199,5803199,Brest,8521,Lens,8588,False,False,False,53,Ligue 1,2026/2027,FRA,,,,,,https://images.fotmob.com/image_resources/logo/teamlogo/8521.png,https://images.fotmob.com/image_resources/logo/teamlogo/8588.png,2027-05-29,21:00
34,https://www.fotmob.com/matches/lille-vs-le-mans/2hbkp3#5803200,5803200,Lille,8639,Le Mans,8682,False,False,False,53,Ligue 1,2026/2027,FRA,,,,,,https://images.fotmob.com/image_resources/logo/teamlogo/8639.png,https://images.fotmob.com/image_resources/logo/teamlogo/8682.png,2027-05-29,21:00
34,https://www.fotmob.com/matches/paris-fc-vs-lyon/25flas#5803201,5803201,Lyon,9748,Paris FC,6379,False,False,False,53,Ligue 1,2026/2027,FRA,,,,,,https://images.fotmob.com/image_resources/logo/teamlogo/9748.png,https://images.fotmob.com/image_resources/logo/teamlogo/6379.png,2027-05-29,21:00
34,https://www.fotmob.com/matches/marseille-vs-lorient/2gwqpe#5803202,5803202,Marseille,8592,Lorient,8689,False,False,False,53,Ligue 1,2026/2027,FRA,,,,,,https://images.fotmob.com/image_resources/logo/teamlogo/8592.png,https://images.fotmob.com/image_resources/logo/teamlogo/8689.png,2027-05-29,21:00
34,https://www.fotmob.com/matches/monaco-vs-troyes/3bxlxt#5803203,5803203,Monaco,9829,Troyes,10242,False,False,False,53,Ligue 1,2026/2027,FRA,,,,,,https://images.fotmob.com/image_resources/logo/teamlogo/9829.png,https://images.fotmob.com/image_resources/logo/teamlogo/10242.png,2027-05-29,21:00
34,https://www.fotmob.com/matches/paris-saint-germain-vs-toulouse/38kq0z#5803204,5803204,Paris Saint-Germain,9847,Toulouse,9941,False,False,False,53,Ligue 1,2026/2027,FRA,,,,,,https://images.fotmob.com/image_resources/logo/teamlogo/9847.png,https://images.fotmob.com/image_resources/logo/teamlogo/9941.png,2027-05-29,21:00
34,https://www.fotmob.com/matches/angers-vs-rennes/2o5ty5#5803205,5803205,Rennes,9851,Angers,8121,False,False,False,53,Ligue 1,2026/2027,FRA,,,,,,https://images.fotmob.com/image_resources/logo/teamlogo/9851.png,https://images.fotmob.com/image_resources/logo/teamlogo/8121.png,2027-05-29,21:00
34,https://www.fotmob.com/matches/nice-vs-strasbourg/37am88#5803206,5803206,Strasbourg,9848,Nice,9831,False,False,False,53,Ligue 1,2026/2027,FRA,,,,,,https://images.fotmob.com/image_resources/logo/teamlogo/9848.png,https://images.fotmob.com/image_resources/logo/teamlogo/9831.png,2027-05-29,21:00
1,https://www.fotmob.com/matches/bayern-munchen-vs-vfb-stuttgart/3c6nc5#5881143,5881143,Bayern München,9823,VfB Stuttgart,10269,False,False,False,54,Bundesliga,2026/2027,GER,,,,,,https://images.fotmob.com/image_resources/logo/teamlogo/9823.png,https://images.fotmob.com/image_resources/logo/teamlogo/10269.png,2026-08-28,20:30
1,https://www.fotmob.com/matches/bayer-leverkusen-vs-elversberg/2868p3#5881146,5881146,Elversberg,8232,Bayer Leverkusen,8178,False,False,False,54,Bundesliga,2026/2027,GER,,,,,,https://images.fotmob.com/image_resources/logo/teamlogo/8232.png,https://images.fotmob.com/image_resources/logo/teamlogo/8178.png,2026-08-29,15:30
1,https://www.fotmob.com/matches/hoffenheim-vs-1-fc-koln/2dil4k#5881147,5881147,1. FC Köln,8722,Hoffenheim,8226,False,False,False,54,Bundesliga,2026/2027,GER,,,,,,https://images.fotmob.com/image_resources/logo/teamlogo/8722.png,https://images.fotmob.com/image_resources/logo/teamlogo/8226.png,2026-08-29,15:30
1,https://www.fotmob.com/matches/paderborn-vs-mainz-05/2sevkk#5881149,5881149,Mainz 05,9905,Paderborn,8460,False,False,False,54,Bundesliga,2026/2027,GER,,,,,,https://images.fotmob.com/image_resources/logo/teamlogo/9905.png,https://images.fotmob.com/image_resources/logo/teamlogo/8460.png,2026-08-29,15:30
1,https://www.fotmob.com/matches/borussia-monchengladbach-vs-rb-leipzig/852z0ko#5881150,5881150,RB Leipzig,178475,Borussia Mönchengladbach,9788,False,False,False,54,Bundesliga,2026/2027,GER,,,,,,https://images.fotmob.com/image_resources/logo/teamlogo/178475.png,https://images.fotmob.com/image_resources/logo/teamlogo/9788.png,2026-08-29,15:30
1,https://www.fotmob.com/matches/union-berlin-vs-eintracht-frankfurt/2o0tpa#5881151,5881151,Union Berlin,8149,Eintracht Frankfurt,9810,False,False,False,54,Bundesliga,2026/2027,GER,,,,,,https://images.fotmob.com/image_resources/logo/teamlogo/8149.png,https://images.fotmob.com/image_resources/logo/teamlogo/9810.png,2026-08-29,15:30
1,https://www.fotmob.com/matches/borussia-dortmund-vs-hamburger-sv/364jk8#5881145,5881145,Borussia Dortmund,9789,Hamburger SV,9790,False,False,False,54,Bundesliga,2026/2027,GER,,,,,,https://images.fotmob.com/image_resources/logo/teamlogo/9789.png,https://images.fotmob.com/image_resources/logo/teamlogo/9790.png,2026-08-29,18:30
1,https://www.fotmob.com/matches/freiburg-vs-werder-bremen/2elktl#5881148,5881148,Freiburg,8358,Werder Bremen,8697,False,False,False,54,Bundesliga,2026/2027,GER,,,,,,https://images.fotmob.com/image_resources/logo/teamlogo/8358.png,https://images.fotmob.com/image_resources/logo/teamlogo/8697.png,2026-08-30,15:30
1,https://www.fotmob.com/matches/augsburg-vs-schalke-04/2uxy4s#5881144,5881144,Augsburg,8406,Schalke 04,10189,False,False,False,54,Bundesliga,2026/2027,GER,,,,,,https://images.fotmob.com/image_resources/logo/teamlogo/8406.png,https://images.fotmob.com/image_resources/logo/teamlogo/10189.png,2026-08-30,17:30
2,https://www.fotmob.com/matches/1-fc-koln-vs-vfb-stuttgart/2zdgu2#5881159,5881159,VfB Stuttgart,10269,1. FC Köln,8722,False,False,False,54,Bundesliga,2026/2027,GER,,,,,,https://images.fotmob.com/image_resources/logo/teamlogo/10269.png,https://images.fotmob.com/image_resources/logo/teamlogo/8722.png,2026-09-04,20:30
2,https://www.fotmob.com/matches/union-berlin-vs-bayer-leverkusen/27d4by#5881152,5881152,Bayer Leverkusen,8178,Union Berlin,8149,False,False,False,54,Bundesliga,2026/2027,GER,,,,,,https://images.fotmob.com/image_resources/logo/teamlogo/8178.png,https://images.fotmob.com/image_resources/logo/teamlogo/8149.png,2026-09-05,15:30
2,https://www.fotmob.com/matches/elversberg-vs-borussia-monchengladbach/2oocfq#5881153,5881153,Borussia Mönchengladbach,9788,Elversberg,8232,False,False,False,54,Bundesliga,2026/2027,GER,,,,,,https://images.fotmob.com/image_resources/logo/teamlogo/9788.png,https://images.fotmob.com/image_resources/logo/teamlogo/8232.png,2026-09-05,15:30
2,https://www.fotmob.com/matches/hoffenheim-vs-borussia-dortmund/2omex9#5881156,5881156,Hoffenheim,8226,Borussia Dortmund,9789,False,False,False,54,Bundesliga,2026/2027,GER,,,,,,https://images.fotmob.com/image_resources/logo/teamlogo/8226.png,https://images.fotmob.com/image_resources/logo/teamlogo/9789.png,2026-09-05,15:30
2,https://www.fotmob.com/matches/freiburg-vs-paderborn/2c7jd3#5881157,5881157,Paderborn,8460,Freiburg,8358,False,False,False,54,Bundesliga,2026/2027,GER,,,,,,https://images.fotmob.com/image_resources/logo/teamlogo/8460.png,https://images.fotmob.com/image_resources/logo/teamlogo/8358.png,2026-09-05,15:30
2,https://www.fotmob.com/matches/werder-bremen-vs-rb-leipzig/81p1es3#5881160,5881160,Werder Bremen,8697,RB Leipzig,178475,False,False,False,54,Bundesliga,2026/2027,GER,,,,,,https://images.fotmob.com/image_resources/logo/teamlogo/8697.png,https://images.fotmob.com/image_resources/logo/teamlogo/178475.png,2026-09-05,15:30
2,https://www.fotmob.com/matches/bayern-munchen-vs-schalke-04/3b89j1#5881158,5881158,Schalke 04,10189,Bayern München,9823,False,False,False,54,Bundesliga,2026/2027,GER,,,,,,https://images.fotmob.com/image_resources/logo/teamlogo/10189.png,https://images.fotmob.com/image_resources/logo/teamlogo/9823.png,2026-09-05,18:30
2,https://www.fotmob.com/matches/hamburger-sv-vs-mainz-05/37hdbt#5881155,5881155,Hamburger SV,9790,Mainz 05,9905,False,False,False,54,Bundesliga,2026/2027,GER,,,,,,https://images.fotmob.com/image_resources/logo/teamlogo/9790.png,https://images.fotmob.com/image_resources/logo/teamlogo/9905.png,2026-09-06,15:30
2,https://www.fotmob.com/matches/augsburg-vs-eintracht-frankfurt/2qsgli#5881154,5881154,Eintracht Frankfurt,9810,Augsburg,8406,False,False,False,54,Bundesliga,2026/2027,GER,,,,,,https://images.fotmob.com/image_resources/logo/teamlogo/9810.png,https://images.fotmob.com/image_resources/logo/teamlogo/8406.png,2026-09-06,17:30
3,https://www.fotmob.com/matches/union-berlin-vs-schalke-04/2s47vs#5881169,5881169,Union Berlin,8149,Schalke 04,10189,False,False,False,54,Bundesliga,2026/2027,GER,,,,,,https://images.fotmob.com/image_resources/logo/teamlogo/8149.png,https://images.fotmob.com/image_resources/logo/teamlogo/10189.png,2026-09-11,20:30
3,https://www.fotmob.com/matches/bayer-leverkusen-vs-augsburg/29vrru#5881161,5881161,Augsburg,8406,Bayer Leverkusen,8178,False,False,False,54,Bundesliga,2026/2027,GER,,,,,,https://images.fotmob.com/image_resources/logo/teamlogo/8406.png,https://images.fotmob.com/image_resources/logo/teamlogo/8178.png,2026-09-12,15:30
3,https://www.fotmob.com/matches/paderborn-vs-borussia-dortmund/2r5cui#5881162,5881162,Borussia Dortmund,9789,Paderborn,8460,False,False,False,54,Bundesliga,2026/2027,GER,,,,,,https://images.fotmob.com/image_resources/logo/teamlogo/9789.png,https://images.fotmob.com/image_resources/logo/teamlogo/8460.png,2026-09-12,15:30
3,https://www.fotmob.com/matches/freiburg-vs-borussia-monchengladbach/2q16jz#5881165,5881165,Freiburg,8358,Borussia Mönchengladbach,9788,False,False,False,54,Bundesliga,2026/2027,GER,,,,,,https://images.fotmob.com/image_resources/logo/teamlogo/8358.png,https://images.fotmob.com/image_resources/logo/teamlogo/9788.png,2026-09-12,15:30
3,https://www.fotmob.com/matches/hoffenheim-vs-vfb-stuttgart/2tu70i#5881166,5881166,Hoffenheim,8226,VfB Stuttgart,10269,False,False,False,54,Bundesliga,2026/2027,GER,,,,,,https://images.fotmob.com/image_resources/logo/teamlogo/8226.png,https://images.fotmob.com/image_resources/logo/teamlogo/10269.png,2026-09-12,15:30
3,https://www.fotmob.com/matches/eintracht-frankfurt-vs-mainz-05/37ptfb#5881167,5881167,Mainz 05,9905,Eintracht Frankfurt,9810,False,False,False,54,Bundesliga,2026/2027,GER,,,,,,https://images.fotmob.com/image_resources/logo/teamlogo/9905.png,https://images.fotmob.com/image_resources/logo/teamlogo/9810.png,2026-09-12,15:30
3,https://www.fotmob.com/matches/werder-bremen-vs-1-fc-koln/2ic28k#5881164,5881164,1. FC Köln,8722,Werder Bremen,8697,False,False,False,54,Bundesliga,2026/2027,GER,,,,,,https://images.fotmob.com/image_resources/logo/teamlogo/8722.png,https://images.fotmob.com/image_resources/logo/teamlogo/8697.png,2026-09-12,18:30
3,https://www.fotmob.com/matches/hamburger-sv-vs-rb-leipzig/853733v#5881168,5881168,RB Leipzig,178475,Hamburger SV,9790,False,False,False,54,Bundesliga,2026/2027,GER,,,,,,https://images.fotmob.com/image_resources/logo/teamlogo/178475.png,https://images.fotmob.com/image_resources/logo/teamlogo/9790.png,2026-09-13,15:30
3,https://www.fotmob.com/matches/elversberg-vs-bayern-munchen/2p1vln#5881163,5881163,Elversberg,8232,Bayern München,9823,False,False,False,54,Bundesliga,2026/2027,GER,,,,,,https://images.fotmob.com/image_resources/logo/teamlogo/8232.png,https://images.fotmob.com/image_resources/logo/teamlogo/9823.png,2026-09-13,17:30
4,https://www.fotmob.com/matches/union-berlin-vs-bayern-munchen/2o5txd#5881171,5881171,Bayern München,9823,Union Berlin,8149,False,False,False,54,Bundesliga,2026/2027,GER,,,,,,https://images.fotmob.com/image_resources/logo/teamlogo/9823.png,https://images.fotmob.com/image_resources/logo/teamlogo/8149.png,2026-09-18,20:30
4,https://www.fotmob.com/matches/borussia-monchengladbach-vs-mainz-05/37gixo#5881172,5881172,Borussia Mönchengladbach,9788,Mainz 05,9905,False,False,False,54,Bundesliga,2026/2027,GER,,,,,,https://images.fotmob.com/image_resources/logo/teamlogo/9788.png,https://images.fotmob.com/image_resources/logo/teamlogo/9905.png,2026-09-19,15:30
4,https://www.fotmob.com/matches/freiburg-vs-eintracht-frankfurt/2q9qsu#5881173,5881173,Eintracht Frankfurt,9810,Freiburg,8358,False,False,False,54,Bundesliga,2026/2027,GER,,,,,,https://images.fotmob.com/image_resources/logo/teamlogo/9810.png,https://images.fotmob.com/image_resources/logo/teamlogo/8358.png,2026-09-19,15:30
4,https://www.fotmob.com/matches/1-fc-koln-vs-hamburger-sv/2u0yxy#5881174,5881174,Hamburger SV,9790,1. FC Köln,8722,False,False,False,54,Bundesliga,2026/2027,GER,,,,,,https://images.fotmob.com/image_resources/logo/teamlogo/9790.png,https://images.fotmob.com/image_resources/logo/teamlogo/8722.png,2026-09-19,15:30
4,https://www.fotmob.com/matches/augsburg-vs-werder-bremen/2f35e9#5881178,5881178,Werder Bremen,8697,Augsburg,8406,False,False,False,54,Bundesliga,2026/2027,GER,,,,,,https://images.fotmob.com/image_resources/logo/teamlogo/8697.png,https://images.fotmob.com/image_resources/logo/teamlogo/8406.png,2026-09-19,15:30
4,https://www.fotmob.com/matches/borussia-dortmund-vs-vfb-stuttgart/3bs0n0#5881177,5881177,VfB Stuttgart,10269,Borussia Dortmund,9789,False,False,False,54,Bundesliga,2026/2027,GER,,,,,,https://images.fotmob.com/image_resources/logo/teamlogo/10269.png,https://images.fotmob.com/image_resources/logo/teamlogo/9789.png,2026-09-19,18:30
4,https://www.fotmob.com/matches/bayer-leverkusen-vs-rb-leipzig/803a6n9#5881170,5881170,Bayer Leverkusen,8178,RB Leipzig,178475,False,False,False,54,Bundesliga,2026/2027,GER,,,,,,https://images.fotmob.com/image_resources/logo/teamlogo/8178.png,https://images.fotmob.com/image_resources/logo/teamlogo/178475.png,2026-09-20,15:30
4,https://www.fotmob.com/matches/elversberg-vs-schalke-04/2t0x27#5881176,5881176,Schalke 04,10189,Elversberg,8232,False,False,False,54,Bundesliga,2026/2027,GER,,,,,,https://images.fotmob.com/image_resources/logo/teamlogo/10189.png,https://images.fotmob.com/image_resources/logo/teamlogo/8232.png,2026-09-20,17:30
4,https://www.fotmob.com/matches/hoffenheim-vs-paderborn/2aw539#5881175,5881175,Paderborn,8460,Hoffenheim,8226,False,False,False,54,Bundesliga,2026/2027,GER,,,,,,https://images.fotmob.com/image_resources/logo/teamlogo/8460.png,https://images.fotmob.com/image_resources/logo/teamlogo/8226.png,2026-09-20,19:30
5,https://www.fotmob.com/matches/augsburg-vs-bayern-munchen/2qxjee#5881179,5881179,Augsburg,8406,Bayern München,9823,False,False,False,54,Bundesliga,2026/2027,GER,,,,,,https://images.fotmob.com/image_resources/logo/teamlogo/8406.png,https://images.fotmob.com/image_resources/logo/teamlogo/9823.png,2026-10-10,15:30
5,https://www.fotmob.com/matches/werder-bremen-vs-borussia-dortmund/2tqnt6#5881180,5881180,Borussia Dortmund,9789,Werder Bremen,8697,False,False,False,54,Bundesliga,2026/2027,GER,,,,,,https://images.fotmob.com/image_resources/logo/teamlogo/9789.png,https://images.fotmob.com/image_resources/logo/teamlogo/8697.png,2026-10-10,15:30
5,https://www.fotmob.com/matches/1-fc-koln-vs-borussia-monchengladbach/2u06dh#5881181,5881181,1. FC Köln,8722,Borussia Mönchengladbach,9788,False,False,False,54,Bundesliga,2026/2027,GER,,,,,,https://images.fotmob.com/image_resources/logo/teamlogo/8722.png,https://images.fotmob.com/image_resources/logo/teamlogo/9788.png,2026-10-10,15:30
5,https://www.fotmob.com/matches/freiburg-vs-schalke-04/2ueu9g#5881182,5881182,Freiburg,8358,Schalke 04,10189,False,False,False,54,Bundesliga,2026/2027,GER,,,,,,https://images.fotmob.com/image_resources/logo/teamlogo/8358.png,https://images.fotmob.com/image_resources/logo/teamlogo/10189.png,2026-10-10,15:30
5,https://www.fotmob.com/matches/hoffenheim-vs-hamburger-sv/2omstq#5881183,5881183,Hoffenheim,8226,Hamburger SV,9790,False,False,False,54,Bundesliga,2026/2027,GER,,,,,,https://images.fotmob.com/image_resources/logo/teamlogo/8226.png,https://images.fotmob.com/image_resources/logo/teamlogo/9790.png,2026-10-10,15:30
5,https://www.fotmob.com/matches/bayer-leverkusen-vs-mainz-05/2pcq1z#5881184,5881184,Mainz 05,9905,Bayer Leverkusen,8178,False,False,False,54,Bundesliga,2026/2027,GER,,,,,,https://images.fotmob.com/image_resources/logo/teamlogo/9905.png,https://images.fotmob.com/image_resources/logo/teamlogo/8178.png,2026-10-10,15:30
5,https://www.fotmob.com/matches/paderborn-vs-vfb-stuttgart/2wfjs9#5881185,5881185,Paderborn,8460,VfB Stuttgart,10269,False,False,False,54,Bundesliga,2026/2027,GER,,,,,,https://images.fotmob.com/image_resources/logo/teamlogo/8460.png,https://images.fotmob.com/image_resources/logo/teamlogo/10269.png,2026-10-10,15:30
5,https://www.fotmob.com/matches/eintracht-frankfurt-vs-rb-leipzig/855fslx#5881186,5881186,RB Leipzig,178475,Eintracht Frankfurt,9810,False,False,False,54,Bundesliga,2026/2027,GER,,,,,,https://images.fotmob.com/image_resources/logo/teamlogo/178475.png,https://images.fotmob.com/image_resources/logo/teamlogo/9810.png,2026-10-10,15:30
5,https://www.fotmob.com/matches/union-berlin-vs-elversberg/27w1t7#5881187,5881187,Union Berlin,8149,Elversberg,8232,False,False,False,54,Bundesliga,2026/2027,GER,,,,,,https://images.fotmob.com/image_resources/logo/teamlogo/8149.png,https://images.fotmob.com/image_resources/logo/teamlogo/8232.png,2026-10-10,15:30
6,https://www.fotmob.com/matches/bayer-leverkusen-vs-freiburg/29eqdu#5881188,5881188,Bayer Leverkusen,8178,Freiburg,8358,False,False,False,54,Bundesliga,2026/2027,GER,,,,,,https://images.fotmob.com/image_resources/logo/teamlogo/8178.png,https://images.fotmob.com/image_resources/logo/teamlogo/8358.png,2026-10-17,15:30
6,https://www.fotmob.com/matches/bayern-munchen-vs-rb-leipzig/856w9cm#5881189,5881189,Bayern München,9823,RB Leipzig,178475,False,False,False,54,Bundesliga,2026/2027,GER,,,,,,https://images.fotmob.com/image_resources/logo/teamlogo/9823.png,https://images.fotmob.com/image_resources/logo/teamlogo/178475.png,2026-10-17,15:30
6,https://www.fotmob.com/matches/hoffenheim-vs-borussia-monchengladbach/2om10t#5881190,5881190,Borussia Mönchengladbach,9788,Hoffenheim,8226,False,False,False,54,Bundesliga,2026/2027,GER,,,,,,https://images.fotmob.com/image_resources/logo/teamlogo/9788.png,https://images.fotmob.com/image_resources/logo/teamlogo/8226.png,2026-10-17,15:30
6,https://www.fotmob.com/matches/1-fc-koln-vs-eintracht-frankfurt/2u8wss#5881191,5881191,Eintracht Frankfurt,9810,1. FC Köln,8722,False,False,False,54,Bundesliga,2026/2027,GER,,,,,,https://images.fotmob.com/image_resources/logo/teamlogo/9810.png,https://images.fotmob.com/image_resources/logo/teamlogo/8722.png,2026-10-17,15:30
6,https://www.fotmob.com/matches/elversberg-vs-augsburg/2aezx3#5881192,5881192,Elversberg,8232,Augsburg,8406,False,False,False,54,Bundesliga,2026/2027,GER,,,,,,https://images.fotmob.com/image_resources/logo/teamlogo/8232.png,https://images.fotmob.com/image_resources/logo/teamlogo/8406.png,2026-10-17,15:30
6,https://www.fotmob.com/matches/hamburger-sv-vs-vfb-stuttgart/3bsg48#5881193,5881193,Hamburger SV,9790,VfB Stuttgart,10269,False,False,False,54,Bundesliga,2026/2027,GER,,,,,,https://images.fotmob.com/image_resources/logo/teamlogo/9790.png,https://images.fotmob.com/image_resources/logo/teamlogo/10269.png,2026-10-17,15:30
6,https://www.fotmob.com/matches/mainz-05-vs-schalke-04/3c7ieq#5881194,5881194,Schalke 04,10189,Mainz 05,9905,False,False,False,54,Bundesliga,2026/2027,GER,,,,,,https://images.fotmob.com/image_resources/logo/teamlogo/10189.png,https://images.fotmob.com/image_resources/logo/teamlogo/9905.png,2026-10-17,15:30
6,https://www.fotmob.com/matches/union-berlin-vs-borussia-dortmund/2nsqug#5881195,5881195,Union Berlin,8149,Borussia Dortmund,9789,False,False,False,54,Bundesliga,2026/2027,GER,,,,,,https://images.fotmob.com/image_resources/logo/teamlogo/8149.png,https://images.fotmob.com/image_resources/logo/teamlogo/9789.png,2026-10-17,15:30
6,https://www.fotmob.com/matches/paderborn-vs-werder-bremen/2fmz60#5881196,5881196,Werder Bremen,8697,Paderborn,8460,False,False,False,54,Bundesliga,2026/2027,GER,,,,,,https://images.fotmob.com/image_resources/logo/teamlogo/8697.png,https://images.fotmob.com/image_resources/logo/teamlogo/8460.png,2026-10-17,15:30
7,https://www.fotmob.com/matches/union-berlin-vs-augsburg/29lgzs#5881197,5881197,Augsburg,8406,Union Berlin,8149,False,False,False,54,Bundesliga,2026/2027,GER,,,,,,https://images.fotmob.com/image_resources/logo/teamlogo/8406.png,https://images.fotmob.com/image_resources/logo/teamlogo/8149.png,2026-10-24,15:30
7,https://www.fotmob.com/matches/borussia-dortmund-vs-eintracht-frankfurt/36cxvu#5881198,5881198,Borussia Dortmund,9789,Eintracht Frankfurt,9810,False,False,False,54,Bundesliga,2026/2027,GER,,,,,,https://images.fotmob.com/image_resources/logo/teamlogo/9789.png,https://images.fotmob.com/image_resources/logo/teamlogo/9810.png,2026-10-24,15:30
7,https://www.fotmob.com/matches/1-fc-koln-vs-schalke-04/2ygyzm#5881199,5881199,1. FC Köln,8722,Schalke 04,10189,False,False,False,54,Bundesliga,2026/2027,GER,,,,,,https://images.fotmob.com/image_resources/logo/teamlogo/8722.png,https://images.fotmob.com/image_resources/logo/teamlogo/10189.png,2026-10-24,15:30
7,https://www.fotmob.com/matches/freiburg-vs-bayern-munchen/2qet4e#5881200,5881200,Freiburg,8358,Bayern München,9823,False,False,False,54,Bundesliga,2026/2027,GER,,,,,,https://images.fotmob.com/image_resources/logo/teamlogo/8358.png,https://images.fotmob.com/image_resources/logo/teamlogo/9823.png,2026-10-24,15:30
7,https://www.fotmob.com/matches/bayer-leverkusen-vs-hoffenheim/2844qc#5881201,5881201,Hoffenheim,8226,Bayer Leverkusen,8178,False,False,False,54,Bundesliga,2026/2027,GER,,,,,,https://images.fotmob.com/image_resources/logo/teamlogo/8226.png,https://images.fotmob.com/image_resources/logo/teamlogo/8178.png,2026-10-24,15:30
7,https://www.fotmob.com/matches/werder-bremen-vs-mainz-05/2v0rqw#5881202,5881202,Mainz 05,9905,Werder Bremen,8697,False,False,False,54,Bundesliga,2026/2027,GER,,,,,,https://images.fotmob.com/image_resources/logo/teamlogo/9905.png,https://images.fotmob.com/image_resources/logo/teamlogo/8697.png,2026-10-24,15:30
7,https://www.fotmob.com/matches/paderborn-vs-hamburger-sv/2r5qxh#5881203,5881203,Paderborn,8460,Hamburger SV,9790,False,False,False,54,Bundesliga,2026/2027,GER,,,,,,https://images.fotmob.com/image_resources/logo/teamlogo/8460.png,https://images.fotmob.com/image_resources/logo/teamlogo/9790.png,2026-10-24,15:30
7,https://www.fotmob.com/matches/elversberg-vs-rb-leipzig/809a91i#5881204,5881204,RB Leipzig,178475,Elversberg,8232,False,False,False,54,Bundesliga,2026/2027,GER,,,,,,https://images.fotmob.com/image_resources/logo/teamlogo/178475.png,https://images.fotmob.com/image_resources/logo/teamlogo/8232.png,2026-10-24,15:30
7,https://www.fotmob.com/matches/borussia-monchengladbach-vs-vfb-stuttgart/3brl5t#5881205,5881205,VfB Stuttgart,10269,Borussia Mönchengladbach,9788,False,False,False,54,Bundesliga,2026/2027,GER,,,,,,https://images.fotmob.com/image_resources/logo/teamlogo/10269.png,https://images.fotmob.com/image_resources/logo/teamlogo/9788.png,2026-10-24,15:30
8,https://www.fotmob.com/matches/freiburg-vs-augsburg/2bo3oc#5881206,5881206,Augsburg,8406,Freiburg,8358,False,False,False,54,Bundesliga,2026/2027,GER,,,,,,https://images.fotmob.com/image_resources/logo/teamlogo/8406.png,https://images.fotmob.com/image_resources/logo/teamlogo/8358.png,2026-10-31,15:30
8,https://www.fotmob.com/matches/bayer-leverkusen-vs-vfb-stuttgart/2tb6ui#5881207,5881207,Bayer Leverkusen,8178,VfB Stuttgart,10269,False,False,False,54,Bundesliga,2026/2027,GER,,,,,,https://images.fotmob.com/image_resources/logo/teamlogo/8178.png,https://images.fotmob.com/image_resources/logo/teamlogo/10269.png,2026-10-31,15:30
8,https://www.fotmob.com/matches/borussia-dortmund-vs-bayern-munchen/36iek5#5881208,5881208,Bayern München,9823,Borussia Dortmund,9789,False,False,False,54,Bundesliga,2026/2027,GER,,,,,,https://images.fotmob.com/image_resources/logo/teamlogo/9823.png,https://images.fotmob.com/image_resources/logo/teamlogo/9789.png,2026-10-31,15:30
8,https://www.fotmob.com/matches/paderborn-vs-borussia-monchengladbach/2r4yrk#5881209,5881209,Borussia Mönchengladbach,9788,Paderborn,8460,False,False,False,54,Bundesliga,2026/2027,GER,,,,,,https://images.fotmob.com/image_resources/logo/teamlogo/9788.png,https://images.fotmob.com/image_resources/logo/teamlogo/8460.png,2026-10-31,15:30
8,https://www.fotmob.com/matches/hamburger-sv-vs-eintracht-frankfurt/36dd0a#5881210,5881210,Eintracht Frankfurt,9810,Hamburger SV,9790,False,False,False,54,Bundesliga,2026/2027,GER,,,,,,https://images.fotmob.com/image_resources/logo/teamlogo/9810.png,https://images.fotmob.com/image_resources/logo/teamlogo/9790.png,2026-10-31,15:30
8,https://www.fotmob.com/matches/elversberg-vs-mainz-05/2pxonq#5881211,5881211,Elversberg,8232,Mainz 05,9905,False,False,False,54,Bundesliga,2026/2027,GER,,,,,,https://images.fotmob.com/image_resources/logo/teamlogo/8232.png,https://images.fotmob.com/image_resources/logo/teamlogo/9905.png,2026-10-31,15:30
8,https://www.fotmob.com/matches/schalke-04-vs-rb-leipzig/86c2g1z#5881212,5881212,Schalke 04,10189,RB Leipzig,178475,False,False,False,54,Bundesliga,2026/2027,GER,,,,,,https://images.fotmob.com/image_resources/logo/teamlogo/10189.png,https://images.fotmob.com/image_resources/logo/teamlogo/178475.png,2026-10-31,15:30
8,https://www.fotmob.com/matches/union-berlin-vs-1-fc-koln/2cqofy#5881213,5881213,Union Berlin,8149,1. FC Köln,8722,False,False,False,54,Bundesliga,2026/2027,GER,,,,,,https://images.fotmob.com/image_resources/logo/teamlogo/8149.png,https://images.fotmob.com/image_resources/logo/teamlogo/8722.png,2026-10-31,15:30
8,https://www.fotmob.com/matches/hoffenheim-vs-werder-bremen/2d9ier#5881214,5881214,Werder Bremen,8697,Hoffenheim,8226,False,False,False,54,Bundesliga,2026/2027,GER,,,,,,https://images.fotmob.com/image_resources/logo/teamlogo/8697.png,https://images.fotmob.com/image_resources/logo/teamlogo/8226.png,2026-10-31,15:30
9,https://www.fotmob.com/matches/elversberg-vs-borussia-dortmund/2ooqcc#5881215,5881215,Borussia Dortmund,9789,Elversberg,8232,False,False,False,54,Bundesliga,2026/2027,GER,,,,,,https://images.fotmob.com/image_resources/logo/teamlogo/9789.png,https://images.fotmob.com/image_resources/logo/teamlogo/8232.png,2026-11-07,15:30
9,https://www.fotmob.com/matches/bayer-leverkusen-vs-1-fc-koln/2d16ak#5881216,5881216,1. FC Köln,8722,Bayer Leverkusen,8178,False,False,False,54,Bundesliga,2026/2027,GER,,,,,,https://images.fotmob.com/image_resources/logo/teamlogo/8722.png,https://images.fotmob.com/image_resources/logo/teamlogo/8178.png,2026-11-07,15:30
9,https://www.fotmob.com/matches/union-berlin-vs-freiburg/294gog#5881217,5881217,Freiburg,8358,Union Berlin,8149,False,False,False,54,Bundesliga,2026/2027,GER,,,,,,https://images.fotmob.com/image_resources/logo/teamlogo/8358.png,https://images.fotmob.com/image_resources/logo/teamlogo/8149.png,2026-11-07,15:30
9,https://www.fotmob.com/matches/borussia-monchengladbach-vs-hamburger-sv/3644gd#5881218,5881218,Hamburger SV,9790,Borussia Mönchengladbach,9788,False,False,False,54,Bundesliga,2026/2027,GER,,,,,,https://images.fotmob.com/image_resources/logo/teamlogo/9790.png,https://images.fotmob.com/image_resources/logo/teamlogo/9788.png,2026-11-07,15:30
9,https://www.fotmob.com/matches/hoffenheim-vs-schalke-04/2syjsa#5881219,5881219,Hoffenheim,8226,Schalke 04,10189,False,False,False,54,Bundesliga,2026/2027,GER,,,,,,https://images.fotmob.com/image_resources/logo/teamlogo/8226.png,https://images.fotmob.com/image_resources/logo/teamlogo/10189.png,2026-11-07,15:30
9,https://www.fotmob.com/matches/bayern-munchen-vs-mainz-05/37vb95#5881220,5881220,Mainz 05,9905,Bayern München,9823,False,False,False,54,Bundesliga,2026/2027,GER,,,,,,https://images.fotmob.com/image_resources/logo/teamlogo/9905.png,https://images.fotmob.com/image_resources/logo/teamlogo/9823.png,2026-11-07,15:30
9,https://www.fotmob.com/matches/paderborn-vs-eintracht-frankfurt/2rdkqr#5881221,5881221,Paderborn,8460,Eintracht Frankfurt,9810,False,False,False,54,Bundesliga,2026/2027,GER,,,,,,https://images.fotmob.com/image_resources/logo/teamlogo/8460.png,https://images.fotmob.com/image_resources/logo/teamlogo/9810.png,2026-11-07,15:30
9,https://www.fotmob.com/matches/augsburg-vs-rb-leipzig/80smw2f#5881222,5881222,RB Leipzig,178475,Augsburg,8406,False,False,False,54,Bundesliga,2026/2027,GER,,,,,,https://images.fotmob.com/image_resources/logo/teamlogo/178475.png,https://images.fotmob.com/image_resources/logo/teamlogo/8406.png,2026-11-07,15:30
9,https://www.fotmob.com/matches/werder-bremen-vs-vfb-stuttgart/2z3api#5881223,5881223,VfB Stuttgart,10269,Werder Bremen,8697,False,False,False,54,Bundesliga,2026/2027,GER,,,,,,https://images.fotmob.com/image_resources/logo/teamlogo/10269.png,https://images.fotmob.com/image_resources/logo/teamlogo/8697.png,2026-11-07,15:30
10,https://www.fotmob.com/matches/augsburg-vs-mainz-05/2rtngt#5881224,5881224,Augsburg,8406,Mainz 05,9905,False,False,False,54,Bundesliga,2026/2027,GER,,,,,,https://images.fotmob.com/image_resources/logo/teamlogo/8406.png,https://images.fotmob.com/image_resources/logo/teamlogo/9905.png,2026-11-21,15:30
10,https://www.fotmob.com/matches/bayer-leverkusen-vs-paderborn/2aezyl#5881225,5881225,Bayer Leverkusen,8178,Paderborn,8460,False,False,False,54,Bundesliga,2026/2027,GER,,,,,,https://images.fotmob.com/image_resources/logo/teamlogo/8178.png,https://images.fotmob.com/image_resources/logo/teamlogo/8460.png,2026-11-21,15:30
10,https://www.fotmob.com/matches/1-fc-koln-vs-bayern-munchen/2ue2rs#5881226,5881226,Bayern München,9823,1. FC Köln,8722,False,False,False,54,Bundesliga,2026/2027,GER,,,,,,https://images.fotmob.com/image_resources/logo/teamlogo/9823.png,https://images.fotmob.com/image_resources/logo/teamlogo/8722.png,2026-11-21,15:30
10,https://www.fotmob.com/matches/borussia-monchengladbach-vs-borussia-dortmund/363pci#5881227,5881227,Borussia Mönchengladbach,9788,Borussia Dortmund,9789,False,False,False,54,Bundesliga,2026/2027,GER,,,,,,https://images.fotmob.com/image_resources/logo/teamlogo/9788.png,https://images.fotmob.com/image_resources/logo/teamlogo/9789.png,2026-11-21,15:30
10,https://www.fotmob.com/matches/hoffenheim-vs-eintracht-frankfurt/2ouj10#5881228,5881228,Eintracht Frankfurt,9810,Hoffenheim,8226,False,False,False,54,Bundesliga,2026/2027,GER,,,,,,https://images.fotmob.com/image_resources/logo/teamlogo/9810.png,https://images.fotmob.com/image_resources/logo/teamlogo/8226.png,2026-11-21,15:30
10,https://www.fotmob.com/matches/elversberg-vs-freiburg/29xwj3#5881229,5881229,Elversberg,8232,Freiburg,8358,False,False,False,54,Bundesliga,2026/2027,GER,,,,,,https://images.fotmob.com/image_resources/logo/teamlogo/8232.png,https://images.fotmob.com/image_resources/logo/teamlogo/8358.png,2026-11-21,15:30
10,https://www.fotmob.com/matches/schalke-04-vs-vfb-stuttgart/3glpms#5881230,5881230,Schalke 04,10189,VfB Stuttgart,10269,False,False,False,54,Bundesliga,2026/2027,GER,,,,,,https://images.fotmob.com/image_resources/logo/teamlogo/10189.png,https://images.fotmob.com/image_resources/logo/teamlogo/10269.png,2026-11-21,15:30
10,https://www.fotmob.com/matches/union-berlin-vs-rb-leipzig/80026ad#5881231,5881231,Union Berlin,8149,RB Leipzig,178475,False,False,False,54,Bundesliga,2026/2027,GER,,,,,,https://images.fotmob.com/image_resources/logo/teamlogo/8149.png,https://images.fotmob.com/image_resources/logo/teamlogo/178475.png,2026-11-21,15:30
10,https://www.fotmob.com/matches/werder-bremen-vs-hamburger-sv/2tr22q#5881232,5881232,Werder Bremen,8697,Hamburger SV,9790,False,False,False,54,Bundesliga,2026/2027,GER,,,,,,https://images.fotmob.com/image_resources/logo/teamlogo/8697.png,https://images.fotmob.com/image_resources/logo/teamlogo/9790.png,2026-11-21,15:30
11,https://www.fotmob.com/matches/bayer-leverkusen-vs-borussia-dortmund/2o3wkl#5881233,5881233,Borussia Dortmund,9789,Bayer Leverkusen,8178,False,False,False,54,Bundesliga,2026/2027,GER,,,,,,https://images.fotmob.com/image_resources/logo/teamlogo/9789.png,https://images.fotmob.com/image_resources/logo/teamlogo/8178.png,2026-11-28,15:30
11,https://www.fotmob.com/matches/elversberg-vs-1-fc-koln/2dkrlt#5881234,5881234,1. FC Köln,8722,Elversberg,8232,False,False,False,54,Bundesliga,2026/2027,GER,,,,,,https://images.fotmob.com/image_resources/logo/teamlogo/8722.png,https://images.fotmob.com/image_resources/logo/teamlogo/8232.png,2026-11-28,15:30
11,https://www.fotmob.com/matches/freiburg-vs-rb-leipzig/80nandr#5881235,5881235,Freiburg,8358,RB Leipzig,178475,False,False,False,54,Bundesliga,2026/2027,GER,,,,,,https://images.fotmob.com/image_resources/logo/teamlogo/8358.png,https://images.fotmob.com/image_resources/logo/teamlogo/178475.png,2026-11-28,15:30
11,https://www.fotmob.com/matches/hamburger-sv-vs-bayern-munchen/36itoy#5881236,5881236,Hamburger SV,9790,Bayern München,9823,False,False,False,54,Bundesliga,2026/2027,GER,,,,,,https://images.fotmob.com/image_resources/logo/teamlogo/9790.png,https://images.fotmob.com/image_resources/logo/teamlogo/9823.png,2026-11-28,15:30
11,https://www.fotmob.com/matches/hoffenheim-vs-augsburg/2acuwi#5881237,5881237,Hoffenheim,8226,Augsburg,8406,False,False,False,54,Bundesliga,2026/2027,GER,,,,,,https://images.fotmob.com/image_resources/logo/teamlogo/8226.png,https://images.fotmob.com/image_resources/logo/teamlogo/8406.png,2026-11-28,15:30
11,https://www.fotmob.com/matches/union-berlin-vs-mainz-05/2p1hqe#5881238,5881238,Mainz 05,9905,Union Berlin,8149,False,False,False,54,Bundesliga,2026/2027,GER,,,,,,https://images.fotmob.com/image_resources/logo/teamlogo/9905.png,https://images.fotmob.com/image_resources/logo/teamlogo/8149.png,2026-11-28,15:30
11,https://www.fotmob.com/matches/paderborn-vs-schalke-04/2vji41#5881239,5881239,Paderborn,8460,Schalke 04,10189,False,False,False,54,Bundesliga,2026/2027,GER,,,,,,https://images.fotmob.com/image_resources/logo/teamlogo/8460.png,https://images.fotmob.com/image_resources/logo/teamlogo/10189.png,2026-11-28,15:30
11,https://www.fotmob.com/matches/eintracht-frankfurt-vs-vfb-stuttgart/3c11ui#5881240,5881240,VfB Stuttgart,10269,Eintracht Frankfurt,9810,False,False,False,54,Bundesliga,2026/2027,GER,,,,,,https://images.fotmob.com/image_resources/logo/teamlogo/10269.png,https://images.fotmob.com/image_resources/logo/teamlogo/9810.png,2026-11-28,15:30
11,https://www.fotmob.com/matches/werder-bremen-vs-borussia-monchengladbach/2tq9jn#5881241,5881241,Werder Bremen,8697,Borussia Mönchengladbach,9788,False,False,False,54,Bundesliga,2026/2027,GER,,,,,,https://images.fotmob.com/image_resources/logo/teamlogo/8697.png,https://images.fotmob.com/image_resources/logo/teamlogo/9788.png,2026-11-28,15:30
12,https://www.fotmob.com/matches/augsburg-vs-1-fc-koln/2fcbl2#5881242,5881242,Augsburg,8406,1. FC Köln,8722,False,False,False,54,Bundesliga,2026/2027,GER,,,,,,https://images.fotmob.com/image_resources/logo/teamlogo/8406.png,https://images.fotmob.com/image_resources/logo/teamlogo/8722.png,2026-12-05,15:30
12,https://www.fotmob.com/matches/bayer-leverkusen-vs-borussia-monchengladbach/2o3iph#5881243,5881243,Bayer Leverkusen,8178,Borussia Mönchengladbach,9788,False,False,False,54,Bundesliga,2026/2027,GER,,,,,,https://images.fotmob.com/image_resources/logo/teamlogo/8178.png,https://images.fotmob.com/image_resources/logo/teamlogo/9788.png,2026-12-05,15:30
12,https://www.fotmob.com/matches/paderborn-vs-bayern-munchen/2rio35#5881244,5881244,Bayern München,9823,Paderborn,8460,False,False,False,54,Bundesliga,2026/2027,GER,,,,,,https://images.fotmob.com/image_resources/logo/teamlogo/9823.png,https://images.fotmob.com/image_resources/logo/teamlogo/8460.png,2026-12-05,15:30
12,https://www.fotmob.com/matches/werder-bremen-vs-eintracht-frankfurt/2tyzjo#5881245,5881245,Eintracht Frankfurt,9810,Werder Bremen,8697,False,False,False,54,Bundesliga,2026/2027,GER,,,,,,https://images.fotmob.com/image_resources/logo/teamlogo/9810.png,https://images.fotmob.com/image_resources/logo/teamlogo/8697.png,2026-12-05,15:30
12,https://www.fotmob.com/matches/elversberg-vs-vfb-stuttgart/2twknr#5881246,5881246,Elversberg,8232,VfB Stuttgart,10269,False,False,False,54,Bundesliga,2026/2027,GER,,,,,,https://images.fotmob.com/image_resources/logo/teamlogo/8232.png,https://images.fotmob.com/image_resources/logo/teamlogo/10269.png,2026-12-05,15:30
12,https://www.fotmob.com/matches/hoffenheim-vs-freiburg/29vrqi#5881247,5881247,Freiburg,8358,Hoffenheim,8226,False,False,False,54,Bundesliga,2026/2027,GER,,,,,,https://images.fotmob.com/image_resources/logo/teamlogo/8358.png,https://images.fotmob.com/image_resources/logo/teamlogo/8226.png,2026-12-05,15:30
12,https://www.fotmob.com/matches/mainz-05-vs-rb-leipzig/85g39yf#5881248,5881248,RB Leipzig,178475,Mainz 05,9905,False,False,False,54,Bundesliga,2026/2027,GER,,,,,,https://images.fotmob.com/image_resources/logo/teamlogo/178475.png,https://images.fotmob.com/image_resources/logo/teamlogo/9905.png,2026-12-05,15:30
12,https://www.fotmob.com/matches/borussia-dortmund-vs-schalke-04/3atoxg#5881249,5881249,Schalke 04,10189,Borussia Dortmund,9789,False,False,False,54,Bundesliga,2026/2027,GER,,,,,,https://images.fotmob.com/image_resources/logo/teamlogo/10189.png,https://images.fotmob.com/image_resources/logo/teamlogo/9789.png,2026-12-05,15:30
12,https://www.fotmob.com/matches/union-berlin-vs-hamburger-sv/2nt4os#5881250,5881250,Union Berlin,8149,Hamburger SV,9790,False,False,False,54,Bundesliga,2026/2027,GER,,,,,,https://images.fotmob.com/image_resources/logo/teamlogo/8149.png,https://images.fotmob.com/image_resources/logo/teamlogo/9790.png,2026-12-05,15:30
13,https://www.fotmob.com/matches/augsburg-vs-borussia-dortmund/2qk9kr#5881252,5881252,Borussia Dortmund,9789,Augsburg,8406,False,False,False,54,Bundesliga,2026/2027,GER,,,,,,https://images.fotmob.com/image_resources/logo/teamlogo/9789.png,https://images.fotmob.com/image_resources/logo/teamlogo/8406.png,2026-12-12,15:30
13,https://www.fotmob.com/matches/borussia-monchengladbach-vs-eintracht-frankfurt/36cirf#5881251,5881251,Borussia Mönchengladbach,9788,Eintracht Frankfurt,9810,False,False,False,54,Bundesliga,2026/2027,GER,,,,,,https://images.fotmob.com/image_resources/logo/teamlogo/9788.png,https://images.fotmob.com/image_resources/logo/teamlogo/9810.png,2026-12-12,15:30
13,https://www.fotmob.com/matches/1-fc-koln-vs-rb-leipzig/81rtpmd#5881253,5881253,1. FC Köln,8722,RB Leipzig,178475,False,False,False,54,Bundesliga,2026/2027,GER,,,,,,https://images.fotmob.com/image_resources/logo/teamlogo/8722.png,https://images.fotmob.com/image_resources/logo/teamlogo/178475.png,2026-12-12,15:30
13,https://www.fotmob.com/matches/hamburger-sv-vs-schalke-04/3au4cg#5881254,5881254,Hamburger SV,9790,Schalke 04,10189,False,False,False,54,Bundesliga,2026/2027,GER,,,,,,https://images.fotmob.com/image_resources/logo/teamlogo/9790.png,https://images.fotmob.com/image_resources/logo/teamlogo/10189.png,2026-12-12,15:30
13,https://www.fotmob.com/matches/hoffenheim-vs-bayern-munchen/2ozk0w#5881255,5881255,Hoffenheim,8226,Bayern München,9823,False,False,False,54,Bundesliga,2026/2027,GER,,,,,,https://images.fotmob.com/image_resources/logo/teamlogo/8226.png,https://images.fotmob.com/image_resources/logo/teamlogo/9823.png,2026-12-12,15:30
13,https://www.fotmob.com/matches/freiburg-vs-mainz-05/2rau5h#5881256,5881256,Mainz 05,9905,Freiburg,8358,False,False,False,54,Bundesliga,2026/2027,GER,,,,,,https://images.fotmob.com/image_resources/logo/teamlogo/9905.png,https://images.fotmob.com/image_resources/logo/teamlogo/8358.png,2026-12-12,15:30
13,https://www.fotmob.com/matches/elversberg-vs-paderborn/2ayacu#5881257,5881257,Paderborn,8460,Elversberg,8232,False,False,False,54,Bundesliga,2026/2027,GER,,,,,,https://images.fotmob.com/image_resources/logo/teamlogo/8460.png,https://images.fotmob.com/image_resources/logo/teamlogo/8232.png,2026-12-12,15:30
13,https://www.fotmob.com/matches/union-berlin-vs-vfb-stuttgart/2szqcw#5881258,5881258,VfB Stuttgart,10269,Union Berlin,8149,False,False,False,54,Bundesliga,2026/2027,GER,,,,,,https://images.fotmob.com/image_resources/logo/teamlogo/10269.png,https://images.fotmob.com/image_resources/logo/teamlogo/8149.png,2026-12-12,15:30
13,https://www.fotmob.com/matches/bayer-leverkusen-vs-werder-bremen/2cs4i3#5881259,5881259,Werder Bremen,8697,Bayer Leverkusen,8178,False,False,False,54,Bundesliga,2026/2027,GER,,,,,,https://images.fotmob.com/image_resources/logo/teamlogo/8697.png,https://images.fotmob.com/image_resources/logo/teamlogo/8178.png,2026-12-12,15:30
14,https://www.fotmob.com/matches/augsburg-vs-paderborn/2cov5r#5881260,5881260,Augsburg,8406,Paderborn,8460,False,False,False,54,Bundesliga,2026/2027,GER,,,,,,https://images.fotmob.com/image_resources/logo/teamlogo/8406.png,https://images.fotmob.com/image_resources/logo/teamlogo/8460.png,2026-12-19,15:30
14,https://www.fotmob.com/matches/bayer-leverkusen-vs-eintracht-frankfurt/2obzwc#5881261,5881261,Bayer Leverkusen,8178,Eintracht Frankfurt,9810,False,False,False,54,Bundesliga,2026/2027,GER,,,,,,https://images.fotmob.com/image_resources/logo/teamlogo/8178.png,https://images.fotmob.com/image_resources/logo/teamlogo/9810.png,2026-12-19,15:30
14,https://www.fotmob.com/matches/werder-bremen-vs-bayern-munchen/2u459n#5881262,5881262,Bayern München,9823,Werder Bremen,8697,False,False,False,54,Bundesliga,2026/2027,GER,,,,,,https://images.fotmob.com/image_resources/logo/teamlogo/9823.png,https://images.fotmob.com/image_resources/logo/teamlogo/8697.png,2026-12-19,15:30
14,https://www.fotmob.com/matches/elversberg-vs-hamburger-sv/2op48z#5881263,5881263,Elversberg,8232,Hamburger SV,9790,False,False,False,54,Bundesliga,2026/2027,GER,,,,,,https://images.fotmob.com/image_resources/logo/teamlogo/8232.png,https://images.fotmob.com/image_resources/logo/teamlogo/9790.png,2026-12-19,15:30
14,https://www.fotmob.com/matches/freiburg-vs-vfb-stuttgart/2vapn0#5881264,5881264,Freiburg,8358,VfB Stuttgart,10269,False,False,False,54,Bundesliga,2026/2027,GER,,,,,,https://images.fotmob.com/image_resources/logo/teamlogo/8358.png,https://images.fotmob.com/image_resources/logo/teamlogo/10269.png,2026-12-19,15:30
14,https://www.fotmob.com/matches/1-fc-koln-vs-mainz-05/2vaqtz#5881265,5881265,Mainz 05,9905,1. FC Köln,8722,False,False,False,54,Bundesliga,2026/2027,GER,,,,,,https://images.fotmob.com/image_resources/logo/teamlogo/9905.png,https://images.fotmob.com/image_resources/logo/teamlogo/8722.png,2026-12-19,15:30
14,https://www.fotmob.com/matches/borussia-dortmund-vs-rb-leipzig/85331u9#5881266,5881266,RB Leipzig,178475,Borussia Dortmund,9789,False,False,False,54,Bundesliga,2026/2027,GER,,,,,,https://images.fotmob.com/image_resources/logo/teamlogo/178475.png,https://images.fotmob.com/image_resources/logo/teamlogo/9789.png,2026-12-19,15:30
14,https://www.fotmob.com/matches/borussia-monchengladbach-vs-schalke-04/3at9ih#5881267,5881267,Schalke 04,10189,Borussia Mönchengladbach,9788,False,False,False,54,Bundesliga,2026/2027,GER,,,,,,https://images.fotmob.com/image_resources/logo/teamlogo/10189.png,https://images.fotmob.com/image_resources/logo/teamlogo/9788.png,2026-12-19,15:30
14,https://www.fotmob.com/matches/union-berlin-vs-hoffenheim/27txza#5881268,5881268,Union Berlin,8149,Hoffenheim,8226,False,False,False,54,Bundesliga,2026/2027,GER,,,,,,https://images.fotmob.com/image_resources/logo/teamlogo/8149.png,https://images.fotmob.com/image_resources/logo/teamlogo/8226.png,2026-12-19,15:30
15,https://www.fotmob.com/matches/borussia-dortmund-vs-mainz-05/37gy4q#5881270,5881270,Borussia Dortmund,9789,Mainz 05,9905,False,False,False,54,Bundesliga,2026/2027,GER,,,,,,https://images.fotmob.com/image_resources/logo/teamlogo/9789.png,https://images.fotmob.com/image_resources/logo/teamlogo/9905.png,2027-01-09,15:30
15,https://www.fotmob.com/matches/borussia-monchengladbach-vs-bayern-munchen/36hzfd#5881269,5881269,Borussia Mönchengladbach,9788,Bayern München,9823,False,False,False,54,Bundesliga,2026/2027,GER,,,,,,https://images.fotmob.com/image_resources/logo/teamlogo/9788.png,https://images.fotmob.com/image_resources/logo/teamlogo/9823.png,2027-01-09,15:30
15,https://www.fotmob.com/matches/eintracht-frankfurt-vs-schalke-04/3b2oua#5881271,5881271,Eintracht Frankfurt,9810,Schalke 04,10189,False,False,False,54,Bundesliga,2026/2027,GER,,,,,,https://images.fotmob.com/image_resources/logo/teamlogo/9810.png,https://images.fotmob.com/image_resources/logo/teamlogo/10189.png,2027-01-09,15:30
15,https://www.fotmob.com/matches/freiburg-vs-1-fc-koln/2euq32#5881272,5881272,1. FC Köln,8722,Freiburg,8358,False,False,False,54,Bundesliga,2026/2027,GER,,,,,,https://images.fotmob.com/image_resources/logo/teamlogo/8722.png,https://images.fotmob.com/image_resources/logo/teamlogo/8358.png,2027-01-09,15:30
15,https://www.fotmob.com/matches/bayer-leverkusen-vs-hamburger-sv/2o4afq#5881273,5881273,Hamburger SV,9790,Bayer Leverkusen,8178,False,False,False,54,Bundesliga,2026/2027,GER,,,,,,https://images.fotmob.com/image_resources/logo/teamlogo/9790.png,https://images.fotmob.com/image_resources/logo/teamlogo/8178.png,2027-01-09,15:30
15,https://www.fotmob.com/matches/hoffenheim-vs-elversberg/28n5dr#5881274,5881274,Hoffenheim,8226,Elversberg,8232,False,False,False,54,Bundesliga,2026/2027,GER,,,,,,https://images.fotmob.com/image_resources/logo/teamlogo/8226.png,https://images.fotmob.com/image_resources/logo/teamlogo/8232.png,2027-01-09,15:30
15,https://www.fotmob.com/matches/paderborn-vs-rb-leipzig/80yn7yo#5881275,5881275,Paderborn,8460,RB Leipzig,178475,False,False,False,54,Bundesliga,2026/2027,GER,,,,,,https://images.fotmob.com/image_resources/logo/teamlogo/8460.png,https://images.fotmob.com/image_resources/logo/teamlogo/178475.png,2027-01-09,15:30
15,https://www.fotmob.com/matches/augsburg-vs-vfb-stuttgart/2vtwh0#5881276,5881276,VfB Stuttgart,10269,Augsburg,8406,False,False,False,54,Bundesliga,2026/2027,GER,,,,,,https://images.fotmob.com/image_resources/logo/teamlogo/10269.png,https://images.fotmob.com/image_resources/logo/teamlogo/8406.png,2027-01-09,15:30
15,https://www.fotmob.com/matches/union-berlin-vs-werder-bremen/2chn7m#5881277,5881277,Werder Bremen,8697,Union Berlin,8149,False,False,False,54,Bundesliga,2026/2027,GER,,,,,,https://images.fotmob.com/image_resources/logo/teamlogo/8697.png,https://images.fotmob.com/image_resources/logo/teamlogo/8149.png,2027-01-09,15:30
16,https://www.fotmob.com/matches/augsburg-vs-borussia-monchengladbach/2qjvjb#5881278,5881278,Augsburg,8406,Borussia Mönchengladbach,9788,False,False,False,54,Bundesliga,2026/2027,GER,,,,,,https://images.fotmob.com/image_resources/logo/teamlogo/8406.png,https://images.fotmob.com/image_resources/logo/teamlogo/9788.png,2027-01-12,20:30
16,https://www.fotmob.com/matches/bayer-leverkusen-vs-bayern-munchen/2oh0ew#5881279,5881279,Bayern München,9823,Bayer Leverkusen,8178,False,False,False,54,Bundesliga,2026/2027,GER,,,,,,https://images.fotmob.com/image_resources/logo/teamlogo/9823.png,https://images.fotmob.com/image_resources/logo/teamlogo/8178.png,2027-01-12,20:30
16,https://www.fotmob.com/matches/elversberg-vs-eintracht-frankfurt/2owujl#5881280,5881280,Elversberg,8232,Eintracht Frankfurt,9810,False,False,False,54,Bundesliga,2026/2027,GER,,,,,,https://images.fotmob.com/image_resources/logo/teamlogo/8232.png,https://images.fotmob.com/image_resources/logo/teamlogo/9810.png,2027-01-12,20:30
16,https://www.fotmob.com/matches/1-fc-koln-vs-borussia-dortmund/2u0knp#5881281,5881281,1. FC Köln,8722,Borussia Dortmund,9789,False,False,False,54,Bundesliga,2026/2027,GER,,,,,,https://images.fotmob.com/image_resources/logo/teamlogo/8722.png,https://images.fotmob.com/image_resources/logo/teamlogo/9789.png,2027-01-12,20:30
16,https://www.fotmob.com/matches/freiburg-vs-hamburger-sv/2q1yk8#5881282,5881282,Freiburg,8358,Hamburger SV,9790,False,False,False,54,Bundesliga,2026/2027,GER,,,,,,https://images.fotmob.com/image_resources/logo/teamlogo/8358.png,https://images.fotmob.com/image_resources/logo/teamlogo/9790.png,2027-01-12,20:30
16,https://www.fotmob.com/matches/hoffenheim-vs-mainz-05/2pvcpb#5881283,5881283,Mainz 05,9905,Hoffenheim,8226,False,False,False,54,Bundesliga,2026/2027,GER,,,,,,https://images.fotmob.com/image_resources/logo/teamlogo/9905.png,https://images.fotmob.com/image_resources/logo/teamlogo/8226.png,2027-01-12,20:30
16,https://www.fotmob.com/matches/vfb-stuttgart-vs-rb-leipzig/86l20hb#5881284,5881284,RB Leipzig,178475,VfB Stuttgart,10269,False,False,False,54,Bundesliga,2026/2027,GER,,,,,,https://images.fotmob.com/image_resources/logo/teamlogo/178475.png,https://images.fotmob.com/image_resources/logo/teamlogo/10269.png,2027-01-12,20:30
16,https://www.fotmob.com/matches/werder-bremen-vs-schalke-04/2y6uem#5881285,5881285,Schalke 04,10189,Werder Bremen,8697,False,False,False,54,Bundesliga,2026/2027,GER,,,,,,https://images.fotmob.com/image_resources/logo/teamlogo/10189.png,https://images.fotmob.com/image_resources/logo/teamlogo/8697.png,2027-01-12,20:30
16,https://www.fotmob.com/matches/union-berlin-vs-paderborn/2a4nz1#5881286,5881286,Union Berlin,8149,Paderborn,8460,False,False,False,54,Bundesliga,2026/2027,GER,,,,,,https://images.fotmob.com/image_resources/logo/teamlogo/8149.png,https://images.fotmob.com/image_resources/logo/teamlogo/8460.png,2027-01-12,20:30
17,https://www.fotmob.com/matches/bayer-leverkusen-vs-schalke-04/2sfmky#5881287,5881287,Bayer Leverkusen,8178,Schalke 04,10189,False,False,False,54,Bundesliga,2026/2027,GER,,,,,,https://images.fotmob.com/image_resources/logo/teamlogo/8178.png,https://images.fotmob.com/image_resources/logo/teamlogo/10189.png,2027-01-16,15:30
17,https://www.fotmob.com/matches/freiburg-vs-borussia-dortmund/2q1kk3#5881289,5881289,Borussia Dortmund,9789,Freiburg,8358,False,False,False,54,Bundesliga,2026/2027,GER,,,,,,https://images.fotmob.com/image_resources/logo/teamlogo/9789.png,https://images.fotmob.com/image_resources/logo/teamlogo/8358.png,2027-01-16,15:30
17,https://www.fotmob.com/matches/union-berlin-vs-borussia-monchengladbach/2nsd05#5881288,5881288,Borussia Mönchengladbach,9788,Union Berlin,8149,False,False,False,54,Bundesliga,2026/2027,GER,,,,,,https://images.fotmob.com/image_resources/logo/teamlogo/9788.png,https://images.fotmob.com/image_resources/logo/teamlogo/8149.png,2027-01-16,15:30
17,https://www.fotmob.com/matches/eintracht-frankfurt-vs-bayern-munchen/36r8iw#5881290,5881290,Eintracht Frankfurt,9810,Bayern München,9823,False,False,False,54,Bundesliga,2026/2027,GER,,,,,,https://images.fotmob.com/image_resources/logo/teamlogo/9810.png,https://images.fotmob.com/image_resources/logo/teamlogo/9823.png,2027-01-16,15:30
17,https://www.fotmob.com/matches/augsburg-vs-hamburger-sv/2qknm8#5881291,5881291,Hamburger SV,9790,Augsburg,8406,False,False,False,54,Bundesliga,2026/2027,GER,,,,,,https://images.fotmob.com/image_resources/logo/teamlogo/9790.png,https://images.fotmob.com/image_resources/logo/teamlogo/8406.png,2027-01-16,15:30
17,https://www.fotmob.com/matches/hoffenheim-vs-rb-leipzig/808m8nx#5881292,5881292,Hoffenheim,8226,RB Leipzig,178475,False,False,False,54,Bundesliga,2026/2027,GER,,,,,,https://images.fotmob.com/image_resources/logo/teamlogo/8226.png,https://images.fotmob.com/image_resources/logo/teamlogo/178475.png,2027-01-16,15:30
17,https://www.fotmob.com/matches/paderborn-vs-1-fc-koln/2fw6eb#5881293,5881293,Paderborn,8460,1. FC Köln,8722,False,False,False,54,Bundesliga,2026/2027,GER,,,,,,https://images.fotmob.com/image_resources/logo/teamlogo/8460.png,https://images.fotmob.com/image_resources/logo/teamlogo/8722.png,2027-01-16,15:30
17,https://www.fotmob.com/matches/mainz-05-vs-vfb-stuttgart/3d61a2#5881294,5881294,VfB Stuttgart,10269,Mainz 05,9905,False,False,False,54,Bundesliga,2026/2027,GER,,,,,,https://images.fotmob.com/image_resources/logo/teamlogo/10269.png,https://images.fotmob.com/image_resources/logo/teamlogo/9905.png,2027-01-16,15:30
17,https://www.fotmob.com/matches/elversberg-vs-werder-bremen/2dboru#5881295,5881295,Werder Bremen,8697,Elversberg,8232,False,False,False,54,Bundesliga,2026/2027,GER,,,,,,https://images.fotmob.com/image_resources/logo/teamlogo/8697.png,https://images.fotmob.com/image_resources/logo/teamlogo/8232.png,2027-01-16,15:30
18,https://www.fotmob.com/matches/bayer-leverkusen-vs-elversberg/2868p3#5881296,5881296,Bayer Leverkusen,8178,Elversberg,8232,False,False,False,54,Bundesliga,2026/2027,GER,,,,,,https://images.fotmob.com/image_resources/logo/teamlogo/8178.png,https://images.fotmob.com/image_resources/logo/teamlogo/8232.png,2027-01-23,15:30
18,https://www.fotmob.com/matches/borussia-monchengladbach-vs-rb-leipzig/852z0ko#5881297,5881297,Borussia Mönchengladbach,9788,RB Leipzig,178475,False,False,False,54,Bundesliga,2026/2027,GER,,,,,,https://images.fotmob.com/image_resources/logo/teamlogo/9788.png,https://images.fotmob.com/image_resources/logo/teamlogo/178475.png,2027-01-23,15:30
18,https://www.fotmob.com/matches/union-berlin-vs-eintracht-frankfurt/2o0tpa#5881298,5881298,Eintracht Frankfurt,9810,Union Berlin,8149,False,False,False,54,Bundesliga,2026/2027,GER,,,,,,https://images.fotmob.com/image_resources/logo/teamlogo/9810.png,https://images.fotmob.com/image_resources/logo/teamlogo/8149.png,2027-01-23,15:30
18,https://www.fotmob.com/matches/borussia-dortmund-vs-hamburger-sv/364jk8#5881299,5881299,Hamburger SV,9790,Borussia Dortmund,9789,False,False,False,54,Bundesliga,2026/2027,GER,,,,,,https://images.fotmob.com/image_resources/logo/teamlogo/9790.png,https://images.fotmob.com/image_resources/logo/teamlogo/9789.png,2027-01-23,15:30
18,https://www.fotmob.com/matches/hoffenheim-vs-1-fc-koln/2dil4k#5881300,5881300,Hoffenheim,8226,1. FC Köln,8722,False,False,False,54,Bundesliga,2026/2027,GER,,,,,,https://images.fotmob.com/image_resources/logo/teamlogo/8226.png,https://images.fotmob.com/image_resources/logo/teamlogo/8722.png,2027-01-23,15:30
18,https://www.fotmob.com/matches/paderborn-vs-mainz-05/2sevkk#5881301,5881301,Paderborn,8460,Mainz 05,9905,False,False,False,54,Bundesliga,2026/2027,GER,,,,,,https://images.fotmob.com/image_resources/logo/teamlogo/8460.png,https://images.fotmob.com/image_resources/logo/teamlogo/9905.png,2027-01-23,15:30
18,https://www.fotmob.com/matches/augsburg-vs-schalke-04/2uxy4s#5881302,5881302,Schalke 04,10189,Augsburg,8406,False,False,False,54,Bundesliga,2026/2027,GER,,,,,,https://images.fotmob.com/image_resources/logo/teamlogo/10189.png,https://images.fotmob.com/image_resources/logo/teamlogo/8406.png,2027-01-23,15:30
18,https://www.fotmob.com/matches/bayern-munchen-vs-vfb-stuttgart/3c6nc5#5881303,5881303,VfB Stuttgart,10269,Bayern München,9823,False,False,False,54,Bundesliga,2026/2027,GER,,,,,,https://images.fotmob.com/image_resources/logo/teamlogo/10269.png,https://images.fotmob.com/image_resources/logo/teamlogo/9823.png,2027-01-23,15:30
18,https://www.fotmob.com/matches/freiburg-vs-werder-bremen/2elktl#5881304,5881304,Werder Bremen,8697,Freiburg,8358,False,False,False,54,Bundesliga,2026/2027,GER,,,,,,https://images.fotmob.com/image_resources/logo/teamlogo/8697.png,https://images.fotmob.com/image_resources/logo/teamlogo/8358.png,2027-01-23,15:30
19,https://www.fotmob.com/matches/augsburg-vs-eintracht-frankfurt/2qsgli#5881305,5881305,Augsburg,8406,Eintracht Frankfurt,9810,False,False,False,54,Bundesliga,2026/2027,GER,,,,,,https://images.fotmob.com/image_resources/logo/teamlogo/8406.png,https://images.fotmob.com/image_resources/logo/teamlogo/9810.png,2027-01-30,15:30
19,https://www.fotmob.com/matches/bayern-munchen-vs-schalke-04/3b89j1#5881306,5881306,Bayern München,9823,Schalke 04,10189,False,False,False,54,Bundesliga,2026/2027,GER,,,,,,https://images.fotmob.com/image_resources/logo/teamlogo/9823.png,https://images.fotmob.com/image_resources/logo/teamlogo/10189.png,2027-01-30,15:30
19,https://www.fotmob.com/matches/hoffenheim-vs-borussia-dortmund/2omex9#5881307,5881307,Borussia Dortmund,9789,Hoffenheim,8226,False,False,False,54,Bundesliga,2026/2027,GER,,,,,,https://images.fotmob.com/image_resources/logo/teamlogo/9789.png,https://images.fotmob.com/image_resources/logo/teamlogo/8226.png,2027-01-30,15:30
19,https://www.fotmob.com/matches/elversberg-vs-borussia-monchengladbach/2oocfq#5881308,5881308,Elversberg,8232,Borussia Mönchengladbach,9788,False,False,False,54,Bundesliga,2026/2027,GER,,,,,,https://images.fotmob.com/image_resources/logo/teamlogo/8232.png,https://images.fotmob.com/image_resources/logo/teamlogo/9788.png,2027-01-30,15:30
19,https://www.fotmob.com/matches/1-fc-koln-vs-vfb-stuttgart/2zdgu2#5881309,5881309,1. FC Köln,8722,VfB Stuttgart,10269,False,False,False,54,Bundesliga,2026/2027,GER,,,,,,https://images.fotmob.com/image_resources/logo/teamlogo/8722.png,https://images.fotmob.com/image_resources/logo/teamlogo/10269.png,2027-01-30,15:30
19,https://www.fotmob.com/matches/freiburg-vs-paderborn/2c7jd3#5881310,5881310,Freiburg,8358,Paderborn,8460,False,False,False,54,Bundesliga,2026/2027,GER,,,,,,https://images.fotmob.com/image_resources/logo/teamlogo/8358.png,https://images.fotmob.com/image_resources/logo/teamlogo/8460.png,2027-01-30,15:30
19,https://www.fotmob.com/matches/hamburger-sv-vs-mainz-05/37hdbt#5881311,5881311,Mainz 05,9905,Hamburger SV,9790,False,False,False,54,Bundesliga,2026/2027,GER,,,,,,https://images.fotmob.com/image_resources/logo/teamlogo/9905.png,https://images.fotmob.com/image_resources/logo/teamlogo/9790.png,2027-01-30,15:30
19,https://www.fotmob.com/matches/werder-bremen-vs-rb-leipzig/81p1es3#5881312,5881312,RB Leipzig,178475,Werder Bremen,8697,False,False,False,54,Bundesliga,2026/2027,GER,,,,,,https://images.fotmob.com/image_resources/logo/teamlogo/178475.png,https://images.fotmob.com/image_resources/logo/teamlogo/8697.png,2027-01-30,15:30
19,https://www.fotmob.com/matches/union-berlin-vs-bayer-leverkusen/27d4by#5881313,5881313,Union Berlin,8149,Bayer Leverkusen,8178,False,False,False,54,Bundesliga,2026/2027,GER,,,,,,https://images.fotmob.com/image_resources/logo/teamlogo/8149.png,https://images.fotmob.com/image_resources/logo/teamlogo/8178.png,2027-01-30,15:30
20,https://www.fotmob.com/matches/bayer-leverkusen-vs-augsburg/29vrru#5881314,5881314,Bayer Leverkusen,8178,Augsburg,8406,False,False,False,54,Bundesliga,2026/2027,GER,,,,,,https://images.fotmob.com/image_resources/logo/teamlogo/8178.png,https://images.fotmob.com/image_resources/logo/teamlogo/8406.png,2027-02-06,15:30
20,https://www.fotmob.com/matches/elversberg-vs-bayern-munchen/2p1vln#5881315,5881315,Bayern München,9823,Elversberg,8232,False,False,False,54,Bundesliga,2026/2027,GER,,,,,,https://images.fotmob.com/image_resources/logo/teamlogo/9823.png,https://images.fotmob.com/image_resources/logo/teamlogo/8232.png,2027-02-06,15:30
20,https://www.fotmob.com/matches/freiburg-vs-borussia-monchengladbach/2q16jz#5881316,5881316,Borussia Mönchengladbach,9788,Freiburg,8358,False,False,False,54,Bundesliga,2026/2027,GER,,,,,,https://images.fotmob.com/image_resources/logo/teamlogo/9788.png,https://images.fotmob.com/image_resources/logo/teamlogo/8358.png,2027-02-06,15:30
20,https://www.fotmob.com/matches/eintracht-frankfurt-vs-mainz-05/37ptfb#5881317,5881317,Eintracht Frankfurt,9810,Mainz 05,9905,False,False,False,54,Bundesliga,2026/2027,GER,,,,,,https://images.fotmob.com/image_resources/logo/teamlogo/9810.png,https://images.fotmob.com/image_resources/logo/teamlogo/9905.png,2027-02-06,15:30
20,https://www.fotmob.com/matches/hamburger-sv-vs-rb-leipzig/853733v#5881318,5881318,Hamburger SV,9790,RB Leipzig,178475,False,False,False,54,Bundesliga,2026/2027,GER,,,,,,https://images.fotmob.com/image_resources/logo/teamlogo/9790.png,https://images.fotmob.com/image_resources/logo/teamlogo/178475.png,2027-02-06,15:30
20,https://www.fotmob.com/matches/paderborn-vs-borussia-dortmund/2r5cui#5881319,5881319,Paderborn,8460,Borussia Dortmund,9789,False,False,False,54,Bundesliga,2026/2027,GER,,,,,,https://images.fotmob.com/image_resources/logo/teamlogo/8460.png,https://images.fotmob.com/image_resources/logo/teamlogo/9789.png,2027-02-06,15:30
20,https://www.fotmob.com/matches/union-berlin-vs-schalke-04/2s47vs#5881320,5881320,Schalke 04,10189,Union Berlin,8149,False,False,False,54,Bundesliga,2026/2027,GER,,,,,,https://images.fotmob.com/image_resources/logo/teamlogo/10189.png,https://images.fotmob.com/image_resources/logo/teamlogo/8149.png,2027-02-06,15:30
20,https://www.fotmob.com/matches/hoffenheim-vs-vfb-stuttgart/2tu70i#5881321,5881321,VfB Stuttgart,10269,Hoffenheim,8226,False,False,False,54,Bundesliga,2026/2027,GER,,,,,,https://images.fotmob.com/image_resources/logo/teamlogo/10269.png,https://images.fotmob.com/image_resources/logo/teamlogo/8226.png,2027-02-06,15:30
20,https://www.fotmob.com/matches/werder-bremen-vs-1-fc-koln/2ic28k#5881322,5881322,Werder Bremen,8697,1. FC Köln,8722,False,False,False,54,Bundesliga,2026/2027,GER,,,,,,https://images.fotmob.com/image_resources/logo/teamlogo/8697.png,https://images.fotmob.com/image_resources/logo/teamlogo/8722.png,2027-02-06,15:30
21,https://www.fotmob.com/matches/augsburg-vs-werder-bremen/2f35e9#5881323,5881323,Augsburg,8406,Werder Bremen,8697,False,False,False,54,Bundesliga,2026/2027,GER,,,,,,https://images.fotmob.com/image_resources/logo/teamlogo/8406.png,https://images.fotmob.com/image_resources/logo/teamlogo/8697.png,2027-02-13,15:30
21,https://www.fotmob.com/matches/borussia-dortmund-vs-vfb-stuttgart/3bs0n0#5881324,5881324,Borussia Dortmund,9789,VfB Stuttgart,10269,False,False,False,54,Bundesliga,2026/2027,GER,,,,,,https://images.fotmob.com/image_resources/logo/teamlogo/9789.png,https://images.fotmob.com/image_resources/logo/teamlogo/10269.png,2027-02-13,15:30
21,https://www.fotmob.com/matches/elversberg-vs-schalke-04/2t0x27#5881325,5881325,Elversberg,8232,Schalke 04,10189,False,False,False,54,Bundesliga,2026/2027,GER,,,,,,https://images.fotmob.com/image_resources/logo/teamlogo/8232.png,https://images.fotmob.com/image_resources/logo/teamlogo/10189.png,2027-02-13,15:30
21,https://www.fotmob.com/matches/1-fc-koln-vs-hamburger-sv/2u0yxy#5881326,5881326,1. FC Köln,8722,Hamburger SV,9790,False,False,False,54,Bundesliga,2026/2027,GER,,,,,,https://images.fotmob.com/image_resources/logo/teamlogo/8722.png,https://images.fotmob.com/image_resources/logo/teamlogo/9790.png,2027-02-13,15:30
21,https://www.fotmob.com/matches/freiburg-vs-eintracht-frankfurt/2q9qsu#5881327,5881327,Freiburg,8358,Eintracht Frankfurt,9810,False,False,False,54,Bundesliga,2026/2027,GER,,,,,,https://images.fotmob.com/image_resources/logo/teamlogo/8358.png,https://images.fotmob.com/image_resources/logo/teamlogo/9810.png,2027-02-13,15:30
21,https://www.fotmob.com/matches/hoffenheim-vs-paderborn/2aw539#5881328,5881328,Hoffenheim,8226,Paderborn,8460,False,False,False,54,Bundesliga,2026/2027,GER,,,,,,https://images.fotmob.com/image_resources/logo/teamlogo/8226.png,https://images.fotmob.com/image_resources/logo/teamlogo/8460.png,2027-02-13,15:30
21,https://www.fotmob.com/matches/borussia-monchengladbach-vs-mainz-05/37gixo#5881329,5881329,Mainz 05,9905,Borussia Mönchengladbach,9788,False,False,False,54,Bundesliga,2026/2027,GER,,,,,,https://images.fotmob.com/image_resources/logo/teamlogo/9905.png,https://images.fotmob.com/image_resources/logo/teamlogo/9788.png,2027-02-13,15:30
21,https://www.fotmob.com/matches/bayer-leverkusen-vs-rb-leipzig/803a6n9#5881330,5881330,RB Leipzig,178475,Bayer Leverkusen,8178,False,False,False,54,Bundesliga,2026/2027,GER,,,,,,https://images.fotmob.com/image_resources/logo/teamlogo/178475.png,https://images.fotmob.com/image_resources/logo/teamlogo/8178.png,2027-02-13,15:30
21,https://www.fotmob.com/matches/union-berlin-vs-bayern-munchen/2o5txd#5881331,5881331,Union Berlin,8149,Bayern München,9823,False,False,False,54,Bundesliga,2026/2027,GER,,,,,,https://images.fotmob.com/image_resources/logo/teamlogo/8149.png,https://images.fotmob.com/image_resources/logo/teamlogo/9823.png,2027-02-13,15:30
22,https://www.fotmob.com/matches/bayer-leverkusen-vs-mainz-05/2pcq1z#5881332,5881332,Bayer Leverkusen,8178,Mainz 05,9905,False,False,False,54,Bundesliga,2026/2027,GER,,,,,,https://images.fotmob.com/image_resources/logo/teamlogo/8178.png,https://images.fotmob.com/image_resources/logo/teamlogo/9905.png,2027-02-20,15:30
22,https://www.fotmob.com/matches/augsburg-vs-bayern-munchen/2qxjee#5881333,5881333,Bayern München,9823,Augsburg,8406,False,False,False,54,Bundesliga,2026/2027,GER,,,,,,https://images.fotmob.com/image_resources/logo/teamlogo/9823.png,https://images.fotmob.com/image_resources/logo/teamlogo/8406.png,2027-02-20,15:30
22,https://www.fotmob.com/matches/1-fc-koln-vs-borussia-monchengladbach/2u06dh#5881334,5881334,Borussia Mönchengladbach,9788,1. FC Köln,8722,False,False,False,54,Bundesliga,2026/2027,GER,,,,,,https://images.fotmob.com/image_resources/logo/teamlogo/9788.png,https://images.fotmob.com/image_resources/logo/teamlogo/8722.png,2027-02-20,15:30
22,https://www.fotmob.com/matches/eintracht-frankfurt-vs-rb-leipzig/855fslx#5881335,5881335,Eintracht Frankfurt,9810,RB Leipzig,178475,False,False,False,54,Bundesliga,2026/2027,GER,,,,,,https://images.fotmob.com/image_resources/logo/teamlogo/9810.png,https://images.fotmob.com/image_resources/logo/teamlogo/178475.png,2027-02-20,15:30
22,https://www.fotmob.com/matches/union-berlin-vs-elversberg/27w1t7#5881336,5881336,Elversberg,8232,Union Berlin,8149,False,False,False,54,Bundesliga,2026/2027,GER,,,,,,https://images.fotmob.com/image_resources/logo/teamlogo/8232.png,https://images.fotmob.com/image_resources/logo/teamlogo/8149.png,2027-02-20,15:30
22,https://www.fotmob.com/matches/hoffenheim-vs-hamburger-sv/2omstq#5881337,5881337,Hamburger SV,9790,Hoffenheim,8226,False,False,False,54,Bundesliga,2026/2027,GER,,,,,,https://images.fotmob.com/image_resources/logo/teamlogo/9790.png,https://images.fotmob.com/image_resources/logo/teamlogo/8226.png,2027-02-20,15:30
22,https://www.fotmob.com/matches/freiburg-vs-schalke-04/2ueu9g#5881338,5881338,Schalke 04,10189,Freiburg,8358,False,False,False,54,Bundesliga,2026/2027,GER,,,,,,https://images.fotmob.com/image_resources/logo/teamlogo/10189.png,https://images.fotmob.com/image_resources/logo/teamlogo/8358.png,2027-02-20,15:30
22,https://www.fotmob.com/matches/paderborn-vs-vfb-stuttgart/2wfjs9#5881339,5881339,VfB Stuttgart,10269,Paderborn,8460,False,False,False,54,Bundesliga,2026/2027,GER,,,,,,https://images.fotmob.com/image_resources/logo/teamlogo/10269.png,https://images.fotmob.com/image_resources/logo/teamlogo/8460.png,2027-02-20,15:30
22,https://www.fotmob.com/matches/werder-bremen-vs-borussia-dortmund/2tqnt6#5881340,5881340,Werder Bremen,8697,Borussia Dortmund,9789,False,False,False,54,Bundesliga,2026/2027,GER,,,,,,https://images.fotmob.com/image_resources/logo/teamlogo/8697.png,https://images.fotmob.com/image_resources/logo/teamlogo/9789.png,2027-02-20,15:30
23,https://www.fotmob.com/matches/elversberg-vs-augsburg/2aezx3#5881341,5881341,Augsburg,8406,Elversberg,8232,False,False,False,54,Bundesliga,2026/2027,GER,,,,,,https://images.fotmob.com/image_resources/logo/teamlogo/8406.png,https://images.fotmob.com/image_resources/logo/teamlogo/8232.png,2027-02-27,15:30
23,https://www.fotmob.com/matches/union-berlin-vs-borussia-dortmund/2nsqug#5881342,5881342,Borussia Dortmund,9789,Union Berlin,8149,False,False,False,54,Bundesliga,2026/2027,GER,,,,,,https://images.fotmob.com/image_resources/logo/teamlogo/9789.png,https://images.fotmob.com/image_resources/logo/teamlogo/8149.png,2027-02-27,15:30
23,https://www.fotmob.com/matches/1-fc-koln-vs-eintracht-frankfurt/2u8wss#5881343,5881343,1. FC Köln,8722,Eintracht Frankfurt,9810,False,False,False,54,Bundesliga,2026/2027,GER,,,,,,https://images.fotmob.com/image_resources/logo/teamlogo/8722.png,https://images.fotmob.com/image_resources/logo/teamlogo/9810.png,2027-02-27,15:30
23,https://www.fotmob.com/matches/bayer-leverkusen-vs-freiburg/29eqdu#5881344,5881344,Freiburg,8358,Bayer Leverkusen,8178,False,False,False,54,Bundesliga,2026/2027,GER,,,,,,https://images.fotmob.com/image_resources/logo/teamlogo/8358.png,https://images.fotmob.com/image_resources/logo/teamlogo/8178.png,2027-02-27,15:30
23,https://www.fotmob.com/matches/hoffenheim-vs-borussia-monchengladbach/2om10t#5881345,5881345,Hoffenheim,8226,Borussia Mönchengladbach,9788,False,False,False,54,Bundesliga,2026/2027,GER,,,,,,https://images.fotmob.com/image_resources/logo/teamlogo/8226.png,https://images.fotmob.com/image_resources/logo/teamlogo/9788.png,2027-02-27,15:30
23,https://www.fotmob.com/matches/mainz-05-vs-schalke-04/3c7ieq#5881346,5881346,Mainz 05,9905,Schalke 04,10189,False,False,False,54,Bundesliga,2026/2027,GER,,,,,,https://images.fotmob.com/image_resources/logo/teamlogo/9905.png,https://images.fotmob.com/image_resources/logo/teamlogo/10189.png,2027-02-27,15:30
23,https://www.fotmob.com/matches/paderborn-vs-werder-bremen/2fmz60#5881347,5881347,Paderborn,8460,Werder Bremen,8697,False,False,False,54,Bundesliga,2026/2027,GER,,,,,,https://images.fotmob.com/image_resources/logo/teamlogo/8460.png,https://images.fotmob.com/image_resources/logo/teamlogo/8697.png,2027-02-27,15:30
23,https://www.fotmob.com/matches/bayern-munchen-vs-rb-leipzig/856w9cm#5881348,5881348,RB Leipzig,178475,Bayern München,9823,False,False,False,54,Bundesliga,2026/2027,GER,,,,,,https://images.fotmob.com/image_resources/logo/teamlogo/178475.png,https://images.fotmob.com/image_resources/logo/teamlogo/9823.png,2027-02-27,15:30
23,https://www.fotmob.com/matches/hamburger-sv-vs-vfb-stuttgart/3bsg48#5881349,5881349,VfB Stuttgart,10269,Hamburger SV,9790,False,False,False,54,Bundesliga,2026/2027,GER,,,,,,https://images.fotmob.com/image_resources/logo/teamlogo/10269.png,https://images.fotmob.com/image_resources/logo/teamlogo/9790.png,2027-02-27,15:30
24,https://www.fotmob.com/matches/bayer-leverkusen-vs-hoffenheim/2844qc#5881350,5881350,Bayer Leverkusen,8178,Hoffenheim,8226,False,False,False,54,Bundesliga,2026/2027,GER,,,,,,https://images.fotmob.com/image_resources/logo/teamlogo/8178.png,https://images.fotmob.com/image_resources/logo/teamlogo/8226.png,2027-03-02,20:30
24,https://www.fotmob.com/matches/freiburg-vs-bayern-munchen/2qet4e#5881351,5881351,Bayern München,9823,Freiburg,8358,False,False,False,54,Bundesliga,2026/2027,GER,,,,,,https://images.fotmob.com/image_resources/logo/teamlogo/9823.png,https://images.fotmob.com/image_resources/logo/teamlogo/8358.png,2027-03-02,20:30
24,https://www.fotmob.com/matches/borussia-monchengladbach-vs-vfb-stuttgart/3brl5t#5881352,5881352,Borussia Mönchengladbach,9788,VfB Stuttgart,10269,False,False,False,54,Bundesliga,2026/2027,GER,,,,,,https://images.fotmob.com/image_resources/logo/teamlogo/9788.png,https://images.fotmob.com/image_resources/logo/teamlogo/10269.png,2027-03-02,20:30
24,https://www.fotmob.com/matches/borussia-dortmund-vs-eintracht-frankfurt/36cxvu#5881353,5881353,Eintracht Frankfurt,9810,Borussia Dortmund,9789,False,False,False,54,Bundesliga,2026/2027,GER,,,,,,https://images.fotmob.com/image_resources/logo/teamlogo/9810.png,https://images.fotmob.com/image_resources/logo/teamlogo/9789.png,2027-03-02,20:30
24,https://www.fotmob.com/matches/elversberg-vs-rb-leipzig/809a91i#5881354,5881354,Elversberg,8232,RB Leipzig,178475,False,False,False,54,Bundesliga,2026/2027,GER,,,,,,https://images.fotmob.com/image_resources/logo/teamlogo/8232.png,https://images.fotmob.com/image_resources/logo/teamlogo/178475.png,2027-03-02,20:30
24,https://www.fotmob.com/matches/paderborn-vs-hamburger-sv/2r5qxh#5881355,5881355,Hamburger SV,9790,Paderborn,8460,False,False,False,54,Bundesliga,2026/2027,GER,,,,,,https://images.fotmob.com/image_resources/logo/teamlogo/9790.png,https://images.fotmob.com/image_resources/logo/teamlogo/8460.png,2027-03-02,20:30
24,https://www.fotmob.com/matches/1-fc-koln-vs-schalke-04/2ygyzm#5881356,5881356,Schalke 04,10189,1. FC Köln,8722,False,False,False,54,Bundesliga,2026/2027,GER,,,,,,https://images.fotmob.com/image_resources/logo/teamlogo/10189.png,https://images.fotmob.com/image_resources/logo/teamlogo/8722.png,2027-03-02,20:30
24,https://www.fotmob.com/matches/union-berlin-vs-augsburg/29lgzs#5881357,5881357,Union Berlin,8149,Augsburg,8406,False,False,False,54,Bundesliga,2026/2027,GER,,,,,,https://images.fotmob.com/image_resources/logo/teamlogo/8149.png,https://images.fotmob.com/image_resources/logo/teamlogo/8406.png,2027-03-02,20:30
24,https://www.fotmob.com/matches/werder-bremen-vs-mainz-05/2v0rqw#5881358,5881358,Werder Bremen,8697,Mainz 05,9905,False,False,False,54,Bundesliga,2026/2027,GER,,,,,,https://images.fotmob.com/image_resources/logo/teamlogo/8697.png,https://images.fotmob.com/image_resources/logo/teamlogo/9905.png,2027-03-02,20:30
25,https://www.fotmob.com/matches/borussia-dortmund-vs-bayern-munchen/36iek5#5881359,5881359,Borussia Dortmund,9789,Bayern München,9823,False,False,False,54,Bundesliga,2026/2027,GER,,,,,,https://images.fotmob.com/image_resources/logo/teamlogo/9789.png,https://images.fotmob.com/image_resources/logo/teamlogo/9823.png,2027-03-06,15:30
25,https://www.fotmob.com/matches/union-berlin-vs-1-fc-koln/2cqofy#5881360,5881360,1. FC Köln,8722,Union Berlin,8149,False,False,False,54,Bundesliga,2026/2027,GER,,,,,,https://images.fotmob.com/image_resources/logo/teamlogo/8722.png,https://images.fotmob.com/image_resources/logo/teamlogo/8149.png,2027-03-06,15:30
25,https://www.fotmob.com/matches/freiburg-vs-augsburg/2bo3oc#5881361,5881361,Freiburg,8358,Augsburg,8406,False,False,False,54,Bundesliga,2026/2027,GER,,,,,,https://images.fotmob.com/image_resources/logo/teamlogo/8358.png,https://images.fotmob.com/image_resources/logo/teamlogo/8406.png,2027-03-06,15:30
25,https://www.fotmob.com/matches/hamburger-sv-vs-eintracht-frankfurt/36dd0a#5881362,5881362,Hamburger SV,9790,Eintracht Frankfurt,9810,False,False,False,54,Bundesliga,2026/2027,GER,,,,,,https://images.fotmob.com/image_resources/logo/teamlogo/9790.png,https://images.fotmob.com/image_resources/logo/teamlogo/9810.png,2027-03-06,15:30
25,https://www.fotmob.com/matches/hoffenheim-vs-werder-bremen/2d9ier#5881363,5881363,Hoffenheim,8226,Werder Bremen,8697,False,False,False,54,Bundesliga,2026/2027,GER,,,,,,https://images.fotmob.com/image_resources/logo/teamlogo/8226.png,https://images.fotmob.com/image_resources/logo/teamlogo/8697.png,2027-03-06,15:30
25,https://www.fotmob.com/matches/elversberg-vs-mainz-05/2pxonq#5881364,5881364,Mainz 05,9905,Elversberg,8232,False,False,False,54,Bundesliga,2026/2027,GER,,,,,,https://images.fotmob.com/image_resources/logo/teamlogo/9905.png,https://images.fotmob.com/image_resources/logo/teamlogo/8232.png,2027-03-06,15:30
25,https://www.fotmob.com/matches/paderborn-vs-borussia-monchengladbach/2r4yrk#5881365,5881365,Paderborn,8460,Borussia Mönchengladbach,9788,False,False,False,54,Bundesliga,2026/2027,GER,,,,,,https://images.fotmob.com/image_resources/logo/teamlogo/8460.png,https://images.fotmob.com/image_resources/logo/teamlogo/9788.png,2027-03-06,15:30
25,https://www.fotmob.com/matches/schalke-04-vs-rb-leipzig/86c2g1z#5881366,5881366,RB Leipzig,178475,Schalke 04,10189,False,False,False,54,Bundesliga,2026/2027,GER,,,,,,https://images.fotmob.com/image_resources/logo/teamlogo/178475.png,https://images.fotmob.com/image_resources/logo/teamlogo/10189.png,2027-03-06,15:30
25,https://www.fotmob.com/matches/bayer-leverkusen-vs-vfb-stuttgart/2tb6ui#5881367,5881367,VfB Stuttgart,10269,Bayer Leverkusen,8178,False,False,False,54,Bundesliga,2026/2027,GER,,,,,,https://images.fotmob.com/image_resources/logo/teamlogo/10269.png,https://images.fotmob.com/image_resources/logo/teamlogo/8178.png,2027-03-06,15:30
26,https://www.fotmob.com/matches/augsburg-vs-rb-leipzig/80smw2f#5881368,5881368,Augsburg,8406,RB Leipzig,178475,False,False,False,54,Bundesliga,2026/2027,GER,,,,,,https://images.fotmob.com/image_resources/logo/teamlogo/8406.png,https://images.fotmob.com/image_resources/logo/teamlogo/178475.png,2027-03-13,15:30
26,https://www.fotmob.com/matches/bayer-leverkusen-vs-1-fc-koln/2d16ak#5881369,5881369,Bayer Leverkusen,8178,1. FC Köln,8722,False,False,False,54,Bundesliga,2026/2027,GER,,,,,,https://images.fotmob.com/image_resources/logo/teamlogo/8178.png,https://images.fotmob.com/image_resources/logo/teamlogo/8722.png,2027-03-13,15:30
26,https://www.fotmob.com/matches/bayern-munchen-vs-mainz-05/37vb95#5881370,5881370,Bayern München,9823,Mainz 05,9905,False,False,False,54,Bundesliga,2026/2027,GER,,,,,,https://images.fotmob.com/image_resources/logo/teamlogo/9823.png,https://images.fotmob.com/image_resources/logo/teamlogo/9905.png,2027-03-13,15:30
26,https://www.fotmob.com/matches/borussia-monchengladbach-vs-hamburger-sv/3644gd#5881371,5881371,Borussia Mönchengladbach,9788,Hamburger SV,9790,False,False,False,54,Bundesliga,2026/2027,GER,,,,,,https://images.fotmob.com/image_resources/logo/teamlogo/9788.png,https://images.fotmob.com/image_resources/logo/teamlogo/9790.png,2027-03-13,15:30
26,https://www.fotmob.com/matches/paderborn-vs-eintracht-frankfurt/2rdkqr#5881372,5881372,Eintracht Frankfurt,9810,Paderborn,8460,False,False,False,54,Bundesliga,2026/2027,GER,,,,,,https://images.fotmob.com/image_resources/logo/teamlogo/9810.png,https://images.fotmob.com/image_resources/logo/teamlogo/8460.png,2027-03-13,15:30
26,https://www.fotmob.com/matches/elversberg-vs-borussia-dortmund/2ooqcc#5881373,5881373,Elversberg,8232,Borussia Dortmund,9789,False,False,False,54,Bundesliga,2026/2027,GER,,,,,,https://images.fotmob.com/image_resources/logo/teamlogo/8232.png,https://images.fotmob.com/image_resources/logo/teamlogo/9789.png,2027-03-13,15:30
26,https://www.fotmob.com/matches/hoffenheim-vs-schalke-04/2syjsa#5881374,5881374,Schalke 04,10189,Hoffenheim,8226,False,False,False,54,Bundesliga,2026/2027,GER,,,,,,https://images.fotmob.com/image_resources/logo/teamlogo/10189.png,https://images.fotmob.com/image_resources/logo/teamlogo/8226.png,2027-03-13,15:30
26,https://www.fotmob.com/matches/union-berlin-vs-freiburg/294gog#5881375,5881375,Union Berlin,8149,Freiburg,8358,False,False,False,54,Bundesliga,2026/2027,GER,,,,,,https://images.fotmob.com/image_resources/logo/teamlogo/8149.png,https://images.fotmob.com/image_resources/logo/teamlogo/8358.png,2027-03-13,15:30
26,https://www.fotmob.com/matches/werder-bremen-vs-vfb-stuttgart/2z3api#5881376,5881376,Werder Bremen,8697,VfB Stuttgart,10269,False,False,False,54,Bundesliga,2026/2027,GER,,,,,,https://images.fotmob.com/image_resources/logo/teamlogo/8697.png,https://images.fotmob.com/image_resources/logo/teamlogo/10269.png,2027-03-13,15:30
27,https://www.fotmob.com/matches/borussia-monchengladbach-vs-borussia-dortmund/363pci#5881377,5881377,Borussia Dortmund,9789,Borussia Mönchengladbach,9788,False,False,False,54,Bundesliga,2026/2027,GER,,,,,,https://images.fotmob.com/image_resources/logo/teamlogo/9789.png,https://images.fotmob.com/image_resources/logo/teamlogo/9788.png,2027-03-20,15:30
27,https://www.fotmob.com/matches/1-fc-koln-vs-bayern-munchen/2ue2rs#5881378,5881378,1. FC Köln,8722,Bayern München,9823,False,False,False,54,Bundesliga,2026/2027,GER,,,,,,https://images.fotmob.com/image_resources/logo/teamlogo/8722.png,https://images.fotmob.com/image_resources/logo/teamlogo/9823.png,2027-03-20,15:30
27,https://www.fotmob.com/matches/elversberg-vs-freiburg/29xwj3#5881379,5881379,Freiburg,8358,Elversberg,8232,False,False,False,54,Bundesliga,2026/2027,GER,,,,,,https://images.fotmob.com/image_resources/logo/teamlogo/8358.png,https://images.fotmob.com/image_resources/logo/teamlogo/8232.png,2027-03-20,15:30
27,https://www.fotmob.com/matches/werder-bremen-vs-hamburger-sv/2tr22q#5881380,5881380,Hamburger SV,9790,Werder Bremen,8697,False,False,False,54,Bundesliga,2026/2027,GER,,,,,,https://images.fotmob.com/image_resources/logo/teamlogo/9790.png,https://images.fotmob.com/image_resources/logo/teamlogo/8697.png,2027-03-20,15:30
27,https://www.fotmob.com/matches/hoffenheim-vs-eintracht-frankfurt/2ouj10#5881381,5881381,Hoffenheim,8226,Eintracht Frankfurt,9810,False,False,False,54,Bundesliga,2026/2027,GER,,,,,,https://images.fotmob.com/image_resources/logo/teamlogo/8226.png,https://images.fotmob.com/image_resources/logo/teamlogo/9810.png,2027-03-20,15:30
27,https://www.fotmob.com/matches/augsburg-vs-mainz-05/2rtngt#5881382,5881382,Mainz 05,9905,Augsburg,8406,False,False,False,54,Bundesliga,2026/2027,GER,,,,,,https://images.fotmob.com/image_resources/logo/teamlogo/9905.png,https://images.fotmob.com/image_resources/logo/teamlogo/8406.png,2027-03-20,15:30
27,https://www.fotmob.com/matches/bayer-leverkusen-vs-paderborn/2aezyl#5881383,5881383,Paderborn,8460,Bayer Leverkusen,8178,False,False,False,54,Bundesliga,2026/2027,GER,,,,,,https://images.fotmob.com/image_resources/logo/teamlogo/8460.png,https://images.fotmob.com/image_resources/logo/teamlogo/8178.png,2027-03-20,15:30
27,https://www.fotmob.com/matches/union-berlin-vs-rb-leipzig/80026ad#5881384,5881384,RB Leipzig,178475,Union Berlin,8149,False,False,False,54,Bundesliga,2026/2027,GER,,,,,,https://images.fotmob.com/image_resources/logo/teamlogo/178475.png,https://images.fotmob.com/image_resources/logo/teamlogo/8149.png,2027-03-20,15:30
27,https://www.fotmob.com/matches/schalke-04-vs-vfb-stuttgart/3glpms#5881385,5881385,VfB Stuttgart,10269,Schalke 04,10189,False,False,False,54,Bundesliga,2026/2027,GER,,,,,,https://images.fotmob.com/image_resources/logo/teamlogo/10269.png,https://images.fotmob.com/image_resources/logo/teamlogo/10189.png,2027-03-20,15:30
28,https://www.fotmob.com/matches/hoffenheim-vs-augsburg/2acuwi#5881386,5881386,Augsburg,8406,Hoffenheim,8226,False,False,False,54,Bundesliga,2026/2027,GER,,,,,,https://images.fotmob.com/image_resources/logo/teamlogo/8406.png,https://images.fotmob.com/image_resources/logo/teamlogo/8226.png,2027-04-03,15:30
28,https://www.fotmob.com/matches/bayer-leverkusen-vs-borussia-dortmund/2o3wkl#5881387,5881387,Bayer Leverkusen,8178,Borussia Dortmund,9789,False,False,False,54,Bundesliga,2026/2027,GER,,,,,,https://images.fotmob.com/image_resources/logo/teamlogo/8178.png,https://images.fotmob.com/image_resources/logo/teamlogo/9789.png,2027-04-03,15:30
28,https://www.fotmob.com/matches/hamburger-sv-vs-bayern-munchen/36itoy#5881388,5881388,Bayern München,9823,Hamburger SV,9790,False,False,False,54,Bundesliga,2026/2027,GER,,,,,,https://images.fotmob.com/image_resources/logo/teamlogo/9823.png,https://images.fotmob.com/image_resources/logo/teamlogo/9790.png,2027-04-03,15:30
28,https://www.fotmob.com/matches/werder-bremen-vs-borussia-monchengladbach/2tq9jn#5881389,5881389,Borussia Mönchengladbach,9788,Werder Bremen,8697,False,False,False,54,Bundesliga,2026/2027,GER,,,,,,https://images.fotmob.com/image_resources/logo/teamlogo/9788.png,https://images.fotmob.com/image_resources/logo/teamlogo/8697.png,2027-04-03,15:30
28,https://www.fotmob.com/matches/eintracht-frankfurt-vs-vfb-stuttgart/3c11ui#5881390,5881390,Eintracht Frankfurt,9810,VfB Stuttgart,10269,False,False,False,54,Bundesliga,2026/2027,GER,,,,,,https://images.fotmob.com/image_resources/logo/teamlogo/9810.png,https://images.fotmob.com/image_resources/logo/teamlogo/10269.png,2027-04-03,15:30
28,https://www.fotmob.com/matches/elversberg-vs-1-fc-koln/2dkrlt#5881391,5881391,Elversberg,8232,1. FC Köln,8722,False,False,False,54,Bundesliga,2026/2027,GER,,,,,,https://images.fotmob.com/image_resources/logo/teamlogo/8232.png,https://images.fotmob.com/image_resources/logo/teamlogo/8722.png,2027-04-03,15:30
28,https://www.fotmob.com/matches/freiburg-vs-rb-leipzig/80nandr#5881392,5881392,RB Leipzig,178475,Freiburg,8358,False,False,False,54,Bundesliga,2026/2027,GER,,,,,,https://images.fotmob.com/image_resources/logo/teamlogo/178475.png,https://images.fotmob.com/image_resources/logo/teamlogo/8358.png,2027-04-03,15:30
28,https://www.fotmob.com/matches/paderborn-vs-schalke-04/2vji41#5881393,5881393,Schalke 04,10189,Paderborn,8460,False,False,False,54,Bundesliga,2026/2027,GER,,,,,,https://images.fotmob.com/image_resources/logo/teamlogo/10189.png,https://images.fotmob.com/image_resources/logo/teamlogo/8460.png,2027-04-03,15:30
28,https://www.fotmob.com/matches/union-berlin-vs-mainz-05/2p1hqe#5881394,5881394,Union Berlin,8149,Mainz 05,9905,False,False,False,54,Bundesliga,2026/2027,GER,,,,,,https://images.fotmob.com/image_resources/logo/teamlogo/8149.png,https://images.fotmob.com/image_resources/logo/teamlogo/9905.png,2027-04-03,15:30
29,https://www.fotmob.com/matches/borussia-dortmund-vs-schalke-04/3atoxg#5881396,5881396,Borussia Dortmund,9789,Schalke 04,10189,False,False,False,54,Bundesliga,2026/2027,GER,,,,,,https://images.fotmob.com/image_resources/logo/teamlogo/9789.png,https://images.fotmob.com/image_resources/logo/teamlogo/10189.png,2027-04-10,15:30
29,https://www.fotmob.com/matches/bayer-leverkusen-vs-borussia-monchengladbach/2o3iph#5881395,5881395,Borussia Mönchengladbach,9788,Bayer Leverkusen,8178,False,False,False,54,Bundesliga,2026/2027,GER,,,,,,https://images.fotmob.com/image_resources/logo/teamlogo/9788.png,https://images.fotmob.com/image_resources/logo/teamlogo/8178.png,2027-04-10,15:30
29,https://www.fotmob.com/matches/augsburg-vs-1-fc-koln/2fcbl2#5881397,5881397,1. FC Köln,8722,Augsburg,8406,False,False,False,54,Bundesliga,2026/2027,GER,,,,,,https://images.fotmob.com/image_resources/logo/teamlogo/8722.png,https://images.fotmob.com/image_resources/logo/teamlogo/8406.png,2027-04-10,15:30
29,https://www.fotmob.com/matches/union-berlin-vs-hamburger-sv/2nt4os#5881398,5881398,Hamburger SV,9790,Union Berlin,8149,False,False,False,54,Bundesliga,2026/2027,GER,,,,,,https://images.fotmob.com/image_resources/logo/teamlogo/9790.png,https://images.fotmob.com/image_resources/logo/teamlogo/8149.png,2027-04-10,15:30
29,https://www.fotmob.com/matches/hoffenheim-vs-freiburg/29vrqi#5881399,5881399,Hoffenheim,8226,Freiburg,8358,False,False,False,54,Bundesliga,2026/2027,GER,,,,,,https://images.fotmob.com/image_resources/logo/teamlogo/8226.png,https://images.fotmob.com/image_resources/logo/teamlogo/8358.png,2027-04-10,15:30
29,https://www.fotmob.com/matches/mainz-05-vs-rb-leipzig/85g39yf#5881400,5881400,Mainz 05,9905,RB Leipzig,178475,False,False,False,54,Bundesliga,2026/2027,GER,,,,,,https://images.fotmob.com/image_resources/logo/teamlogo/9905.png,https://images.fotmob.com/image_resources/logo/teamlogo/178475.png,2027-04-10,15:30
29,https://www.fotmob.com/matches/paderborn-vs-bayern-munchen/2rio35#5881401,5881401,Paderborn,8460,Bayern München,9823,False,False,False,54,Bundesliga,2026/2027,GER,,,,,,https://images.fotmob.com/image_resources/logo/teamlogo/8460.png,https://images.fotmob.com/image_resources/logo/teamlogo/9823.png,2027-04-10,15:30
29,https://www.fotmob.com/matches/elversberg-vs-vfb-stuttgart/2twknr#5881402,5881402,VfB Stuttgart,10269,Elversberg,8232,False,False,False,54,Bundesliga,2026/2027,GER,,,,,,https://images.fotmob.com/image_resources/logo/teamlogo/10269.png,https://images.fotmob.com/image_resources/logo/teamlogo/8232.png,2027-04-10,15:30
29,https://www.fotmob.com/matches/werder-bremen-vs-eintracht-frankfurt/2tyzjo#5881403,5881403,Werder Bremen,8697,Eintracht Frankfurt,9810,False,False,False,54,Bundesliga,2026/2027,GER,,,,,,https://images.fotmob.com/image_resources/logo/teamlogo/8697.png,https://images.fotmob.com/image_resources/logo/teamlogo/9810.png,2027-04-10,15:30
30,https://www.fotmob.com/matches/augsburg-vs-borussia-dortmund/2qk9kr#5881404,5881404,Augsburg,8406,Borussia Dortmund,9789,False,False,False,54,Bundesliga,2026/2027,GER,,,,,,https://images.fotmob.com/image_resources/logo/teamlogo/8406.png,https://images.fotmob.com/image_resources/logo/teamlogo/9789.png,2027-04-17,15:30
30,https://www.fotmob.com/matches/bayer-leverkusen-vs-werder-bremen/2cs4i3#5881405,5881405,Bayer Leverkusen,8178,Werder Bremen,8697,False,False,False,54,Bundesliga,2026/2027,GER,,,,,,https://images.fotmob.com/image_resources/logo/teamlogo/8178.png,https://images.fotmob.com/image_resources/logo/teamlogo/8697.png,2027-04-17,15:30
30,https://www.fotmob.com/matches/hoffenheim-vs-bayern-munchen/2ozk0w#5881406,5881406,Bayern München,9823,Hoffenheim,8226,False,False,False,54,Bundesliga,2026/2027,GER,,,,,,https://images.fotmob.com/image_resources/logo/teamlogo/9823.png,https://images.fotmob.com/image_resources/logo/teamlogo/8226.png,2027-04-17,15:30
30,https://www.fotmob.com/matches/borussia-monchengladbach-vs-eintracht-frankfurt/36cirf#5881407,5881407,Eintracht Frankfurt,9810,Borussia Mönchengladbach,9788,False,False,False,54,Bundesliga,2026/2027,GER,,,,,,https://images.fotmob.com/image_resources/logo/teamlogo/9810.png,https://images.fotmob.com/image_resources/logo/teamlogo/9788.png,2027-04-17,15:30
30,https://www.fotmob.com/matches/elversberg-vs-paderborn/2ayacu#5881408,5881408,Elversberg,8232,Paderborn,8460,False,False,False,54,Bundesliga,2026/2027,GER,,,,,,https://images.fotmob.com/image_resources/logo/teamlogo/8232.png,https://images.fotmob.com/image_resources/logo/teamlogo/8460.png,2027-04-17,15:30
30,https://www.fotmob.com/matches/freiburg-vs-mainz-05/2rau5h#5881409,5881409,Freiburg,8358,Mainz 05,9905,False,False,False,54,Bundesliga,2026/2027,GER,,,,,,https://images.fotmob.com/image_resources/logo/teamlogo/8358.png,https://images.fotmob.com/image_resources/logo/teamlogo/9905.png,2027-04-17,15:30
30,https://www.fotmob.com/matches/1-fc-koln-vs-rb-leipzig/81rtpmd#5881410,5881410,RB Leipzig,178475,1. FC Köln,8722,False,False,False,54,Bundesliga,2026/2027,GER,,,,,,https://images.fotmob.com/image_resources/logo/teamlogo/178475.png,https://images.fotmob.com/image_resources/logo/teamlogo/8722.png,2027-04-17,15:30
30,https://www.fotmob.com/matches/hamburger-sv-vs-schalke-04/3au4cg#5881411,5881411,Schalke 04,10189,Hamburger SV,9790,False,False,False,54,Bundesliga,2026/2027,GER,,,,,,https://images.fotmob.com/image_resources/logo/teamlogo/10189.png,https://images.fotmob.com/image_resources/logo/teamlogo/9790.png,2027-04-17,15:30
30,https://www.fotmob.com/matches/union-berlin-vs-vfb-stuttgart/2szqcw#5881412,5881412,Union Berlin,8149,VfB Stuttgart,10269,False,False,False,54,Bundesliga,2026/2027,GER,,,,,,https://images.fotmob.com/image_resources/logo/teamlogo/8149.png,https://images.fotmob.com/image_resources/logo/teamlogo/10269.png,2027-04-17,15:30
31,https://www.fotmob.com/matches/borussia-dortmund-vs-rb-leipzig/85331u9#5881414,5881414,Borussia Dortmund,9789,RB Leipzig,178475,False,False,False,54,Bundesliga,2026/2027,GER,,,,,,https://images.fotmob.com/image_resources/logo/teamlogo/9789.png,https://images.fotmob.com/image_resources/logo/teamlogo/178475.png,2027-04-24,15:30
31,https://www.fotmob.com/matches/borussia-monchengladbach-vs-schalke-04/3at9ih#5881413,5881413,Borussia Mönchengladbach,9788,Schalke 04,10189,False,False,False,54,Bundesliga,2026/2027,GER,,,,,,https://images.fotmob.com/image_resources/logo/teamlogo/9788.png,https://images.fotmob.com/image_resources/logo/teamlogo/10189.png,2027-04-24,15:30
31,https://www.fotmob.com/matches/bayer-leverkusen-vs-eintracht-frankfurt/2obzwc#5881415,5881415,Eintracht Frankfurt,9810,Bayer Leverkusen,8178,False,False,False,54,Bundesliga,2026/2027,GER,,,,,,https://images.fotmob.com/image_resources/logo/teamlogo/9810.png,https://images.fotmob.com/image_resources/logo/teamlogo/8178.png,2027-04-24,15:30
31,https://www.fotmob.com/matches/1-fc-koln-vs-mainz-05/2vaqtz#5881416,5881416,1. FC Köln,8722,Mainz 05,9905,False,False,False,54,Bundesliga,2026/2027,GER,,,,,,https://images.fotmob.com/image_resources/logo/teamlogo/8722.png,https://images.fotmob.com/image_resources/logo/teamlogo/9905.png,2027-04-24,15:30
31,https://www.fotmob.com/matches/elversberg-vs-hamburger-sv/2op48z#5881417,5881417,Hamburger SV,9790,Elversberg,8232,False,False,False,54,Bundesliga,2026/2027,GER,,,,,,https://images.fotmob.com/image_resources/logo/teamlogo/9790.png,https://images.fotmob.com/image_resources/logo/teamlogo/8232.png,2027-04-24,15:30
31,https://www.fotmob.com/matches/union-berlin-vs-hoffenheim/27txza#5881418,5881418,Hoffenheim,8226,Union Berlin,8149,False,False,False,54,Bundesliga,2026/2027,GER,,,,,,https://images.fotmob.com/image_resources/logo/teamlogo/8226.png,https://images.fotmob.com/image_resources/logo/teamlogo/8149.png,2027-04-24,15:30
31,https://www.fotmob.com/matches/augsburg-vs-paderborn/2cov5r#5881419,5881419,Paderborn,8460,Augsburg,8406,False,False,False,54,Bundesliga,2026/2027,GER,,,,,,https://images.fotmob.com/image_resources/logo/teamlogo/8460.png,https://images.fotmob.com/image_resources/logo/teamlogo/8406.png,2027-04-24,15:30
31,https://www.fotmob.com/matches/freiburg-vs-vfb-stuttgart/2vapn0#5881420,5881420,VfB Stuttgart,10269,Freiburg,8358,False,False,False,54,Bundesliga,2026/2027,GER,,,,,,https://images.fotmob.com/image_resources/logo/teamlogo/10269.png,https://images.fotmob.com/image_resources/logo/teamlogo/8358.png,2027-04-24,15:30
31,https://www.fotmob.com/matches/werder-bremen-vs-bayern-munchen/2u459n#5881421,5881421,Werder Bremen,8697,Bayern München,9823,False,False,False,54,Bundesliga,2026/2027,GER,,,,,,https://images.fotmob.com/image_resources/logo/teamlogo/8697.png,https://images.fotmob.com/image_resources/logo/teamlogo/9823.png,2027-04-24,15:30
32,https://www.fotmob.com/matches/augsburg-vs-vfb-stuttgart/2vtwh0#5881422,5881422,Augsburg,8406,VfB Stuttgart,10269,False,False,False,54,Bundesliga,2026/2027,GER,,,,,,https://images.fotmob.com/image_resources/logo/teamlogo/8406.png,https://images.fotmob.com/image_resources/logo/teamlogo/10269.png,2027-05-08,15:30
32,https://www.fotmob.com/matches/bayer-leverkusen-vs-hamburger-sv/2o4afq#5881423,5881423,Bayer Leverkusen,8178,Hamburger SV,9790,False,False,False,54,Bundesliga,2026/2027,GER,,,,,,https://images.fotmob.com/image_resources/logo/teamlogo/8178.png,https://images.fotmob.com/image_resources/logo/teamlogo/9790.png,2027-05-08,15:30
32,https://www.fotmob.com/matches/borussia-monchengladbach-vs-bayern-munchen/36hzfd#5881424,5881424,Bayern München,9823,Borussia Mönchengladbach,9788,False,False,False,54,Bundesliga,2026/2027,GER,,,,,,https://images.fotmob.com/image_resources/logo/teamlogo/9823.png,https://images.fotmob.com/image_resources/logo/teamlogo/9788.png,2027-05-08,15:30
32,https://www.fotmob.com/matches/hoffenheim-vs-elversberg/28n5dr#5881425,5881425,Elversberg,8232,Hoffenheim,8226,False,False,False,54,Bundesliga,2026/2027,GER,,,,,,https://images.fotmob.com/image_resources/logo/teamlogo/8232.png,https://images.fotmob.com/image_resources/logo/teamlogo/8226.png,2027-05-08,15:30
32,https://www.fotmob.com/matches/freiburg-vs-1-fc-koln/2euq32#5881426,5881426,Freiburg,8358,1. FC Köln,8722,False,False,False,54,Bundesliga,2026/2027,GER,,,,,,https://images.fotmob.com/image_resources/logo/teamlogo/8358.png,https://images.fotmob.com/image_resources/logo/teamlogo/8722.png,2027-05-08,15:30
32,https://www.fotmob.com/matches/borussia-dortmund-vs-mainz-05/37gy4q#5881427,5881427,Mainz 05,9905,Borussia Dortmund,9789,False,False,False,54,Bundesliga,2026/2027,GER,,,,,,https://images.fotmob.com/image_resources/logo/teamlogo/9905.png,https://images.fotmob.com/image_resources/logo/teamlogo/9789.png,2027-05-08,15:30
32,https://www.fotmob.com/matches/paderborn-vs-rb-leipzig/80yn7yo#5881428,5881428,RB Leipzig,178475,Paderborn,8460,False,False,False,54,Bundesliga,2026/2027,GER,,,,,,https://images.fotmob.com/image_resources/logo/teamlogo/178475.png,https://images.fotmob.com/image_resources/logo/teamlogo/8460.png,2027-05-08,15:30
32,https://www.fotmob.com/matches/eintracht-frankfurt-vs-schalke-04/3b2oua#5881429,5881429,Schalke 04,10189,Eintracht Frankfurt,9810,False,False,False,54,Bundesliga,2026/2027,GER,,,,,,https://images.fotmob.com/image_resources/logo/teamlogo/10189.png,https://images.fotmob.com/image_resources/logo/teamlogo/9810.png,2027-05-08,15:30
32,https://www.fotmob.com/matches/union-berlin-vs-werder-bremen/2chn7m#5881430,5881430,Union Berlin,8149,Werder Bremen,8697,False,False,False,54,Bundesliga,2026/2027,GER,,,,,,https://images.fotmob.com/image_resources/logo/teamlogo/8149.png,https://images.fotmob.com/image_resources/logo/teamlogo/8697.png,2027-05-08,15:30
33,https://www.fotmob.com/matches/bayer-leverkusen-vs-bayern-munchen/2oh0ew#5881431,5881431,Bayer Leverkusen,8178,Bayern München,9823,False,False,False,54,Bundesliga,2026/2027,GER,,,,,,https://images.fotmob.com/image_resources/logo/teamlogo/8178.png,https://images.fotmob.com/image_resources/logo/teamlogo/9823.png,2027-05-15,15:30
33,https://www.fotmob.com/matches/1-fc-koln-vs-borussia-dortmund/2u0knp#5881433,5881433,Borussia Dortmund,9789,1. FC Köln,8722,False,False,False,54,Bundesliga,2026/2027,GER,,,,,,https://images.fotmob.com/image_resources/logo/teamlogo/9789.png,https://images.fotmob.com/image_resources/logo/teamlogo/8722.png,2027-05-15,15:30
33,https://www.fotmob.com/matches/augsburg-vs-borussia-monchengladbach/2qjvjb#5881432,5881432,Borussia Mönchengladbach,9788,Augsburg,8406,False,False,False,54,Bundesliga,2026/2027,GER,,,,,,https://images.fotmob.com/image_resources/logo/teamlogo/9788.png,https://images.fotmob.com/image_resources/logo/teamlogo/8406.png,2027-05-15,15:30
33,https://www.fotmob.com/matches/elversberg-vs-eintracht-frankfurt/2owujl#5881434,5881434,Eintracht Frankfurt,9810,Elversberg,8232,False,False,False,54,Bundesliga,2026/2027,GER,,,,,,https://images.fotmob.com/image_resources/logo/teamlogo/9810.png,https://images.fotmob.com/image_resources/logo/teamlogo/8232.png,2027-05-15,15:30
33,https://www.fotmob.com/matches/freiburg-vs-hamburger-sv/2q1yk8#5881435,5881435,Hamburger SV,9790,Freiburg,8358,False,False,False,54,Bundesliga,2026/2027,GER,,,,,,https://images.fotmob.com/image_resources/logo/teamlogo/9790.png,https://images.fotmob.com/image_resources/logo/teamlogo/8358.png,2027-05-15,15:30
33,https://www.fotmob.com/matches/hoffenheim-vs-mainz-05/2pvcpb#5881436,5881436,Hoffenheim,8226,Mainz 05,9905,False,False,False,54,Bundesliga,2026/2027,GER,,,,,,https://images.fotmob.com/image_resources/logo/teamlogo/8226.png,https://images.fotmob.com/image_resources/logo/teamlogo/9905.png,2027-05-15,15:30
33,https://www.fotmob.com/matches/union-berlin-vs-paderborn/2a4nz1#5881437,5881437,Paderborn,8460,Union Berlin,8149,False,False,False,54,Bundesliga,2026/2027,GER,,,,,,https://images.fotmob.com/image_resources/logo/teamlogo/8460.png,https://images.fotmob.com/image_resources/logo/teamlogo/8149.png,2027-05-15,15:30
33,https://www.fotmob.com/matches/vfb-stuttgart-vs-rb-leipzig/86l20hb#5881438,5881438,VfB Stuttgart,10269,RB Leipzig,178475,False,False,False,54,Bundesliga,2026/2027,GER,,,,,,https://images.fotmob.com/image_resources/logo/teamlogo/10269.png,https://images.fotmob.com/image_resources/logo/teamlogo/178475.png,2027-05-15,15:30
33,https://www.fotmob.com/matches/werder-bremen-vs-schalke-04/2y6uem#5881439,5881439,Werder Bremen,8697,Schalke 04,10189,False,False,False,54,Bundesliga,2026/2027,GER,,,,,,https://images.fotmob.com/image_resources/logo/teamlogo/8697.png,https://images.fotmob.com/image_resources/logo/teamlogo/10189.png,2027-05-15,15:30
34,https://www.fotmob.com/matches/augsburg-vs-hamburger-sv/2qknm8#5881440,5881440,Augsburg,8406,Hamburger SV,9790,False,False,False,54,Bundesliga,2026/2027,GER,,,,,,https://images.fotmob.com/image_resources/logo/teamlogo/8406.png,https://images.fotmob.com/image_resources/logo/teamlogo/9790.png,2027-05-22,15:30
34,https://www.fotmob.com/matches/eintracht-frankfurt-vs-bayern-munchen/36r8iw#5881441,5881441,Bayern München,9823,Eintracht Frankfurt,9810,False,False,False,54,Bundesliga,2026/2027,GER,,,,,,https://images.fotmob.com/image_resources/logo/teamlogo/9823.png,https://images.fotmob.com/image_resources/logo/teamlogo/9810.png,2027-05-22,15:30
34,https://www.fotmob.com/matches/elversberg-vs-werder-bremen/2dboru#5881442,5881442,Elversberg,8232,Werder Bremen,8697,False,False,False,54,Bundesliga,2026/2027,GER,,,,,,https://images.fotmob.com/image_resources/logo/teamlogo/8232.png,https://images.fotmob.com/image_resources/logo/teamlogo/8697.png,2027-05-22,15:30
34,https://www.fotmob.com/matches/paderborn-vs-1-fc-koln/2fw6eb#5881443,5881443,1. FC Köln,8722,Paderborn,8460,False,False,False,54,Bundesliga,2026/2027,GER,,,,,,https://images.fotmob.com/image_resources/logo/teamlogo/8722.png,https://images.fotmob.com/image_resources/logo/teamlogo/8460.png,2027-05-22,15:30
34,https://www.fotmob.com/matches/freiburg-vs-borussia-dortmund/2q1kk3#5881444,5881444,Freiburg,8358,Borussia Dortmund,9789,False,False,False,54,Bundesliga,2026/2027,GER,,,,,,https://images.fotmob.com/image_resources/logo/teamlogo/8358.png,https://images.fotmob.com/image_resources/logo/teamlogo/9789.png,2027-05-22,15:30
34,https://www.fotmob.com/matches/mainz-05-vs-vfb-stuttgart/3d61a2#5881445,5881445,Mainz 05,9905,VfB Stuttgart,10269,False,False,False,54,Bundesliga,2026/2027,GER,,,,,,https://images.fotmob.com/image_resources/logo/teamlogo/9905.png,https://images.fotmob.com/image_resources/logo/teamlogo/10269.png,2027-05-22,15:30
34,https://www.fotmob.com/matches/hoffenheim-vs-rb-leipzig/808m8nx#5881446,5881446,RB Leipzig,178475,Hoffenheim,8226,False,False,False,54,Bundesliga,2026/2027,GER,,,,,,https://images.fotmob.com/image_resources/logo/teamlogo/178475.png,https://images.fotmob.com/image_resources/logo/teamlogo/8226.png,2027-05-22,15:30
34,https://www.fotmob.com/matches/bayer-leverkusen-vs-schalke-04/2sfmky#5881447,5881447,Schalke 04,10189,Bayer Leverkusen,8178,False,False,False,54,Bundesliga,2026/2027,GER,,,,,,https://images.fotmob.com/image_resources/logo/teamlogo/10189.png,https://images.fotmob.com/image_resources/logo/teamlogo/8178.png,2027-05-22,15:30
34,https://www.fotmob.com/matches/union-berlin-vs-borussia-monchengladbach/2nsd05#5881448,5881448,Union Berlin,8149,Borussia Mönchengladbach,9788,False,False,False,54,Bundesliga,2026/2027,GER,,,,,,https://images.fotmob.com/image_resources/logo/teamlogo/8149.png,https://images.fotmob.com/image_resources/logo/teamlogo/9788.png,2027-05-22,15:30
1,https://www.fotmob.com/matches/monza-vs-inter/1w8tzq#5749645,5749645,Inter,8636,Monza,6504,False,False,False,55,Serie A,2026/2027,ITA,,,,,,https://images.fotmob.com/image_resources/logo/teamlogo/8636.png,https://images.fotmob.com/image_resources/logo/teamlogo/6504.png,2026-08-22,18:30
1,https://www.fotmob.com/matches/udinese-vs-como/2wwfjq#5749648,5749648,Udinese,8600,Como,10171,False,False,False,55,Serie A,2026/2027,ITA,,,,,,https://images.fotmob.com/image_resources/logo/teamlogo/8600.png,https://images.fotmob.com/image_resources/logo/teamlogo/10171.png,2026-08-22,18:30
1,https://www.fotmob.com/matches/napoli-vs-genoa/3cdjj5#5749644,5749644,Genoa,10233,Napoli,9875,False,False,False,55,Serie A,2026/2027,ITA,,,,,,https://images.fotmob.com/image_resources/logo/teamlogo/10233.png,https://images.fotmob.com/image_resources/logo/teamlogo/9875.png,2026-08-22,20:45
1,https://www.fotmob.com/matches/cagliari-vs-parma/2w2bcl#5749646,5749646,Parma,10167,Cagliari,8529,False,False,False,55,Serie A,2026/2027,ITA,,,,,,https://images.fotmob.com/image_resources/logo/teamlogo/10167.png,https://images.fotmob.com/image_resources/logo/teamlogo/8529.png,2026-08-22,20:45
1,https://www.fotmob.com/matches/juventus-vs-frosinone/38fmtf#5749643,5749643,Frosinone,9891,Juventus,9885,False,False,False,55,Serie A,2026/2027,ITA,,,,,,https://images.fotmob.com/image_resources/logo/teamlogo/9891.png,https://images.fotmob.com/image_resources/logo/teamlogo/9885.png,2026-08-23,18:30
1,https://www.fotmob.com/matches/venezia-vs-lecce/2m02ql#5749649,5749649,Venezia,7881,Lecce,9888,False,False,False,55,Serie A,2026/2027,ITA,,,,,,https://images.fotmob.com/image_resources/logo/teamlogo/7881.png,https://images.fotmob.com/image_resources/logo/teamlogo/9888.png,2026-08-23,18:30
1,https://www.fotmob.com/matches/sassuolo-vs-atalanta/28qbxm#5749641,5749641,Atalanta,8524,Sassuolo,7943,False,False,False,55,Serie A,2026/2027,ITA,,,,,,https://images.fotmob.com/image_resources/logo/teamlogo/8524.png,https://images.fotmob.com/image_resources/logo/teamlogo/7943.png,2026-08-23,20:45
1,https://www.fotmob.com/matches/milan-vs-torino/2sg20c#5749647,5749647,Torino,9804,Milan,8564,False,False,False,55,Serie A,2026/2027,ITA,,,,,,https://images.fotmob.com/image_resources/logo/teamlogo/9804.png,https://images.fotmob.com/image_resources/logo/teamlogo/8564.png,2026-08-23,20:45
1,https://www.fotmob.com/matches/lazio-vs-bologna/2ssnzl#5749642,5749642,Bologna,9857,Lazio,8543,False,False,False,55,Serie A,2026/2027,ITA,,,,,,https://images.fotmob.com/image_resources/logo/teamlogo/9857.png,https://images.fotmob.com/image_resources/logo/teamlogo/8543.png,2026-08-24,18:30
1,https://www.fotmob.com/matches/fiorentina-vs-roma/2gak0t#5749640,5749640,Roma,8686,Fiorentina,8535,False,False,False,55,Serie A,2026/2027,ITA,,,,,,https://images.fotmob.com/image_resources/logo/teamlogo/8686.png,https://images.fotmob.com/image_resources/logo/teamlogo/8535.png,2026-08-24,20:45
2,https://www.fotmob.com/matches/venezia-vs-milan/28iklz#5749650,5749650,Milan,8564,Venezia,7881,False,False,False,55,Serie A,2026/2027,ITA,,,,,,https://images.fotmob.com/image_resources/logo/teamlogo/8564.png,https://images.fotmob.com/image_resources/logo/teamlogo/7881.png,2026-08-28,20:45
2,https://www.fotmob.com/matches/fiorentina-vs-frosinone/2t2xf6#5749653,5749653,Fiorentina,8535,Frosinone,9891,False,False,False,55,Serie A,2026/2027,ITA,,,,,,https://images.fotmob.com/image_resources/logo/teamlogo/8535.png,https://images.fotmob.com/image_resources/logo/teamlogo/9891.png,2026-08-29,18:30
2,https://www.fotmob.com/matches/monza-vs-udinese/1vx5w8#5749657,5749657,Monza,6504,Udinese,8600,False,False,False,55,Serie A,2026/2027,ITA,,,,,,https://images.fotmob.com/image_resources/logo/teamlogo/6504.png,https://images.fotmob.com/image_resources/logo/teamlogo/8600.png,2026-08-29,18:30
2,https://www.fotmob.com/matches/sassuolo-vs-torino/2lrp7u#5749659,5749659,Sassuolo,7943,Torino,9804,False,False,False,55,Serie A,2026/2027,ITA,,,,,,https://images.fotmob.com/image_resources/logo/teamlogo/7943.png,https://images.fotmob.com/image_resources/logo/teamlogo/9804.png,2026-08-29,18:30
2,https://www.fotmob.com/matches/juventus-vs-parma/3bpfv3#5749654,5749654,Juventus,9885,Parma,10167,False,False,False,55,Serie A,2026/2027,ITA,,,,,,https://images.fotmob.com/image_resources/logo/teamlogo/9885.png,https://images.fotmob.com/image_resources/logo/teamlogo/10167.png,2026-08-29,20:45
2,https://www.fotmob.com/matches/napoli-vs-como/3bmv18#5749658,5749658,Napoli,9875,Como,10171,False,False,False,55,Serie A,2026/2027,ITA,,,,,,https://images.fotmob.com/image_resources/logo/teamlogo/9875.png,https://images.fotmob.com/image_resources/logo/teamlogo/10171.png,2026-08-30,18:30
2,https://www.fotmob.com/matches/cagliari-vs-inter/2fpx1z#5749652,5749652,Cagliari,8529,Inter,8636,False,False,False,55,Serie A,2026/2027,ITA,,,,,,https://images.fotmob.com/image_resources/logo/teamlogo/8529.png,https://images.fotmob.com/image_resources/logo/teamlogo/8636.png,2026-08-30,20:45
2,https://www.fotmob.com/matches/lazio-vs-genoa/2wyfxn#5749655,5749655,Lazio,8543,Genoa,10233,False,False,False,55,Serie A,2026/2027,ITA,,,,,,https://images.fotmob.com/image_resources/logo/teamlogo/8543.png,https://images.fotmob.com/image_resources/logo/teamlogo/10233.png,2026-08-30,20:45
2,https://www.fotmob.com/matches/roma-vs-lecce/2upm4p#5749656,5749656,Lecce,9888,Roma,8686,False,False,False,55,Serie A,2026/2027,ITA,,,,,,https://images.fotmob.com/image_resources/logo/teamlogo/9888.png,https://images.fotmob.com/image_resources/logo/teamlogo/8686.png,2026-08-31,18:30
2,https://www.fotmob.com/matches/atalanta-vs-bologna/2sl6d8#5749651,5749651,Atalanta,8524,Bologna,9857,False,False,False,55,Serie A,2026/2027,ITA,,,,,,https://images.fotmob.com/image_resources/logo/teamlogo/8524.png,https://images.fotmob.com/image_resources/logo/teamlogo/9857.png,2026-08-31,20:45
3,https://www.fotmob.com/matches/como-vs-genoa/3fy2aj#5749665,5749665,Genoa,10233,Como,10171,False,False,False,55,Serie A,2026/2027,ITA,,,,,,https://images.fotmob.com/image_resources/logo/teamlogo/10233.png,https://images.fotmob.com/image_resources/logo/teamlogo/10171.png,2026-09-04,20:45
3,https://www.fotmob.com/matches/fiorentina-vs-torino/2s4nb6#5749663,5749663,Fiorentina,8535,Torino,9804,False,False,False,55,Serie A,2026/2027,ITA,,,,,,https://images.fotmob.com/image_resources/logo/teamlogo/8535.png,https://images.fotmob.com/image_resources/logo/teamlogo/9804.png,2026-09-05,15:00
3,https://www.fotmob.com/matches/inter-vs-napoli/2u0kq3#5749666,5749666,Inter,8636,Napoli,9875,False,False,False,55,Serie A,2026/2027,ITA,,,,,,https://images.fotmob.com/image_resources/logo/teamlogo/8636.png,https://images.fotmob.com/image_resources/logo/teamlogo/9875.png,2026-09-05,18:00
3,https://www.fotmob.com/matches/atalanta-vs-roma/2g6hwd#5749660,5749660,Roma,8686,Atalanta,8524,False,False,False,55,Serie A,2026/2027,ITA,,,,,,https://images.fotmob.com/image_resources/logo/teamlogo/8686.png,https://images.fotmob.com/image_resources/logo/teamlogo/8524.png,2026-09-05,20:45
3,https://www.fotmob.com/matches/venezia-vs-frosinone/2m17vl#5749664,5749664,Frosinone,9891,Venezia,7881,False,False,False,55,Serie A,2026/2027,ITA,,,,,,https://images.fotmob.com/image_resources/logo/teamlogo/9891.png,https://images.fotmob.com/image_resources/logo/teamlogo/7881.png,2026-09-06,15:00
3,https://www.fotmob.com/matches/monza-vs-parma/2aqqjc#5749668,5749668,Parma,10167,Monza,6504,False,False,False,55,Serie A,2026/2027,ITA,,,,,,https://images.fotmob.com/image_resources/logo/teamlogo/10167.png,https://images.fotmob.com/image_resources/logo/teamlogo/6504.png,2026-09-06,15:00
3,https://www.fotmob.com/matches/sassuolo-vs-bologna/2mbw4l#5749661,5749661,Bologna,9857,Sassuolo,7943,False,False,False,55,Serie A,2026/2027,ITA,,,,,,https://images.fotmob.com/image_resources/logo/teamlogo/9857.png,https://images.fotmob.com/image_resources/logo/teamlogo/7943.png,2026-09-06,18:00
3,https://www.fotmob.com/matches/milan-vs-juventus/2tc0mu#5749667,5749667,Juventus,9885,Milan,8564,False,False,False,55,Serie A,2026/2027,ITA,,,,,,https://images.fotmob.com/image_resources/logo/teamlogo/9885.png,https://images.fotmob.com/image_resources/logo/teamlogo/8564.png,2026-09-06,20:45
3,https://www.fotmob.com/matches/cagliari-vs-lecce/2szdhl#5749662,5749662,Cagliari,8529,Lecce,9888,False,False,False,55,Serie A,2026/2027,ITA,,,,,,https://images.fotmob.com/image_resources/logo/teamlogo/8529.png,https://images.fotmob.com/image_resources/logo/teamlogo/9888.png,2026-09-07,18:00
3,https://www.fotmob.com/matches/lazio-vs-udinese/2fhtto#5749669,5749669,Udinese,8600,Lazio,8543,False,False,False,55,Serie A,2026/2027,ITA,,,,,,https://images.fotmob.com/image_resources/logo/teamlogo/8600.png,https://images.fotmob.com/image_resources/logo/teamlogo/8543.png,2026-09-07,20:45
4,https://www.fotmob.com/matches/venezia-vs-fiorentina/288cx3#5749679,5749679,Venezia,7881,Fiorentina,8535,False,False,False,55,Serie A,2026/2027,ITA,,,,,,https://images.fotmob.com/image_resources/logo/teamlogo/7881.png,https://images.fotmob.com/image_resources/logo/teamlogo/8535.png,2026-09-11,20:45
4,https://www.fotmob.com/matches/frosinone-vs-genoa/3ckfw9#5749672,5749672,Genoa,10233,Frosinone,9891,False,False,False,55,Serie A,2026/2027,ITA,,,,,,https://images.fotmob.com/image_resources/logo/teamlogo/10233.png,https://images.fotmob.com/image_resources/logo/teamlogo/9891.png,2026-09-12,15:00
4,https://www.fotmob.com/matches/sassuolo-vs-juventus/2mml13#5749677,5749677,Sassuolo,7943,Juventus,9885,False,False,False,55,Serie A,2026/2027,ITA,,,,,,https://images.fotmob.com/image_resources/logo/teamlogo/7943.png,https://images.fotmob.com/image_resources/logo/teamlogo/9885.png,2026-09-12,18:00
4,https://www.fotmob.com/matches/atalanta-vs-cagliari/2ekudg#5749670,5749670,Atalanta,8524,Cagliari,8529,False,False,False,55,Serie A,2026/2027,ITA,,,,,,https://images.fotmob.com/image_resources/logo/teamlogo/8524.png,https://images.fotmob.com/image_resources/logo/teamlogo/8529.png,2026-09-12,20:45
4,https://www.fotmob.com/matches/roma-vs-torino/2ts8vv#5749678,5749678,Torino,9804,Roma,8686,False,False,False,55,Serie A,2026/2027,ITA,,,,,,https://images.fotmob.com/image_resources/logo/teamlogo/9804.png,https://images.fotmob.com/image_resources/logo/teamlogo/8686.png,2026-09-13,12:30
4,https://www.fotmob.com/matches/parma-vs-como/3f58t2#5749671,5749671,Como,10171,Parma,10167,False,False,False,55,Serie A,2026/2027,ITA,,,,,,https://images.fotmob.com/image_resources/logo/teamlogo/10171.png,https://images.fotmob.com/image_resources/logo/teamlogo/10167.png,2026-09-13,15:00
4,https://www.fotmob.com/matches/monza-vs-lecce/27zy6c#5749675,5749675,Lecce,9888,Monza,6504,False,False,False,55,Serie A,2026/2027,ITA,,,,,,https://images.fotmob.com/image_resources/logo/teamlogo/9888.png,https://images.fotmob.com/image_resources/logo/teamlogo/6504.png,2026-09-13,15:00
4,https://www.fotmob.com/matches/bologna-vs-napoli/37x04l#5749676,5749676,Napoli,9875,Bologna,9857,False,False,False,55,Serie A,2026/2027,ITA,,,,,,https://images.fotmob.com/image_resources/logo/teamlogo/9875.png,https://images.fotmob.com/image_resources/logo/teamlogo/9857.png,2026-09-13,18:00
4,https://www.fotmob.com/matches/lazio-vs-milan/2f4m36#5749674,5749674,Lazio,8543,Milan,8564,False,False,False,55,Serie A,2026/2027,ITA,,,,,,https://images.fotmob.com/image_resources/logo/teamlogo/8543.png,https://images.fotmob.com/image_resources/logo/teamlogo/8564.png,2026-09-13,20:45
4,https://www.fotmob.com/matches/udinese-vs-inter/2gg3e6#5749673,5749673,Inter,8636,Udinese,8600,False,False,False,55,Serie A,2026/2027,ITA,,,,,,https://images.fotmob.com/image_resources/logo/teamlogo/8636.png,https://images.fotmob.com/image_resources/logo/teamlogo/8600.png,2026-09-14,20:45
5,https://www.fotmob.com/matches/monza-vs-sassuolo/1q52rz#5749686,5749686,Monza,6504,Sassuolo,7943,False,False,False,55,Serie A,2026/2027,ITA,,,,,,https://images.fotmob.com/image_resources/logo/teamlogo/6504.png,https://images.fotmob.com/image_resources/logo/teamlogo/7943.png,2026-09-18,20:45
5,https://www.fotmob.com/matches/torino-vs-bologna/373118#5749682,5749682,Bologna,9857,Torino,9804,False,False,False,55,Serie A,2026/2027,ITA,,,,,,https://images.fotmob.com/image_resources/logo/teamlogo/9857.png,https://images.fotmob.com/image_resources/logo/teamlogo/9804.png,2026-09-19,15:00
5,https://www.fotmob.com/matches/cagliari-vs-udinese/2fcoph#5749688,5749688,Udinese,8600,Cagliari,8529,False,False,False,55,Serie A,2026/2027,ITA,,,,,,https://images.fotmob.com/image_resources/logo/teamlogo/8600.png,https://images.fotmob.com/image_resources/logo/teamlogo/8529.png,2026-09-19,15:00
5,https://www.fotmob.com/matches/inter-vs-roma/2hby2d#5749681,5749681,Roma,8686,Inter,8636,False,False,False,55,Serie A,2026/2027,ITA,,,,,,https://images.fotmob.com/image_resources/logo/teamlogo/8686.png,https://images.fotmob.com/image_resources/logo/teamlogo/8636.png,2026-09-19,18:00
5,https://www.fotmob.com/matches/venezia-vs-lazio/28b6ab#5749689,5749689,Venezia,7881,Lazio,8543,False,False,False,55,Serie A,2026/2027,ITA,,,,,,https://images.fotmob.com/image_resources/logo/teamlogo/7881.png,https://images.fotmob.com/image_resources/logo/teamlogo/8543.png,2026-09-19,20:45
5,https://www.fotmob.com/matches/fiorentina-vs-napoli/2swm0q#5749683,5749683,Fiorentina,8535,Napoli,9875,False,False,False,55,Serie A,2026/2027,ITA,,,,,,https://images.fotmob.com/image_resources/logo/teamlogo/8535.png,https://images.fotmob.com/image_resources/logo/teamlogo/9875.png,2026-09-20,12:30
5,https://www.fotmob.com/matches/frosinone-vs-como/3btqms#5749684,5749684,Frosinone,9891,Como,10171,False,False,False,55,Serie A,2026/2027,ITA,,,,,,https://images.fotmob.com/image_resources/logo/teamlogo/9891.png,https://images.fotmob.com/image_resources/logo/teamlogo/10171.png,2026-09-20,15:00
5,https://www.fotmob.com/matches/parma-vs-genoa/3fwbbl#5749687,5749687,Parma,10167,Genoa,10233,False,False,False,55,Serie A,2026/2027,ITA,,,,,,https://images.fotmob.com/image_resources/logo/teamlogo/10167.png,https://images.fotmob.com/image_resources/logo/teamlogo/10233.png,2026-09-20,15:00
5,https://www.fotmob.com/matches/atalanta-vs-juventus/2sw7tm#5749685,5749685,Juventus,9885,Atalanta,8524,False,False,False,55,Serie A,2026/2027,ITA,,,,,,https://images.fotmob.com/image_resources/logo/teamlogo/9885.png,https://images.fotmob.com/image_resources/logo/teamlogo/8524.png,2026-09-20,18:00
5,https://www.fotmob.com/matches/milan-vs-lecce/2td7ci#5749680,5749680,Milan,8564,Lecce,9888,False,False,False,55,Serie A,2026/2027,ITA,,,,,,https://images.fotmob.com/image_resources/logo/teamlogo/8564.png,https://images.fotmob.com/image_resources/logo/teamlogo/9888.png,2026-09-20,20:45
6,https://www.fotmob.com/matches/venezia-vs-atalanta/284hmb#5749690,5749690,Atalanta,8524,Venezia,7881,False,False,False,55,Serie A,2026/2027,ITA,,,,,,https://images.fotmob.com/image_resources/logo/teamlogo/8524.png,https://images.fotmob.com/image_resources/logo/teamlogo/7881.png,2026-10-11,18:30
6,https://www.fotmob.com/matches/cagliari-vs-juventus/2sy6uu#5749691,5749691,Cagliari,8529,Juventus,9885,False,False,False,55,Serie A,2026/2027,ITA,,,,,,https://images.fotmob.com/image_resources/logo/teamlogo/8529.png,https://images.fotmob.com/image_resources/logo/teamlogo/9885.png,2026-10-11,18:30
6,https://www.fotmob.com/matches/roma-vs-como/2xv43v#5749692,5749692,Como,10171,Roma,8686,False,False,False,55,Serie A,2026/2027,ITA,,,,,,https://images.fotmob.com/image_resources/logo/teamlogo/10171.png,https://images.fotmob.com/image_resources/logo/teamlogo/8686.png,2026-10-11,18:30
6,https://www.fotmob.com/matches/fiorentina-vs-genoa/2wv81r#5749693,5749693,Genoa,10233,Fiorentina,8535,False,False,False,55,Serie A,2026/2027,ITA,,,,,,https://images.fotmob.com/image_resources/logo/teamlogo/10233.png,https://images.fotmob.com/image_resources/logo/teamlogo/8535.png,2026-10-11,18:30
6,https://www.fotmob.com/matches/inter-vs-parma/2x9bgq#5749694,5749694,Inter,8636,Parma,10167,False,False,False,55,Serie A,2026/2027,ITA,,,,,,https://images.fotmob.com/image_resources/logo/teamlogo/8636.png,https://images.fotmob.com/image_resources/logo/teamlogo/10167.png,2026-10-11,18:30
6,https://www.fotmob.com/matches/monza-vs-lazio/1veqsb#5749695,5749695,Lazio,8543,Monza,6504,False,False,False,55,Serie A,2026/2027,ITA,,,,,,https://images.fotmob.com/image_resources/logo/teamlogo/8543.png,https://images.fotmob.com/image_resources/logo/teamlogo/6504.png,2026-10-11,18:30
6,https://www.fotmob.com/matches/bologna-vs-lecce/382i4x#5749696,5749696,Lecce,9888,Bologna,9857,False,False,False,55,Serie A,2026/2027,ITA,,,,,,https://images.fotmob.com/image_resources/logo/teamlogo/9888.png,https://images.fotmob.com/image_resources/logo/teamlogo/9857.png,2026-10-11,18:30
6,https://www.fotmob.com/matches/sassuolo-vs-milan/294gu6#5749698,5749698,Sassuolo,7943,Milan,8564,False,False,False,55,Serie A,2026/2027,ITA,,,,,,https://images.fotmob.com/image_resources/logo/teamlogo/7943.png,https://images.fotmob.com/image_resources/logo/teamlogo/8564.png,2026-10-11,18:30
6,https://www.fotmob.com/matches/napoli-vs-frosinone/38be9c#5749697,5749697,Napoli,9875,Frosinone,9891,False,False,False,55,Serie A,2026/2027,ITA,,,,,,https://images.fotmob.com/image_resources/logo/teamlogo/9875.png,https://images.fotmob.com/image_resources/logo/teamlogo/9891.png,2026-10-11,18:30
6,https://www.fotmob.com/matches/udinese-vs-torino/2su8qu#5749699,5749699,Torino,9804,Udinese,8600,False,False,False,55,Serie A,2026/2027,ITA,,,,,,https://images.fotmob.com/image_resources/logo/teamlogo/9804.png,https://images.fotmob.com/image_resources/logo/teamlogo/8600.png,2026-10-11,18:30
7,https://www.fotmob.com/matches/atalanta-vs-milan/2exnf8#5749700,5749700,Milan,8564,Atalanta,8524,False,False,False,55,Serie A,2026/2027,ITA,,,,,,https://images.fotmob.com/image_resources/logo/teamlogo/8564.png,https://images.fotmob.com/image_resources/logo/teamlogo/8524.png,2026-10-18,18:30
7,https://www.fotmob.com/matches/inter-vs-bologna/2ttfqc#5749702,5749702,Bologna,9857,Inter,8636,False,False,False,55,Serie A,2026/2027,ITA,,,,,,https://images.fotmob.com/image_resources/logo/teamlogo/9857.png,https://images.fotmob.com/image_resources/logo/teamlogo/8636.png,2026-10-18,18:30
7,https://www.fotmob.com/matches/fiorentina-vs-como/2w6bnm#5749703,5749703,Fiorentina,8535,Como,10171,False,False,False,55,Serie A,2026/2027,ITA,,,,,,https://images.fotmob.com/image_resources/logo/teamlogo/8535.png,https://images.fotmob.com/image_resources/logo/teamlogo/10171.png,2026-10-18,18:30
7,https://www.fotmob.com/matches/sassuolo-vs-frosinone/2movl6#5749704,5749704,Frosinone,9891,Sassuolo,7943,False,False,False,55,Serie A,2026/2027,ITA,,,,,,https://images.fotmob.com/image_resources/logo/teamlogo/9891.png,https://images.fotmob.com/image_resources/logo/teamlogo/7943.png,2026-10-18,18:30
7,https://www.fotmob.com/matches/lazio-vs-juventus/2t3pur#5749705,5749705,Juventus,9885,Lazio,8543,False,False,False,55,Serie A,2026/2027,ITA,,,,,,https://images.fotmob.com/image_resources/logo/teamlogo/9885.png,https://images.fotmob.com/image_resources/logo/teamlogo/8543.png,2026-10-18,18:30
7,https://www.fotmob.com/matches/monza-vs-cagliari/1va8au#5749706,5749706,Monza,6504,Cagliari,8529,False,False,False,55,Serie A,2026/2027,ITA,,,,,,https://images.fotmob.com/image_resources/logo/teamlogo/6504.png,https://images.fotmob.com/image_resources/logo/teamlogo/8529.png,2026-10-18,18:30
7,https://www.fotmob.com/matches/torino-vs-parma/3aqp1u#5749707,5749707,Parma,10167,Torino,9804,False,False,False,55,Serie A,2026/2027,ITA,,,,,,https://images.fotmob.com/image_resources/logo/teamlogo/10167.png,https://images.fotmob.com/image_resources/logo/teamlogo/9804.png,2026-10-18,18:30
7,https://www.fotmob.com/matches/roma-vs-genoa/2yk7q2#5749701,5749701,Roma,8686,Genoa,10233,False,False,False,55,Serie A,2026/2027,ITA,,,,,,https://images.fotmob.com/image_resources/logo/teamlogo/8686.png,https://images.fotmob.com/image_resources/logo/teamlogo/10233.png,2026-10-18,18:30
7,https://www.fotmob.com/matches/udinese-vs-lecce/2trgf0#5749708,5749708,Udinese,8600,Lecce,9888,False,False,False,55,Serie A,2026/2027,ITA,,,,,,https://images.fotmob.com/image_resources/logo/teamlogo/8600.png,https://images.fotmob.com/image_resources/logo/teamlogo/9888.png,2026-10-18,18:30
7,https://www.fotmob.com/matches/venezia-vs-napoli/2lv4jt#5749709,5749709,Venezia,7881,Napoli,9875,False,False,False,55,Serie A,2026/2027,ITA,,,,,,https://images.fotmob.com/image_resources/logo/teamlogo/7881.png,https://images.fotmob.com/image_resources/logo/teamlogo/9875.png,2026-10-18,18:30
8,https://www.fotmob.com/matches/atalanta-vs-frosinone/2syl2j#5749710,5749710,Atalanta,8524,Frosinone,9891,False,False,False,55,Serie A,2026/2027,ITA,,,,,,https://images.fotmob.com/image_resources/logo/teamlogo/8524.png,https://images.fotmob.com/image_resources/logo/teamlogo/9891.png,2026-10-25,18:30
8,https://www.fotmob.com/matches/cagliari-vs-bologna/2sn5ak#5749711,5749711,Cagliari,8529,Bologna,9857,False,False,False,55,Serie A,2026/2027,ITA,,,,,,https://images.fotmob.com/image_resources/logo/teamlogo/8529.png,https://images.fotmob.com/image_resources/logo/teamlogo/9857.png,2026-10-25,18:30
8,https://www.fotmob.com/matches/sassuolo-vs-como/2popgq#5749712,5749712,Como,10171,Sassuolo,7943,False,False,False,55,Serie A,2026/2027,ITA,,,,,,https://images.fotmob.com/image_resources/logo/teamlogo/10171.png,https://images.fotmob.com/image_resources/logo/teamlogo/7943.png,2026-10-25,18:30
8,https://www.fotmob.com/matches/venezia-vs-genoa/2popf0#5749713,5749713,Genoa,10233,Venezia,7881,False,False,False,55,Serie A,2026/2027,ITA,,,,,,https://images.fotmob.com/image_resources/logo/teamlogo/10233.png,https://images.fotmob.com/image_resources/logo/teamlogo/7881.png,2026-10-25,18:30
8,https://www.fotmob.com/matches/fiorentina-vs-inter/2fs4je#5749714,5749714,Inter,8636,Fiorentina,8535,False,False,False,55,Serie A,2026/2027,ITA,,,,,,https://images.fotmob.com/image_resources/logo/teamlogo/8636.png,https://images.fotmob.com/image_resources/logo/teamlogo/8535.png,2026-10-25,18:30
8,https://www.fotmob.com/matches/lazio-vs-parma/2w7xek#5749715,5749715,Lazio,8543,Parma,10167,False,False,False,55,Serie A,2026/2027,ITA,,,,,,https://images.fotmob.com/image_resources/logo/teamlogo/8543.png,https://images.fotmob.com/image_resources/logo/teamlogo/10167.png,2026-10-25,18:30
8,https://www.fotmob.com/matches/juventus-vs-lecce/38ed1f#5749716,5749716,Lecce,9888,Juventus,9885,False,False,False,55,Serie A,2026/2027,ITA,,,,,,https://images.fotmob.com/image_resources/logo/teamlogo/9888.png,https://images.fotmob.com/image_resources/logo/teamlogo/9885.png,2026-10-25,18:30
8,https://www.fotmob.com/matches/roma-vs-napoli/2ukfv8#5749717,5749717,Napoli,9875,Roma,8686,False,False,False,55,Serie A,2026/2027,ITA,,,,,,https://images.fotmob.com/image_resources/logo/teamlogo/9875.png,https://images.fotmob.com/image_resources/logo/teamlogo/8686.png,2026-10-25,18:30
8,https://www.fotmob.com/matches/monza-vs-torino/276icu#5749718,5749718,Torino,9804,Monza,6504,False,False,False,55,Serie A,2026/2027,ITA,,,,,,https://images.fotmob.com/image_resources/logo/teamlogo/9804.png,https://images.fotmob.com/image_resources/logo/teamlogo/6504.png,2026-10-25,18:30
8,https://www.fotmob.com/matches/milan-vs-udinese/2fpjs6#5749719,5749719,Udinese,8600,Milan,8564,False,False,False,55,Serie A,2026/2027,ITA,,,,,,https://images.fotmob.com/image_resources/logo/teamlogo/8600.png,https://images.fotmob.com/image_resources/logo/teamlogo/8564.png,2026-10-25,18:30
9,https://www.fotmob.com/matches/milan-vs-bologna/2t0ybc#5749720,5749720,Milan,8564,Bologna,9857,False,False,False,55,Serie A,2026/2027,ITA,,,,,,https://images.fotmob.com/image_resources/logo/teamlogo/8564.png,https://images.fotmob.com/image_resources/logo/teamlogo/9857.png,2026-10-28,18:30
9,https://www.fotmob.com/matches/atalanta-vs-fiorentina/2en1cd#5749722,5749722,Fiorentina,8535,Atalanta,8524,False,False,False,55,Serie A,2026/2027,ITA,,,,,,https://images.fotmob.com/image_resources/logo/teamlogo/8535.png,https://images.fotmob.com/image_resources/logo/teamlogo/8524.png,2026-10-28,18:30
9,https://www.fotmob.com/matches/lecce-vs-frosinone/38gwll#5749723,5749723,Frosinone,9891,Lecce,9888,False,False,False,55,Serie A,2026/2027,ITA,,,,,,https://images.fotmob.com/image_resources/logo/teamlogo/9891.png,https://images.fotmob.com/image_resources/logo/teamlogo/9888.png,2026-10-28,18:30
9,https://www.fotmob.com/matches/juventus-vs-genoa/3chuqi#5749724,5749724,Genoa,10233,Juventus,9885,False,False,False,55,Serie A,2026/2027,ITA,,,,,,https://images.fotmob.com/image_resources/logo/teamlogo/10233.png,https://images.fotmob.com/image_resources/logo/teamlogo/9885.png,2026-10-28,18:30
9,https://www.fotmob.com/matches/monza-vs-napoli/27vdst#5749725,5749725,Monza,6504,Napoli,9875,False,False,False,55,Serie A,2026/2027,ITA,,,,,,https://images.fotmob.com/image_resources/logo/teamlogo/6504.png,https://images.fotmob.com/image_resources/logo/teamlogo/9875.png,2026-10-28,18:30
9,https://www.fotmob.com/matches/udinese-vs-parma/2wutm8#5749726,5749726,Parma,10167,Udinese,8600,False,False,False,55,Serie A,2026/2027,ITA,,,,,,https://images.fotmob.com/image_resources/logo/teamlogo/10167.png,https://images.fotmob.com/image_resources/logo/teamlogo/8600.png,2026-10-28,18:30
9,https://www.fotmob.com/matches/cagliari-vs-roma/2g8cb2#5749721,5749721,Roma,8686,Cagliari,8529,False,False,False,55,Serie A,2026/2027,ITA,,,,,,https://images.fotmob.com/image_resources/logo/teamlogo/8686.png,https://images.fotmob.com/image_resources/logo/teamlogo/8529.png,2026-10-28,18:30
9,https://www.fotmob.com/matches/sassuolo-vs-lazio/28x1ic#5749727,5749727,Sassuolo,7943,Lazio,8543,False,False,False,55,Serie A,2026/2027,ITA,,,,,,https://images.fotmob.com/image_resources/logo/teamlogo/7943.png,https://images.fotmob.com/image_resources/logo/teamlogo/8543.png,2026-10-28,18:30
9,https://www.fotmob.com/matches/torino-vs-como/3asep4#5749728,5749728,Torino,9804,Como,10171,False,False,False,55,Serie A,2026/2027,ITA,,,,,,https://images.fotmob.com/image_resources/logo/teamlogo/9804.png,https://images.fotmob.com/image_resources/logo/teamlogo/10171.png,2026-10-28,18:30
9,https://www.fotmob.com/matches/venezia-vs-inter/2980az#5749729,5749729,Venezia,7881,Inter,8636,False,False,False,55,Serie A,2026/2027,ITA,,,,,,https://images.fotmob.com/image_resources/logo/teamlogo/7881.png,https://images.fotmob.com/image_resources/logo/teamlogo/8636.png,2026-10-28,18:30
10,https://www.fotmob.com/matches/milan-vs-inter/2g2t3o#5749730,5749730,Milan,8564,Inter,8636,False,False,False,55,Serie A,2026/2027,ITA,,,,,,https://images.fotmob.com/image_resources/logo/teamlogo/8564.png,https://images.fotmob.com/image_resources/logo/teamlogo/8636.png,2026-11-01,18:30
10,https://www.fotmob.com/matches/atalanta-vs-parma/2w0b82#5749731,5749731,Atalanta,8524,Parma,10167,False,False,False,55,Serie A,2026/2027,ITA,,,,,,https://images.fotmob.com/image_resources/logo/teamlogo/8524.png,https://images.fotmob.com/image_resources/logo/teamlogo/10167.png,2026-11-01,18:30
10,https://www.fotmob.com/matches/monza-vs-bologna/27p2f2#5749732,5749732,Bologna,9857,Monza,6504,False,False,False,55,Serie A,2026/2027,ITA,,,,,,https://images.fotmob.com/image_resources/logo/teamlogo/9857.png,https://images.fotmob.com/image_resources/logo/teamlogo/6504.png,2026-11-01,18:30
10,https://www.fotmob.com/matches/venezia-vs-como/2p0ob7#5749733,5749733,Como,10171,Venezia,7881,False,False,False,55,Serie A,2026/2027,ITA,,,,,,https://images.fotmob.com/image_resources/logo/teamlogo/10171.png,https://images.fotmob.com/image_resources/logo/teamlogo/7881.png,2026-11-01,18:30
10,https://www.fotmob.com/matches/torino-vs-frosinone/37hdbf#5749734,5749734,Frosinone,9891,Torino,9804,False,False,False,55,Serie A,2026/2027,ITA,,,,,,https://images.fotmob.com/image_resources/logo/teamlogo/9891.png,https://images.fotmob.com/image_resources/logo/teamlogo/9804.png,2026-11-01,18:30
10,https://www.fotmob.com/matches/napoli-vs-juventus/388ur9#5749735,5749735,Juventus,9885,Napoli,9875,False,False,False,55,Serie A,2026/2027,ITA,,,,,,https://images.fotmob.com/image_resources/logo/teamlogo/9885.png,https://images.fotmob.com/image_resources/logo/teamlogo/9875.png,2026-11-01,18:30
10,https://www.fotmob.com/matches/cagliari-vs-lazio/2ersjb#5749736,5749736,Lazio,8543,Cagliari,8529,False,False,False,55,Serie A,2026/2027,ITA,,,,,,https://images.fotmob.com/image_resources/logo/teamlogo/8543.png,https://images.fotmob.com/image_resources/logo/teamlogo/8529.png,2026-11-01,18:30
10,https://www.fotmob.com/matches/lecce-vs-genoa/3cj5b9#5749737,5749737,Lecce,9888,Genoa,10233,False,False,False,55,Serie A,2026/2027,ITA,,,,,,https://images.fotmob.com/image_resources/logo/teamlogo/9888.png,https://images.fotmob.com/image_resources/logo/teamlogo/10233.png,2026-11-01,18:30
10,https://www.fotmob.com/matches/sassuolo-vs-fiorentina/28u7rc#5749738,5749738,Sassuolo,7943,Fiorentina,8535,False,False,False,55,Serie A,2026/2027,ITA,,,,,,https://images.fotmob.com/image_resources/logo/teamlogo/7943.png,https://images.fotmob.com/image_resources/logo/teamlogo/8535.png,2026-11-01,18:30
10,https://www.fotmob.com/matches/udinese-vs-roma/2gyldv#5749739,5749739,Udinese,8600,Roma,8686,False,False,False,55,Serie A,2026/2027,ITA,,,,,,https://images.fotmob.com/image_resources/logo/teamlogo/8600.png,https://images.fotmob.com/image_resources/logo/teamlogo/8686.png,2026-11-01,18:30
11,https://www.fotmob.com/matches/cagliari-vs-frosinone/2t0k4l#5749741,5749741,Cagliari,8529,Frosinone,9891,False,False,False,55,Serie A,2026/2027,ITA,,,,,,https://images.fotmob.com/image_resources/logo/teamlogo/8529.png,https://images.fotmob.com/image_resources/logo/teamlogo/9891.png,2026-11-08,18:30
11,https://www.fotmob.com/matches/fiorentina-vs-juventus/2t0k4f#5749742,5749742,Fiorentina,8535,Juventus,9885,False,False,False,55,Serie A,2026/2027,ITA,,,,,,https://images.fotmob.com/image_resources/logo/teamlogo/8535.png,https://images.fotmob.com/image_resources/logo/teamlogo/9885.png,2026-11-08,18:30
11,https://www.fotmob.com/matches/milan-vs-genoa/2x6wdb#5749743,5749743,Genoa,10233,Milan,8564,False,False,False,55,Serie A,2026/2027,ITA,,,,,,https://images.fotmob.com/image_resources/logo/teamlogo/10233.png,https://images.fotmob.com/image_resources/logo/teamlogo/8564.png,2026-11-08,18:30
11,https://www.fotmob.com/matches/inter-vs-como/2xaxi8#5749744,5749744,Inter,8636,Como,10171,False,False,False,55,Serie A,2026/2027,ITA,,,,,,https://images.fotmob.com/image_resources/logo/teamlogo/8636.png,https://images.fotmob.com/image_resources/logo/teamlogo/10171.png,2026-11-08,18:30
11,https://www.fotmob.com/matches/monza-vs-atalanta/1v8mb2#5749745,5749745,Monza,6504,Atalanta,8524,False,False,False,55,Serie A,2026/2027,ITA,,,,,,https://images.fotmob.com/image_resources/logo/teamlogo/6504.png,https://images.fotmob.com/image_resources/logo/teamlogo/8524.png,2026-11-08,18:30
11,https://www.fotmob.com/matches/bologna-vs-parma/3bdewt#5749747,5749747,Parma,10167,Bologna,9857,False,False,False,55,Serie A,2026/2027,ITA,,,,,,https://images.fotmob.com/image_resources/logo/teamlogo/10167.png,https://images.fotmob.com/image_resources/logo/teamlogo/9857.png,2026-11-08,18:30
11,https://www.fotmob.com/matches/sassuolo-vs-roma/2absmd#5749740,5749740,Roma,8686,Sassuolo,7943,False,False,False,55,Serie A,2026/2027,ITA,,,,,,https://images.fotmob.com/image_resources/logo/teamlogo/8686.png,https://images.fotmob.com/image_resources/logo/teamlogo/7943.png,2026-11-08,18:30
11,https://www.fotmob.com/matches/lazio-vs-napoli/2szrou#5749746,5749746,Napoli,9875,Lazio,8543,False,False,False,55,Serie A,2026/2027,ITA,,,,,,https://images.fotmob.com/image_resources/logo/teamlogo/9875.png,https://images.fotmob.com/image_resources/logo/teamlogo/8543.png,2026-11-08,18:30
11,https://www.fotmob.com/matches/torino-vs-lecce/37g3q6#5749748,5749748,Torino,9804,Lecce,9888,False,False,False,55,Serie A,2026/2027,ITA,,,,,,https://images.fotmob.com/image_resources/logo/teamlogo/9804.png,https://images.fotmob.com/image_resources/logo/teamlogo/9888.png,2026-11-08,18:30
11,https://www.fotmob.com/matches/venezia-vs-udinese/28v9yh#5749749,5749749,Venezia,7881,Udinese,8600,False,False,False,55,Serie A,2026/2027,ITA,,,,,,https://images.fotmob.com/image_resources/logo/teamlogo/7881.png,https://images.fotmob.com/image_resources/logo/teamlogo/8600.png,2026-11-08,18:30
12,https://www.fotmob.com/matches/milan-vs-frosinone/2tee2f#5749750,5749750,Milan,8564,Frosinone,9891,False,False,False,55,Serie A,2026/2027,ITA,,,,,,https://images.fotmob.com/image_resources/logo/teamlogo/8564.png,https://images.fotmob.com/image_resources/logo/teamlogo/9891.png,2026-11-22,18:30
12,https://www.fotmob.com/matches/atalanta-vs-inter/2fo2u8#5749751,5749751,Atalanta,8524,Inter,8636,False,False,False,55,Serie A,2026/2027,ITA,,,,,,https://images.fotmob.com/image_resources/logo/teamlogo/8524.png,https://images.fotmob.com/image_resources/logo/teamlogo/8636.png,2026-11-22,18:30
12,https://www.fotmob.com/matches/udinese-vs-bologna/2tf6iu#5749752,5749752,Bologna,9857,Udinese,8600,False,False,False,55,Serie A,2026/2027,ITA,,,,,,https://images.fotmob.com/image_resources/logo/teamlogo/9857.png,https://images.fotmob.com/image_resources/logo/teamlogo/8600.png,2026-11-22,18:30
12,https://www.fotmob.com/matches/cagliari-vs-como/2w3x27#5749753,5749753,Como,10171,Cagliari,8529,False,False,False,55,Serie A,2026/2027,ITA,,,,,,https://images.fotmob.com/image_resources/logo/teamlogo/10171.png,https://images.fotmob.com/image_resources/logo/teamlogo/8529.png,2026-11-22,18:30
12,https://www.fotmob.com/matches/venezia-vs-juventus/2lyxlu#5749754,5749754,Juventus,9885,Venezia,7881,False,False,False,55,Serie A,2026/2027,ITA,,,,,,https://images.fotmob.com/image_resources/logo/teamlogo/9885.png,https://images.fotmob.com/image_resources/logo/teamlogo/7881.png,2026-11-22,18:30
12,https://www.fotmob.com/matches/lazio-vs-lecce/2t4wio#5749755,5749755,Lazio,8543,Lecce,9888,False,False,False,55,Serie A,2026/2027,ITA,,,,,,https://images.fotmob.com/image_resources/logo/teamlogo/8543.png,https://images.fotmob.com/image_resources/logo/teamlogo/9888.png,2026-11-22,18:30
12,https://www.fotmob.com/matches/monza-vs-fiorentina/1vc5x3#5749756,5749756,Monza,6504,Fiorentina,8535,False,False,False,55,Serie A,2026/2027,ITA,,,,,,https://images.fotmob.com/image_resources/logo/teamlogo/6504.png,https://images.fotmob.com/image_resources/logo/teamlogo/8535.png,2026-11-22,18:30
12,https://www.fotmob.com/matches/roma-vs-parma/2xthwt#5749758,5749758,Parma,10167,Roma,8686,False,False,False,55,Serie A,2026/2027,ITA,,,,,,https://images.fotmob.com/image_resources/logo/teamlogo/10167.png,https://images.fotmob.com/image_resources/logo/teamlogo/8686.png,2026-11-22,18:30
12,https://www.fotmob.com/matches/sassuolo-vs-genoa/2qctjb#5749759,5749759,Sassuolo,7943,Genoa,10233,False,False,False,55,Serie A,2026/2027,ITA,,,,,,https://images.fotmob.com/image_resources/logo/teamlogo/7943.png,https://images.fotmob.com/image_resources/logo/teamlogo/10233.png,2026-11-22,18:30
12,https://www.fotmob.com/matches/torino-vs-napoli/37am8z#5749757,5749757,Napoli,9875,Torino,9804,False,False,False,55,Serie A,2026/2027,ITA,,,,,,https://images.fotmob.com/image_resources/logo/teamlogo/9875.png,https://images.fotmob.com/image_resources/logo/teamlogo/9804.png,2026-11-22,18:30
13,https://www.fotmob.com/matches/cagliari-vs-milan/2ezhcz#5749761,5749761,Cagliari,8529,Milan,8564,False,False,False,55,Serie A,2026/2027,ITA,,,,,,https://images.fotmob.com/image_resources/logo/teamlogo/8529.png,https://images.fotmob.com/image_resources/logo/teamlogo/8564.png,2026-11-29,18:30
13,https://www.fotmob.com/matches/juventus-vs-como/3br5rd#5749762,5749762,Como,10171,Juventus,9885,False,False,False,55,Serie A,2026/2027,ITA,,,,,,https://images.fotmob.com/image_resources/logo/teamlogo/10171.png,https://images.fotmob.com/image_resources/logo/teamlogo/9885.png,2026-11-29,18:30
13,https://www.fotmob.com/matches/frosinone-vs-parma/3bs0pu#5749763,5749763,Frosinone,9891,Parma,10167,False,False,False,55,Serie A,2026/2027,ITA,,,,,,https://images.fotmob.com/image_resources/logo/teamlogo/9891.png,https://images.fotmob.com/image_resources/logo/teamlogo/10167.png,2026-11-29,18:30
13,https://www.fotmob.com/matches/inter-vs-genoa/2xzyqb#5749764,5749764,Inter,8636,Genoa,10233,False,False,False,55,Serie A,2026/2027,ITA,,,,,,https://images.fotmob.com/image_resources/logo/teamlogo/8636.png,https://images.fotmob.com/image_resources/logo/teamlogo/10233.png,2026-11-29,18:30
13,https://www.fotmob.com/matches/atalanta-vs-lecce/2sxefy#5749765,5749765,Lecce,9888,Atalanta,8524,False,False,False,55,Serie A,2026/2027,ITA,,,,,,https://images.fotmob.com/image_resources/logo/teamlogo/9888.png,https://images.fotmob.com/image_resources/logo/teamlogo/8524.png,2026-11-29,18:30
13,https://www.fotmob.com/matches/monza-vs-roma/1wp34b#5749760,5749760,Roma,8686,Monza,6504,False,False,False,55,Serie A,2026/2027,ITA,,,,,,https://images.fotmob.com/image_resources/logo/teamlogo/8686.png,https://images.fotmob.com/image_resources/logo/teamlogo/6504.png,2026-11-29,18:30
13,https://www.fotmob.com/matches/sassuolo-vs-napoli/2mirhu#5749766,5749766,Sassuolo,7943,Napoli,9875,False,False,False,55,Serie A,2026/2027,ITA,,,,,,https://images.fotmob.com/image_resources/logo/teamlogo/7943.png,https://images.fotmob.com/image_resources/logo/teamlogo/9875.png,2026-11-29,18:30
13,https://www.fotmob.com/matches/lazio-vs-torino/2s7sji#5749767,5749767,Torino,9804,Lazio,8543,False,False,False,55,Serie A,2026/2027,ITA,,,,,,https://images.fotmob.com/image_resources/logo/teamlogo/9804.png,https://images.fotmob.com/image_resources/logo/teamlogo/8543.png,2026-11-29,18:30
13,https://www.fotmob.com/matches/fiorentina-vs-udinese/2few0w#5749768,5749768,Udinese,8600,Fiorentina,8535,False,False,False,55,Serie A,2026/2027,ITA,,,,,,https://images.fotmob.com/image_resources/logo/teamlogo/8600.png,https://images.fotmob.com/image_resources/logo/teamlogo/8535.png,2026-11-29,18:30
13,https://www.fotmob.com/matches/venezia-vs-bologna/2loa1k#5749769,5749769,Venezia,7881,Bologna,9857,False,False,False,55,Serie A,2026/2027,ITA,,,,,,https://images.fotmob.com/image_resources/logo/teamlogo/7881.png,https://images.fotmob.com/image_resources/logo/teamlogo/9857.png,2026-11-29,18:30
14,https://www.fotmob.com/matches/milan-vs-parma/2wgcrq#5749770,5749770,Milan,8564,Parma,10167,False,False,False,55,Serie A,2026/2027,ITA,,,,,,https://images.fotmob.com/image_resources/logo/teamlogo/8564.png,https://images.fotmob.com/image_resources/logo/teamlogo/10167.png,2026-12-06,18:30
14,https://www.fotmob.com/matches/roma-vs-bologna/2uda6h#5749771,5749771,Bologna,9857,Roma,8686,False,False,False,55,Serie A,2026/2027,ITA,,,,,,https://images.fotmob.com/image_resources/logo/teamlogo/9857.png,https://images.fotmob.com/image_resources/logo/teamlogo/8686.png,2026-12-06,18:30
14,https://www.fotmob.com/matches/cagliari-vs-fiorentina/2eov63#5749772,5749772,Fiorentina,8535,Cagliari,8529,False,False,False,55,Serie A,2026/2027,ITA,,,,,,https://images.fotmob.com/image_resources/logo/teamlogo/8535.png,https://images.fotmob.com/image_resources/logo/teamlogo/8529.png,2026-12-06,18:30
14,https://www.fotmob.com/matches/inter-vs-frosinone/2u6xdf#5749773,5749773,Frosinone,9891,Inter,8636,False,False,False,55,Serie A,2026/2027,ITA,,,,,,https://images.fotmob.com/image_resources/logo/teamlogo/9891.png,https://images.fotmob.com/image_resources/logo/teamlogo/8636.png,2026-12-06,18:30
14,https://www.fotmob.com/matches/torino-vs-genoa/3bizsr#5749774,5749774,Genoa,10233,Torino,9804,False,False,False,55,Serie A,2026/2027,ITA,,,,,,https://images.fotmob.com/image_resources/logo/teamlogo/10233.png,https://images.fotmob.com/image_resources/logo/teamlogo/9804.png,2026-12-06,18:30
14,https://www.fotmob.com/matches/udinese-vs-juventus/2tq9mc#5749775,5749775,Juventus,9885,Udinese,8600,False,False,False,55,Serie A,2026/2027,ITA,,,,,,https://images.fotmob.com/image_resources/logo/teamlogo/9885.png,https://images.fotmob.com/image_resources/logo/teamlogo/8600.png,2026-12-06,18:30
14,https://www.fotmob.com/matches/atalanta-vs-lazio/2epyoh#5749776,5749776,Lazio,8543,Atalanta,8524,False,False,False,55,Serie A,2026/2027,ITA,,,,,,https://images.fotmob.com/image_resources/logo/teamlogo/8543.png,https://images.fotmob.com/image_resources/logo/teamlogo/8524.png,2026-12-06,18:30
14,https://www.fotmob.com/matches/monza-vs-como/2as5zy#5749777,5749777,Monza,6504,Como,10171,False,False,False,55,Serie A,2026/2027,ITA,,,,,,https://images.fotmob.com/image_resources/logo/teamlogo/6504.png,https://images.fotmob.com/image_resources/logo/teamlogo/10171.png,2026-12-06,18:30
14,https://www.fotmob.com/matches/napoli-vs-lecce/38a4i6#5749778,5749778,Napoli,9875,Lecce,9888,False,False,False,55,Serie A,2026/2027,ITA,,,,,,https://images.fotmob.com/image_resources/logo/teamlogo/9875.png,https://images.fotmob.com/image_resources/logo/teamlogo/9888.png,2026-12-06,18:30
14,https://www.fotmob.com/matches/venezia-vs-sassuolo/22jsrz#5749779,5749779,Venezia,7881,Sassuolo,7943,False,False,False,55,Serie A,2026/2027,ITA,,,,,,https://images.fotmob.com/image_resources/logo/teamlogo/7881.png,https://images.fotmob.com/image_resources/logo/teamlogo/7943.png,2026-12-06,18:30
15,https://www.fotmob.com/matches/atalanta-vs-genoa/2wqssb#5749780,5749780,Atalanta,8524,Genoa,10233,False,False,False,55,Serie A,2026/2027,ITA,,,,,,https://images.fotmob.com/image_resources/logo/teamlogo/8524.png,https://images.fotmob.com/image_resources/logo/teamlogo/10233.png,2026-12-13,18:30
15,https://www.fotmob.com/matches/venezia-vs-cagliari/2868xc#5749781,5749781,Cagliari,8529,Venezia,7881,False,False,False,55,Serie A,2026/2027,ITA,,,,,,https://images.fotmob.com/image_resources/logo/teamlogo/8529.png,https://images.fotmob.com/image_resources/logo/teamlogo/7881.png,2026-12-13,18:30
15,https://www.fotmob.com/matches/bologna-vs-como/3bf4pz#5749782,5749782,Como,10171,Bologna,9857,False,False,False,55,Serie A,2026/2027,ITA,,,,,,https://images.fotmob.com/image_resources/logo/teamlogo/10171.png,https://images.fotmob.com/image_resources/logo/teamlogo/9857.png,2026-12-13,18:30
15,https://www.fotmob.com/matches/inter-vs-torino/2t8ghc#5749783,5749783,Inter,8636,Torino,9804,False,False,False,55,Serie A,2026/2027,ITA,,,,,,https://images.fotmob.com/image_resources/logo/teamlogo/8636.png,https://images.fotmob.com/image_resources/logo/teamlogo/9804.png,2026-12-13,18:30
15,https://www.fotmob.com/matches/monza-vs-juventus/27yw8c#5749784,5749784,Juventus,9885,Monza,6504,False,False,False,55,Serie A,2026/2027,ITA,,,,,,https://images.fotmob.com/image_resources/logo/teamlogo/9885.png,https://images.fotmob.com/image_resources/logo/teamlogo/6504.png,2026-12-13,18:30
15,https://www.fotmob.com/matches/lazio-vs-roma/2gdicp#5749785,5749785,Lazio,8543,Roma,8686,False,False,False,55,Serie A,2026/2027,ITA,,,,,,https://images.fotmob.com/image_resources/logo/teamlogo/8543.png,https://images.fotmob.com/image_resources/logo/teamlogo/8686.png,2026-12-13,18:30
15,https://www.fotmob.com/matches/sassuolo-vs-lecce/2mnqb0#5749786,5749786,Lecce,9888,Sassuolo,7943,False,False,False,55,Serie A,2026/2027,ITA,,,,,,https://images.fotmob.com/image_resources/logo/teamlogo/9888.png,https://images.fotmob.com/image_resources/logo/teamlogo/7943.png,2026-12-13,18:30
15,https://www.fotmob.com/matches/fiorentina-vs-parma/2w4pxc#5749788,5749788,Parma,10167,Fiorentina,8535,False,False,False,55,Serie A,2026/2027,ITA,,,,,,https://images.fotmob.com/image_resources/logo/teamlogo/10167.png,https://images.fotmob.com/image_resources/logo/teamlogo/8535.png,2026-12-13,18:30
15,https://www.fotmob.com/matches/milan-vs-napoli/2t82b3#5749787,5749787,Napoli,9875,Milan,8564,False,False,False,55,Serie A,2026/2027,ITA,,,,,,https://images.fotmob.com/image_resources/logo/teamlogo/9875.png,https://images.fotmob.com/image_resources/logo/teamlogo/8564.png,2026-12-13,18:30
15,https://www.fotmob.com/matches/udinese-vs-frosinone/2tsn7x#5749789,5749789,Udinese,8600,Frosinone,9891,False,False,False,55,Serie A,2026/2027,ITA,,,,,,https://images.fotmob.com/image_resources/logo/teamlogo/8600.png,https://images.fotmob.com/image_resources/logo/teamlogo/9891.png,2026-12-13,18:30
16,https://www.fotmob.com/matches/milan-vs-como/2whyl8#5749790,5749790,Milan,8564,Como,10171,False,False,False,55,Serie A,2026/2027,ITA,,,,,,https://images.fotmob.com/image_resources/logo/teamlogo/8564.png,https://images.fotmob.com/image_resources/logo/teamlogo/10171.png,2026-12-20,18:30
16,https://www.fotmob.com/matches/atalanta-vs-napoli/2ss9sz#5749792,5749792,Atalanta,8524,Napoli,9875,False,False,False,55,Serie A,2026/2027,ITA,,,,,,https://images.fotmob.com/image_resources/logo/teamlogo/8524.png,https://images.fotmob.com/image_resources/logo/teamlogo/9875.png,2026-12-20,18:30
16,https://www.fotmob.com/matches/fiorentina-vs-bologna/2spifh#5749793,5749793,Fiorentina,8535,Bologna,9857,False,False,False,55,Serie A,2026/2027,ITA,,,,,,https://images.fotmob.com/image_resources/logo/teamlogo/8535.png,https://images.fotmob.com/image_resources/logo/teamlogo/9857.png,2026-12-20,18:30
16,https://www.fotmob.com/matches/lazio-vs-frosinone/2t636u#5749794,5749794,Frosinone,9891,Lazio,8543,False,False,False,55,Serie A,2026/2027,ITA,,,,,,https://images.fotmob.com/image_resources/logo/teamlogo/9891.png,https://images.fotmob.com/image_resources/logo/teamlogo/8543.png,2026-12-20,18:30
16,https://www.fotmob.com/matches/udinese-vs-genoa/2xlf1t#5749795,5749795,Genoa,10233,Udinese,8600,False,False,False,55,Serie A,2026/2027,ITA,,,,,,https://images.fotmob.com/image_resources/logo/teamlogo/10233.png,https://images.fotmob.com/image_resources/logo/teamlogo/8600.png,2026-12-20,18:30
16,https://www.fotmob.com/matches/inter-vs-lecce/2u5qhi#5749796,5749796,Lecce,9888,Inter,8636,False,False,False,55,Serie A,2026/2027,ITA,,,,,,https://images.fotmob.com/image_resources/logo/teamlogo/9888.png,https://images.fotmob.com/image_resources/logo/teamlogo/8636.png,2026-12-20,18:30
16,https://www.fotmob.com/matches/roma-vs-juventus/2uof4v#5749791,5749791,Roma,8686,Juventus,9885,False,False,False,55,Serie A,2026/2027,ITA,,,,,,https://images.fotmob.com/image_resources/logo/teamlogo/8686.png,https://images.fotmob.com/image_resources/logo/teamlogo/9885.png,2026-12-20,18:30
16,https://www.fotmob.com/matches/sassuolo-vs-parma/2pn5k8#5749797,5749797,Sassuolo,7943,Parma,10167,False,False,False,55,Serie A,2026/2027,ITA,,,,,,https://images.fotmob.com/image_resources/logo/teamlogo/7943.png,https://images.fotmob.com/image_resources/logo/teamlogo/10167.png,2026-12-20,18:30
16,https://www.fotmob.com/matches/cagliari-vs-torino/2s2af3#5749798,5749798,Torino,9804,Cagliari,8529,False,False,False,55,Serie A,2026/2027,ITA,,,,,,https://images.fotmob.com/image_resources/logo/teamlogo/9804.png,https://images.fotmob.com/image_resources/logo/teamlogo/8529.png,2026-12-20,18:30
16,https://www.fotmob.com/matches/monza-vs-venezia/1plx1u#5749799,5749799,Venezia,7881,Monza,6504,False,False,False,55,Serie A,2026/2027,ITA,,,,,,https://images.fotmob.com/image_resources/logo/teamlogo/7881.png,https://images.fotmob.com/image_resources/logo/teamlogo/6504.png,2026-12-20,18:30
17,https://www.fotmob.com/matches/bologna-vs-juventus/3818fi#5749801,5749801,Bologna,9857,Juventus,9885,False,False,False,55,Serie A,2026/2027,ITA,,,,,,https://images.fotmob.com/image_resources/logo/teamlogo/9857.png,https://images.fotmob.com/image_resources/logo/teamlogo/9885.png,2027-01-03,18:30
17,https://www.fotmob.com/matches/cagliari-vs-genoa/2wst60#5749802,5749802,Cagliari,8529,Genoa,10233,False,False,False,55,Serie A,2026/2027,ITA,,,,,,https://images.fotmob.com/image_resources/logo/teamlogo/8529.png,https://images.fotmob.com/image_resources/logo/teamlogo/10233.png,2027-01-03,18:30
17,https://www.fotmob.com/matches/lecce-vs-como/3bsg6y#5749803,5749803,Como,10171,Lecce,9888,False,False,False,55,Serie A,2026/2027,ITA,,,,,,https://images.fotmob.com/image_resources/logo/teamlogo/10171.png,https://images.fotmob.com/image_resources/logo/teamlogo/9888.png,2027-01-03,18:30
17,https://www.fotmob.com/matches/fiorentina-vs-lazio/2etzl8#5749804,5749804,Fiorentina,8535,Lazio,8543,False,False,False,55,Serie A,2026/2027,ITA,,,,,,https://images.fotmob.com/image_resources/logo/teamlogo/8535.png,https://images.fotmob.com/image_resources/logo/teamlogo/8543.png,2027-01-03,18:30
17,https://www.fotmob.com/matches/sassuolo-vs-inter/29tzz6#5749805,5749805,Inter,8636,Sassuolo,7943,False,False,False,55,Serie A,2026/2027,ITA,,,,,,https://images.fotmob.com/image_resources/logo/teamlogo/8636.png,https://images.fotmob.com/image_resources/logo/teamlogo/7943.png,2027-01-03,18:30
17,https://www.fotmob.com/matches/monza-vs-milan/1vlisq#5749806,5749806,Monza,6504,Milan,8564,False,False,False,55,Serie A,2026/2027,ITA,,,,,,https://images.fotmob.com/image_resources/logo/teamlogo/6504.png,https://images.fotmob.com/image_resources/logo/teamlogo/8564.png,2027-01-03,18:30
17,https://www.fotmob.com/matches/napoli-vs-parma/3bl562#5749807,5749807,Parma,10167,Napoli,9875,False,False,False,55,Serie A,2026/2027,ITA,,,,,,https://images.fotmob.com/image_resources/logo/teamlogo/10167.png,https://images.fotmob.com/image_resources/logo/teamlogo/9875.png,2027-01-03,18:30
17,https://www.fotmob.com/matches/roma-vs-frosinone/2uqt4s#5749800,5749800,Roma,8686,Frosinone,9891,False,False,False,55,Serie A,2026/2027,ITA,,,,,,https://images.fotmob.com/image_resources/logo/teamlogo/8686.png,https://images.fotmob.com/image_resources/logo/teamlogo/9891.png,2027-01-03,18:30
17,https://www.fotmob.com/matches/venezia-vs-torino/2l45o3#5749808,5749808,Torino,9804,Venezia,7881,False,False,False,55,Serie A,2026/2027,ITA,,,,,,https://images.fotmob.com/image_resources/logo/teamlogo/9804.png,https://images.fotmob.com/image_resources/logo/teamlogo/7881.png,2027-01-03,18:30
17,https://www.fotmob.com/matches/atalanta-vs-udinese/2faumq#5749809,5749809,Udinese,8600,Atalanta,8524,False,False,False,55,Serie A,2026/2027,ITA,,,,,,https://images.fotmob.com/image_resources/logo/teamlogo/8600.png,https://images.fotmob.com/image_resources/logo/teamlogo/8524.png,2027-01-03,18:30
18,https://www.fotmob.com/matches/fiorentina-vs-milan/2f1oie#5749810,5749810,Milan,8564,Fiorentina,8535,False,False,False,55,Serie A,2026/2027,ITA,,,,,,https://images.fotmob.com/image_resources/logo/teamlogo/8564.png,https://images.fotmob.com/image_resources/logo/teamlogo/8535.png,2027-01-06,18:30
18,https://www.fotmob.com/matches/atalanta-vs-como/2w1wx4#5749811,5749811,Atalanta,8524,Como,10171,False,False,False,55,Serie A,2026/2027,ITA,,,,,,https://images.fotmob.com/image_resources/logo/teamlogo/8524.png,https://images.fotmob.com/image_resources/logo/teamlogo/10171.png,2027-01-06,18:30
18,https://www.fotmob.com/matches/bologna-vs-frosinone/383rul#5749812,5749812,Frosinone,9891,Bologna,9857,False,False,False,55,Serie A,2026/2027,ITA,,,,,,https://images.fotmob.com/image_resources/logo/teamlogo/9891.png,https://images.fotmob.com/image_resources/logo/teamlogo/9857.png,2027-01-06,18:30
18,https://www.fotmob.com/matches/monza-vs-genoa/2bed89#5749813,5749813,Genoa,10233,Monza,6504,False,False,False,55,Serie A,2026/2027,ITA,,,,,,https://images.fotmob.com/image_resources/logo/teamlogo/10233.png,https://images.fotmob.com/image_resources/logo/teamlogo/6504.png,2027-01-06,18:30
18,https://www.fotmob.com/matches/torino-vs-juventus/37eu56#5749814,5749814,Juventus,9885,Torino,9804,False,False,False,55,Serie A,2026/2027,ITA,,,,,,https://images.fotmob.com/image_resources/logo/teamlogo/9885.png,https://images.fotmob.com/image_resources/logo/teamlogo/9804.png,2027-01-06,18:30
18,https://www.fotmob.com/matches/lazio-vs-inter/2fv2k6#5749815,5749815,Lazio,8543,Inter,8636,False,False,False,55,Serie A,2026/2027,ITA,,,,,,https://images.fotmob.com/image_resources/logo/teamlogo/8543.png,https://images.fotmob.com/image_resources/logo/teamlogo/8636.png,2027-01-06,18:30
18,https://www.fotmob.com/matches/lecce-vs-parma/3bqqac#5749816,5749816,Lecce,9888,Parma,10167,False,False,False,55,Serie A,2026/2027,ITA,,,,,,https://images.fotmob.com/image_resources/logo/teamlogo/9888.png,https://images.fotmob.com/image_resources/logo/teamlogo/10167.png,2027-01-06,18:30
18,https://www.fotmob.com/matches/sassuolo-vs-udinese/29h7wo#5749818,5749818,Sassuolo,7943,Udinese,8600,False,False,False,55,Serie A,2026/2027,ITA,,,,,,https://images.fotmob.com/image_resources/logo/teamlogo/7943.png,https://images.fotmob.com/image_resources/logo/teamlogo/8600.png,2027-01-06,18:30
18,https://www.fotmob.com/matches/cagliari-vs-napoli/2su8st#5749817,5749817,Napoli,9875,Cagliari,8529,False,False,False,55,Serie A,2026/2027,ITA,,,,,,https://images.fotmob.com/image_resources/logo/teamlogo/9875.png,https://images.fotmob.com/image_resources/logo/teamlogo/8529.png,2027-01-06,18:30
18,https://www.fotmob.com/matches/venezia-vs-roma/29pqk2#5749819,5749819,Venezia,7881,Roma,8686,False,False,False,55,Serie A,2026/2027,ITA,,,,,,https://images.fotmob.com/image_resources/logo/teamlogo/7881.png,https://images.fotmob.com/image_resources/logo/teamlogo/8686.png,2027-01-06,18:30
19,https://www.fotmob.com/matches/bologna-vs-genoa/3c5scw#5749821,5749821,Bologna,9857,Genoa,10233,False,False,False,55,Serie A,2026/2027,ITA,,,,,,https://images.fotmob.com/image_resources/logo/teamlogo/9857.png,https://images.fotmob.com/image_resources/logo/teamlogo/10233.png,2027-01-10,18:30
19,https://www.fotmob.com/matches/sassuolo-vs-cagliari/28s3h9#5749822,5749822,Cagliari,8529,Sassuolo,7943,False,False,False,55,Serie A,2026/2027,ITA,,,,,,https://images.fotmob.com/image_resources/logo/teamlogo/8529.png,https://images.fotmob.com/image_resources/logo/teamlogo/7943.png,2027-01-10,18:30
19,https://www.fotmob.com/matches/lazio-vs-como/2w9j5q#5749823,5749823,Como,10171,Lazio,8543,False,False,False,55,Serie A,2026/2027,ITA,,,,,,https://images.fotmob.com/image_resources/logo/teamlogo/10171.png,https://images.fotmob.com/image_resources/logo/teamlogo/8543.png,2027-01-10,18:30
19,https://www.fotmob.com/matches/fiorentina-vs-lecce/2t1qro#5749824,5749824,Fiorentina,8535,Lecce,9888,False,False,False,55,Serie A,2026/2027,ITA,,,,,,https://images.fotmob.com/image_resources/logo/teamlogo/8535.png,https://images.fotmob.com/image_resources/logo/teamlogo/9888.png,2027-01-10,18:30
19,https://www.fotmob.com/matches/inter-vs-juventus/2u4jlu#5749825,5749825,Inter,8636,Juventus,9885,False,False,False,55,Serie A,2026/2027,ITA,,,,,,https://images.fotmob.com/image_resources/logo/teamlogo/8636.png,https://images.fotmob.com/image_resources/logo/teamlogo/9885.png,2027-01-10,18:30
19,https://www.fotmob.com/matches/monza-vs-frosinone/28104l#5749826,5749826,Monza,6504,Frosinone,9891,False,False,False,55,Serie A,2026/2027,ITA,,,,,,https://images.fotmob.com/image_resources/logo/teamlogo/6504.png,https://images.fotmob.com/image_resources/logo/teamlogo/9891.png,2027-01-10,18:30
19,https://www.fotmob.com/matches/venezia-vs-parma/2oz4ll#5749827,5749827,Parma,10167,Venezia,7881,False,False,False,55,Serie A,2026/2027,ITA,,,,,,https://images.fotmob.com/image_resources/logo/teamlogo/10167.png,https://images.fotmob.com/image_resources/logo/teamlogo/7881.png,2027-01-10,18:30
19,https://www.fotmob.com/matches/milan-vs-roma/2gl9pd#5749820,5749820,Roma,8686,Milan,8564,False,False,False,55,Serie A,2026/2027,ITA,,,,,,https://images.fotmob.com/image_resources/logo/teamlogo/8686.png,https://images.fotmob.com/image_resources/logo/teamlogo/8564.png,2027-01-10,18:30
19,https://www.fotmob.com/matches/atalanta-vs-torino/2s0bp4#5749828,5749828,Torino,9804,Atalanta,8524,False,False,False,55,Serie A,2026/2027,ITA,,,,,,https://images.fotmob.com/image_resources/logo/teamlogo/9804.png,https://images.fotmob.com/image_resources/logo/teamlogo/8524.png,2027-01-10,18:30
19,https://www.fotmob.com/matches/udinese-vs-napoli/2tmb0l#5749829,5749829,Udinese,8600,Napoli,9875,False,False,False,55,Serie A,2026/2027,ITA,,,,,,https://images.fotmob.com/image_resources/logo/teamlogo/8600.png,https://images.fotmob.com/image_resources/logo/teamlogo/9875.png,2027-01-10,18:30
20,https://www.fotmob.com/matches/milan-vs-torino/2sg20c#5749830,5749830,Milan,8564,Torino,9804,False,False,False,55,Serie A,2026/2027,ITA,,,,,,https://images.fotmob.com/image_resources/logo/teamlogo/8564.png,https://images.fotmob.com/image_resources/logo/teamlogo/9804.png,2027-01-17,18:30
20,https://www.fotmob.com/matches/atalanta-vs-roma/2g6hwd#5749831,5749831,Atalanta,8524,Roma,8686,False,False,False,55,Serie A,2026/2027,ITA,,,,,,https://images.fotmob.com/image_resources/logo/teamlogo/8524.png,https://images.fotmob.com/image_resources/logo/teamlogo/8686.png,2027-01-17,18:30
20,https://www.fotmob.com/matches/cagliari-vs-como/2w3x27#5749832,5749832,Cagliari,8529,Como,10171,False,False,False,55,Serie A,2026/2027,ITA,,,,,,https://images.fotmob.com/image_resources/logo/teamlogo/8529.png,https://images.fotmob.com/image_resources/logo/teamlogo/10171.png,2027-01-17,18:30
20,https://www.fotmob.com/matches/juventus-vs-genoa/3chuqi#5749833,5749833,Juventus,9885,Genoa,10233,False,False,False,55,Serie A,2026/2027,ITA,,,,,,https://images.fotmob.com/image_resources/logo/teamlogo/9885.png,https://images.fotmob.com/image_resources/logo/teamlogo/10233.png,2027-01-17,18:30
20,https://www.fotmob.com/matches/lazio-vs-bologna/2ssnzl#5749834,5749834,Lazio,8543,Bologna,9857,False,False,False,55,Serie A,2026/2027,ITA,,,,,,https://images.fotmob.com/image_resources/logo/teamlogo/8543.png,https://images.fotmob.com/image_resources/logo/teamlogo/9857.png,2027-01-17,18:30
20,https://www.fotmob.com/matches/udinese-vs-lecce/2trgf0#5749835,5749835,Lecce,9888,Udinese,8600,False,False,False,55,Serie A,2026/2027,ITA,,,,,,https://images.fotmob.com/image_resources/logo/teamlogo/9888.png,https://images.fotmob.com/image_resources/logo/teamlogo/8600.png,2027-01-17,18:30
20,https://www.fotmob.com/matches/inter-vs-parma/2x9bgq#5749837,5749837,Parma,10167,Inter,8636,False,False,False,55,Serie A,2026/2027,ITA,,,,,,https://images.fotmob.com/image_resources/logo/teamlogo/10167.png,https://images.fotmob.com/image_resources/logo/teamlogo/8636.png,2027-01-17,18:30
20,https://www.fotmob.com/matches/monza-vs-sassuolo/1q52rz#5749838,5749838,Sassuolo,7943,Monza,6504,False,False,False,55,Serie A,2026/2027,ITA,,,,,,https://images.fotmob.com/image_resources/logo/teamlogo/7943.png,https://images.fotmob.com/image_resources/logo/teamlogo/6504.png,2027-01-17,18:30
20,https://www.fotmob.com/matches/fiorentina-vs-napoli/2swm0q#5749836,5749836,Napoli,9875,Fiorentina,8535,False,False,False,55,Serie A,2026/2027,ITA,,,,,,https://images.fotmob.com/image_resources/logo/teamlogo/9875.png,https://images.fotmob.com/image_resources/logo/teamlogo/8535.png,2027-01-17,18:30
20,https://www.fotmob.com/matches/venezia-vs-frosinone/2m17vl#5749839,5749839,Venezia,7881,Frosinone,9891,False,False,False,55,Serie A,2026/2027,ITA,,,,,,https://images.fotmob.com/image_resources/logo/teamlogo/7881.png,https://images.fotmob.com/image_resources/logo/teamlogo/9891.png,2027-01-17,18:30
21,https://www.fotmob.com/matches/atalanta-vs-bologna/2sl6d8#5749841,5749841,Bologna,9857,Atalanta,8524,False,False,False,55,Serie A,2026/2027,ITA,,,,,,https://images.fotmob.com/image_resources/logo/teamlogo/9857.png,https://images.fotmob.com/image_resources/logo/teamlogo/8524.png,2027-01-24,18:30
21,https://www.fotmob.com/matches/napoli-vs-como/3bmv18#5749842,5749842,Como,10171,Napoli,9875,False,False,False,55,Serie A,2026/2027,ITA,,,,,,https://images.fotmob.com/image_resources/logo/teamlogo/10171.png,https://images.fotmob.com/image_resources/logo/teamlogo/9875.png,2027-01-24,18:30
21,https://www.fotmob.com/matches/sassuolo-vs-fiorentina/28u7rc#5749843,5749843,Fiorentina,8535,Sassuolo,7943,False,False,False,55,Serie A,2026/2027,ITA,,,,,,https://images.fotmob.com/image_resources/logo/teamlogo/8535.png,https://images.fotmob.com/image_resources/logo/teamlogo/7943.png,2027-01-24,18:30
21,https://www.fotmob.com/matches/milan-vs-frosinone/2tee2f#5749844,5749844,Frosinone,9891,Milan,8564,False,False,False,55,Serie A,2026/2027,ITA,,,,,,https://images.fotmob.com/image_resources/logo/teamlogo/9891.png,https://images.fotmob.com/image_resources/logo/teamlogo/8564.png,2027-01-24,18:30
21,https://www.fotmob.com/matches/parma-vs-genoa/3fwbbl#5749845,5749845,Genoa,10233,Parma,10167,False,False,False,55,Serie A,2026/2027,ITA,,,,,,https://images.fotmob.com/image_resources/logo/teamlogo/10233.png,https://images.fotmob.com/image_resources/logo/teamlogo/10167.png,2027-01-24,18:30
21,https://www.fotmob.com/matches/venezia-vs-inter/2980az#5749846,5749846,Inter,8636,Venezia,7881,False,False,False,55,Serie A,2026/2027,ITA,,,,,,https://images.fotmob.com/image_resources/logo/teamlogo/8636.png,https://images.fotmob.com/image_resources/logo/teamlogo/7881.png,2027-01-24,18:30
21,https://www.fotmob.com/matches/cagliari-vs-juventus/2sy6uu#5749847,5749847,Juventus,9885,Cagliari,8529,False,False,False,55,Serie A,2026/2027,ITA,,,,,,https://images.fotmob.com/image_resources/logo/teamlogo/9885.png,https://images.fotmob.com/image_resources/logo/teamlogo/8529.png,2027-01-24,18:30
21,https://www.fotmob.com/matches/torino-vs-lecce/37g3q6#5749848,5749848,Lecce,9888,Torino,9804,False,False,False,55,Serie A,2026/2027,ITA,,,,,,https://images.fotmob.com/image_resources/logo/teamlogo/9888.png,https://images.fotmob.com/image_resources/logo/teamlogo/9804.png,2027-01-24,18:30
21,https://www.fotmob.com/matches/monza-vs-lazio/1veqsb#5749849,5749849,Monza,6504,Lazio,8543,False,False,False,55,Serie A,2026/2027,ITA,,,,,,https://images.fotmob.com/image_resources/logo/teamlogo/6504.png,https://images.fotmob.com/image_resources/logo/teamlogo/8543.png,2027-01-24,18:30
21,https://www.fotmob.com/matches/udinese-vs-roma/2gyldv#5749840,5749840,Roma,8686,Udinese,8600,False,False,False,55,Serie A,2026/2027,ITA,,,,,,https://images.fotmob.com/image_resources/logo/teamlogo/8686.png,https://images.fotmob.com/image_resources/logo/teamlogo/8600.png,2027-01-24,18:30
22,https://www.fotmob.com/matches/milan-vs-juventus/2tc0mu#5749850,5749850,Milan,8564,Juventus,9885,False,False,False,55,Serie A,2026/2027,ITA,,,,,,https://images.fotmob.com/image_resources/logo/teamlogo/8564.png,https://images.fotmob.com/image_resources/logo/teamlogo/9885.png,2027-01-31,18:30
22,https://www.fotmob.com/matches/atalanta-vs-fiorentina/2en1cd#5749851,5749851,Atalanta,8524,Fiorentina,8535,False,False,False,55,Serie A,2026/2027,ITA,,,,,,https://images.fotmob.com/image_resources/logo/teamlogo/8524.png,https://images.fotmob.com/image_resources/logo/teamlogo/8535.png,2027-01-31,18:30
22,https://www.fotmob.com/matches/cagliari-vs-parma/2w2bcl#5749852,5749852,Cagliari,8529,Parma,10167,False,False,False,55,Serie A,2026/2027,ITA,,,,,,https://images.fotmob.com/image_resources/logo/teamlogo/8529.png,https://images.fotmob.com/image_resources/logo/teamlogo/10167.png,2027-01-31,18:30
22,https://www.fotmob.com/matches/lecce-vs-genoa/3cj5b9#5749853,5749853,Genoa,10233,Lecce,9888,False,False,False,55,Serie A,2026/2027,ITA,,,,,,https://images.fotmob.com/image_resources/logo/teamlogo/10233.png,https://images.fotmob.com/image_resources/logo/teamlogo/9888.png,2027-01-31,18:30
22,https://www.fotmob.com/matches/venezia-vs-lazio/28b6ab#5749854,5749854,Lazio,8543,Venezia,7881,False,False,False,55,Serie A,2026/2027,ITA,,,,,,https://images.fotmob.com/image_resources/logo/teamlogo/8543.png,https://images.fotmob.com/image_resources/logo/teamlogo/7881.png,2027-01-31,18:30
22,https://www.fotmob.com/matches/monza-vs-roma/1wp34b#5749855,5749855,Monza,6504,Roma,8686,False,False,False,55,Serie A,2026/2027,ITA,,,,,,https://images.fotmob.com/image_resources/logo/teamlogo/6504.png,https://images.fotmob.com/image_resources/logo/teamlogo/8686.png,2027-01-31,18:30
22,https://www.fotmob.com/matches/sassuolo-vs-como/2popgq#5749857,5749857,Sassuolo,7943,Como,10171,False,False,False,55,Serie A,2026/2027,ITA,,,,,,https://images.fotmob.com/image_resources/logo/teamlogo/7943.png,https://images.fotmob.com/image_resources/logo/teamlogo/10171.png,2027-01-31,18:30
22,https://www.fotmob.com/matches/inter-vs-napoli/2u0kq3#5749856,5749856,Napoli,9875,Inter,8636,False,False,False,55,Serie A,2026/2027,ITA,,,,,,https://images.fotmob.com/image_resources/logo/teamlogo/9875.png,https://images.fotmob.com/image_resources/logo/teamlogo/8636.png,2027-01-31,18:30
22,https://www.fotmob.com/matches/torino-vs-frosinone/37hdbf#5749858,5749858,Torino,9804,Frosinone,9891,False,False,False,55,Serie A,2026/2027,ITA,,,,,,https://images.fotmob.com/image_resources/logo/teamlogo/9804.png,https://images.fotmob.com/image_resources/logo/teamlogo/9891.png,2027-01-31,18:30
22,https://www.fotmob.com/matches/udinese-vs-bologna/2tf6iu#5749859,5749859,Udinese,8600,Bologna,9857,False,False,False,55,Serie A,2026/2027,ITA,,,,,,https://images.fotmob.com/image_resources/logo/teamlogo/8600.png,https://images.fotmob.com/image_resources/logo/teamlogo/9857.png,2027-01-31,18:30
23,https://www.fotmob.com/matches/atalanta-vs-lazio/2epyoh#5749861,5749861,Atalanta,8524,Lazio,8543,False,False,False,55,Serie A,2026/2027,ITA,,,,,,https://images.fotmob.com/image_resources/logo/teamlogo/8524.png,https://images.fotmob.com/image_resources/logo/teamlogo/8543.png,2027-02-07,18:30
23,https://www.fotmob.com/matches/milan-vs-bologna/2t0ybc#5749862,5749862,Bologna,9857,Milan,8564,False,False,False,55,Serie A,2026/2027,ITA,,,,,,https://images.fotmob.com/image_resources/logo/teamlogo/9857.png,https://images.fotmob.com/image_resources/logo/teamlogo/8564.png,2027-02-07,18:30
23,https://www.fotmob.com/matches/monza-vs-como/2as5zy#5749863,5749863,Como,10171,Monza,6504,False,False,False,55,Serie A,2026/2027,ITA,,,,,,https://images.fotmob.com/image_resources/logo/teamlogo/10171.png,https://images.fotmob.com/image_resources/logo/teamlogo/6504.png,2027-02-07,18:30
23,https://www.fotmob.com/matches/fiorentina-vs-udinese/2few0w#5749864,5749864,Fiorentina,8535,Udinese,8600,False,False,False,55,Serie A,2026/2027,ITA,,,,,,https://images.fotmob.com/image_resources/logo/teamlogo/8535.png,https://images.fotmob.com/image_resources/logo/teamlogo/8600.png,2027-02-07,18:30
23,https://www.fotmob.com/matches/cagliari-vs-inter/2fpx1z#5749865,5749865,Inter,8636,Cagliari,8529,False,False,False,55,Serie A,2026/2027,ITA,,,,,,https://images.fotmob.com/image_resources/logo/teamlogo/8636.png,https://images.fotmob.com/image_resources/logo/teamlogo/8529.png,2027-02-07,18:30
23,https://www.fotmob.com/matches/sassuolo-vs-juventus/2mml13#5749866,5749866,Juventus,9885,Sassuolo,7943,False,False,False,55,Serie A,2026/2027,ITA,,,,,,https://images.fotmob.com/image_resources/logo/teamlogo/9885.png,https://images.fotmob.com/image_resources/logo/teamlogo/7943.png,2027-02-07,18:30
23,https://www.fotmob.com/matches/napoli-vs-lecce/38a4i6#5749867,5749867,Lecce,9888,Napoli,9875,False,False,False,55,Serie A,2026/2027,ITA,,,,,,https://images.fotmob.com/image_resources/logo/teamlogo/9888.png,https://images.fotmob.com/image_resources/logo/teamlogo/9875.png,2027-02-07,18:30
23,https://www.fotmob.com/matches/frosinone-vs-parma/3bs0pu#5749868,5749868,Parma,10167,Frosinone,9891,False,False,False,55,Serie A,2026/2027,ITA,,,,,,https://images.fotmob.com/image_resources/logo/teamlogo/10167.png,https://images.fotmob.com/image_resources/logo/teamlogo/9891.png,2027-02-07,18:30
23,https://www.fotmob.com/matches/roma-vs-torino/2ts8vv#5749860,5749860,Roma,8686,Torino,9804,False,False,False,55,Serie A,2026/2027,ITA,,,,,,https://images.fotmob.com/image_resources/logo/teamlogo/8686.png,https://images.fotmob.com/image_resources/logo/teamlogo/9804.png,2027-02-07,18:30
23,https://www.fotmob.com/matches/venezia-vs-genoa/2popf0#5749869,5749869,Venezia,7881,Genoa,10233,False,False,False,55,Serie A,2026/2027,ITA,,,,,,https://images.fotmob.com/image_resources/logo/teamlogo/7881.png,https://images.fotmob.com/image_resources/logo/teamlogo/10233.png,2027-02-07,18:30
24,https://www.fotmob.com/matches/bologna-vs-como/3bf4pz#5749871,5749871,Bologna,9857,Como,10171,False,False,False,55,Serie A,2026/2027,ITA,,,,,,https://images.fotmob.com/image_resources/logo/teamlogo/9857.png,https://images.fotmob.com/image_resources/logo/teamlogo/10171.png,2027-02-14,18:30
24,https://www.fotmob.com/matches/cagliari-vs-lazio/2ersjb#5749872,5749872,Cagliari,8529,Lazio,8543,False,False,False,55,Serie A,2026/2027,ITA,,,,,,https://images.fotmob.com/image_resources/logo/teamlogo/8529.png,https://images.fotmob.com/image_resources/logo/teamlogo/8543.png,2027-02-14,18:30
24,https://www.fotmob.com/matches/fiorentina-vs-frosinone/2t2xf6#5749873,5749873,Frosinone,9891,Fiorentina,8535,False,False,False,55,Serie A,2026/2027,ITA,,,,,,https://images.fotmob.com/image_resources/logo/teamlogo/9891.png,https://images.fotmob.com/image_resources/logo/teamlogo/8535.png,2027-02-14,18:30
24,https://www.fotmob.com/matches/atalanta-vs-genoa/2wqssb#5749874,5749874,Genoa,10233,Atalanta,8524,False,False,False,55,Serie A,2026/2027,ITA,,,,,,https://images.fotmob.com/image_resources/logo/teamlogo/10233.png,https://images.fotmob.com/image_resources/logo/teamlogo/8524.png,2027-02-14,18:30
24,https://www.fotmob.com/matches/milan-vs-inter/2g2t3o#5749875,5749875,Inter,8636,Milan,8564,False,False,False,55,Serie A,2026/2027,ITA,,,,,,https://images.fotmob.com/image_resources/logo/teamlogo/8636.png,https://images.fotmob.com/image_resources/logo/teamlogo/8564.png,2027-02-14,18:30
24,https://www.fotmob.com/matches/monza-vs-lecce/27zy6c#5749876,5749876,Monza,6504,Lecce,9888,False,False,False,55,Serie A,2026/2027,ITA,,,,,,https://images.fotmob.com/image_resources/logo/teamlogo/6504.png,https://images.fotmob.com/image_resources/logo/teamlogo/9888.png,2027-02-14,18:30
24,https://www.fotmob.com/matches/roma-vs-parma/2xthwt#5749870,5749870,Roma,8686,Parma,10167,False,False,False,55,Serie A,2026/2027,ITA,,,,,,https://images.fotmob.com/image_resources/logo/teamlogo/8686.png,https://images.fotmob.com/image_resources/logo/teamlogo/10167.png,2027-02-14,18:30
24,https://www.fotmob.com/matches/napoli-vs-juventus/388ur9#5749877,5749877,Napoli,9875,Juventus,9885,False,False,False,55,Serie A,2026/2027,ITA,,,,,,https://images.fotmob.com/image_resources/logo/teamlogo/9875.png,https://images.fotmob.com/image_resources/logo/teamlogo/9885.png,2027-02-14,18:30
24,https://www.fotmob.com/matches/sassuolo-vs-torino/2lrp7u#5749878,5749878,Torino,9804,Sassuolo,7943,False,False,False,55,Serie A,2026/2027,ITA,,,,,,https://images.fotmob.com/image_resources/logo/teamlogo/9804.png,https://images.fotmob.com/image_resources/logo/teamlogo/7943.png,2027-02-14,18:30
24,https://www.fotmob.com/matches/venezia-vs-udinese/28v9yh#5749879,5749879,Udinese,8600,Venezia,7881,False,False,False,55,Serie A,2026/2027,ITA,,,,,,https://images.fotmob.com/image_resources/logo/teamlogo/8600.png,https://images.fotmob.com/image_resources/logo/teamlogo/7881.png,2027-02-14,18:30
25,https://www.fotmob.com/matches/milan-vs-genoa/2x6wdb#5749880,5749880,Milan,8564,Genoa,10233,False,False,False,55,Serie A,2026/2027,ITA,,,,,,https://images.fotmob.com/image_resources/logo/teamlogo/8564.png,https://images.fotmob.com/image_resources/logo/teamlogo/10233.png,2027-02-21,18:30
25,https://www.fotmob.com/matches/monza-vs-atalanta/1v8mb2#5749881,5749881,Atalanta,8524,Monza,6504,False,False,False,55,Serie A,2026/2027,ITA,,,,,,https://images.fotmob.com/image_resources/logo/teamlogo/8524.png,https://images.fotmob.com/image_resources/logo/teamlogo/6504.png,2027-02-21,18:30
25,https://www.fotmob.com/matches/torino-vs-como/3asep4#5749882,5749882,Como,10171,Torino,9804,False,False,False,55,Serie A,2026/2027,ITA,,,,,,https://images.fotmob.com/image_resources/logo/teamlogo/10171.png,https://images.fotmob.com/image_resources/logo/teamlogo/9804.png,2027-02-21,18:30
25,https://www.fotmob.com/matches/fiorentina-vs-inter/2fs4je#5749883,5749883,Fiorentina,8535,Inter,8636,False,False,False,55,Serie A,2026/2027,ITA,,,,,,https://images.fotmob.com/image_resources/logo/teamlogo/8535.png,https://images.fotmob.com/image_resources/logo/teamlogo/8636.png,2027-02-21,18:30
25,https://www.fotmob.com/matches/bologna-vs-juventus/3818fi#5749884,5749884,Juventus,9885,Bologna,9857,False,False,False,55,Serie A,2026/2027,ITA,,,,,,https://images.fotmob.com/image_resources/logo/teamlogo/9885.png,https://images.fotmob.com/image_resources/logo/teamlogo/9857.png,2027-02-21,18:30
25,https://www.fotmob.com/matches/lazio-vs-napoli/2szrou#5749885,5749885,Lazio,8543,Napoli,9875,False,False,False,55,Serie A,2026/2027,ITA,,,,,,https://images.fotmob.com/image_resources/logo/teamlogo/8543.png,https://images.fotmob.com/image_resources/logo/teamlogo/9875.png,2027-02-21,18:30
25,https://www.fotmob.com/matches/lecce-vs-frosinone/38gwll#5749886,5749886,Lecce,9888,Frosinone,9891,False,False,False,55,Serie A,2026/2027,ITA,,,,,,https://images.fotmob.com/image_resources/logo/teamlogo/9888.png,https://images.fotmob.com/image_resources/logo/teamlogo/9891.png,2027-02-21,18:30
25,https://www.fotmob.com/matches/sassuolo-vs-roma/2absmd#5749887,5749887,Sassuolo,7943,Roma,8686,False,False,False,55,Serie A,2026/2027,ITA,,,,,,https://images.fotmob.com/image_resources/logo/teamlogo/7943.png,https://images.fotmob.com/image_resources/logo/teamlogo/8686.png,2027-02-21,18:30
25,https://www.fotmob.com/matches/udinese-vs-parma/2wutm8#5749888,5749888,Udinese,8600,Parma,10167,False,False,False,55,Serie A,2026/2027,ITA,,,,,,https://images.fotmob.com/image_resources/logo/teamlogo/8600.png,https://images.fotmob.com/image_resources/logo/teamlogo/10167.png,2027-02-21,18:30
25,https://www.fotmob.com/matches/venezia-vs-cagliari/2868xc#5749889,5749889,Venezia,7881,Cagliari,8529,False,False,False,55,Serie A,2026/2027,ITA,,,,,,https://images.fotmob.com/image_resources/logo/teamlogo/7881.png,https://images.fotmob.com/image_resources/logo/teamlogo/8529.png,2027-02-21,18:30
26,https://www.fotmob.com/matches/bologna-vs-lecce/382i4x#5749891,5749891,Bologna,9857,Lecce,9888,False,False,False,55,Serie A,2026/2027,ITA,,,,,,https://images.fotmob.com/image_resources/logo/teamlogo/9857.png,https://images.fotmob.com/image_resources/logo/teamlogo/9888.png,2027-02-28,18:30
26,https://www.fotmob.com/matches/cagliari-vs-udinese/2fcoph#5749892,5749892,Cagliari,8529,Udinese,8600,False,False,False,55,Serie A,2026/2027,ITA,,,,,,https://images.fotmob.com/image_resources/logo/teamlogo/8529.png,https://images.fotmob.com/image_resources/logo/teamlogo/8600.png,2027-02-28,18:30
26,https://www.fotmob.com/matches/milan-vs-como/2whyl8#5749893,5749893,Como,10171,Milan,8564,False,False,False,55,Serie A,2026/2027,ITA,,,,,,https://images.fotmob.com/image_resources/logo/teamlogo/10171.png,https://images.fotmob.com/image_resources/logo/teamlogo/8564.png,2027-02-28,18:30
26,https://www.fotmob.com/matches/napoli-vs-frosinone/38be9c#5749894,5749894,Frosinone,9891,Napoli,9875,False,False,False,55,Serie A,2026/2027,ITA,,,,,,https://images.fotmob.com/image_resources/logo/teamlogo/9891.png,https://images.fotmob.com/image_resources/logo/teamlogo/9875.png,2027-02-28,18:30
26,https://www.fotmob.com/matches/lazio-vs-genoa/2wyfxn#5749895,5749895,Genoa,10233,Lazio,8543,False,False,False,55,Serie A,2026/2027,ITA,,,,,,https://images.fotmob.com/image_resources/logo/teamlogo/10233.png,https://images.fotmob.com/image_resources/logo/teamlogo/8543.png,2027-02-28,18:30
26,https://www.fotmob.com/matches/atalanta-vs-inter/2fo2u8#5749896,5749896,Inter,8636,Atalanta,8524,False,False,False,55,Serie A,2026/2027,ITA,,,,,,https://images.fotmob.com/image_resources/logo/teamlogo/8636.png,https://images.fotmob.com/image_resources/logo/teamlogo/8524.png,2027-02-28,18:30
26,https://www.fotmob.com/matches/monza-vs-juventus/27yw8c#5749897,5749897,Monza,6504,Juventus,9885,False,False,False,55,Serie A,2026/2027,ITA,,,,,,https://images.fotmob.com/image_resources/logo/teamlogo/6504.png,https://images.fotmob.com/image_resources/logo/teamlogo/9885.png,2027-02-28,18:30
26,https://www.fotmob.com/matches/sassuolo-vs-parma/2pn5k8#5749898,5749898,Parma,10167,Sassuolo,7943,False,False,False,55,Serie A,2026/2027,ITA,,,,,,https://images.fotmob.com/image_resources/logo/teamlogo/10167.png,https://images.fotmob.com/image_resources/logo/teamlogo/7943.png,2027-02-28,18:30
26,https://www.fotmob.com/matches/venezia-vs-roma/29pqk2#5749890,5749890,Roma,8686,Venezia,7881,False,False,False,55,Serie A,2026/2027,ITA,,,,,,https://images.fotmob.com/image_resources/logo/teamlogo/8686.png,https://images.fotmob.com/image_resources/logo/teamlogo/7881.png,2027-02-28,18:30
26,https://www.fotmob.com/matches/fiorentina-vs-torino/2s4nb6#5749899,5749899,Torino,9804,Fiorentina,8535,False,False,False,55,Serie A,2026/2027,ITA,,,,,,https://images.fotmob.com/image_resources/logo/teamlogo/9804.png,https://images.fotmob.com/image_resources/logo/teamlogo/8535.png,2027-02-28,18:30
27,https://www.fotmob.com/matches/cagliari-vs-milan/2ezhcz#5749900,5749900,Milan,8564,Cagliari,8529,False,False,False,55,Serie A,2026/2027,ITA,,,,,,https://images.fotmob.com/image_resources/logo/teamlogo/8564.png,https://images.fotmob.com/image_resources/logo/teamlogo/8529.png,2027-03-07,18:30
27,https://www.fotmob.com/matches/atalanta-vs-torino/2s0bp4#5749901,5749901,Atalanta,8524,Torino,9804,False,False,False,55,Serie A,2026/2027,ITA,,,,,,https://images.fotmob.com/image_resources/logo/teamlogo/8524.png,https://images.fotmob.com/image_resources/logo/teamlogo/9804.png,2027-03-07,18:30
27,https://www.fotmob.com/matches/venezia-vs-fiorentina/288cx3#5749902,5749902,Fiorentina,8535,Venezia,7881,False,False,False,55,Serie A,2026/2027,ITA,,,,,,https://images.fotmob.com/image_resources/logo/teamlogo/8535.png,https://images.fotmob.com/image_resources/logo/teamlogo/7881.png,2027-03-07,18:30
27,https://www.fotmob.com/matches/roma-vs-juventus/2uof4v#5749903,5749903,Juventus,9885,Roma,8686,False,False,False,55,Serie A,2026/2027,ITA,,,,,,https://images.fotmob.com/image_resources/logo/teamlogo/9885.png,https://images.fotmob.com/image_resources/logo/teamlogo/8686.png,2027-03-07,18:30
27,https://www.fotmob.com/matches/lazio-vs-frosinone/2t636u#5749904,5749904,Lazio,8543,Frosinone,9891,False,False,False,55,Serie A,2026/2027,ITA,,,,,,https://images.fotmob.com/image_resources/logo/teamlogo/8543.png,https://images.fotmob.com/image_resources/logo/teamlogo/9891.png,2027-03-07,18:30
27,https://www.fotmob.com/matches/lecce-vs-como/3bsg6y#5749905,5749905,Lecce,9888,Como,10171,False,False,False,55,Serie A,2026/2027,ITA,,,,,,https://images.fotmob.com/image_resources/logo/teamlogo/9888.png,https://images.fotmob.com/image_resources/logo/teamlogo/10171.png,2027-03-07,18:30
27,https://www.fotmob.com/matches/monza-vs-genoa/2bed89#5749906,5749906,Monza,6504,Genoa,10233,False,False,False,55,Serie A,2026/2027,ITA,,,,,,https://images.fotmob.com/image_resources/logo/teamlogo/6504.png,https://images.fotmob.com/image_resources/logo/teamlogo/10233.png,2027-03-07,18:30
27,https://www.fotmob.com/matches/sassuolo-vs-bologna/2mbw4l#5749908,5749908,Sassuolo,7943,Bologna,9857,False,False,False,55,Serie A,2026/2027,ITA,,,,,,https://images.fotmob.com/image_resources/logo/teamlogo/7943.png,https://images.fotmob.com/image_resources/logo/teamlogo/9857.png,2027-03-07,18:30
27,https://www.fotmob.com/matches/napoli-vs-parma/3bl562#5749907,5749907,Napoli,9875,Parma,10167,False,False,False,55,Serie A,2026/2027,ITA,,,,,,https://images.fotmob.com/image_resources/logo/teamlogo/9875.png,https://images.fotmob.com/image_resources/logo/teamlogo/10167.png,2027-03-07,18:30
27,https://www.fotmob.com/matches/udinese-vs-inter/2gg3e6#5749909,5749909,Udinese,8600,Inter,8636,False,False,False,55,Serie A,2026/2027,ITA,,,,,,https://images.fotmob.com/image_resources/logo/teamlogo/8600.png,https://images.fotmob.com/image_resources/logo/teamlogo/8636.png,2027-03-07,18:30
28,https://www.fotmob.com/matches/sassuolo-vs-milan/294gu6#5749910,5749910,Milan,8564,Sassuolo,7943,False,False,False,55,Serie A,2026/2027,ITA,,,,,,https://images.fotmob.com/image_resources/logo/teamlogo/8564.png,https://images.fotmob.com/image_resources/logo/teamlogo/7943.png,2027-03-14,18:30
28,https://www.fotmob.com/matches/bologna-vs-napoli/37x04l#5749911,5749911,Bologna,9857,Napoli,9875,False,False,False,55,Serie A,2026/2027,ITA,,,,,,https://images.fotmob.com/image_resources/logo/teamlogo/9857.png,https://images.fotmob.com/image_resources/logo/teamlogo/9875.png,2027-03-14,18:30
28,https://www.fotmob.com/matches/cagliari-vs-fiorentina/2eov63#5749912,5749912,Cagliari,8529,Fiorentina,8535,False,False,False,55,Serie A,2026/2027,ITA,,,,,,https://images.fotmob.com/image_resources/logo/teamlogo/8529.png,https://images.fotmob.com/image_resources/logo/teamlogo/8535.png,2027-03-14,18:30
28,https://www.fotmob.com/matches/udinese-vs-como/2wwfjq#5749913,5749913,Como,10171,Udinese,8600,False,False,False,55,Serie A,2026/2027,ITA,,,,,,https://images.fotmob.com/image_resources/logo/teamlogo/10171.png,https://images.fotmob.com/image_resources/logo/teamlogo/8600.png,2027-03-14,18:30
28,https://www.fotmob.com/matches/monza-vs-frosinone/28104l#5749914,5749914,Frosinone,9891,Monza,6504,False,False,False,55,Serie A,2026/2027,ITA,,,,,,https://images.fotmob.com/image_resources/logo/teamlogo/9891.png,https://images.fotmob.com/image_resources/logo/teamlogo/6504.png,2027-03-14,18:30
28,https://www.fotmob.com/matches/roma-vs-genoa/2yk7q2#5749915,5749915,Genoa,10233,Roma,8686,False,False,False,55,Serie A,2026/2027,ITA,,,,,,https://images.fotmob.com/image_resources/logo/teamlogo/10233.png,https://images.fotmob.com/image_resources/logo/teamlogo/8686.png,2027-03-14,18:30
28,https://www.fotmob.com/matches/lazio-vs-juventus/2t3pur#5749916,5749916,Lazio,8543,Juventus,9885,False,False,False,55,Serie A,2026/2027,ITA,,,,,,https://images.fotmob.com/image_resources/logo/teamlogo/8543.png,https://images.fotmob.com/image_resources/logo/teamlogo/9885.png,2027-03-14,18:30
28,https://www.fotmob.com/matches/lecce-vs-parma/3bqqac#5749917,5749917,Parma,10167,Lecce,9888,False,False,False,55,Serie A,2026/2027,ITA,,,,,,https://images.fotmob.com/image_resources/logo/teamlogo/10167.png,https://images.fotmob.com/image_resources/logo/teamlogo/9888.png,2027-03-14,18:30
28,https://www.fotmob.com/matches/inter-vs-torino/2t8ghc#5749918,5749918,Torino,9804,Inter,8636,False,False,False,55,Serie A,2026/2027,ITA,,,,,,https://images.fotmob.com/image_resources/logo/teamlogo/9804.png,https://images.fotmob.com/image_resources/logo/teamlogo/8636.png,2027-03-14,18:30
28,https://www.fotmob.com/matches/venezia-vs-atalanta/284hmb#5749919,5749919,Venezia,7881,Atalanta,8524,False,False,False,55,Serie A,2026/2027,ITA,,,,,,https://images.fotmob.com/image_resources/logo/teamlogo/7881.png,https://images.fotmob.com/image_resources/logo/teamlogo/8524.png,2027-03-14,18:30
29,https://www.fotmob.com/matches/atalanta-vs-milan/2exnf8#5749921,5749921,Atalanta,8524,Milan,8564,False,False,False,55,Serie A,2026/2027,ITA,,,,,,https://images.fotmob.com/image_resources/logo/teamlogo/8524.png,https://images.fotmob.com/image_resources/logo/teamlogo/8564.png,2027-03-21,18:30
29,https://www.fotmob.com/matches/fiorentina-vs-genoa/2wv81r#5749922,5749922,Fiorentina,8535,Genoa,10233,False,False,False,55,Serie A,2026/2027,ITA,,,,,,https://images.fotmob.com/image_resources/logo/teamlogo/8535.png,https://images.fotmob.com/image_resources/logo/teamlogo/10233.png,2027-03-21,18:30
29,https://www.fotmob.com/matches/inter-vs-frosinone/2u6xdf#5749923,5749923,Inter,8636,Frosinone,9891,False,False,False,55,Serie A,2026/2027,ITA,,,,,,https://images.fotmob.com/image_resources/logo/teamlogo/8636.png,https://images.fotmob.com/image_resources/logo/teamlogo/9891.png,2027-03-21,18:30
29,https://www.fotmob.com/matches/juventus-vs-como/3br5rd#5749924,5749924,Juventus,9885,Como,10171,False,False,False,55,Serie A,2026/2027,ITA,,,,,,https://images.fotmob.com/image_resources/logo/teamlogo/9885.png,https://images.fotmob.com/image_resources/logo/teamlogo/10171.png,2027-03-21,18:30
29,https://www.fotmob.com/matches/monza-vs-bologna/27p2f2#5749925,5749925,Monza,6504,Bologna,9857,False,False,False,55,Serie A,2026/2027,ITA,,,,,,https://images.fotmob.com/image_resources/logo/teamlogo/6504.png,https://images.fotmob.com/image_resources/logo/teamlogo/9857.png,2027-03-21,18:30
29,https://www.fotmob.com/matches/lazio-vs-parma/2w7xek#5749927,5749927,Parma,10167,Lazio,8543,False,False,False,55,Serie A,2026/2027,ITA,,,,,,https://images.fotmob.com/image_resources/logo/teamlogo/10167.png,https://images.fotmob.com/image_resources/logo/teamlogo/8543.png,2027-03-21,18:30
29,https://www.fotmob.com/matches/roma-vs-lecce/2upm4p#5749920,5749920,Roma,8686,Lecce,9888,False,False,False,55,Serie A,2026/2027,ITA,,,,,,https://images.fotmob.com/image_resources/logo/teamlogo/8686.png,https://images.fotmob.com/image_resources/logo/teamlogo/9888.png,2027-03-21,18:30
29,https://www.fotmob.com/matches/sassuolo-vs-cagliari/28s3h9#5749928,5749928,Sassuolo,7943,Cagliari,8529,False,False,False,55,Serie A,2026/2027,ITA,,,,,,https://images.fotmob.com/image_resources/logo/teamlogo/7943.png,https://images.fotmob.com/image_resources/logo/teamlogo/8529.png,2027-03-21,18:30
29,https://www.fotmob.com/matches/venezia-vs-napoli/2lv4jt#5749926,5749926,Napoli,9875,Venezia,7881,False,False,False,55,Serie A,2026/2027,ITA,,,,,,https://images.fotmob.com/image_resources/logo/teamlogo/9875.png,https://images.fotmob.com/image_resources/logo/teamlogo/7881.png,2027-03-21,18:30
29,https://www.fotmob.com/matches/udinese-vs-torino/2su8qu#5749929,5749929,Udinese,8600,Torino,9804,False,False,False,55,Serie A,2026/2027,ITA,,,,,,https://images.fotmob.com/image_resources/logo/teamlogo/8600.png,https://images.fotmob.com/image_resources/logo/teamlogo/9804.png,2027-03-21,18:30
30,https://www.fotmob.com/matches/monza-vs-milan/1vlisq#5749930,5749930,Milan,8564,Monza,6504,False,False,False,55,Serie A,2026/2027,ITA,,,,,,https://images.fotmob.com/image_resources/logo/teamlogo/8564.png,https://images.fotmob.com/image_resources/logo/teamlogo/6504.png,2027-04-04,18:30
30,https://www.fotmob.com/matches/cagliari-vs-napoli/2su8st#5749932,5749932,Cagliari,8529,Napoli,9875,False,False,False,55,Serie A,2026/2027,ITA,,,,,,https://images.fotmob.com/image_resources/logo/teamlogo/8529.png,https://images.fotmob.com/image_resources/logo/teamlogo/9875.png,2027-04-04,18:30
30,https://www.fotmob.com/matches/fiorentina-vs-como/2w6bnm#5749933,5749933,Como,10171,Fiorentina,8535,False,False,False,55,Serie A,2026/2027,ITA,,,,,,https://images.fotmob.com/image_resources/logo/teamlogo/10171.png,https://images.fotmob.com/image_resources/logo/teamlogo/8535.png,2027-04-04,18:30
30,https://www.fotmob.com/matches/udinese-vs-frosinone/2tsn7x#5749934,5749934,Frosinone,9891,Udinese,8600,False,False,False,55,Serie A,2026/2027,ITA,,,,,,https://images.fotmob.com/image_resources/logo/teamlogo/9891.png,https://images.fotmob.com/image_resources/logo/teamlogo/8600.png,2027-04-04,18:30
30,https://www.fotmob.com/matches/inter-vs-genoa/2xzyqb#5749935,5749935,Genoa,10233,Inter,8636,False,False,False,55,Serie A,2026/2027,ITA,,,,,,https://images.fotmob.com/image_resources/logo/teamlogo/10233.png,https://images.fotmob.com/image_resources/logo/teamlogo/8636.png,2027-04-04,18:30
30,https://www.fotmob.com/matches/lazio-vs-lecce/2t4wio#5749936,5749936,Lecce,9888,Lazio,8543,False,False,False,55,Serie A,2026/2027,ITA,,,,,,https://images.fotmob.com/image_resources/logo/teamlogo/9888.png,https://images.fotmob.com/image_resources/logo/teamlogo/8543.png,2027-04-04,18:30
30,https://www.fotmob.com/matches/roma-vs-bologna/2uda6h#5749931,5749931,Roma,8686,Bologna,9857,False,False,False,55,Serie A,2026/2027,ITA,,,,,,https://images.fotmob.com/image_resources/logo/teamlogo/8686.png,https://images.fotmob.com/image_resources/logo/teamlogo/9857.png,2027-04-04,18:30
30,https://www.fotmob.com/matches/sassuolo-vs-atalanta/28qbxm#5749937,5749937,Sassuolo,7943,Atalanta,8524,False,False,False,55,Serie A,2026/2027,ITA,,,,,,https://images.fotmob.com/image_resources/logo/teamlogo/7943.png,https://images.fotmob.com/image_resources/logo/teamlogo/8524.png,2027-04-04,18:30
30,https://www.fotmob.com/matches/torino-vs-juventus/37eu56#5749938,5749938,Torino,9804,Juventus,9885,False,False,False,55,Serie A,2026/2027,ITA,,,,,,https://images.fotmob.com/image_resources/logo/teamlogo/9804.png,https://images.fotmob.com/image_resources/logo/teamlogo/9885.png,2027-04-04,18:30
30,https://www.fotmob.com/matches/venezia-vs-parma/2oz4ll#5749939,5749939,Venezia,7881,Parma,10167,False,False,False,55,Serie A,2026/2027,ITA,,,,,,https://images.fotmob.com/image_resources/logo/teamlogo/7881.png,https://images.fotmob.com/image_resources/logo/teamlogo/10167.png,2027-04-04,18:30
31,https://www.fotmob.com/matches/venezia-vs-bologna/2loa1k#5749940,5749940,Bologna,9857,Venezia,7881,False,False,False,55,Serie A,2026/2027,ITA,,,,,,https://images.fotmob.com/image_resources/logo/teamlogo/9857.png,https://images.fotmob.com/image_resources/logo/teamlogo/7881.png,2027-04-11,18:30
31,https://www.fotmob.com/matches/atalanta-vs-cagliari/2ekudg#5749941,5749941,Cagliari,8529,Atalanta,8524,False,False,False,55,Serie A,2026/2027,ITA,,,,,,https://images.fotmob.com/image_resources/logo/teamlogo/8529.png,https://images.fotmob.com/image_resources/logo/teamlogo/8524.png,2027-04-11,18:30
31,https://www.fotmob.com/matches/fiorentina-vs-milan/2f1oie#5749942,5749942,Fiorentina,8535,Milan,8564,False,False,False,55,Serie A,2026/2027,ITA,,,,,,https://images.fotmob.com/image_resources/logo/teamlogo/8535.png,https://images.fotmob.com/image_resources/logo/teamlogo/8564.png,2027-04-11,18:30
31,https://www.fotmob.com/matches/frosinone-vs-genoa/3ckfw9#5749943,5749943,Frosinone,9891,Genoa,10233,False,False,False,55,Serie A,2026/2027,ITA,,,,,,https://images.fotmob.com/image_resources/logo/teamlogo/9891.png,https://images.fotmob.com/image_resources/logo/teamlogo/10233.png,2027-04-11,18:30
31,https://www.fotmob.com/matches/inter-vs-roma/2hby2d#5749944,5749944,Inter,8636,Roma,8686,False,False,False,55,Serie A,2026/2027,ITA,,,,,,https://images.fotmob.com/image_resources/logo/teamlogo/8636.png,https://images.fotmob.com/image_resources/logo/teamlogo/8686.png,2027-04-11,18:30
31,https://www.fotmob.com/matches/juventus-vs-lecce/38ed1f#5749945,5749945,Juventus,9885,Lecce,9888,False,False,False,55,Serie A,2026/2027,ITA,,,,,,https://images.fotmob.com/image_resources/logo/teamlogo/9885.png,https://images.fotmob.com/image_resources/logo/teamlogo/9888.png,2027-04-11,18:30
31,https://www.fotmob.com/matches/lazio-vs-torino/2s7sji#5749946,5749946,Lazio,8543,Torino,9804,False,False,False,55,Serie A,2026/2027,ITA,,,,,,https://images.fotmob.com/image_resources/logo/teamlogo/8543.png,https://images.fotmob.com/image_resources/logo/teamlogo/9804.png,2027-04-11,18:30
31,https://www.fotmob.com/matches/parma-vs-como/3f58t2#5749948,5749948,Parma,10167,Como,10171,False,False,False,55,Serie A,2026/2027,ITA,,,,,,https://images.fotmob.com/image_resources/logo/teamlogo/10167.png,https://images.fotmob.com/image_resources/logo/teamlogo/10171.png,2027-04-11,18:30
31,https://www.fotmob.com/matches/sassuolo-vs-napoli/2mirhu#5749947,5749947,Napoli,9875,Sassuolo,7943,False,False,False,55,Serie A,2026/2027,ITA,,,,,,https://images.fotmob.com/image_resources/logo/teamlogo/9875.png,https://images.fotmob.com/image_resources/logo/teamlogo/7943.png,2027-04-11,18:30
31,https://www.fotmob.com/matches/monza-vs-udinese/1vx5w8#5749949,5749949,Udinese,8600,Monza,6504,False,False,False,55,Serie A,2026/2027,ITA,,,,,,https://images.fotmob.com/image_resources/logo/teamlogo/8600.png,https://images.fotmob.com/image_resources/logo/teamlogo/6504.png,2027-04-11,18:30
32,https://www.fotmob.com/matches/milan-vs-napoli/2t82b3#5749950,5749950,Milan,8564,Napoli,9875,False,False,False,55,Serie A,2026/2027,ITA,,,,,,https://images.fotmob.com/image_resources/logo/teamlogo/8564.png,https://images.fotmob.com/image_resources/logo/teamlogo/9875.png,2027-04-18,18:30
32,https://www.fotmob.com/matches/atalanta-vs-udinese/2faumq#5749952,5749952,Atalanta,8524,Udinese,8600,False,False,False,55,Serie A,2026/2027,ITA,,,,,,https://images.fotmob.com/image_resources/logo/teamlogo/8524.png,https://images.fotmob.com/image_resources/logo/teamlogo/8600.png,2027-04-18,18:30
32,https://www.fotmob.com/matches/cagliari-vs-bologna/2sn5ak#5749953,5749953,Bologna,9857,Cagliari,8529,False,False,False,55,Serie A,2026/2027,ITA,,,,,,https://images.fotmob.com/image_resources/logo/teamlogo/9857.png,https://images.fotmob.com/image_resources/logo/teamlogo/8529.png,2027-04-18,18:30
32,https://www.fotmob.com/matches/frosinone-vs-como/3btqms#5749954,5749954,Como,10171,Frosinone,9891,False,False,False,55,Serie A,2026/2027,ITA,,,,,,https://images.fotmob.com/image_resources/logo/teamlogo/10171.png,https://images.fotmob.com/image_resources/logo/teamlogo/9891.png,2027-04-18,18:30
32,https://www.fotmob.com/matches/fiorentina-vs-parma/2w4pxc#5749955,5749955,Fiorentina,8535,Parma,10167,False,False,False,55,Serie A,2026/2027,ITA,,,,,,https://images.fotmob.com/image_resources/logo/teamlogo/8535.png,https://images.fotmob.com/image_resources/logo/teamlogo/10167.png,2027-04-18,18:30
32,https://www.fotmob.com/matches/monza-vs-inter/1w8tzq#5749956,5749956,Monza,6504,Inter,8636,False,False,False,55,Serie A,2026/2027,ITA,,,,,,https://images.fotmob.com/image_resources/logo/teamlogo/6504.png,https://images.fotmob.com/image_resources/logo/teamlogo/8636.png,2027-04-18,18:30
32,https://www.fotmob.com/matches/lazio-vs-roma/2gdicp#5749951,5749951,Roma,8686,Lazio,8543,False,False,False,55,Serie A,2026/2027,ITA,,,,,,https://images.fotmob.com/image_resources/logo/teamlogo/8686.png,https://images.fotmob.com/image_resources/logo/teamlogo/8543.png,2027-04-18,18:30
32,https://www.fotmob.com/matches/sassuolo-vs-lecce/2mnqb0#5749957,5749957,Sassuolo,7943,Lecce,9888,False,False,False,55,Serie A,2026/2027,ITA,,,,,,https://images.fotmob.com/image_resources/logo/teamlogo/7943.png,https://images.fotmob.com/image_resources/logo/teamlogo/9888.png,2027-04-18,18:30
32,https://www.fotmob.com/matches/torino-vs-genoa/3bizsr#5749958,5749958,Torino,9804,Genoa,10233,False,False,False,55,Serie A,2026/2027,ITA,,,,,,https://images.fotmob.com/image_resources/logo/teamlogo/9804.png,https://images.fotmob.com/image_resources/logo/teamlogo/10233.png,2027-04-18,18:30
32,https://www.fotmob.com/matches/venezia-vs-juventus/2lyxlu#5749959,5749959,Venezia,7881,Juventus,9885,False,False,False,55,Serie A,2026/2027,ITA,,,,,,https://images.fotmob.com/image_resources/logo/teamlogo/7881.png,https://images.fotmob.com/image_resources/logo/teamlogo/9885.png,2027-04-18,18:30
33,https://www.fotmob.com/matches/monza-vs-cagliari/1va8au#5749960,5749960,Cagliari,8529,Monza,6504,False,False,False,55,Serie A,2026/2027,ITA,,,,,,https://images.fotmob.com/image_resources/logo/teamlogo/8529.png,https://images.fotmob.com/image_resources/logo/teamlogo/6504.png,2027-04-25,18:30
33,https://www.fotmob.com/matches/roma-vs-frosinone/2uqt4s#5749961,5749961,Frosinone,9891,Roma,8686,False,False,False,55,Serie A,2026/2027,ITA,,,,,,https://images.fotmob.com/image_resources/logo/teamlogo/9891.png,https://images.fotmob.com/image_resources/logo/teamlogo/8686.png,2027-04-25,18:30
33,https://www.fotmob.com/matches/sassuolo-vs-genoa/2qctjb#5749962,5749962,Genoa,10233,Sassuolo,7943,False,False,False,55,Serie A,2026/2027,ITA,,,,,,https://images.fotmob.com/image_resources/logo/teamlogo/10233.png,https://images.fotmob.com/image_resources/logo/teamlogo/7943.png,2027-04-25,18:30
33,https://www.fotmob.com/matches/inter-vs-bologna/2ttfqc#5749963,5749963,Inter,8636,Bologna,9857,False,False,False,55,Serie A,2026/2027,ITA,,,,,,https://images.fotmob.com/image_resources/logo/teamlogo/8636.png,https://images.fotmob.com/image_resources/logo/teamlogo/9857.png,2027-04-25,18:30
33,https://www.fotmob.com/matches/fiorentina-vs-juventus/2t0k4f#5749964,5749964,Juventus,9885,Fiorentina,8535,False,False,False,55,Serie A,2026/2027,ITA,,,,,,https://images.fotmob.com/image_resources/logo/teamlogo/9885.png,https://images.fotmob.com/image_resources/logo/teamlogo/8535.png,2027-04-25,18:30
33,https://www.fotmob.com/matches/lazio-vs-como/2w9j5q#5749965,5749965,Lazio,8543,Como,10171,False,False,False,55,Serie A,2026/2027,ITA,,,,,,https://images.fotmob.com/image_resources/logo/teamlogo/8543.png,https://images.fotmob.com/image_resources/logo/teamlogo/10171.png,2027-04-25,18:30
33,https://www.fotmob.com/matches/milan-vs-lecce/2td7ci#5749966,5749966,Lecce,9888,Milan,8564,False,False,False,55,Serie A,2026/2027,ITA,,,,,,https://images.fotmob.com/image_resources/logo/teamlogo/9888.png,https://images.fotmob.com/image_resources/logo/teamlogo/8564.png,2027-04-25,18:30
33,https://www.fotmob.com/matches/atalanta-vs-parma/2w0b82#5749968,5749968,Parma,10167,Atalanta,8524,False,False,False,55,Serie A,2026/2027,ITA,,,,,,https://images.fotmob.com/image_resources/logo/teamlogo/10167.png,https://images.fotmob.com/image_resources/logo/teamlogo/8524.png,2027-04-25,18:30
33,https://www.fotmob.com/matches/udinese-vs-napoli/2tmb0l#5749967,5749967,Napoli,9875,Udinese,8600,False,False,False,55,Serie A,2026/2027,ITA,,,,,,https://images.fotmob.com/image_resources/logo/teamlogo/9875.png,https://images.fotmob.com/image_resources/logo/teamlogo/8600.png,2027-04-25,18:30
33,https://www.fotmob.com/matches/venezia-vs-torino/2l45o3#5749969,5749969,Venezia,7881,Torino,9804,False,False,False,55,Serie A,2026/2027,ITA,,,,,,https://images.fotmob.com/image_resources/logo/teamlogo/7881.png,https://images.fotmob.com/image_resources/logo/teamlogo/9804.png,2027-04-25,18:30
34,https://www.fotmob.com/matches/lazio-vs-milan/2f4m36#5749970,5749970,Milan,8564,Lazio,8543,False,False,False,55,Serie A,2026/2027,ITA,,,,,,https://images.fotmob.com/image_resources/logo/teamlogo/8564.png,https://images.fotmob.com/image_resources/logo/teamlogo/8543.png,2027-05-02,18:30
34,https://www.fotmob.com/matches/atalanta-vs-juventus/2sw7tm#5749972,5749972,Atalanta,8524,Juventus,9885,False,False,False,55,Serie A,2026/2027,ITA,,,,,,https://images.fotmob.com/image_resources/logo/teamlogo/8524.png,https://images.fotmob.com/image_resources/logo/teamlogo/9885.png,2027-05-02,18:30
34,https://www.fotmob.com/matches/fiorentina-vs-bologna/2spifh#5749973,5749973,Bologna,9857,Fiorentina,8535,False,False,False,55,Serie A,2026/2027,ITA,,,,,,https://images.fotmob.com/image_resources/logo/teamlogo/9857.png,https://images.fotmob.com/image_resources/logo/teamlogo/8535.png,2027-05-02,18:30
34,https://www.fotmob.com/matches/inter-vs-como/2xaxi8#5749974,5749974,Como,10171,Inter,8636,False,False,False,55,Serie A,2026/2027,ITA,,,,,,https://images.fotmob.com/image_resources/logo/teamlogo/10171.png,https://images.fotmob.com/image_resources/logo/teamlogo/8636.png,2027-05-02,18:30
34,https://www.fotmob.com/matches/cagliari-vs-lecce/2szdhl#5749975,5749975,Lecce,9888,Cagliari,8529,False,False,False,55,Serie A,2026/2027,ITA,,,,,,https://images.fotmob.com/image_resources/logo/teamlogo/9888.png,https://images.fotmob.com/image_resources/logo/teamlogo/8529.png,2027-05-02,18:30
34,https://www.fotmob.com/matches/monza-vs-venezia/1plx1u#5749976,5749976,Monza,6504,Venezia,7881,False,False,False,55,Serie A,2026/2027,ITA,,,,,,https://images.fotmob.com/image_resources/logo/teamlogo/6504.png,https://images.fotmob.com/image_resources/logo/teamlogo/7881.png,2027-05-02,18:30
34,https://www.fotmob.com/matches/roma-vs-napoli/2ukfv8#5749971,5749971,Roma,8686,Napoli,9875,False,False,False,55,Serie A,2026/2027,ITA,,,,,,https://images.fotmob.com/image_resources/logo/teamlogo/8686.png,https://images.fotmob.com/image_resources/logo/teamlogo/9875.png,2027-05-02,18:30
34,https://www.fotmob.com/matches/sassuolo-vs-frosinone/2movl6#5749977,5749977,Sassuolo,7943,Frosinone,9891,False,False,False,55,Serie A,2026/2027,ITA,,,,,,https://images.fotmob.com/image_resources/logo/teamlogo/7943.png,https://images.fotmob.com/image_resources/logo/teamlogo/9891.png,2027-05-02,18:30
34,https://www.fotmob.com/matches/torino-vs-parma/3aqp1u#5749978,5749978,Torino,9804,Parma,10167,False,False,False,55,Serie A,2026/2027,ITA,,,,,,https://images.fotmob.com/image_resources/logo/teamlogo/9804.png,https://images.fotmob.com/image_resources/logo/teamlogo/10167.png,2027-05-02,18:30
34,https://www.fotmob.com/matches/udinese-vs-genoa/2xlf1t#5749979,5749979,Udinese,8600,Genoa,10233,False,False,False,55,Serie A,2026/2027,ITA,,,,,,https://images.fotmob.com/image_resources/logo/teamlogo/8600.png,https://images.fotmob.com/image_resources/logo/teamlogo/10233.png,2027-05-02,18:30
35,https://www.fotmob.com/matches/fiorentina-vs-roma/2gak0t#5749980,5749980,Fiorentina,8535,Roma,8686,False,False,False,55,Serie A,2026/2027,ITA,,,,,,https://images.fotmob.com/image_resources/logo/teamlogo/8535.png,https://images.fotmob.com/image_resources/logo/teamlogo/8686.png,2027-05-09,18:30
35,https://www.fotmob.com/matches/atalanta-vs-frosinone/2syl2j#5749981,5749981,Frosinone,9891,Atalanta,8524,False,False,False,55,Serie A,2026/2027,ITA,,,,,,https://images.fotmob.com/image_resources/logo/teamlogo/9891.png,https://images.fotmob.com/image_resources/logo/teamlogo/8524.png,2027-05-09,18:30
35,https://www.fotmob.com/matches/cagliari-vs-genoa/2wst60#5749982,5749982,Genoa,10233,Cagliari,8529,False,False,False,55,Serie A,2026/2027,ITA,,,,,,https://images.fotmob.com/image_resources/logo/teamlogo/10233.png,https://images.fotmob.com/image_resources/logo/teamlogo/8529.png,2027-05-09,18:30
35,https://www.fotmob.com/matches/inter-vs-lecce/2u5qhi#5749983,5749983,Inter,8636,Lecce,9888,False,False,False,55,Serie A,2026/2027,ITA,,,,,,https://images.fotmob.com/image_resources/logo/teamlogo/8636.png,https://images.fotmob.com/image_resources/logo/teamlogo/9888.png,2027-05-09,18:30
35,https://www.fotmob.com/matches/sassuolo-vs-lazio/28x1ic#5749984,5749984,Lazio,8543,Sassuolo,7943,False,False,False,55,Serie A,2026/2027,ITA,,,,,,https://images.fotmob.com/image_resources/logo/teamlogo/8543.png,https://images.fotmob.com/image_resources/logo/teamlogo/7943.png,2027-05-09,18:30
35,https://www.fotmob.com/matches/milan-vs-parma/2wgcrq#5749986,5749986,Parma,10167,Milan,8564,False,False,False,55,Serie A,2026/2027,ITA,,,,,,https://images.fotmob.com/image_resources/logo/teamlogo/10167.png,https://images.fotmob.com/image_resources/logo/teamlogo/8564.png,2027-05-09,18:30
35,https://www.fotmob.com/matches/monza-vs-napoli/27vdst#5749985,5749985,Napoli,9875,Monza,6504,False,False,False,55,Serie A,2026/2027,ITA,,,,,,https://images.fotmob.com/image_resources/logo/teamlogo/9875.png,https://images.fotmob.com/image_resources/logo/teamlogo/6504.png,2027-05-09,18:30
35,https://www.fotmob.com/matches/torino-vs-bologna/373118#5749987,5749987,Torino,9804,Bologna,9857,False,False,False,55,Serie A,2026/2027,ITA,,,,,,https://images.fotmob.com/image_resources/logo/teamlogo/9804.png,https://images.fotmob.com/image_resources/logo/teamlogo/9857.png,2027-05-09,18:30
35,https://www.fotmob.com/matches/udinese-vs-juventus/2tq9mc#5749988,5749988,Udinese,8600,Juventus,9885,False,False,False,55,Serie A,2026/2027,ITA,,,,,,https://images.fotmob.com/image_resources/logo/teamlogo/8600.png,https://images.fotmob.com/image_resources/logo/teamlogo/9885.png,2027-05-09,18:30
35,https://www.fotmob.com/matches/venezia-vs-como/2p0ob7#5749989,5749989,Venezia,7881,Como,10171,False,False,False,55,Serie A,2026/2027,ITA,,,,,,https://images.fotmob.com/image_resources/logo/teamlogo/7881.png,https://images.fotmob.com/image_resources/logo/teamlogo/10171.png,2027-05-09,18:30
36,https://www.fotmob.com/matches/milan-vs-roma/2gl9pd#5749990,5749990,Milan,8564,Roma,8686,False,False,False,55,Serie A,2026/2027,ITA,,,,,,https://images.fotmob.com/image_resources/logo/teamlogo/8564.png,https://images.fotmob.com/image_resources/logo/teamlogo/8686.png,2027-05-16,18:30
36,https://www.fotmob.com/matches/bologna-vs-frosinone/383rul#5749991,5749991,Bologna,9857,Frosinone,9891,False,False,False,55,Serie A,2026/2027,ITA,,,,,,https://images.fotmob.com/image_resources/logo/teamlogo/9857.png,https://images.fotmob.com/image_resources/logo/teamlogo/9891.png,2027-05-16,18:30
36,https://www.fotmob.com/matches/cagliari-vs-torino/2s2af3#5749992,5749992,Cagliari,8529,Torino,9804,False,False,False,55,Serie A,2026/2027,ITA,,,,,,https://images.fotmob.com/image_resources/logo/teamlogo/8529.png,https://images.fotmob.com/image_resources/logo/teamlogo/9804.png,2027-05-16,18:30
36,https://www.fotmob.com/matches/atalanta-vs-como/2w1wx4#5749993,5749993,Como,10171,Atalanta,8524,False,False,False,55,Serie A,2026/2027,ITA,,,,,,https://images.fotmob.com/image_resources/logo/teamlogo/10171.png,https://images.fotmob.com/image_resources/logo/teamlogo/8524.png,2027-05-16,18:30
36,https://www.fotmob.com/matches/inter-vs-juventus/2u4jlu#5749994,5749994,Juventus,9885,Inter,8636,False,False,False,55,Serie A,2026/2027,ITA,,,,,,https://images.fotmob.com/image_resources/logo/teamlogo/9885.png,https://images.fotmob.com/image_resources/logo/teamlogo/8636.png,2027-05-16,18:30
36,https://www.fotmob.com/matches/lazio-vs-udinese/2fhtto#5749995,5749995,Lazio,8543,Udinese,8600,False,False,False,55,Serie A,2026/2027,ITA,,,,,,https://images.fotmob.com/image_resources/logo/teamlogo/8543.png,https://images.fotmob.com/image_resources/logo/teamlogo/8600.png,2027-05-16,18:30
36,https://www.fotmob.com/matches/fiorentina-vs-lecce/2t1qro#5749996,5749996,Lecce,9888,Fiorentina,8535,False,False,False,55,Serie A,2026/2027,ITA,,,,,,https://images.fotmob.com/image_resources/logo/teamlogo/9888.png,https://images.fotmob.com/image_resources/logo/teamlogo/8535.png,2027-05-16,18:30
36,https://www.fotmob.com/matches/monza-vs-parma/2aqqjc#5749997,5749997,Monza,6504,Parma,10167,False,False,False,55,Serie A,2026/2027,ITA,,,,,,https://images.fotmob.com/image_resources/logo/teamlogo/6504.png,https://images.fotmob.com/image_resources/logo/teamlogo/10167.png,2027-05-16,18:30
36,https://www.fotmob.com/matches/venezia-vs-sassuolo/22jsrz#5749999,5749999,Sassuolo,7943,Venezia,7881,False,False,False,55,Serie A,2026/2027,ITA,,,,,,https://images.fotmob.com/image_resources/logo/teamlogo/7943.png,https://images.fotmob.com/image_resources/logo/teamlogo/7881.png,2027-05-16,18:30
36,https://www.fotmob.com/matches/napoli-vs-genoa/3cdjj5#5749998,5749998,Napoli,9875,Genoa,10233,False,False,False,55,Serie A,2026/2027,ITA,,,,,,https://images.fotmob.com/image_resources/logo/teamlogo/9875.png,https://images.fotmob.com/image_resources/logo/teamlogo/10233.png,2027-05-16,18:30
37,https://www.fotmob.com/matches/atalanta-vs-lecce/2sxefy#5750001,5750001,Atalanta,8524,Lecce,9888,False,False,False,55,Serie A,2026/2027,ITA,,,,,,https://images.fotmob.com/image_resources/logo/teamlogo/8524.png,https://images.fotmob.com/image_resources/logo/teamlogo/9888.png,2027-05-23,18:30
37,https://www.fotmob.com/matches/monza-vs-fiorentina/1vc5x3#5750002,5750002,Fiorentina,8535,Monza,6504,False,False,False,55,Serie A,2026/2027,ITA,,,,,,https://images.fotmob.com/image_resources/logo/teamlogo/8535.png,https://images.fotmob.com/image_resources/logo/teamlogo/6504.png,2027-05-23,18:30
37,https://www.fotmob.com/matches/cagliari-vs-frosinone/2t0k4l#5750003,5750003,Frosinone,9891,Cagliari,8529,False,False,False,55,Serie A,2026/2027,ITA,,,,,,https://images.fotmob.com/image_resources/logo/teamlogo/9891.png,https://images.fotmob.com/image_resources/logo/teamlogo/8529.png,2027-05-23,18:30
37,https://www.fotmob.com/matches/bologna-vs-genoa/3c5scw#5750004,5750004,Genoa,10233,Bologna,9857,False,False,False,55,Serie A,2026/2027,ITA,,,,,,https://images.fotmob.com/image_resources/logo/teamlogo/10233.png,https://images.fotmob.com/image_resources/logo/teamlogo/9857.png,2027-05-23,18:30
37,https://www.fotmob.com/matches/lazio-vs-inter/2fv2k6#5750005,5750005,Inter,8636,Lazio,8543,False,False,False,55,Serie A,2026/2027,ITA,,,,,,https://images.fotmob.com/image_resources/logo/teamlogo/8636.png,https://images.fotmob.com/image_resources/logo/teamlogo/8543.png,2027-05-23,18:30
37,https://www.fotmob.com/matches/juventus-vs-parma/3bpfv3#5750006,5750006,Parma,10167,Juventus,9885,False,False,False,55,Serie A,2026/2027,ITA,,,,,,https://images.fotmob.com/image_resources/logo/teamlogo/10167.png,https://images.fotmob.com/image_resources/logo/teamlogo/9885.png,2027-05-23,18:30
37,https://www.fotmob.com/matches/roma-vs-como/2xv43v#5750000,5750000,Roma,8686,Como,10171,False,False,False,55,Serie A,2026/2027,ITA,,,,,,https://images.fotmob.com/image_resources/logo/teamlogo/8686.png,https://images.fotmob.com/image_resources/logo/teamlogo/10171.png,2027-05-23,18:30
37,https://www.fotmob.com/matches/torino-vs-napoli/37am8z#5750007,5750007,Torino,9804,Napoli,9875,False,False,False,55,Serie A,2026/2027,ITA,,,,,,https://images.fotmob.com/image_resources/logo/teamlogo/9804.png,https://images.fotmob.com/image_resources/logo/teamlogo/9875.png,2027-05-23,18:30
37,https://www.fotmob.com/matches/sassuolo-vs-udinese/29h7wo#5750008,5750008,Udinese,8600,Sassuolo,7943,False,False,False,55,Serie A,2026/2027,ITA,,,,,,https://images.fotmob.com/image_resources/logo/teamlogo/8600.png,https://images.fotmob.com/image_resources/logo/teamlogo/7943.png,2027-05-23,18:30
37,https://www.fotmob.com/matches/venezia-vs-milan/28iklz#5750009,5750009,Venezia,7881,Milan,8564,False,False,False,55,Serie A,2026/2027,ITA,,,,,,https://images.fotmob.com/image_resources/logo/teamlogo/7881.png,https://images.fotmob.com/image_resources/logo/teamlogo/8564.png,2027-05-23,18:30
38,https://www.fotmob.com/matches/milan-vs-udinese/2fpjs6#5750010,5750010,Milan,8564,Udinese,8600,False,False,False,55,Serie A,2026/2027,ITA,,,,,,https://images.fotmob.com/image_resources/logo/teamlogo/8564.png,https://images.fotmob.com/image_resources/logo/teamlogo/8600.png,2027-05-30,18:30
38,https://www.fotmob.com/matches/bologna-vs-parma/3bdewt#5750011,5750011,Bologna,9857,Parma,10167,False,False,False,55,Serie A,2026/2027,ITA,,,,,,https://images.fotmob.com/image_resources/logo/teamlogo/9857.png,https://images.fotmob.com/image_resources/logo/teamlogo/10167.png,2027-05-30,18:30
38,https://www.fotmob.com/matches/cagliari-vs-roma/2g8cb2#5750012,5750012,Cagliari,8529,Roma,8686,False,False,False,55,Serie A,2026/2027,ITA,,,,,,https://images.fotmob.com/image_resources/logo/teamlogo/8529.png,https://images.fotmob.com/image_resources/logo/teamlogo/8686.png,2027-05-30,18:30
38,https://www.fotmob.com/matches/como-vs-genoa/3fy2aj#5750013,5750013,Como,10171,Genoa,10233,False,False,False,55,Serie A,2026/2027,ITA,,,,,,https://images.fotmob.com/image_resources/logo/teamlogo/10171.png,https://images.fotmob.com/image_resources/logo/teamlogo/10233.png,2027-05-30,18:30
38,https://www.fotmob.com/matches/juventus-vs-frosinone/38fmtf#5750014,5750014,Juventus,9885,Frosinone,9891,False,False,False,55,Serie A,2026/2027,ITA,,,,,,https://images.fotmob.com/image_resources/logo/teamlogo/9885.png,https://images.fotmob.com/image_resources/logo/teamlogo/9891.png,2027-05-30,18:30
38,https://www.fotmob.com/matches/fiorentina-vs-lazio/2etzl8#5750015,5750015,Lazio,8543,Fiorentina,8535,False,False,False,55,Serie A,2026/2027,ITA,,,,,,https://images.fotmob.com/image_resources/logo/teamlogo/8543.png,https://images.fotmob.com/image_resources/logo/teamlogo/8535.png,2027-05-30,18:30
38,https://www.fotmob.com/matches/venezia-vs-lecce/2m02ql#5750016,5750016,Lecce,9888,Venezia,7881,False,False,False,55,Serie A,2026/2027,ITA,,,,,,https://images.fotmob.com/image_resources/logo/teamlogo/9888.png,https://images.fotmob.com/image_resources/logo/teamlogo/7881.png,2027-05-30,18:30
38,https://www.fotmob.com/matches/monza-vs-torino/276icu#5750017,5750017,Monza,6504,Torino,9804,False,False,False,55,Serie A,2026/2027,ITA,,,,,,https://images.fotmob.com/image_resources/logo/teamlogo/6504.png,https://images.fotmob.com/image_resources/logo/teamlogo/9804.png,2027-05-30,18:30
38,https://www.fotmob.com/matches/sassuolo-vs-inter/29tzz6#5750019,5750019,Sassuolo,7943,Inter,8636,False,False,False,55,Serie A,2026/2027,ITA,,,,,,https://images.fotmob.com/image_resources/logo/teamlogo/7943.png,https://images.fotmob.com/image_resources/logo/teamlogo/8636.png,2027-05-30,18:30
38,https://www.fotmob.com/matches/atalanta-vs-napoli/2ss9sz#5750018,5750018,Napoli,9875,Atalanta,8524,False,False,False,55,Serie A,2026/2027,ITA,,,,,,https://images.fotmob.com/image_resources/logo/teamlogo/9875.png,https://images.fotmob.com/image_resources/logo/teamlogo/8524.png,2027-05-30,18:30
1,https://www.fotmob.com/matches/getafe-vs-deportivo-alaves/2qawwk#5868011,5868011,Deportivo Alaves,9866,Getafe,8305,True,False,True,87,LaLiga,2026/2027,ESP,False,3 - 0,FT,Full-Time,finished,https://images.fotmob.com/image_resources/logo/teamlogo/9866.png,https://images.fotmob.com/image_resources/logo/teamlogo/8305.png,2026-08-15,19:30
1,https://www.fotmob.com/matches/sevilla-vs-rayo-vallecano/2ar4ua#5868019,5868019,Sevilla,8302,Rayo Vallecano,8370,True,False,True,87,LaLiga,2026/2027,ESP,False,2 - 1,FT,Full-Time,finished,https://images.fotmob.com/image_resources/logo/teamlogo/8302.png,https://images.fotmob.com/image_resources/logo/teamlogo/8370.png,2026-08-15,21:30
1,https://www.fotmob.com/matches/racing-santander-vs-villarreal/2ycx33#5868017,5868017,Racing Santander,8696,Villarreal,10205,True,False,True,87,LaLiga,2026/2027,ESP,False,2 - 2,FT,Full-Time,finished,https://images.fotmob.com/image_resources/logo/teamlogo/8696.png,https://images.fotmob.com/image_resources/logo/teamlogo/10205.png,2026-08-16,17:00
1,https://www.fotmob.com/matches/espanyol-vs-levante/2fgcwj#5868015,5868015,Espanyol,8558,Levante,8581,True,False,True,87,LaLiga,2026/2027,ESP,False,3 - 0,FT,Full-Time,finished,https://images.fotmob.com/image_resources/logo/teamlogo/8558.png,https://images.fotmob.com/image_resources/logo/teamlogo/8581.png,2026-08-16,19:00
1,https://www.fotmob.com/matches/deportivo-coruna-vs-elche/3bp0b9#5868014,5868014,Deportivo A Coruña,9783,Elche,10268,False,False,False,87,LaLiga,2026/2027,ESP,,,,,,https://images.fotmob.com/image_resources/logo/teamlogo/9783.png,https://images.fotmob.com/image_resources/logo/teamlogo/10268.png,2026-08-17,21:00
1,https://www.fotmob.com/matches/malaga-vs-atletico-madrid/38d3a9#5868012,5868012,Atletico Madrid,9906,Malaga,9864,False,False,False,87,LaLiga,2026/2027,ESP,,,,,,https://images.fotmob.com/image_resources/logo/teamlogo/9906.png,https://images.fotmob.com/image_resources/logo/teamlogo/9864.png,2026-08-19,21:00
2,https://www.fotmob.com/matches/rayo-vallecano-vs-deportivo-alaves/2r09ww#5868029,5868029,Rayo Vallecano,8370,Deportivo Alaves,9866,False,False,False,87,LaLiga,2026/2027,ESP,,,,,,https://images.fotmob.com/image_resources/logo/teamlogo/8370.png,https://images.fotmob.com/image_resources/logo/teamlogo/9866.png,2026-08-20,21:00
2,https://www.fotmob.com/matches/real-sociedad-vs-real-betis/2fp6jh#5868023,5868023,Real Betis,8603,Real Sociedad,8560,False,False,False,87,LaLiga,2026/2027,ESP,,,,,,https://images.fotmob.com/image_resources/logo/teamlogo/8603.png,https://images.fotmob.com/image_resources/logo/teamlogo/8560.png,2026-08-21,21:00
2,https://www.fotmob.com/matches/sevilla-vs-athletic-club/2a7iew#5868021,5868021,Athletic Club,8315,Sevilla,8302,False,False,False,87,LaLiga,2026/2027,ESP,,,,,,https://images.fotmob.com/image_resources/logo/teamlogo/8315.png,https://images.fotmob.com/image_resources/logo/teamlogo/8302.png,2026-08-22,17:00
2,https://www.fotmob.com/matches/celta-vigo-vs-valencia/3d7bzj#5868030,5868030,Valencia,10267,Celta Vigo,9910,False,False,False,87,LaLiga,2026/2027,ESP,,,,,,https://images.fotmob.com/image_resources/logo/teamlogo/10267.png,https://images.fotmob.com/image_resources/logo/teamlogo/9910.png,2026-08-22,19:30
2,https://www.fotmob.com/matches/espanyol-vs-real-madrid/2fzhol#5868025,5868025,Espanyol,8558,Real Madrid,8633,False,False,False,87,LaLiga,2026/2027,ESP,,,,,,https://images.fotmob.com/image_resources/logo/teamlogo/8558.png,https://images.fotmob.com/image_resources/logo/teamlogo/8633.png,2026-08-22,21:30
2,https://www.fotmob.com/matches/atletico-madrid-vs-villarreal/3ceu3u#5868022,5868022,Atletico Madrid,9906,Villarreal,10205,False,False,False,87,LaLiga,2026/2027,ESP,,,,,,https://images.fotmob.com/image_resources/logo/teamlogo/9906.png,https://images.fotmob.com/image_resources/logo/teamlogo/10205.png,2026-08-23,17:00
2,https://www.fotmob.com/matches/getafe-vs-racing-santander/2e1vat#5868026,5868026,Getafe,8305,Racing Santander,8696,False,False,False,87,LaLiga,2026/2027,ESP,,,,,,https://images.fotmob.com/image_resources/logo/teamlogo/8305.png,https://images.fotmob.com/image_resources/logo/teamlogo/8696.png,2026-08-23,19:30
2,https://www.fotmob.com/matches/barcelona-vs-elche/2ydbmf#5868024,5868024,Elche,10268,Barcelona,8634,False,False,False,87,LaLiga,2026/2027,ESP,,,,,,https://images.fotmob.com/image_resources/logo/teamlogo/10268.png,https://images.fotmob.com/image_resources/logo/teamlogo/8634.png,2026-08-23,21:30
2,https://www.fotmob.com/matches/osasuna-vs-levante/2dk1c1#5868028,5868028,Osasuna,8371,Levante,8581,False,False,False,87,LaLiga,2026/2027,ESP,,,,,,https://images.fotmob.com/image_resources/logo/teamlogo/8371.png,https://images.fotmob.com/image_resources/logo/teamlogo/8581.png,2026-08-24,19:30
2,https://www.fotmob.com/matches/deportivo-coruna-vs-malaga/36x4q0#5868027,5868027,Malaga,9864,Deportivo A Coruña,9783,False,False,False,87,LaLiga,2026/2027,ESP,,,,,,https://images.fotmob.com/image_resources/logo/teamlogo/9864.png,https://images.fotmob.com/image_resources/logo/teamlogo/9783.png,2026-08-24,21:30
1,https://www.fotmob.com/matches/real-betis-vs-valencia/2y0d9k#5868020,5868020,Valencia,10267,Real Betis,8603,False,False,False,87,LaLiga,2026/2027,ESP,,,,,,https://images.fotmob.com/image_resources/logo/teamlogo/10267.png,https://images.fotmob.com/image_resources/logo/teamlogo/8603.png,2026-08-25,21:00
1,https://www.fotmob.com/matches/real-sociedad-vs-real-madrid/2g087q#5868018,5868018,Real Madrid,8633,Real Sociedad,8560,False,False,False,87,LaLiga,2026/2027,ESP,,,,,,https://images.fotmob.com/image_resources/logo/teamlogo/8633.png,https://images.fotmob.com/image_resources/logo/teamlogo/8560.png,2026-08-26,21:00
1,https://www.fotmob.com/matches/osasuna-vs-celta-vigo/2rhvxv#5868013,5868013,Celta Vigo,9910,Osasuna,8371,False,False,False,87,LaLiga,2026/2027,ESP,,,,,,https://images.fotmob.com/image_resources/logo/teamlogo/9910.png,https://images.fotmob.com/image_resources/logo/teamlogo/8371.png,2026-08-27,20:30
1,https://www.fotmob.com/matches/athletic-club-vs-barcelona/2diy4x#5868016,5868016,Barcelona,8634,Athletic Club,8315,False,False,False,87,LaLiga,2026/2027,ESP,,,,,,https://images.fotmob.com/image_resources/logo/teamlogo/8634.png,https://images.fotmob.com/image_resources/logo/teamlogo/8315.png,2026-08-27,21:00
3,https://www.fotmob.com/matches/racing-santander-vs-elche/2z2hfu#5868037,5868037,Racing Santander,8696,Elche,10268,False,False,False,87,LaLiga,2026/2027,ESP,,,,,,https://images.fotmob.com/image_resources/logo/teamlogo/8696.png,https://images.fotmob.com/image_resources/logo/teamlogo/10268.png,2026-08-28,19:00
3,https://www.fotmob.com/matches/deportivo-alaves-vs-villarreal/3bxlyu#5868031,5868031,Deportivo Alaves,9866,Villarreal,10205,False,False,False,87,LaLiga,2026/2027,ESP,,,,,,https://images.fotmob.com/image_resources/logo/teamlogo/9866.png,https://images.fotmob.com/image_resources/logo/teamlogo/10205.png,2026-08-28,21:30
3,https://www.fotmob.com/matches/levante-vs-real-betis/2fwwtn#5868035,5868035,Levante,8581,Real Betis,8603,False,False,False,87,LaLiga,2026/2027,ESP,,,,,,https://images.fotmob.com/image_resources/logo/teamlogo/8581.png,https://images.fotmob.com/image_resources/logo/teamlogo/8603.png,2026-08-29,17:00
3,https://www.fotmob.com/matches/espanyol-vs-real-sociedad/2f8nc1#5868039,5868039,Real Sociedad,8560,Espanyol,8558,False,False,False,87,LaLiga,2026/2027,ESP,,,,,,https://images.fotmob.com/image_resources/logo/teamlogo/8560.png,https://images.fotmob.com/image_resources/logo/teamlogo/8558.png,2026-08-29,19:00
3,https://www.fotmob.com/matches/sevilla-vs-atletico-madrid/2qpc8y#5868040,5868040,Sevilla,8302,Atletico Madrid,9906,False,False,False,87,LaLiga,2026/2027,ESP,,,,,,https://images.fotmob.com/image_resources/logo/teamlogo/8302.png,https://images.fotmob.com/image_resources/logo/teamlogo/9906.png,2026-08-29,21:30
3,https://www.fotmob.com/matches/real-madrid-vs-malaga/2tv0tl#5868038,5868038,Real Madrid,8633,Malaga,9864,False,False,False,87,LaLiga,2026/2027,ESP,,,,,,https://images.fotmob.com/image_resources/logo/teamlogo/8633.png,https://images.fotmob.com/image_resources/logo/teamlogo/9864.png,2026-08-30,17:00
3,https://www.fotmob.com/matches/deportivo-coruna-vs-valencia/3bokua#5868033,5868033,Deportivo A Coruña,9783,Valencia,10267,False,False,False,87,LaLiga,2026/2027,ESP,,,,,,https://images.fotmob.com/image_resources/logo/teamlogo/9783.png,https://images.fotmob.com/image_resources/logo/teamlogo/10267.png,2026-08-30,19:30
3,https://www.fotmob.com/matches/athletic-club-vs-celta-vigo/2qvz7j#5868032,5868032,Celta Vigo,9910,Athletic Club,8315,False,False,False,87,LaLiga,2026/2027,ESP,,,,,,https://images.fotmob.com/image_resources/logo/teamlogo/9910.png,https://images.fotmob.com/image_resources/logo/teamlogo/8315.png,2026-08-30,21:30
3,https://www.fotmob.com/matches/getafe-vs-osasuna/2askb1#5868036,5868036,Osasuna,8371,Getafe,8305,False,False,False,87,LaLiga,2026/2027,ESP,,,,,,https://images.fotmob.com/image_resources/logo/teamlogo/8371.png,https://images.fotmob.com/image_resources/logo/teamlogo/8305.png,2026-08-31,19:30
3,https://www.fotmob.com/matches/rayo-vallecano-vs-barcelona/2e2ym0#5868034,5868034,Barcelona,8634,Rayo Vallecano,8370,False,False,False,87,LaLiga,2026/2027,ESP,,,,,,https://images.fotmob.com/image_resources/logo/teamlogo/8634.png,https://images.fotmob.com/image_resources/logo/teamlogo/8370.png,2026-08-31,21:30
6,https://www.fotmob.com/matches/real-sociedad-vs-celta-vigo/2tkbrv#5868070,5868070,Real Sociedad,8560,Celta Vigo,9910,False,False,False,87,LaLiga,2026/2027,ESP,,,,,,https://images.fotmob.com/image_resources/logo/teamlogo/8560.png,https://images.fotmob.com/image_resources/logo/teamlogo/9910.png,2026-09-03,21:00
4,https://www.fotmob.com/matches/real-betis-vs-real-madrid/2gg3e3#5868043,5868043,Real Betis,8603,Real Madrid,8633,False,False,False,87,LaLiga,2026/2027,ESP,,,,,,https://images.fotmob.com/image_resources/logo/teamlogo/8603.png,https://images.fotmob.com/image_resources/logo/teamlogo/8633.png,2026-09-04,21:00
4,https://www.fotmob.com/matches/athletic-club-vs-atletico-madrid/2queyl#5868042,5868042,Athletic Club,8315,Atletico Madrid,9906,False,False,False,87,LaLiga,2026/2027,ESP,,,,,,https://images.fotmob.com/image_resources/logo/teamlogo/8315.png,https://images.fotmob.com/image_resources/logo/teamlogo/9906.png,2026-09-05,16:15
4,https://www.fotmob.com/matches/rayo-vallecano-vs-racing-santander/2eplmn#5868048,5868048,Rayo Vallecano,8370,Racing Santander,8696,False,False,False,87,LaLiga,2026/2027,ESP,,,,,,https://images.fotmob.com/image_resources/logo/teamlogo/8370.png,https://images.fotmob.com/image_resources/logo/teamlogo/8696.png,2026-09-05,18:30
4,https://www.fotmob.com/matches/deportivo-coruna-vs-villarreal/3axz49#5868050,5868050,Villarreal,10205,Deportivo A Coruña,9783,False,False,False,87,LaLiga,2026/2027,ESP,,,,,,https://images.fotmob.com/image_resources/logo/teamlogo/10205.png,https://images.fotmob.com/image_resources/logo/teamlogo/9783.png,2026-09-05,21:00
4,https://www.fotmob.com/matches/barcelona-vs-valencia/2ycx1d#5868049,5868049,Valencia,10267,Barcelona,8634,False,False,False,87,LaLiga,2026/2027,ESP,,,,,,https://images.fotmob.com/image_resources/logo/teamlogo/10267.png,https://images.fotmob.com/image_resources/logo/teamlogo/8634.png,2026-09-06,16:15
4,https://www.fotmob.com/matches/osasuna-vs-deportivo-alaves/2r0nzh#5868041,5868041,Deportivo Alaves,9866,Osasuna,8371,False,False,False,87,LaLiga,2026/2027,ESP,,,,,,https://images.fotmob.com/image_resources/logo/teamlogo/9866.png,https://images.fotmob.com/image_resources/logo/teamlogo/8371.png,2026-09-06,18:30
4,https://www.fotmob.com/matches/levante-vs-malaga/2tafoj#5868047,5868047,Malaga,9864,Levante,8581,False,False,False,87,LaLiga,2026/2027,ESP,,,,,,https://images.fotmob.com/image_resources/logo/teamlogo/9864.png,https://images.fotmob.com/image_resources/logo/teamlogo/8581.png,2026-09-06,18:30
4,https://www.fotmob.com/matches/sevilla-vs-espanyol/2cmp5w#5868045,5868045,Espanyol,8558,Sevilla,8302,False,False,False,87,LaLiga,2026/2027,ESP,,,,,,https://images.fotmob.com/image_resources/logo/teamlogo/8558.png,https://images.fotmob.com/image_resources/logo/teamlogo/8302.png,2026-09-06,21:00
4,https://www.fotmob.com/matches/getafe-vs-celta-vigo/2qs2ma#5868046,5868046,Getafe,8305,Celta Vigo,9910,False,False,False,87,LaLiga,2026/2027,ESP,,,,,,https://images.fotmob.com/image_resources/logo/teamlogo/8305.png,https://images.fotmob.com/image_resources/logo/teamlogo/9910.png,2026-09-07,19:00
4,https://www.fotmob.com/matches/real-sociedad-vs-elche/2xjeda#5868044,5868044,Elche,10268,Real Sociedad,8560,False,False,False,87,LaLiga,2026/2027,ESP,,,,,,https://images.fotmob.com/image_resources/logo/teamlogo/10268.png,https://images.fotmob.com/image_resources/logo/teamlogo/8560.png,2026-09-07,21:30
5,https://www.fotmob.com/matches/athletic-club-vs-elche/2ut5xr#5868051,5868051,Athletic Club,8315,Elche,10268,False,False,False,87,LaLiga,2026/2027,ESP,,,,,,https://images.fotmob.com/image_resources/logo/teamlogo/8315.png,https://images.fotmob.com/image_resources/logo/teamlogo/10268.png,2026-09-13,15:00
5,https://www.fotmob.com/matches/malaga-vs-celta-vigo/38esbb#5868052,5868052,Celta Vigo,9910,Malaga,9864,False,False,False,87,LaLiga,2026/2027,ESP,,,,,,https://images.fotmob.com/image_resources/logo/teamlogo/9910.png,https://images.fotmob.com/image_resources/logo/teamlogo/9864.png,2026-09-13,15:00
5,https://www.fotmob.com/matches/getafe-vs-deportivo-coruna/2penqj#5868053,5868053,Getafe,8305,Deportivo A Coruña,9783,False,False,False,87,LaLiga,2026/2027,ESP,,,,,,https://images.fotmob.com/image_resources/logo/teamlogo/8305.png,https://images.fotmob.com/image_resources/logo/teamlogo/9783.png,2026-09-13,15:00
5,https://www.fotmob.com/matches/levante-vs-barcelona/2g8c9m#5868054,5868054,Levante,8581,Barcelona,8634,False,False,False,87,LaLiga,2026/2027,ESP,,,,,,https://images.fotmob.com/image_resources/logo/teamlogo/8581.png,https://images.fotmob.com/image_resources/logo/teamlogo/8634.png,2026-09-13,15:00
5,https://www.fotmob.com/matches/osasuna-vs-espanyol/2dbonz#5868055,5868055,Osasuna,8371,Espanyol,8558,False,False,False,87,LaLiga,2026/2027,ESP,,,,,,https://images.fotmob.com/image_resources/logo/teamlogo/8371.png,https://images.fotmob.com/image_resources/logo/teamlogo/8558.png,2026-09-13,15:00
5,https://www.fotmob.com/matches/racing-santander-vs-deportivo-alaves/2uku6l#5868056,5868056,Racing Santander,8696,Deportivo Alaves,9866,False,False,False,87,LaLiga,2026/2027,ESP,,,,,,https://images.fotmob.com/image_resources/logo/teamlogo/8696.png,https://images.fotmob.com/image_resources/logo/teamlogo/9866.png,2026-09-13,15:00
5,https://www.fotmob.com/matches/rayo-vallecano-vs-real-madrid/2e2lhn#5868057,5868057,Real Madrid,8633,Rayo Vallecano,8370,False,False,False,87,LaLiga,2026/2027,ESP,,,,,,https://images.fotmob.com/image_resources/logo/teamlogo/8633.png,https://images.fotmob.com/image_resources/logo/teamlogo/8370.png,2026-09-13,15:00
5,https://www.fotmob.com/matches/real-sociedad-vs-atletico-madrid/2tiqrp#5868058,5868058,Real Sociedad,8560,Atletico Madrid,9906,False,False,False,87,LaLiga,2026/2027,ESP,,,,,,https://images.fotmob.com/image_resources/logo/teamlogo/8560.png,https://images.fotmob.com/image_resources/logo/teamlogo/9906.png,2026-09-13,15:00
5,https://www.fotmob.com/matches/sevilla-vs-valencia/2unl97#5868059,5868059,Sevilla,8302,Valencia,10267,False,False,False,87,LaLiga,2026/2027,ESP,,,,,,https://images.fotmob.com/image_resources/logo/teamlogo/8302.png,https://images.fotmob.com/image_resources/logo/teamlogo/10267.png,2026-09-13,15:00
5,https://www.fotmob.com/matches/real-betis-vs-villarreal/2xbbzr#5868060,5868060,Villarreal,10205,Real Betis,8603,False,False,False,87,LaLiga,2026/2027,ESP,,,,,,https://images.fotmob.com/image_resources/logo/teamlogo/10205.png,https://images.fotmob.com/image_resources/logo/teamlogo/8603.png,2026-09-13,15:00
6,https://www.fotmob.com/matches/osasuna-vs-atletico-madrid/2rgbip#5868062,5868062,Atletico Madrid,9906,Osasuna,8371,False,False,False,87,LaLiga,2026/2027,ESP,,,,,,https://images.fotmob.com/image_resources/logo/teamlogo/9906.png,https://images.fotmob.com/image_resources/logo/teamlogo/8371.png,2026-09-16,15:00
6,https://www.fotmob.com/matches/barcelona-vs-racing-santander/2hex0z#5868066,5868066,Barcelona,8634,Racing Santander,8696,False,False,False,87,LaLiga,2026/2027,ESP,,,,,,https://images.fotmob.com/image_resources/logo/teamlogo/8634.png,https://images.fotmob.com/image_resources/logo/teamlogo/8696.png,2026-09-16,15:00
6,https://www.fotmob.com/matches/deportivo-alaves-vs-valencia/3cobnt#5868061,5868061,Deportivo Alaves,9866,Valencia,10267,False,False,False,87,LaLiga,2026/2027,ESP,,,,,,https://images.fotmob.com/image_resources/logo/teamlogo/9866.png,https://images.fotmob.com/image_resources/logo/teamlogo/10267.png,2026-09-16,15:00
6,https://www.fotmob.com/matches/sevilla-vs-deportivo-coruna/2pdhva#5868064,5868064,Deportivo A Coruña,9783,Sevilla,8302,False,False,False,87,LaLiga,2026/2027,ESP,,,,,,https://images.fotmob.com/image_resources/logo/teamlogo/9783.png,https://images.fotmob.com/image_resources/logo/teamlogo/8302.png,2026-09-16,15:00
6,https://www.fotmob.com/matches/real-madrid-vs-elche/2ycx1c#5868065,5868065,Elche,10268,Real Madrid,8633,False,False,False,87,LaLiga,2026/2027,ESP,,,,,,https://images.fotmob.com/image_resources/logo/teamlogo/10268.png,https://images.fotmob.com/image_resources/logo/teamlogo/8633.png,2026-09-16,15:00
6,https://www.fotmob.com/matches/athletic-club-vs-levante/2czq11#5868067,5868067,Levante,8581,Athletic Club,8315,False,False,False,87,LaLiga,2026/2027,ESP,,,,,,https://images.fotmob.com/image_resources/logo/teamlogo/8581.png,https://images.fotmob.com/image_resources/logo/teamlogo/8315.png,2026-09-16,15:00
6,https://www.fotmob.com/matches/malaga-vs-villarreal/3bwqzr#5868068,5868068,Malaga,9864,Villarreal,10205,False,False,False,87,LaLiga,2026/2027,ESP,,,,,,https://images.fotmob.com/image_resources/logo/teamlogo/9864.png,https://images.fotmob.com/image_resources/logo/teamlogo/10205.png,2026-09-16,15:00
6,https://www.fotmob.com/matches/rayo-vallecano-vs-espanyol/2dbblq#5868069,5868069,Rayo Vallecano,8370,Espanyol,8558,False,False,False,87,LaLiga,2026/2027,ESP,,,,,,https://images.fotmob.com/image_resources/logo/teamlogo/8370.png,https://images.fotmob.com/image_resources/logo/teamlogo/8558.png,2026-09-16,15:00
6,https://www.fotmob.com/matches/getafe-vs-real-betis/2d42jt#5868063,5868063,Real Betis,8603,Getafe,8305,False,False,False,87,LaLiga,2026/2027,ESP,,,,,,https://images.fotmob.com/image_resources/logo/teamlogo/8603.png,https://images.fotmob.com/image_resources/logo/teamlogo/8305.png,2026-09-16,15:00
7,https://www.fotmob.com/matches/athletic-club-vs-deportivo-alaves/2qet5l#5868071,5868071,Athletic Club,8315,Deportivo Alaves,9866,False,False,False,87,LaLiga,2026/2027,ESP,,,,,,https://images.fotmob.com/image_resources/logo/teamlogo/8315.png,https://images.fotmob.com/image_resources/logo/teamlogo/9866.png,2026-09-20,15:00
7,https://www.fotmob.com/matches/real-madrid-vs-atletico-madrid/2ubozo#5868072,5868072,Atletico Madrid,9906,Real Madrid,8633,False,False,False,87,LaLiga,2026/2027,ESP,,,,,,https://images.fotmob.com/image_resources/logo/teamlogo/9906.png,https://images.fotmob.com/image_resources/logo/teamlogo/8633.png,2026-09-20,15:00
7,https://www.fotmob.com/matches/racing-santander-vs-celta-vigo/2v2d67#5868073,5868073,Celta Vigo,9910,Racing Santander,8696,False,False,False,87,LaLiga,2026/2027,ESP,,,,,,https://images.fotmob.com/image_resources/logo/teamlogo/9910.png,https://images.fotmob.com/image_resources/logo/teamlogo/8696.png,2026-09-20,15:00
7,https://www.fotmob.com/matches/real-betis-vs-deportivo-coruna/2sn58i#5868074,5868074,Deportivo A Coruña,9783,Real Betis,8603,False,False,False,87,LaLiga,2026/2027,ESP,,,,,,https://images.fotmob.com/image_resources/logo/teamlogo/9783.png,https://images.fotmob.com/image_resources/logo/teamlogo/8603.png,2026-09-20,15:00
7,https://www.fotmob.com/matches/espanyol-vs-elche/2xilb9#5868075,5868075,Espanyol,8558,Elche,10268,False,False,False,87,LaLiga,2026/2027,ESP,,,,,,https://images.fotmob.com/image_resources/logo/teamlogo/8558.png,https://images.fotmob.com/image_resources/logo/teamlogo/10268.png,2026-09-20,15:00
7,https://www.fotmob.com/matches/getafe-vs-malaga/2qa4v1#5868076,5868076,Getafe,8305,Malaga,9864,False,False,False,87,LaLiga,2026/2027,ESP,,,,,,https://images.fotmob.com/image_resources/logo/teamlogo/8305.png,https://images.fotmob.com/image_resources/logo/teamlogo/9864.png,2026-09-20,15:00
7,https://www.fotmob.com/matches/rayo-vallecano-vs-osasuna/2bfuc2#5868077,5868077,Osasuna,8371,Rayo Vallecano,8370,False,False,False,87,LaLiga,2026/2027,ESP,,,,,,https://images.fotmob.com/image_resources/logo/teamlogo/8371.png,https://images.fotmob.com/image_resources/logo/teamlogo/8370.png,2026-09-20,15:00
7,https://www.fotmob.com/matches/sevilla-vs-barcelona/2de86m#5868078,5868078,Sevilla,8302,Barcelona,8634,False,False,False,87,LaLiga,2026/2027,ESP,,,,,,https://images.fotmob.com/image_resources/logo/teamlogo/8302.png,https://images.fotmob.com/image_resources/logo/teamlogo/8634.png,2026-09-20,15:00
7,https://www.fotmob.com/matches/real-sociedad-vs-valencia/2xizua#5868079,5868079,Valencia,10267,Real Sociedad,8560,False,False,False,87,LaLiga,2026/2027,ESP,,,,,,https://images.fotmob.com/image_resources/logo/teamlogo/10267.png,https://images.fotmob.com/image_resources/logo/teamlogo/8560.png,2026-09-20,15:00
7,https://www.fotmob.com/matches/levante-vs-villarreal/2x2gvs#5868080,5868080,Villarreal,10205,Levante,8581,False,False,False,87,LaLiga,2026/2027,ESP,,,,,,https://images.fotmob.com/image_resources/logo/teamlogo/10205.png,https://images.fotmob.com/image_resources/logo/teamlogo/8581.png,2026-09-20,15:00
8,https://www.fotmob.com/matches/getafe-vs-barcelona/2dfbe4#5868084,5868084,Barcelona,8634,Getafe,8305,False,False,False,87,LaLiga,2026/2027,ESP,,,,,,https://images.fotmob.com/image_resources/logo/teamlogo/8634.png,https://images.fotmob.com/image_resources/logo/teamlogo/8305.png,2026-10-11,15:00
8,https://www.fotmob.com/matches/deportivo-alaves-vs-atletico-madrid/38dxso#5868081,5868081,Deportivo Alaves,9866,Atletico Madrid,9906,False,False,False,87,LaLiga,2026/2027,ESP,,,,,,https://images.fotmob.com/image_resources/logo/teamlogo/9866.png,https://images.fotmob.com/image_resources/logo/teamlogo/9906.png,2026-10-11,15:00
8,https://www.fotmob.com/matches/celta-vigo-vs-elche/3d7rk1#5868083,5868083,Elche,10268,Celta Vigo,9910,False,False,False,87,LaLiga,2026/2027,ESP,,,,,,https://images.fotmob.com/image_resources/logo/teamlogo/10268.png,https://images.fotmob.com/image_resources/logo/teamlogo/9910.png,2026-10-11,15:00
8,https://www.fotmob.com/matches/sevilla-vs-levante/2cv0lv#5868085,5868085,Levante,8581,Sevilla,8302,False,False,False,87,LaLiga,2026/2027,ESP,,,,,,https://images.fotmob.com/image_resources/logo/teamlogo/8581.png,https://images.fotmob.com/image_resources/logo/teamlogo/8302.png,2026-10-11,15:00
8,https://www.fotmob.com/matches/espanyol-vs-malaga/2t1cj9#5868086,5868086,Malaga,9864,Espanyol,8558,False,False,False,87,LaLiga,2026/2027,ESP,,,,,,https://images.fotmob.com/image_resources/logo/teamlogo/9864.png,https://images.fotmob.com/image_resources/logo/teamlogo/8558.png,2026-10-11,15:00
8,https://www.fotmob.com/matches/racing-santander-vs-valencia/2z22t2#5868087,5868087,Racing Santander,8696,Valencia,10267,False,False,False,87,LaLiga,2026/2027,ESP,,,,,,https://images.fotmob.com/image_resources/logo/teamlogo/8696.png,https://images.fotmob.com/image_resources/logo/teamlogo/10267.png,2026-10-11,15:00
8,https://www.fotmob.com/matches/athletic-club-vs-rayo-vallecano/2avs59#5868088,5868088,Rayo Vallecano,8370,Athletic Club,8315,False,False,False,87,LaLiga,2026/2027,ESP,,,,,,https://images.fotmob.com/image_resources/logo/teamlogo/8370.png,https://images.fotmob.com/image_resources/logo/teamlogo/8315.png,2026-10-11,15:00
8,https://www.fotmob.com/matches/osasuna-vs-real-betis/2ds1b8#5868082,5868082,Real Betis,8603,Osasuna,8371,False,False,False,87,LaLiga,2026/2027,ESP,,,,,,https://images.fotmob.com/image_resources/logo/teamlogo/8603.png,https://images.fotmob.com/image_resources/logo/teamlogo/8371.png,2026-10-11,15:00
8,https://www.fotmob.com/matches/real-madrid-vs-villarreal/2xnfqu#5868089,5868089,Real Madrid,8633,Villarreal,10205,False,False,False,87,LaLiga,2026/2027,ESP,,,,,,https://images.fotmob.com/image_resources/logo/teamlogo/8633.png,https://images.fotmob.com/image_resources/logo/teamlogo/10205.png,2026-10-11,15:00
8,https://www.fotmob.com/matches/real-sociedad-vs-deportivo-coruna/2s67wj#5868090,5868090,Real Sociedad,8560,Deportivo A Coruña,9783,False,False,False,87,LaLiga,2026/2027,ESP,,,,,,https://images.fotmob.com/image_resources/logo/teamlogo/8560.png,https://images.fotmob.com/image_resources/logo/teamlogo/9783.png,2026-10-11,15:00
9,https://www.fotmob.com/matches/deportivo-alaves-vs-celta-vigo/38fmty#5868092,5868092,Celta Vigo,9910,Deportivo Alaves,9866,False,False,False,87,LaLiga,2026/2027,ESP,,,,,,https://images.fotmob.com/image_resources/logo/teamlogo/9910.png,https://images.fotmob.com/image_resources/logo/teamlogo/9866.png,2026-10-18,15:00
9,https://www.fotmob.com/matches/levante-vs-deportivo-coruna/2sehb1#5868093,5868093,Deportivo A Coruña,9783,Levante,8581,False,False,False,87,LaLiga,2026/2027,ESP,,,,,,https://images.fotmob.com/image_resources/logo/teamlogo/9783.png,https://images.fotmob.com/image_resources/logo/teamlogo/8581.png,2026-10-18,15:00
9,https://www.fotmob.com/matches/espanyol-vs-atletico-madrid/2thy9u#5868094,5868094,Espanyol,8558,Atletico Madrid,9906,False,False,False,87,LaLiga,2026/2027,ESP,,,,,,https://images.fotmob.com/image_resources/logo/teamlogo/8558.png,https://images.fotmob.com/image_resources/logo/teamlogo/9906.png,2026-10-18,15:00
9,https://www.fotmob.com/matches/getafe-vs-rayo-vallecano/2as7fs#5868095,5868095,Getafe,8305,Rayo Vallecano,8370,False,False,False,87,LaLiga,2026/2027,ESP,,,,,,https://images.fotmob.com/image_resources/logo/teamlogo/8305.png,https://images.fotmob.com/image_resources/logo/teamlogo/8370.png,2026-10-18,15:00
9,https://www.fotmob.com/matches/real-sociedad-vs-malaga/2t24ys#5868096,5868096,Malaga,9864,Real Sociedad,8560,False,False,False,87,LaLiga,2026/2027,ESP,,,,,,https://images.fotmob.com/image_resources/logo/teamlogo/9864.png,https://images.fotmob.com/image_resources/logo/teamlogo/8560.png,2026-10-18,15:00
9,https://www.fotmob.com/matches/osasuna-vs-racing-santander/2epysq#5868097,5868097,Osasuna,8371,Racing Santander,8696,False,False,False,87,LaLiga,2026/2027,ESP,,,,,,https://images.fotmob.com/image_resources/logo/teamlogo/8371.png,https://images.fotmob.com/image_resources/logo/teamlogo/8696.png,2026-10-18,15:00
9,https://www.fotmob.com/matches/real-betis-vs-barcelona/2gggox#5868091,5868091,Real Betis,8603,Barcelona,8634,False,False,False,87,LaLiga,2026/2027,ESP,,,,,,https://images.fotmob.com/image_resources/logo/teamlogo/8603.png,https://images.fotmob.com/image_resources/logo/teamlogo/8634.png,2026-10-18,15:00
9,https://www.fotmob.com/matches/sevilla-vs-real-madrid/2ddv45#5868098,5868098,Real Madrid,8633,Sevilla,8302,False,False,False,87,LaLiga,2026/2027,ESP,,,,,,https://images.fotmob.com/image_resources/logo/teamlogo/8633.png,https://images.fotmob.com/image_resources/logo/teamlogo/8302.png,2026-10-18,15:00
9,https://www.fotmob.com/matches/athletic-club-vs-valencia/2usrlk#5868099,5868099,Valencia,10267,Athletic Club,8315,False,False,False,87,LaLiga,2026/2027,ESP,,,,,,https://images.fotmob.com/image_resources/logo/teamlogo/10267.png,https://images.fotmob.com/image_resources/logo/teamlogo/8315.png,2026-10-18,15:00
9,https://www.fotmob.com/matches/villarreal-vs-elche/3gsai9#5868100,5868100,Villarreal,10205,Elche,10268,False,False,False,87,LaLiga,2026/2027,ESP,,,,,,https://images.fotmob.com/image_resources/logo/teamlogo/10205.png,https://images.fotmob.com/image_resources/logo/teamlogo/10268.png,2026-10-18,15:00
10,https://www.fotmob.com/matches/getafe-vs-athletic-club/2a8kvt#5868102,5868102,Athletic Club,8315,Getafe,8305,False,False,False,87,LaLiga,2026/2027,ESP,,,,,,https://images.fotmob.com/image_resources/logo/teamlogo/8315.png,https://images.fotmob.com/image_resources/logo/teamlogo/8305.png,2026-10-25,15:00
10,https://www.fotmob.com/matches/deportivo-coruna-vs-atletico-madrid/37eu5r#5868103,5868103,Atletico Madrid,9906,Deportivo A Coruña,9783,False,False,False,87,LaLiga,2026/2027,ESP,,,,,,https://images.fotmob.com/image_resources/logo/teamlogo/9906.png,https://images.fotmob.com/image_resources/logo/teamlogo/9783.png,2026-10-25,15:00
10,https://www.fotmob.com/matches/real-madrid-vs-barcelona/2grk20#5868105,5868105,Barcelona,8634,Real Madrid,8633,False,False,False,87,LaLiga,2026/2027,ESP,,,,,,https://images.fotmob.com/image_resources/logo/teamlogo/8634.png,https://images.fotmob.com/image_resources/logo/teamlogo/8633.png,2026-10-25,15:00
10,https://www.fotmob.com/matches/real-betis-vs-celta-vigo/2u1dbj#5868104,5868104,Celta Vigo,9910,Real Betis,8603,False,False,False,87,LaLiga,2026/2027,ESP,,,,,,https://images.fotmob.com/image_resources/logo/teamlogo/9910.png,https://images.fotmob.com/image_resources/logo/teamlogo/8603.png,2026-10-25,15:00
10,https://www.fotmob.com/matches/malaga-vs-deportivo-alaves/37w5o5#5868101,5868101,Deportivo Alaves,9866,Malaga,9864,False,False,False,87,LaLiga,2026/2027,ESP,,,,,,https://images.fotmob.com/image_resources/logo/teamlogo/9866.png,https://images.fotmob.com/image_resources/logo/teamlogo/9864.png,2026-10-25,15:00
10,https://www.fotmob.com/matches/espanyol-vs-racing-santander/2gmqyl#5868106,5868106,Racing Santander,8696,Espanyol,8558,False,False,False,87,LaLiga,2026/2027,ESP,,,,,,https://images.fotmob.com/image_resources/logo/teamlogo/8696.png,https://images.fotmob.com/image_resources/logo/teamlogo/8558.png,2026-10-25,15:00
10,https://www.fotmob.com/matches/rayo-vallecano-vs-elche/2vf3sr#5868107,5868107,Rayo Vallecano,8370,Elche,10268,False,False,False,87,LaLiga,2026/2027,ESP,,,,,,https://images.fotmob.com/image_resources/logo/teamlogo/8370.png,https://images.fotmob.com/image_resources/logo/teamlogo/10268.png,2026-10-25,15:00
10,https://www.fotmob.com/matches/real-sociedad-vs-levante/2fh3cs#5868108,5868108,Real Sociedad,8560,Levante,8581,False,False,False,87,LaLiga,2026/2027,ESP,,,,,,https://images.fotmob.com/image_resources/logo/teamlogo/8560.png,https://images.fotmob.com/image_resources/logo/teamlogo/8581.png,2026-10-25,15:00
10,https://www.fotmob.com/matches/sevilla-vs-osasuna/2arhpg#5868109,5868109,Sevilla,8302,Osasuna,8371,False,False,False,87,LaLiga,2026/2027,ESP,,,,,,https://images.fotmob.com/image_resources/logo/teamlogo/8302.png,https://images.fotmob.com/image_resources/logo/teamlogo/8371.png,2026-10-25,15:00
10,https://www.fotmob.com/matches/villarreal-vs-valencia/3grupj#5868110,5868110,Valencia,10267,Villarreal,10205,False,False,False,87,LaLiga,2026/2027,ESP,,,,,,https://images.fotmob.com/image_resources/logo/teamlogo/10267.png,https://images.fotmob.com/image_resources/logo/teamlogo/10205.png,2026-10-25,15:00
11,https://www.fotmob.com/matches/athletic-club-vs-real-sociedad/2cs4ea#5868111,5868111,Athletic Club,8315,Real Sociedad,8560,False,False,False,87,LaLiga,2026/2027,ESP,,,,,,https://images.fotmob.com/image_resources/logo/teamlogo/8315.png,https://images.fotmob.com/image_resources/logo/teamlogo/8560.png,2026-11-01,15:00
11,https://www.fotmob.com/matches/barcelona-vs-deportivo-alaves/2tw7n8#5868115,5868115,Barcelona,8634,Deportivo Alaves,9866,False,False,False,87,LaLiga,2026/2027,ESP,,,,,,https://images.fotmob.com/image_resources/logo/teamlogo/8634.png,https://images.fotmob.com/image_resources/logo/teamlogo/9866.png,2026-11-01,15:00
11,https://www.fotmob.com/matches/osasuna-vs-deportivo-coruna/2q4ala#5868113,5868113,Deportivo A Coruña,9783,Osasuna,8371,False,False,False,87,LaLiga,2026/2027,ESP,,,,,,https://images.fotmob.com/image_resources/logo/teamlogo/9783.png,https://images.fotmob.com/image_resources/logo/teamlogo/8371.png,2026-11-01,15:00
11,https://www.fotmob.com/matches/valencia-vs-elche/3hjjfk#5868114,5868114,Elche,10268,Valencia,10267,False,False,False,87,LaLiga,2026/2027,ESP,,,,,,https://images.fotmob.com/image_resources/logo/teamlogo/10268.png,https://images.fotmob.com/image_resources/logo/teamlogo/10267.png,2026-11-01,15:00
11,https://www.fotmob.com/matches/sevilla-vs-getafe/2a3y81#5868116,5868116,Getafe,8305,Sevilla,8302,False,False,False,87,LaLiga,2026/2027,ESP,,,,,,https://images.fotmob.com/image_resources/logo/teamlogo/8305.png,https://images.fotmob.com/image_resources/logo/teamlogo/8302.png,2026-11-01,15:00
11,https://www.fotmob.com/matches/levante-vs-atletico-madrid/2tr25y#5868117,5868117,Levante,8581,Atletico Madrid,9906,False,False,False,87,LaLiga,2026/2027,ESP,,,,,,https://images.fotmob.com/image_resources/logo/teamlogo/8581.png,https://images.fotmob.com/image_resources/logo/teamlogo/9906.png,2026-11-01,15:00
11,https://www.fotmob.com/matches/real-madrid-vs-racing-santander/2hejnl#5868118,5868118,Racing Santander,8696,Real Madrid,8633,False,False,False,87,LaLiga,2026/2027,ESP,,,,,,https://images.fotmob.com/image_resources/logo/teamlogo/8696.png,https://images.fotmob.com/image_resources/logo/teamlogo/8633.png,2026-11-01,15:00
11,https://www.fotmob.com/matches/rayo-vallecano-vs-celta-vigo/2rhhu2#5868119,5868119,Rayo Vallecano,8370,Celta Vigo,9910,False,False,False,87,LaLiga,2026/2027,ESP,,,,,,https://images.fotmob.com/image_resources/logo/teamlogo/8370.png,https://images.fotmob.com/image_resources/logo/teamlogo/9910.png,2026-11-01,15:00
11,https://www.fotmob.com/matches/real-betis-vs-malaga/2tj4zi#5868112,5868112,Real Betis,8603,Malaga,9864,False,False,False,87,LaLiga,2026/2027,ESP,,,,,,https://images.fotmob.com/image_resources/logo/teamlogo/8603.png,https://images.fotmob.com/image_resources/logo/teamlogo/9864.png,2026-11-01,15:00
11,https://www.fotmob.com/matches/espanyol-vs-villarreal/2wt7o0#5868120,5868120,Villarreal,10205,Espanyol,8558,False,False,False,87,LaLiga,2026/2027,ESP,,,,,,https://images.fotmob.com/image_resources/logo/teamlogo/10205.png,https://images.fotmob.com/image_resources/logo/teamlogo/8558.png,2026-11-01,15:00
12,https://www.fotmob.com/matches/barcelona-vs-atletico-madrid/2uc3ao#5868121,5868121,Atletico Madrid,9906,Barcelona,8634,False,False,False,87,LaLiga,2026/2027,ESP,,,,,,https://images.fotmob.com/image_resources/logo/teamlogo/9906.png,https://images.fotmob.com/image_resources/logo/teamlogo/8634.png,2026-11-08,15:00
12,https://www.fotmob.com/matches/levante-vs-celta-vigo/2tsn8g#5868122,5868122,Celta Vigo,9910,Levante,8581,False,False,False,87,LaLiga,2026/2027,ESP,,,,,,https://images.fotmob.com/image_resources/logo/teamlogo/9910.png,https://images.fotmob.com/image_resources/logo/teamlogo/8581.png,2026-11-08,15:00
12,https://www.fotmob.com/matches/real-betis-vs-elche/2y0rtr#5868123,5868123,Elche,10268,Real Betis,8603,False,False,False,87,LaLiga,2026/2027,ESP,,,,,,https://images.fotmob.com/image_resources/logo/teamlogo/10268.png,https://images.fotmob.com/image_resources/logo/teamlogo/8603.png,2026-11-08,15:00
12,https://www.fotmob.com/matches/espanyol-vs-deportivo-coruna/2s5fli#5868124,5868124,Espanyol,8558,Deportivo A Coruña,9783,False,False,False,87,LaLiga,2026/2027,ESP,,,,,,https://images.fotmob.com/image_resources/logo/teamlogo/8558.png,https://images.fotmob.com/image_resources/logo/teamlogo/9783.png,2026-11-08,15:00
12,https://www.fotmob.com/matches/racing-santander-vs-malaga/2uk1jc#5868125,5868125,Malaga,9864,Racing Santander,8696,False,False,False,87,LaLiga,2026/2027,ESP,,,,,,https://images.fotmob.com/image_resources/logo/teamlogo/9864.png,https://images.fotmob.com/image_resources/logo/teamlogo/8696.png,2026-11-08,15:00
12,https://www.fotmob.com/matches/athletic-club-vs-osasuna/2aw50s#5868126,5868126,Osasuna,8371,Athletic Club,8315,False,False,False,87,LaLiga,2026/2027,ESP,,,,,,https://images.fotmob.com/image_resources/logo/teamlogo/8371.png,https://images.fotmob.com/image_resources/logo/teamlogo/8315.png,2026-11-08,15:00
12,https://www.fotmob.com/matches/rayo-vallecano-vs-real-sociedad/2dc1qb#5868127,5868127,Real Sociedad,8560,Rayo Vallecano,8370,False,False,False,87,LaLiga,2026/2027,ESP,,,,,,https://images.fotmob.com/image_resources/logo/teamlogo/8560.png,https://images.fotmob.com/image_resources/logo/teamlogo/8370.png,2026-11-08,15:00
12,https://www.fotmob.com/matches/sevilla-vs-deportivo-alaves/2q9que#5868128,5868128,Sevilla,8302,Deportivo Alaves,9866,False,False,False,87,LaLiga,2026/2027,ESP,,,,,,https://images.fotmob.com/image_resources/logo/teamlogo/8302.png,https://images.fotmob.com/image_resources/logo/teamlogo/9866.png,2026-11-08,15:00
12,https://www.fotmob.com/matches/real-madrid-vs-valencia/2ycigb#5868129,5868129,Valencia,10267,Real Madrid,8633,False,False,False,87,LaLiga,2026/2027,ESP,,,,,,https://images.fotmob.com/image_resources/logo/teamlogo/10267.png,https://images.fotmob.com/image_resources/logo/teamlogo/8633.png,2026-11-08,15:00
12,https://www.fotmob.com/matches/getafe-vs-villarreal/2u058a#5868130,5868130,Villarreal,10205,Getafe,8305,False,False,False,87,LaLiga,2026/2027,ESP,,,,,,https://images.fotmob.com/image_resources/logo/teamlogo/10205.png,https://images.fotmob.com/image_resources/logo/teamlogo/8305.png,2026-11-08,15:00
13,https://www.fotmob.com/matches/athletic-club-vs-espanyol/2crecr#5868132,5868132,Athletic Club,8315,Espanyol,8558,False,False,False,87,LaLiga,2026/2027,ESP,,,,,,https://images.fotmob.com/image_resources/logo/teamlogo/8315.png,https://images.fotmob.com/image_resources/logo/teamlogo/8558.png,2026-11-22,15:00
13,https://www.fotmob.com/matches/barcelona-vs-villarreal/2xnua6#5868133,5868133,Barcelona,8634,Villarreal,10205,False,False,False,87,LaLiga,2026/2027,ESP,,,,,,https://images.fotmob.com/image_resources/logo/teamlogo/8634.png,https://images.fotmob.com/image_resources/logo/teamlogo/10205.png,2026-11-22,15:00
13,https://www.fotmob.com/matches/deportivo-coruna-vs-deportivo-alaves/36xz1n#5868131,5868131,Deportivo Alaves,9866,Deportivo A Coruña,9783,False,False,False,87,LaLiga,2026/2027,ESP,,,,,,https://images.fotmob.com/image_resources/logo/teamlogo/9866.png,https://images.fotmob.com/image_resources/logo/teamlogo/9783.png,2026-11-22,15:00
13,https://www.fotmob.com/matches/getafe-vs-atletico-madrid/2qqieg#5868134,5868134,Getafe,8305,Atletico Madrid,9906,False,False,False,87,LaLiga,2026/2027,ESP,,,,,,https://images.fotmob.com/image_resources/logo/teamlogo/8305.png,https://images.fotmob.com/image_resources/logo/teamlogo/9906.png,2026-11-22,15:00
13,https://www.fotmob.com/matches/levante-vs-elche/2xrvna#5868135,5868135,Levante,8581,Elche,10268,False,False,False,87,LaLiga,2026/2027,ESP,,,,,,https://images.fotmob.com/image_resources/logo/teamlogo/8581.png,https://images.fotmob.com/image_resources/logo/teamlogo/10268.png,2026-11-22,15:00
13,https://www.fotmob.com/matches/osasuna-vs-malaga/2qzvua#5868136,5868136,Osasuna,8371,Malaga,9864,False,False,False,87,LaLiga,2026/2027,ESP,,,,,,https://images.fotmob.com/image_resources/logo/teamlogo/8371.png,https://images.fotmob.com/image_resources/logo/teamlogo/9864.png,2026-11-22,15:00
13,https://www.fotmob.com/matches/real-sociedad-vs-racing-santander/2gnhl8#5868137,5868137,Racing Santander,8696,Real Sociedad,8560,False,False,False,87,LaLiga,2026/2027,ESP,,,,,,https://images.fotmob.com/image_resources/logo/teamlogo/8696.png,https://images.fotmob.com/image_resources/logo/teamlogo/8560.png,2026-11-22,15:00
13,https://www.fotmob.com/matches/rayo-vallecano-vs-valencia/2vepf1#5868138,5868138,Rayo Vallecano,8370,Valencia,10267,False,False,False,87,LaLiga,2026/2027,ESP,,,,,,https://images.fotmob.com/image_resources/logo/teamlogo/8370.png,https://images.fotmob.com/image_resources/logo/teamlogo/10267.png,2026-11-22,15:00
13,https://www.fotmob.com/matches/real-madrid-vs-celta-vigo/2uda7y#5868139,5868139,Real Madrid,8633,Celta Vigo,9910,False,False,False,87,LaLiga,2026/2027,ESP,,,,,,https://images.fotmob.com/image_resources/logo/teamlogo/8633.png,https://images.fotmob.com/image_resources/logo/teamlogo/9910.png,2026-11-22,15:00
13,https://www.fotmob.com/matches/sevilla-vs-real-betis/2d2zew#5868140,5868140,Sevilla,8302,Real Betis,8603,False,False,False,87,LaLiga,2026/2027,ESP,,,,,,https://images.fotmob.com/image_resources/logo/teamlogo/8302.png,https://images.fotmob.com/image_resources/logo/teamlogo/8603.png,2026-11-22,15:00
14,https://www.fotmob.com/matches/celta-vigo-vs-villarreal/3cgk6s#5868142,5868142,Celta Vigo,9910,Villarreal,10205,False,False,False,87,LaLiga,2026/2027,ESP,,,,,,https://images.fotmob.com/image_resources/logo/teamlogo/9910.png,https://images.fotmob.com/image_resources/logo/teamlogo/10205.png,2026-11-29,15:00
14,https://www.fotmob.com/matches/barcelona-vs-deportivo-coruna/2szdeo#5868143,5868143,Deportivo A Coruña,9783,Barcelona,8634,False,False,False,87,LaLiga,2026/2027,ESP,,,,,,https://images.fotmob.com/image_resources/logo/teamlogo/9783.png,https://images.fotmob.com/image_resources/logo/teamlogo/8634.png,2026-11-29,15:00
14,https://www.fotmob.com/matches/atletico-madrid-vs-elche/3d61a3#5868144,5868144,Elche,10268,Atletico Madrid,9906,False,False,False,87,LaLiga,2026/2027,ESP,,,,,,https://images.fotmob.com/image_resources/logo/teamlogo/10268.png,https://images.fotmob.com/image_resources/logo/teamlogo/9906.png,2026-11-29,15:00
14,https://www.fotmob.com/matches/getafe-vs-espanyol/2cns72#5868145,5868145,Espanyol,8558,Getafe,8305,False,False,False,87,LaLiga,2026/2027,ESP,,,,,,https://images.fotmob.com/image_resources/logo/teamlogo/8558.png,https://images.fotmob.com/image_resources/logo/teamlogo/8305.png,2026-11-29,15:00
14,https://www.fotmob.com/matches/levante-vs-racing-santander/2gv9dn#5868146,5868146,Levante,8581,Racing Santander,8696,False,False,False,87,LaLiga,2026/2027,ESP,,,,,,https://images.fotmob.com/image_resources/logo/teamlogo/8581.png,https://images.fotmob.com/image_resources/logo/teamlogo/8696.png,2026-11-29,15:00
14,https://www.fotmob.com/matches/athletic-club-vs-malaga/2qe13i#5868147,5868147,Malaga,9864,Athletic Club,8315,False,False,False,87,LaLiga,2026/2027,ESP,,,,,,https://images.fotmob.com/image_resources/logo/teamlogo/9864.png,https://images.fotmob.com/image_resources/logo/teamlogo/8315.png,2026-11-29,15:00
14,https://www.fotmob.com/matches/rayo-vallecano-vs-real-betis/2dro7q#5868141,5868141,Real Betis,8603,Rayo Vallecano,8370,False,False,False,87,LaLiga,2026/2027,ESP,,,,,,https://images.fotmob.com/image_resources/logo/teamlogo/8603.png,https://images.fotmob.com/image_resources/logo/teamlogo/8370.png,2026-11-29,15:00
14,https://www.fotmob.com/matches/real-madrid-vs-deportivo-alaves/2tvtdc#5868148,5868148,Real Madrid,8633,Deportivo Alaves,9866,False,False,False,87,LaLiga,2026/2027,ESP,,,,,,https://images.fotmob.com/image_resources/logo/teamlogo/8633.png,https://images.fotmob.com/image_resources/logo/teamlogo/9866.png,2026-11-29,15:00
14,https://www.fotmob.com/matches/sevilla-vs-real-sociedad/2cnf6p#5868149,5868149,Real Sociedad,8560,Sevilla,8302,False,False,False,87,LaLiga,2026/2027,ESP,,,,,,https://images.fotmob.com/image_resources/logo/teamlogo/8560.png,https://images.fotmob.com/image_resources/logo/teamlogo/8302.png,2026-11-29,15:00
14,https://www.fotmob.com/matches/osasuna-vs-valencia/2vf3ss#5868150,5868150,Valencia,10267,Osasuna,8371,False,False,False,87,LaLiga,2026/2027,ESP,,,,,,https://images.fotmob.com/image_resources/logo/teamlogo/10267.png,https://images.fotmob.com/image_resources/logo/teamlogo/8371.png,2026-11-29,15:00
15,https://www.fotmob.com/matches/athletic-club-vs-real-madrid/2dil23#5868152,5868152,Athletic Club,8315,Real Madrid,8633,False,False,False,87,LaLiga,2026/2027,ESP,,,,,,https://images.fotmob.com/image_resources/logo/teamlogo/8315.png,https://images.fotmob.com/image_resources/logo/teamlogo/8633.png,2026-12-06,15:00
15,https://www.fotmob.com/matches/real-betis-vs-atletico-madrid/2tzs6l#5868153,5868153,Atletico Madrid,9906,Real Betis,8603,False,False,False,87,LaLiga,2026/2027,ESP,,,,,,https://images.fotmob.com/image_resources/logo/teamlogo/9906.png,https://images.fotmob.com/image_resources/logo/teamlogo/8603.png,2026-12-06,15:00
15,https://www.fotmob.com/matches/barcelona-vs-celta-vigo/2udoj2#5868154,5868154,Barcelona,8634,Celta Vigo,9910,False,False,False,87,LaLiga,2026/2027,ESP,,,,,,https://images.fotmob.com/image_resources/logo/teamlogo/8634.png,https://images.fotmob.com/image_resources/logo/teamlogo/9910.png,2026-12-06,15:00
15,https://www.fotmob.com/matches/espanyol-vs-deportivo-alaves/2t24yu#5868151,5868151,Deportivo Alaves,9866,Espanyol,8558,False,False,False,87,LaLiga,2026/2027,ESP,,,,,,https://images.fotmob.com/image_resources/logo/teamlogo/9866.png,https://images.fotmob.com/image_resources/logo/teamlogo/8558.png,2026-12-06,15:00
15,https://www.fotmob.com/matches/getafe-vs-valencia/2uos8v#5868155,5868155,Getafe,8305,Valencia,10267,False,False,False,87,LaLiga,2026/2027,ESP,,,,,,https://images.fotmob.com/image_resources/logo/teamlogo/8305.png,https://images.fotmob.com/image_resources/logo/teamlogo/10267.png,2026-12-06,15:00
15,https://www.fotmob.com/matches/osasuna-vs-elche/2vfi6j#5868156,5868156,Osasuna,8371,Elche,10268,False,False,False,87,LaLiga,2026/2027,ESP,,,,,,https://images.fotmob.com/image_resources/logo/teamlogo/8371.png,https://images.fotmob.com/image_resources/logo/teamlogo/10268.png,2026-12-06,15:00
15,https://www.fotmob.com/matches/racing-santander-vs-deportivo-coruna/2tnvz3#5868157,5868157,Racing Santander,8696,Deportivo A Coruña,9783,False,False,False,87,LaLiga,2026/2027,ESP,,,,,,https://images.fotmob.com/image_resources/logo/teamlogo/8696.png,https://images.fotmob.com/image_resources/logo/teamlogo/9783.png,2026-12-06,15:00
15,https://www.fotmob.com/matches/rayo-vallecano-vs-levante/2djo95#5868158,5868158,Rayo Vallecano,8370,Levante,8581,False,False,False,87,LaLiga,2026/2027,ESP,,,,,,https://images.fotmob.com/image_resources/logo/teamlogo/8370.png,https://images.fotmob.com/image_resources/logo/teamlogo/8581.png,2026-12-06,15:00
15,https://www.fotmob.com/matches/sevilla-vs-malaga/2q8yt1#5868159,5868159,Sevilla,8302,Malaga,9864,False,False,False,87,LaLiga,2026/2027,ESP,,,,,,https://images.fotmob.com/image_resources/logo/teamlogo/8302.png,https://images.fotmob.com/image_resources/logo/teamlogo/9864.png,2026-12-06,15:00
15,https://www.fotmob.com/matches/real-sociedad-vs-villarreal/2wu0mj#5868160,5868160,Villarreal,10205,Real Sociedad,8560,False,False,False,87,LaLiga,2026/2027,ESP,,,,,,https://images.fotmob.com/image_resources/logo/teamlogo/10205.png,https://images.fotmob.com/image_resources/logo/teamlogo/8560.png,2026-12-06,15:00
16,https://www.fotmob.com/matches/atletico-madrid-vs-valencia/3d5lpp#5868161,5868161,Atletico Madrid,9906,Valencia,10267,False,False,False,87,LaLiga,2026/2027,ESP,,,,,,https://images.fotmob.com/image_resources/logo/teamlogo/9906.png,https://images.fotmob.com/image_resources/logo/teamlogo/10267.png,2026-12-13,15:00
16,https://www.fotmob.com/matches/athletic-club-vs-deportivo-coruna/2pijci#5868163,5868163,Deportivo A Coruña,9783,Athletic Club,8315,False,False,False,87,LaLiga,2026/2027,ESP,,,,,,https://images.fotmob.com/image_resources/logo/teamlogo/9783.png,https://images.fotmob.com/image_resources/logo/teamlogo/8315.png,2026-12-13,15:00
16,https://www.fotmob.com/matches/sevilla-vs-elche/2unzl1#5868164,5868164,Elche,10268,Sevilla,8302,False,False,False,87,LaLiga,2026/2027,ESP,,,,,,https://images.fotmob.com/image_resources/logo/teamlogo/10268.png,https://images.fotmob.com/image_resources/logo/teamlogo/8302.png,2026-12-13,15:00
16,https://www.fotmob.com/matches/espanyol-vs-celta-vigo/2tjj9s#5868165,5868165,Espanyol,8558,Celta Vigo,9910,False,False,False,87,LaLiga,2026/2027,ESP,,,,,,https://images.fotmob.com/image_resources/logo/teamlogo/8558.png,https://images.fotmob.com/image_resources/logo/teamlogo/9910.png,2026-12-13,15:00
16,https://www.fotmob.com/matches/levante-vs-deportivo-alaves/2tb85e#5868166,5868166,Levante,8581,Deportivo Alaves,9866,False,False,False,87,LaLiga,2026/2027,ESP,,,,,,https://images.fotmob.com/image_resources/logo/teamlogo/8581.png,https://images.fotmob.com/image_resources/logo/teamlogo/9866.png,2026-12-13,15:00
16,https://www.fotmob.com/matches/barcelona-vs-malaga/2tvf3f#5868167,5868167,Malaga,9864,Barcelona,8634,False,False,False,87,LaLiga,2026/2027,ESP,,,,,,https://images.fotmob.com/image_resources/logo/teamlogo/9864.png,https://images.fotmob.com/image_resources/logo/teamlogo/8634.png,2026-12-13,15:00
16,https://www.fotmob.com/matches/real-betis-vs-racing-santander/2h3euu#5868162,5868162,Real Betis,8603,Racing Santander,8696,False,False,False,87,LaLiga,2026/2027,ESP,,,,,,https://images.fotmob.com/image_resources/logo/teamlogo/8603.png,https://images.fotmob.com/image_resources/logo/teamlogo/8696.png,2026-12-13,15:00
16,https://www.fotmob.com/matches/osasuna-vs-real-madrid/2e2ylz#5868168,5868168,Real Madrid,8633,Osasuna,8371,False,False,False,87,LaLiga,2026/2027,ESP,,,,,,https://images.fotmob.com/image_resources/logo/teamlogo/8633.png,https://images.fotmob.com/image_resources/logo/teamlogo/8371.png,2026-12-13,15:00
16,https://www.fotmob.com/matches/getafe-vs-real-sociedad/2coi81#5868169,5868169,Real Sociedad,8560,Getafe,8305,False,False,False,87,LaLiga,2026/2027,ESP,,,,,,https://images.fotmob.com/image_resources/logo/teamlogo/8560.png,https://images.fotmob.com/image_resources/logo/teamlogo/8305.png,2026-12-13,15:00
16,https://www.fotmob.com/matches/rayo-vallecano-vs-villarreal/2upzai#5868170,5868170,Villarreal,10205,Rayo Vallecano,8370,False,False,False,87,LaLiga,2026/2027,ESP,,,,,,https://images.fotmob.com/image_resources/logo/teamlogo/10205.png,https://images.fotmob.com/image_resources/logo/teamlogo/8370.png,2026-12-13,15:00
17,https://www.fotmob.com/matches/athletic-club-vs-real-betis/2d7p20#5868172,5868172,Athletic Club,8315,Real Betis,8603,False,False,False,87,LaLiga,2026/2027,ESP,,,,,,https://images.fotmob.com/image_resources/logo/teamlogo/8315.png,https://images.fotmob.com/image_resources/logo/teamlogo/8603.png,2026-12-20,15:00
17,https://www.fotmob.com/matches/real-sociedad-vs-barcelona/2g0lhd#5868175,5868175,Barcelona,8634,Real Sociedad,8560,False,False,False,87,LaLiga,2026/2027,ESP,,,,,,https://images.fotmob.com/image_resources/logo/teamlogo/8634.png,https://images.fotmob.com/image_resources/logo/teamlogo/8560.png,2026-12-20,15:00
17,https://www.fotmob.com/matches/atletico-madrid-vs-celta-vigo/38wlu2#5868173,5868173,Celta Vigo,9910,Atletico Madrid,9906,False,False,False,87,LaLiga,2026/2027,ESP,,,,,,https://images.fotmob.com/image_resources/logo/teamlogo/9910.png,https://images.fotmob.com/image_resources/logo/teamlogo/9906.png,2026-12-20,15:00
17,https://www.fotmob.com/matches/deportivo-alaves-vs-elche/3cor73#5868171,5868171,Deportivo Alaves,9866,Elche,10268,False,False,False,87,LaLiga,2026/2027,ESP,,,,,,https://images.fotmob.com/image_resources/logo/teamlogo/9866.png,https://images.fotmob.com/image_resources/logo/teamlogo/10268.png,2026-12-20,15:00
17,https://www.fotmob.com/matches/real-madrid-vs-deportivo-coruna/2syz73#5868174,5868174,Deportivo A Coruña,9783,Real Madrid,8633,False,False,False,87,LaLiga,2026/2027,ESP,,,,,,https://images.fotmob.com/image_resources/logo/teamlogo/9783.png,https://images.fotmob.com/image_resources/logo/teamlogo/8633.png,2026-12-20,15:00
17,https://www.fotmob.com/matches/getafe-vs-levante/2cw3oy#5868176,5868176,Getafe,8305,Levante,8581,False,False,False,87,LaLiga,2026/2027,ESP,,,,,,https://images.fotmob.com/image_resources/logo/teamlogo/8305.png,https://images.fotmob.com/image_resources/logo/teamlogo/8581.png,2026-12-20,15:00
17,https://www.fotmob.com/matches/osasuna-vs-villarreal/2uqdmj#5868177,5868177,Osasuna,8371,Villarreal,10205,False,False,False,87,LaLiga,2026/2027,ESP,,,,,,https://images.fotmob.com/image_resources/logo/teamlogo/8371.png,https://images.fotmob.com/image_resources/logo/teamlogo/10205.png,2026-12-20,15:00
17,https://www.fotmob.com/matches/rayo-vallecano-vs-malaga/2qzhrr#5868178,5868178,Rayo Vallecano,8370,Malaga,9864,False,False,False,87,LaLiga,2026/2027,ESP,,,,,,https://images.fotmob.com/image_resources/logo/teamlogo/8370.png,https://images.fotmob.com/image_resources/logo/teamlogo/9864.png,2026-12-20,15:00
17,https://www.fotmob.com/matches/sevilla-vs-racing-santander/2e0ry5#5868179,5868179,Sevilla,8302,Racing Santander,8696,False,False,False,87,LaLiga,2026/2027,ESP,,,,,,https://images.fotmob.com/image_resources/logo/teamlogo/8302.png,https://images.fotmob.com/image_resources/logo/teamlogo/8696.png,2026-12-20,15:00
17,https://www.fotmob.com/matches/espanyol-vs-valencia/2xi6sb#5868180,5868180,Valencia,10267,Espanyol,8558,False,False,False,87,LaLiga,2026/2027,ESP,,,,,,https://images.fotmob.com/image_resources/logo/teamlogo/10267.png,https://images.fotmob.com/image_resources/logo/teamlogo/8558.png,2026-12-20,15:00
18,https://www.fotmob.com/matches/deportivo-coruna-vs-celta-vigo/37gixt#5868182,5868182,Celta Vigo,9910,Deportivo A Coruña,9783,False,False,False,87,LaLiga,2026/2027,ESP,,,,,,https://images.fotmob.com/image_resources/logo/teamlogo/9910.png,https://images.fotmob.com/image_resources/logo/teamlogo/9783.png,2027-01-03,15:00
18,https://www.fotmob.com/matches/espanyol-vs-barcelona/2fzuy6#5868183,5868183,Espanyol,8558,Barcelona,8634,False,False,False,87,LaLiga,2026/2027,ESP,,,,,,https://images.fotmob.com/image_resources/logo/teamlogo/8558.png,https://images.fotmob.com/image_resources/logo/teamlogo/8634.png,2027-01-03,15:00
18,https://www.fotmob.com/matches/levante-vs-valencia/2xrh3p#5868184,5868184,Levante,8581,Valencia,10267,False,False,False,87,LaLiga,2026/2027,ESP,,,,,,https://images.fotmob.com/image_resources/logo/teamlogo/8581.png,https://images.fotmob.com/image_resources/logo/teamlogo/10267.png,2027-01-03,15:00
18,https://www.fotmob.com/matches/malaga-vs-elche/3cnw4i#5868185,5868185,Malaga,9864,Elche,10268,False,False,False,87,LaLiga,2026/2027,ESP,,,,,,https://images.fotmob.com/image_resources/logo/teamlogo/9864.png,https://images.fotmob.com/image_resources/logo/teamlogo/10268.png,2027-01-03,15:00
18,https://www.fotmob.com/matches/athletic-club-vs-racing-santander/2e5iiu#5868186,5868186,Racing Santander,8696,Athletic Club,8315,False,False,False,87,LaLiga,2026/2027,ESP,,,,,,https://images.fotmob.com/image_resources/logo/teamlogo/8696.png,https://images.fotmob.com/image_resources/logo/teamlogo/8315.png,2027-01-03,15:00
18,https://www.fotmob.com/matches/rayo-vallecano-vs-atletico-madrid/2rfxf0#5868187,5868187,Rayo Vallecano,8370,Atletico Madrid,9906,False,False,False,87,LaLiga,2026/2027,ESP,,,,,,https://images.fotmob.com/image_resources/logo/teamlogo/8370.png,https://images.fotmob.com/image_resources/logo/teamlogo/9906.png,2027-01-03,15:00
18,https://www.fotmob.com/matches/real-betis-vs-deportivo-alaves/2tjxhl#5868181,5868181,Real Betis,8603,Deportivo Alaves,9866,False,False,False,87,LaLiga,2026/2027,ESP,,,,,,https://images.fotmob.com/image_resources/logo/teamlogo/8603.png,https://images.fotmob.com/image_resources/logo/teamlogo/9866.png,2027-01-03,15:00
18,https://www.fotmob.com/matches/getafe-vs-real-madrid/2deybk#5868188,5868188,Real Madrid,8633,Getafe,8305,False,False,False,87,LaLiga,2026/2027,ESP,,,,,,https://images.fotmob.com/image_resources/logo/teamlogo/8633.png,https://images.fotmob.com/image_resources/logo/teamlogo/8305.png,2027-01-03,15:00
18,https://www.fotmob.com/matches/osasuna-vs-real-sociedad/2dcesm#5868189,5868189,Real Sociedad,8560,Osasuna,8371,False,False,False,87,LaLiga,2026/2027,ESP,,,,,,https://images.fotmob.com/image_resources/logo/teamlogo/8560.png,https://images.fotmob.com/image_resources/logo/teamlogo/8371.png,2027-01-03,15:00
18,https://www.fotmob.com/matches/sevilla-vs-villarreal/2tyyds#5868190,5868190,Villarreal,10205,Sevilla,8302,False,False,False,87,LaLiga,2026/2027,ESP,,,,,,https://images.fotmob.com/image_resources/logo/teamlogo/10205.png,https://images.fotmob.com/image_resources/logo/teamlogo/8302.png,2027-01-03,15:00
19,https://www.fotmob.com/matches/athletic-club-vs-villarreal/2u443r#5868192,5868192,Athletic Club,8315,Villarreal,10205,False,False,False,87,LaLiga,2026/2027,ESP,,,,,,https://images.fotmob.com/image_resources/logo/teamlogo/8315.png,https://images.fotmob.com/image_resources/logo/teamlogo/10205.png,2027-01-10,15:00
19,https://www.fotmob.com/matches/racing-santander-vs-atletico-madrid/2v0rqx#5868193,5868193,Atletico Madrid,9906,Racing Santander,8696,False,False,False,87,LaLiga,2026/2027,ESP,,,,,,https://images.fotmob.com/image_resources/logo/teamlogo/9906.png,https://images.fotmob.com/image_resources/logo/teamlogo/8696.png,2027-01-10,15:00
19,https://www.fotmob.com/matches/real-sociedad-vs-deportivo-alaves/2t2xeh#5868191,5868191,Deportivo Alaves,9866,Real Sociedad,8560,False,False,False,87,LaLiga,2026/2027,ESP,,,,,,https://images.fotmob.com/image_resources/logo/teamlogo/9866.png,https://images.fotmob.com/image_resources/logo/teamlogo/8560.png,2027-01-10,15:00
19,https://www.fotmob.com/matches/rayo-vallecano-vs-deportivo-coruna/2q3wl0#5868194,5868194,Deportivo A Coruña,9783,Rayo Vallecano,8370,False,False,False,87,LaLiga,2026/2027,ESP,,,,,,https://images.fotmob.com/image_resources/logo/teamlogo/9783.png,https://images.fotmob.com/image_resources/logo/teamlogo/8370.png,2027-01-10,15:00
19,https://www.fotmob.com/matches/getafe-vs-elche/2up6ks#5868195,5868195,Elche,10268,Getafe,8305,False,False,False,87,LaLiga,2026/2027,ESP,,,,,,https://images.fotmob.com/image_resources/logo/teamlogo/10268.png,https://images.fotmob.com/image_resources/logo/teamlogo/8305.png,2027-01-10,15:00
19,https://www.fotmob.com/matches/espanyol-vs-real-betis/2fog20#5868196,5868196,Espanyol,8558,Real Betis,8603,False,False,False,87,LaLiga,2026/2027,ESP,,,,,,https://images.fotmob.com/image_resources/logo/teamlogo/8558.png,https://images.fotmob.com/image_resources/logo/teamlogo/8603.png,2027-01-10,15:00
19,https://www.fotmob.com/matches/osasuna-vs-barcelona/2e3bqd#5868197,5868197,Osasuna,8371,Barcelona,8634,False,False,False,87,LaLiga,2026/2027,ESP,,,,,,https://images.fotmob.com/image_resources/logo/teamlogo/8371.png,https://images.fotmob.com/image_resources/logo/teamlogo/8634.png,2027-01-10,15:00
19,https://www.fotmob.com/matches/levante-vs-real-madrid/2g7yze#5868198,5868198,Real Madrid,8633,Levante,8581,False,False,False,87,LaLiga,2026/2027,ESP,,,,,,https://images.fotmob.com/image_resources/logo/teamlogo/8633.png,https://images.fotmob.com/image_resources/logo/teamlogo/8581.png,2027-01-10,15:00
19,https://www.fotmob.com/matches/sevilla-vs-celta-vigo/2qqwgg#5868199,5868199,Sevilla,8302,Celta Vigo,9910,False,False,False,87,LaLiga,2026/2027,ESP,,,,,,https://images.fotmob.com/image_resources/logo/teamlogo/8302.png,https://images.fotmob.com/image_resources/logo/teamlogo/9910.png,2027-01-10,15:00
19,https://www.fotmob.com/matches/malaga-vs-valencia/3cngla#5868200,5868200,Valencia,10267,Malaga,9864,False,False,False,87,LaLiga,2026/2027,ESP,,,,,,https://images.fotmob.com/image_resources/logo/teamlogo/10267.png,https://images.fotmob.com/image_resources/logo/teamlogo/9864.png,2027-01-10,15:00
20,https://www.fotmob.com/matches/real-sociedad-vs-atletico-madrid/2tiqrp#5868201,5868201,Atletico Madrid,9906,Real Sociedad,8560,False,False,False,87,LaLiga,2026/2027,ESP,,,,,,https://images.fotmob.com/image_resources/logo/teamlogo/9906.png,https://images.fotmob.com/image_resources/logo/teamlogo/8560.png,2027-01-17,15:00
20,https://www.fotmob.com/matches/barcelona-vs-elche/2ydbmf#5868204,5868204,Barcelona,8634,Elche,10268,False,False,False,87,LaLiga,2026/2027,ESP,,,,,,https://images.fotmob.com/image_resources/logo/teamlogo/8634.png,https://images.fotmob.com/image_resources/logo/teamlogo/10268.png,2027-01-17,15:00
20,https://www.fotmob.com/matches/celta-vigo-vs-valencia/3d7bzj#5868203,5868203,Celta Vigo,9910,Valencia,10267,False,False,False,87,LaLiga,2026/2027,ESP,,,,,,https://images.fotmob.com/image_resources/logo/teamlogo/9910.png,https://images.fotmob.com/image_resources/logo/teamlogo/10267.png,2027-01-17,15:00
20,https://www.fotmob.com/matches/getafe-vs-athletic-club/2a8kvt#5868205,5868205,Getafe,8305,Athletic Club,8315,False,False,False,87,LaLiga,2026/2027,ESP,,,,,,https://images.fotmob.com/image_resources/logo/teamlogo/8305.png,https://images.fotmob.com/image_resources/logo/teamlogo/8315.png,2027-01-17,15:00
20,https://www.fotmob.com/matches/espanyol-vs-levante/2fgcwj#5868206,5868206,Levante,8581,Espanyol,8558,False,False,False,87,LaLiga,2026/2027,ESP,,,,,,https://images.fotmob.com/image_resources/logo/teamlogo/8581.png,https://images.fotmob.com/image_resources/logo/teamlogo/8558.png,2027-01-17,15:00
20,https://www.fotmob.com/matches/real-madrid-vs-malaga/2tv0tl#5868207,5868207,Malaga,9864,Real Madrid,8633,False,False,False,87,LaLiga,2026/2027,ESP,,,,,,https://images.fotmob.com/image_resources/logo/teamlogo/9864.png,https://images.fotmob.com/image_resources/logo/teamlogo/8633.png,2027-01-17,15:00
20,https://www.fotmob.com/matches/osasuna-vs-racing-santander/2epysq#5868208,5868208,Racing Santander,8696,Osasuna,8371,False,False,False,87,LaLiga,2026/2027,ESP,,,,,,https://images.fotmob.com/image_resources/logo/teamlogo/8696.png,https://images.fotmob.com/image_resources/logo/teamlogo/8371.png,2027-01-17,15:00
20,https://www.fotmob.com/matches/sevilla-vs-rayo-vallecano/2ar4ua#5868209,5868209,Rayo Vallecano,8370,Sevilla,8302,False,False,False,87,LaLiga,2026/2027,ESP,,,,,,https://images.fotmob.com/image_resources/logo/teamlogo/8370.png,https://images.fotmob.com/image_resources/logo/teamlogo/8302.png,2027-01-17,15:00
20,https://www.fotmob.com/matches/real-betis-vs-deportivo-coruna/2sn58i#5868202,5868202,Real Betis,8603,Deportivo A Coruña,9783,False,False,False,87,LaLiga,2026/2027,ESP,,,,,,https://images.fotmob.com/image_resources/logo/teamlogo/8603.png,https://images.fotmob.com/image_resources/logo/teamlogo/9783.png,2027-01-17,15:00
20,https://www.fotmob.com/matches/deportivo-alaves-vs-villarreal/3bxlyu#5868210,5868210,Villarreal,10205,Deportivo Alaves,9866,False,False,False,87,LaLiga,2026/2027,ESP,,,,,,https://images.fotmob.com/image_resources/logo/teamlogo/10205.png,https://images.fotmob.com/image_resources/logo/teamlogo/9866.png,2027-01-17,15:00
21,https://www.fotmob.com/matches/athletic-club-vs-levante/2czq11#5868212,5868212,Athletic Club,8315,Levante,8581,False,False,False,87,LaLiga,2026/2027,ESP,,,,,,https://images.fotmob.com/image_resources/logo/teamlogo/8315.png,https://images.fotmob.com/image_resources/logo/teamlogo/8581.png,2027-01-24,15:00
21,https://www.fotmob.com/matches/barcelona-vs-deportivo-alaves/2tw7n8#5868211,5868211,Deportivo Alaves,9866,Barcelona,8634,False,False,False,87,LaLiga,2026/2027,ESP,,,,,,https://images.fotmob.com/image_resources/logo/teamlogo/9866.png,https://images.fotmob.com/image_resources/logo/teamlogo/8634.png,2027-01-24,15:00
21,https://www.fotmob.com/matches/deportivo-coruna-vs-atletico-madrid/37eu5r#5868213,5868213,Deportivo A Coruña,9783,Atletico Madrid,9906,False,False,False,87,LaLiga,2026/2027,ESP,,,,,,https://images.fotmob.com/image_resources/logo/teamlogo/9783.png,https://images.fotmob.com/image_resources/logo/teamlogo/9906.png,2027-01-24,15:00
21,https://www.fotmob.com/matches/rayo-vallecano-vs-elche/2vf3sr#5868214,5868214,Elche,10268,Rayo Vallecano,8370,False,False,False,87,LaLiga,2026/2027,ESP,,,,,,https://images.fotmob.com/image_resources/logo/teamlogo/10268.png,https://images.fotmob.com/image_resources/logo/teamlogo/8370.png,2027-01-24,15:00
21,https://www.fotmob.com/matches/espanyol-vs-villarreal/2wt7o0#5868215,5868215,Espanyol,8558,Villarreal,10205,False,False,False,87,LaLiga,2026/2027,ESP,,,,,,https://images.fotmob.com/image_resources/logo/teamlogo/8558.png,https://images.fotmob.com/image_resources/logo/teamlogo/10205.png,2027-01-24,15:00
21,https://www.fotmob.com/matches/getafe-vs-osasuna/2askb1#5868216,5868216,Getafe,8305,Osasuna,8371,False,False,False,87,LaLiga,2026/2027,ESP,,,,,,https://images.fotmob.com/image_resources/logo/teamlogo/8305.png,https://images.fotmob.com/image_resources/logo/teamlogo/8371.png,2027-01-24,15:00
21,https://www.fotmob.com/matches/racing-santander-vs-celta-vigo/2v2d67#5868217,5868217,Racing Santander,8696,Celta Vigo,9910,False,False,False,87,LaLiga,2026/2027,ESP,,,,,,https://images.fotmob.com/image_resources/logo/teamlogo/8696.png,https://images.fotmob.com/image_resources/logo/teamlogo/9910.png,2027-01-24,15:00
21,https://www.fotmob.com/matches/real-betis-vs-real-madrid/2gg3e3#5868218,5868218,Real Madrid,8633,Real Betis,8603,False,False,False,87,LaLiga,2026/2027,ESP,,,,,,https://images.fotmob.com/image_resources/logo/teamlogo/8633.png,https://images.fotmob.com/image_resources/logo/teamlogo/8603.png,2027-01-24,15:00
21,https://www.fotmob.com/matches/real-sociedad-vs-malaga/2t24ys#5868219,5868219,Real Sociedad,8560,Malaga,9864,False,False,False,87,LaLiga,2026/2027,ESP,,,,,,https://images.fotmob.com/image_resources/logo/teamlogo/8560.png,https://images.fotmob.com/image_resources/logo/teamlogo/9864.png,2027-01-24,15:00
21,https://www.fotmob.com/matches/sevilla-vs-valencia/2unl97#5868220,5868220,Valencia,10267,Sevilla,8302,False,False,False,87,LaLiga,2026/2027,ESP,,,,,,https://images.fotmob.com/image_resources/logo/teamlogo/10267.png,https://images.fotmob.com/image_resources/logo/teamlogo/8302.png,2027-01-24,15:00
22,https://www.fotmob.com/matches/espanyol-vs-atletico-madrid/2thy9u#5868221,5868221,Atletico Madrid,9906,Espanyol,8558,False,False,False,87,LaLiga,2026/2027,ESP,,,,,,https://images.fotmob.com/image_resources/logo/teamlogo/9906.png,https://images.fotmob.com/image_resources/logo/teamlogo/8558.png,2027-01-31,15:00
22,https://www.fotmob.com/matches/barcelona-vs-valencia/2ycx1d#5868224,5868224,Barcelona,8634,Valencia,10267,False,False,False,87,LaLiga,2026/2027,ESP,,,,,,https://images.fotmob.com/image_resources/logo/teamlogo/8634.png,https://images.fotmob.com/image_resources/logo/teamlogo/10267.png,2027-01-31,15:00
22,https://www.fotmob.com/matches/getafe-vs-celta-vigo/2qs2ma#5868223,5868223,Celta Vigo,9910,Getafe,8305,False,False,False,87,LaLiga,2026/2027,ESP,,,,,,https://images.fotmob.com/image_resources/logo/teamlogo/9910.png,https://images.fotmob.com/image_resources/logo/teamlogo/8305.png,2027-01-31,15:00
22,https://www.fotmob.com/matches/real-sociedad-vs-levante/2fh3cs#5868225,5868225,Levante,8581,Real Sociedad,8560,False,False,False,87,LaLiga,2026/2027,ESP,,,,,,https://images.fotmob.com/image_resources/logo/teamlogo/8581.png,https://images.fotmob.com/image_resources/logo/teamlogo/8560.png,2027-01-31,15:00
22,https://www.fotmob.com/matches/malaga-vs-deportivo-alaves/37w5o5#5868226,5868226,Malaga,9864,Deportivo Alaves,9866,False,False,False,87,LaLiga,2026/2027,ESP,,,,,,https://images.fotmob.com/image_resources/logo/teamlogo/9864.png,https://images.fotmob.com/image_resources/logo/teamlogo/9866.png,2027-01-31,15:00
22,https://www.fotmob.com/matches/osasuna-vs-deportivo-coruna/2q4ala#5868227,5868227,Osasuna,8371,Deportivo A Coruña,9783,False,False,False,87,LaLiga,2026/2027,ESP,,,,,,https://images.fotmob.com/image_resources/logo/teamlogo/8371.png,https://images.fotmob.com/image_resources/logo/teamlogo/9783.png,2027-01-31,15:00
22,https://www.fotmob.com/matches/rayo-vallecano-vs-real-madrid/2e2lhn#5868228,5868228,Rayo Vallecano,8370,Real Madrid,8633,False,False,False,87,LaLiga,2026/2027,ESP,,,,,,https://images.fotmob.com/image_resources/logo/teamlogo/8370.png,https://images.fotmob.com/image_resources/logo/teamlogo/8633.png,2027-01-31,15:00
22,https://www.fotmob.com/matches/real-betis-vs-elche/2y0rtr#5868222,5868222,Real Betis,8603,Elche,10268,False,False,False,87,LaLiga,2026/2027,ESP,,,,,,https://images.fotmob.com/image_resources/logo/teamlogo/8603.png,https://images.fotmob.com/image_resources/logo/teamlogo/10268.png,2027-01-31,15:00
22,https://www.fotmob.com/matches/sevilla-vs-athletic-club/2a7iew#5868229,5868229,Sevilla,8302,Athletic Club,8315,False,False,False,87,LaLiga,2026/2027,ESP,,,,,,https://images.fotmob.com/image_resources/logo/teamlogo/8302.png,https://images.fotmob.com/image_resources/logo/teamlogo/8315.png,2027-01-31,15:00
22,https://www.fotmob.com/matches/racing-santander-vs-villarreal/2ycx33#5868230,5868230,Villarreal,10205,Racing Santander,8696,False,False,False,87,LaLiga,2026/2027,ESP,,,,,,https://images.fotmob.com/image_resources/logo/teamlogo/10205.png,https://images.fotmob.com/image_resources/logo/teamlogo/8696.png,2027-01-31,15:00
23,https://www.fotmob.com/matches/athletic-club-vs-osasuna/2aw50s#5868232,5868232,Athletic Club,8315,Osasuna,8371,False,False,False,87,LaLiga,2026/2027,ESP,,,,,,https://images.fotmob.com/image_resources/logo/teamlogo/8315.png,https://images.fotmob.com/image_resources/logo/teamlogo/8371.png,2027-02-07,15:00
23,https://www.fotmob.com/matches/barcelona-vs-atletico-madrid/2uc3ao#5868237,5868237,Barcelona,8634,Atletico Madrid,9906,False,False,False,87,LaLiga,2026/2027,ESP,,,,,,https://images.fotmob.com/image_resources/logo/teamlogo/8634.png,https://images.fotmob.com/image_resources/logo/teamlogo/9906.png,2027-02-07,15:00
23,https://www.fotmob.com/matches/deportivo-alaves-vs-celta-vigo/38fmty#5868231,5868231,Deportivo Alaves,9866,Celta Vigo,9910,False,False,False,87,LaLiga,2026/2027,ESP,,,,,,https://images.fotmob.com/image_resources/logo/teamlogo/9866.png,https://images.fotmob.com/image_resources/logo/teamlogo/9910.png,2027-02-07,15:00
23,https://www.fotmob.com/matches/deportivo-coruna-vs-malaga/36x4q0#5868234,5868234,Deportivo A Coruña,9783,Malaga,9864,False,False,False,87,LaLiga,2026/2027,ESP,,,,,,https://images.fotmob.com/image_resources/logo/teamlogo/9783.png,https://images.fotmob.com/image_resources/logo/teamlogo/9864.png,2027-02-07,15:00
23,https://www.fotmob.com/matches/levante-vs-elche/2xrvna#5868235,5868235,Elche,10268,Levante,8581,False,False,False,87,LaLiga,2026/2027,ESP,,,,,,https://images.fotmob.com/image_resources/logo/teamlogo/10268.png,https://images.fotmob.com/image_resources/logo/teamlogo/8581.png,2027-02-07,15:00
23,https://www.fotmob.com/matches/rayo-vallecano-vs-espanyol/2dbblq#5868236,5868236,Espanyol,8558,Rayo Vallecano,8370,False,False,False,87,LaLiga,2026/2027,ESP,,,,,,https://images.fotmob.com/image_resources/logo/teamlogo/8558.png,https://images.fotmob.com/image_resources/logo/teamlogo/8370.png,2027-02-07,15:00
23,https://www.fotmob.com/matches/getafe-vs-villarreal/2u058a#5868238,5868238,Getafe,8305,Villarreal,10205,False,False,False,87,LaLiga,2026/2027,ESP,,,,,,https://images.fotmob.com/image_resources/logo/teamlogo/8305.png,https://images.fotmob.com/image_resources/logo/teamlogo/10205.png,2027-02-07,15:00
23,https://www.fotmob.com/matches/sevilla-vs-real-betis/2d2zew#5868233,5868233,Real Betis,8603,Sevilla,8302,False,False,False,87,LaLiga,2026/2027,ESP,,,,,,https://images.fotmob.com/image_resources/logo/teamlogo/8603.png,https://images.fotmob.com/image_resources/logo/teamlogo/8302.png,2027-02-07,15:00
23,https://www.fotmob.com/matches/real-sociedad-vs-real-madrid/2g087q#5868239,5868239,Real Sociedad,8560,Real Madrid,8633,False,False,False,87,LaLiga,2026/2027,ESP,,,,,,https://images.fotmob.com/image_resources/logo/teamlogo/8560.png,https://images.fotmob.com/image_resources/logo/teamlogo/8633.png,2027-02-07,15:00
23,https://www.fotmob.com/matches/racing-santander-vs-valencia/2z22t2#5868240,5868240,Valencia,10267,Racing Santander,8696,False,False,False,87,LaLiga,2026/2027,ESP,,,,,,https://images.fotmob.com/image_resources/logo/teamlogo/10267.png,https://images.fotmob.com/image_resources/logo/teamlogo/8696.png,2027-02-07,15:00
24,https://www.fotmob.com/matches/rayo-vallecano-vs-celta-vigo/2rhhu2#5868241,5868241,Celta Vigo,9910,Rayo Vallecano,8370,False,False,False,87,LaLiga,2026/2027,ESP,,,,,,https://images.fotmob.com/image_resources/logo/teamlogo/9910.png,https://images.fotmob.com/image_resources/logo/teamlogo/8370.png,2027-02-14,15:00
24,https://www.fotmob.com/matches/deportivo-coruna-vs-elche/3bp0b9#5868242,5868242,Elche,10268,Deportivo A Coruña,9783,False,False,False,87,LaLiga,2026/2027,ESP,,,,,,https://images.fotmob.com/image_resources/logo/teamlogo/10268.png,https://images.fotmob.com/image_resources/logo/teamlogo/9783.png,2027-02-14,15:00
24,https://www.fotmob.com/matches/levante-vs-malaga/2tafoj#5868243,5868243,Levante,8581,Malaga,9864,False,False,False,87,LaLiga,2026/2027,ESP,,,,,,https://images.fotmob.com/image_resources/logo/teamlogo/8581.png,https://images.fotmob.com/image_resources/logo/teamlogo/9864.png,2027-02-14,15:00
24,https://www.fotmob.com/matches/osasuna-vs-atletico-madrid/2rgbip#5868244,5868244,Osasuna,8371,Atletico Madrid,9906,False,False,False,87,LaLiga,2026/2027,ESP,,,,,,https://images.fotmob.com/image_resources/logo/teamlogo/8371.png,https://images.fotmob.com/image_resources/logo/teamlogo/9906.png,2027-02-14,15:00
24,https://www.fotmob.com/matches/getafe-vs-racing-santander/2e1vat#5868245,5868245,Racing Santander,8696,Getafe,8305,False,False,False,87,LaLiga,2026/2027,ESP,,,,,,https://images.fotmob.com/image_resources/logo/teamlogo/8696.png,https://images.fotmob.com/image_resources/logo/teamlogo/8305.png,2027-02-14,15:00
24,https://www.fotmob.com/matches/athletic-club-vs-real-madrid/2dil23#5868246,5868246,Real Madrid,8633,Athletic Club,8315,False,False,False,87,LaLiga,2026/2027,ESP,,,,,,https://images.fotmob.com/image_resources/logo/teamlogo/8633.png,https://images.fotmob.com/image_resources/logo/teamlogo/8315.png,2027-02-14,15:00
24,https://www.fotmob.com/matches/real-sociedad-vs-real-betis/2fp6jh#5868247,5868247,Real Sociedad,8560,Real Betis,8603,False,False,False,87,LaLiga,2026/2027,ESP,,,,,,https://images.fotmob.com/image_resources/logo/teamlogo/8560.png,https://images.fotmob.com/image_resources/logo/teamlogo/8603.png,2027-02-14,15:00
24,https://www.fotmob.com/matches/sevilla-vs-espanyol/2cmp5w#5868248,5868248,Sevilla,8302,Espanyol,8558,False,False,False,87,LaLiga,2026/2027,ESP,,,,,,https://images.fotmob.com/image_resources/logo/teamlogo/8302.png,https://images.fotmob.com/image_resources/logo/teamlogo/8558.png,2027-02-14,15:00
24,https://www.fotmob.com/matches/deportivo-alaves-vs-valencia/3cobnt#5868249,5868249,Valencia,10267,Deportivo Alaves,9866,False,False,False,87,LaLiga,2026/2027,ESP,,,,,,https://images.fotmob.com/image_resources/logo/teamlogo/10267.png,https://images.fotmob.com/image_resources/logo/teamlogo/9866.png,2027-02-14,15:00
24,https://www.fotmob.com/matches/barcelona-vs-villarreal/2xnua6#5868250,5868250,Villarreal,10205,Barcelona,8634,False,False,False,87,LaLiga,2026/2027,ESP,,,,,,https://images.fotmob.com/image_resources/logo/teamlogo/10205.png,https://images.fotmob.com/image_resources/logo/teamlogo/8634.png,2027-02-14,15:00
25,https://www.fotmob.com/matches/athletic-club-vs-celta-vigo/2qvz7j#5868252,5868252,Athletic Club,8315,Celta Vigo,9910,False,False,False,87,LaLiga,2026/2027,ESP,,,,,,https://images.fotmob.com/image_resources/logo/teamlogo/8315.png,https://images.fotmob.com/image_resources/logo/teamlogo/9910.png,2027-02-21,15:00
25,https://www.fotmob.com/matches/atletico-madrid-vs-elche/3d61a3#5868253,5868253,Atletico Madrid,9906,Elche,10268,False,False,False,87,LaLiga,2026/2027,ESP,,,,,,https://images.fotmob.com/image_resources/logo/teamlogo/9906.png,https://images.fotmob.com/image_resources/logo/teamlogo/10268.png,2027-02-21,15:00
25,https://www.fotmob.com/matches/levante-vs-barcelona/2g8c9m#5868256,5868256,Barcelona,8634,Levante,8581,False,False,False,87,LaLiga,2026/2027,ESP,,,,,,https://images.fotmob.com/image_resources/logo/teamlogo/8634.png,https://images.fotmob.com/image_resources/logo/teamlogo/8581.png,2027-02-21,15:00
25,https://www.fotmob.com/matches/racing-santander-vs-deportivo-alaves/2uku6l#5868251,5868251,Deportivo Alaves,9866,Racing Santander,8696,False,False,False,87,LaLiga,2026/2027,ESP,,,,,,https://images.fotmob.com/image_resources/logo/teamlogo/9866.png,https://images.fotmob.com/image_resources/logo/teamlogo/8696.png,2027-02-21,15:00
25,https://www.fotmob.com/matches/real-sociedad-vs-deportivo-coruna/2s67wj#5868254,5868254,Deportivo A Coruña,9783,Real Sociedad,8560,False,False,False,87,LaLiga,2026/2027,ESP,,,,,,https://images.fotmob.com/image_resources/logo/teamlogo/9783.png,https://images.fotmob.com/image_resources/logo/teamlogo/8560.png,2027-02-21,15:00
25,https://www.fotmob.com/matches/osasuna-vs-espanyol/2dbonz#5868255,5868255,Espanyol,8558,Osasuna,8371,False,False,False,87,LaLiga,2026/2027,ESP,,,,,,https://images.fotmob.com/image_resources/logo/teamlogo/8558.png,https://images.fotmob.com/image_resources/logo/teamlogo/8371.png,2027-02-21,15:00
25,https://www.fotmob.com/matches/real-betis-vs-malaga/2tj4zi#5868257,5868257,Malaga,9864,Real Betis,8603,False,False,False,87,LaLiga,2026/2027,ESP,,,,,,https://images.fotmob.com/image_resources/logo/teamlogo/9864.png,https://images.fotmob.com/image_resources/logo/teamlogo/8603.png,2027-02-21,15:00
25,https://www.fotmob.com/matches/getafe-vs-rayo-vallecano/2as7fs#5868258,5868258,Rayo Vallecano,8370,Getafe,8305,False,False,False,87,LaLiga,2026/2027,ESP,,,,,,https://images.fotmob.com/image_resources/logo/teamlogo/8370.png,https://images.fotmob.com/image_resources/logo/teamlogo/8305.png,2027-02-21,15:00
25,https://www.fotmob.com/matches/sevilla-vs-real-madrid/2ddv45#5868259,5868259,Sevilla,8302,Real Madrid,8633,False,False,False,87,LaLiga,2026/2027,ESP,,,,,,https://images.fotmob.com/image_resources/logo/teamlogo/8302.png,https://images.fotmob.com/image_resources/logo/teamlogo/8633.png,2027-02-21,15:00
25,https://www.fotmob.com/matches/villarreal-vs-valencia/3grupj#5868260,5868260,Villarreal,10205,Valencia,10267,False,False,False,87,LaLiga,2026/2027,ESP,,,,,,https://images.fotmob.com/image_resources/logo/teamlogo/10205.png,https://images.fotmob.com/image_resources/logo/teamlogo/10267.png,2027-02-21,15:00
26,https://www.fotmob.com/matches/athletic-club-vs-barcelona/2diy4x#5868261,5868261,Athletic Club,8315,Barcelona,8634,False,False,False,87,LaLiga,2026/2027,ESP,,,,,,https://images.fotmob.com/image_resources/logo/teamlogo/8315.png,https://images.fotmob.com/image_resources/logo/teamlogo/8634.png,2027-02-28,15:00
26,https://www.fotmob.com/matches/espanyol-vs-celta-vigo/2tjj9s#5868263,5868263,Celta Vigo,9910,Espanyol,8558,False,False,False,87,LaLiga,2026/2027,ESP,,,,,,https://images.fotmob.com/image_resources/logo/teamlogo/9910.png,https://images.fotmob.com/image_resources/logo/teamlogo/8558.png,2027-02-28,15:00
26,https://www.fotmob.com/matches/getafe-vs-deportivo-alaves/2qawwk#5868264,5868264,Getafe,8305,Deportivo Alaves,9866,False,False,False,87,LaLiga,2026/2027,ESP,,,,,,https://images.fotmob.com/image_resources/logo/teamlogo/8305.png,https://images.fotmob.com/image_resources/logo/teamlogo/9866.png,2027-02-28,15:00
26,https://www.fotmob.com/matches/levante-vs-deportivo-coruna/2sehb1#5868265,5868265,Levante,8581,Deportivo A Coruña,9783,False,False,False,87,LaLiga,2026/2027,ESP,,,,,,https://images.fotmob.com/image_resources/logo/teamlogo/8581.png,https://images.fotmob.com/image_resources/logo/teamlogo/9783.png,2027-02-28,15:00
26,https://www.fotmob.com/matches/malaga-vs-atletico-madrid/38d3a9#5868266,5868266,Malaga,9864,Atletico Madrid,9906,False,False,False,87,LaLiga,2026/2027,ESP,,,,,,https://images.fotmob.com/image_resources/logo/teamlogo/9864.png,https://images.fotmob.com/image_resources/logo/teamlogo/9906.png,2027-02-28,15:00
26,https://www.fotmob.com/matches/sevilla-vs-osasuna/2arhpg#5868267,5868267,Osasuna,8371,Sevilla,8302,False,False,False,87,LaLiga,2026/2027,ESP,,,,,,https://images.fotmob.com/image_resources/logo/teamlogo/8371.png,https://images.fotmob.com/image_resources/logo/teamlogo/8302.png,2027-02-28,15:00
26,https://www.fotmob.com/matches/rayo-vallecano-vs-racing-santander/2eplmn#5868268,5868268,Racing Santander,8696,Rayo Vallecano,8370,False,False,False,87,LaLiga,2026/2027,ESP,,,,,,https://images.fotmob.com/image_resources/logo/teamlogo/8696.png,https://images.fotmob.com/image_resources/logo/teamlogo/8370.png,2027-02-28,15:00
26,https://www.fotmob.com/matches/real-betis-vs-villarreal/2xbbzr#5868262,5868262,Real Betis,8603,Villarreal,10205,False,False,False,87,LaLiga,2026/2027,ESP,,,,,,https://images.fotmob.com/image_resources/logo/teamlogo/8603.png,https://images.fotmob.com/image_resources/logo/teamlogo/10205.png,2027-02-28,15:00
26,https://www.fotmob.com/matches/real-madrid-vs-valencia/2ycigb#5868269,5868269,Real Madrid,8633,Valencia,10267,False,False,False,87,LaLiga,2026/2027,ESP,,,,,,https://images.fotmob.com/image_resources/logo/teamlogo/8633.png,https://images.fotmob.com/image_resources/logo/teamlogo/10267.png,2027-02-28,15:00
26,https://www.fotmob.com/matches/real-sociedad-vs-elche/2xjeda#5868270,5868270,Real Sociedad,8560,Elche,10268,False,False,False,87,LaLiga,2026/2027,ESP,,,,,,https://images.fotmob.com/image_resources/logo/teamlogo/8560.png,https://images.fotmob.com/image_resources/logo/teamlogo/10268.png,2027-02-28,15:00
27,https://www.fotmob.com/matches/atletico-madrid-vs-celta-vigo/38wlu2#5868272,5868272,Atletico Madrid,9906,Celta Vigo,9910,False,False,False,87,LaLiga,2026/2027,ESP,,,,,,https://images.fotmob.com/image_resources/logo/teamlogo/9906.png,https://images.fotmob.com/image_resources/logo/teamlogo/9910.png,2027-03-07,15:00
27,https://www.fotmob.com/matches/real-betis-vs-barcelona/2gggox#5868276,5868276,Barcelona,8634,Real Betis,8603,False,False,False,87,LaLiga,2026/2027,ESP,,,,,,https://images.fotmob.com/image_resources/logo/teamlogo/8634.png,https://images.fotmob.com/image_resources/logo/teamlogo/8603.png,2027-03-07,15:00
27,https://www.fotmob.com/matches/athletic-club-vs-deportivo-alaves/2qet5l#5868271,5868271,Deportivo Alaves,9866,Athletic Club,8315,False,False,False,87,LaLiga,2026/2027,ESP,,,,,,https://images.fotmob.com/image_resources/logo/teamlogo/9866.png,https://images.fotmob.com/image_resources/logo/teamlogo/8315.png,2027-03-07,15:00
27,https://www.fotmob.com/matches/getafe-vs-deportivo-coruna/2penqj#5868273,5868273,Deportivo A Coruña,9783,Getafe,8305,False,False,False,87,LaLiga,2026/2027,ESP,,,,,,https://images.fotmob.com/image_resources/logo/teamlogo/9783.png,https://images.fotmob.com/image_resources/logo/teamlogo/8305.png,2027-03-07,15:00
27,https://www.fotmob.com/matches/malaga-vs-elche/3cnw4i#5868274,5868274,Elche,10268,Malaga,9864,False,False,False,87,LaLiga,2026/2027,ESP,,,,,,https://images.fotmob.com/image_resources/logo/teamlogo/10268.png,https://images.fotmob.com/image_resources/logo/teamlogo/9864.png,2027-03-07,15:00
27,https://www.fotmob.com/matches/espanyol-vs-racing-santander/2gmqyl#5868275,5868275,Espanyol,8558,Racing Santander,8696,False,False,False,87,LaLiga,2026/2027,ESP,,,,,,https://images.fotmob.com/image_resources/logo/teamlogo/8558.png,https://images.fotmob.com/image_resources/logo/teamlogo/8696.png,2027-03-07,15:00
27,https://www.fotmob.com/matches/rayo-vallecano-vs-osasuna/2bfuc2#5868277,5868277,Rayo Vallecano,8370,Osasuna,8371,False,False,False,87,LaLiga,2026/2027,ESP,,,,,,https://images.fotmob.com/image_resources/logo/teamlogo/8370.png,https://images.fotmob.com/image_resources/logo/teamlogo/8371.png,2027-03-07,15:00
27,https://www.fotmob.com/matches/sevilla-vs-real-sociedad/2cnf6p#5868278,5868278,Sevilla,8302,Real Sociedad,8560,False,False,False,87,LaLiga,2026/2027,ESP,,,,,,https://images.fotmob.com/image_resources/logo/teamlogo/8302.png,https://images.fotmob.com/image_resources/logo/teamlogo/8560.png,2027-03-07,15:00
27,https://www.fotmob.com/matches/levante-vs-valencia/2xrh3p#5868279,5868279,Valencia,10267,Levante,8581,False,False,False,87,LaLiga,2026/2027,ESP,,,,,,https://images.fotmob.com/image_resources/logo/teamlogo/10267.png,https://images.fotmob.com/image_resources/logo/teamlogo/8581.png,2027-03-07,15:00
27,https://www.fotmob.com/matches/real-madrid-vs-villarreal/2xnfqu#5868280,5868280,Villarreal,10205,Real Madrid,8633,False,False,False,87,LaLiga,2026/2027,ESP,,,,,,https://images.fotmob.com/image_resources/logo/teamlogo/10205.png,https://images.fotmob.com/image_resources/logo/teamlogo/8633.png,2027-03-07,15:00
28,https://www.fotmob.com/matches/athletic-club-vs-valencia/2usrlk#5868282,5868282,Athletic Club,8315,Valencia,10267,False,False,False,87,LaLiga,2026/2027,ESP,,,,,,https://images.fotmob.com/image_resources/logo/teamlogo/8315.png,https://images.fotmob.com/image_resources/logo/teamlogo/10267.png,2027-03-14,15:00
28,https://www.fotmob.com/matches/barcelona-vs-deportivo-coruna/2szdeo#5868285,5868285,Barcelona,8634,Deportivo A Coruña,9783,False,False,False,87,LaLiga,2026/2027,ESP,,,,,,https://images.fotmob.com/image_resources/logo/teamlogo/8634.png,https://images.fotmob.com/image_resources/logo/teamlogo/9783.png,2027-03-14,15:00
28,https://www.fotmob.com/matches/sevilla-vs-deportivo-alaves/2q9que#5868281,5868281,Deportivo Alaves,9866,Sevilla,8302,False,False,False,87,LaLiga,2026/2027,ESP,,,,,,https://images.fotmob.com/image_resources/logo/teamlogo/9866.png,https://images.fotmob.com/image_resources/logo/teamlogo/8302.png,2027-03-14,15:00
28,https://www.fotmob.com/matches/villarreal-vs-elche/3gsai9#5868284,5868284,Elche,10268,Villarreal,10205,False,False,False,87,LaLiga,2026/2027,ESP,,,,,,https://images.fotmob.com/image_resources/logo/teamlogo/10268.png,https://images.fotmob.com/image_resources/logo/teamlogo/10205.png,2027-03-14,15:00
28,https://www.fotmob.com/matches/getafe-vs-real-sociedad/2coi81#5868286,5868286,Getafe,8305,Real Sociedad,8560,False,False,False,87,LaLiga,2026/2027,ESP,,,,,,https://images.fotmob.com/image_resources/logo/teamlogo/8305.png,https://images.fotmob.com/image_resources/logo/teamlogo/8560.png,2027-03-14,15:00
28,https://www.fotmob.com/matches/rayo-vallecano-vs-malaga/2qzhrr#5868287,5868287,Malaga,9864,Rayo Vallecano,8370,False,False,False,87,LaLiga,2026/2027,ESP,,,,,,https://images.fotmob.com/image_resources/logo/teamlogo/9864.png,https://images.fotmob.com/image_resources/logo/teamlogo/8370.png,2027-03-14,15:00
28,https://www.fotmob.com/matches/osasuna-vs-celta-vigo/2rhvxv#5868288,5868288,Osasuna,8371,Celta Vigo,9910,False,False,False,87,LaLiga,2026/2027,ESP,,,,,,https://images.fotmob.com/image_resources/logo/teamlogo/8371.png,https://images.fotmob.com/image_resources/logo/teamlogo/9910.png,2027-03-14,15:00
28,https://www.fotmob.com/matches/racing-santander-vs-atletico-madrid/2v0rqx#5868289,5868289,Racing Santander,8696,Atletico Madrid,9906,False,False,False,87,LaLiga,2026/2027,ESP,,,,,,https://images.fotmob.com/image_resources/logo/teamlogo/8696.png,https://images.fotmob.com/image_resources/logo/teamlogo/9906.png,2027-03-14,15:00
28,https://www.fotmob.com/matches/levante-vs-real-betis/2fwwtn#5868283,5868283,Real Betis,8603,Levante,8581,False,False,False,87,LaLiga,2026/2027,ESP,,,,,,https://images.fotmob.com/image_resources/logo/teamlogo/8603.png,https://images.fotmob.com/image_resources/logo/teamlogo/8581.png,2027-03-14,15:00
28,https://www.fotmob.com/matches/espanyol-vs-real-madrid/2fzhol#5868290,5868290,Real Madrid,8633,Espanyol,8558,False,False,False,87,LaLiga,2026/2027,ESP,,,,,,https://images.fotmob.com/image_resources/logo/teamlogo/8633.png,https://images.fotmob.com/image_resources/logo/teamlogo/8558.png,2027-03-14,15:00
29,https://www.fotmob.com/matches/getafe-vs-atletico-madrid/2qqieg#5868291,5868291,Atletico Madrid,9906,Getafe,8305,False,False,False,87,LaLiga,2026/2027,ESP,,,,,,https://images.fotmob.com/image_resources/logo/teamlogo/9906.png,https://images.fotmob.com/image_resources/logo/teamlogo/8305.png,2027-03-21,15:00
29,https://www.fotmob.com/matches/real-madrid-vs-celta-vigo/2uda7y#5868292,5868292,Celta Vigo,9910,Real Madrid,8633,False,False,False,87,LaLiga,2026/2027,ESP,,,,,,https://images.fotmob.com/image_resources/logo/teamlogo/9910.png,https://images.fotmob.com/image_resources/logo/teamlogo/8633.png,2027-03-21,15:00
29,https://www.fotmob.com/matches/athletic-club-vs-espanyol/2crecr#5868293,5868293,Espanyol,8558,Athletic Club,8315,False,False,False,87,LaLiga,2026/2027,ESP,,,,,,https://images.fotmob.com/image_resources/logo/teamlogo/8558.png,https://images.fotmob.com/image_resources/logo/teamlogo/8315.png,2027-03-21,15:00
29,https://www.fotmob.com/matches/osasuna-vs-levante/2dk1c1#5868294,5868294,Levante,8581,Osasuna,8371,False,False,False,87,LaLiga,2026/2027,ESP,,,,,,https://images.fotmob.com/image_resources/logo/teamlogo/8581.png,https://images.fotmob.com/image_resources/logo/teamlogo/8371.png,2027-03-21,15:00
29,https://www.fotmob.com/matches/real-betis-vs-racing-santander/2h3euu#5868295,5868295,Racing Santander,8696,Real Betis,8603,False,False,False,87,LaLiga,2026/2027,ESP,,,,,,https://images.fotmob.com/image_resources/logo/teamlogo/8696.png,https://images.fotmob.com/image_resources/logo/teamlogo/8603.png,2027-03-21,15:00
29,https://www.fotmob.com/matches/rayo-vallecano-vs-barcelona/2e2ym0#5868296,5868296,Rayo Vallecano,8370,Barcelona,8634,False,False,False,87,LaLiga,2026/2027,ESP,,,,,,https://images.fotmob.com/image_resources/logo/teamlogo/8370.png,https://images.fotmob.com/image_resources/logo/teamlogo/8634.png,2027-03-21,15:00
29,https://www.fotmob.com/matches/real-sociedad-vs-deportivo-alaves/2t2xeh#5868297,5868297,Real Sociedad,8560,Deportivo Alaves,9866,False,False,False,87,LaLiga,2026/2027,ESP,,,,,,https://images.fotmob.com/image_resources/logo/teamlogo/8560.png,https://images.fotmob.com/image_resources/logo/teamlogo/9866.png,2027-03-21,15:00
29,https://www.fotmob.com/matches/sevilla-vs-elche/2unzl1#5868298,5868298,Sevilla,8302,Elche,10268,False,False,False,87,LaLiga,2026/2027,ESP,,,,,,https://images.fotmob.com/image_resources/logo/teamlogo/8302.png,https://images.fotmob.com/image_resources/logo/teamlogo/10268.png,2027-03-21,15:00
29,https://www.fotmob.com/matches/deportivo-coruna-vs-valencia/3bokua#5868299,5868299,Valencia,10267,Deportivo A Coruña,9783,False,False,False,87,LaLiga,2026/2027,ESP,,,,,,https://images.fotmob.com/image_resources/logo/teamlogo/10267.png,https://images.fotmob.com/image_resources/logo/teamlogo/9783.png,2027-03-21,15:00
29,https://www.fotmob.com/matches/malaga-vs-villarreal/3bwqzr#5868300,5868300,Villarreal,10205,Malaga,9864,False,False,False,87,LaLiga,2026/2027,ESP,,,,,,https://images.fotmob.com/image_resources/logo/teamlogo/10205.png,https://images.fotmob.com/image_resources/logo/teamlogo/9864.png,2027-03-21,15:00
30,https://www.fotmob.com/matches/athletic-club-vs-racing-santander/2e5iiu#5868301,5868301,Athletic Club,8315,Racing Santander,8696,False,False,False,87,LaLiga,2026/2027,ESP,,,,,,https://images.fotmob.com/image_resources/logo/teamlogo/8315.png,https://images.fotmob.com/image_resources/logo/teamlogo/8696.png,2027-04-04,15:00
30,https://www.fotmob.com/matches/sevilla-vs-barcelona/2de86m#5868305,5868305,Barcelona,8634,Sevilla,8302,False,False,False,87,LaLiga,2026/2027,ESP,,,,,,https://images.fotmob.com/image_resources/logo/teamlogo/8634.png,https://images.fotmob.com/image_resources/logo/teamlogo/8302.png,2027-04-04,15:00
30,https://www.fotmob.com/matches/deportivo-coruna-vs-villarreal/3axz49#5868303,5868303,Deportivo A Coruña,9783,Villarreal,10205,False,False,False,87,LaLiga,2026/2027,ESP,,,,,,https://images.fotmob.com/image_resources/logo/teamlogo/9783.png,https://images.fotmob.com/image_resources/logo/teamlogo/10205.png,2027-04-04,15:00
30,https://www.fotmob.com/matches/deportivo-alaves-vs-elche/3cor73#5868304,5868304,Elche,10268,Deportivo Alaves,9866,False,False,False,87,LaLiga,2026/2027,ESP,,,,,,https://images.fotmob.com/image_resources/logo/teamlogo/10268.png,https://images.fotmob.com/image_resources/logo/teamlogo/9866.png,2027-04-04,15:00
30,https://www.fotmob.com/matches/getafe-vs-espanyol/2cns72#5868306,5868306,Getafe,8305,Espanyol,8558,False,False,False,87,LaLiga,2026/2027,ESP,,,,,,https://images.fotmob.com/image_resources/logo/teamlogo/8305.png,https://images.fotmob.com/image_resources/logo/teamlogo/8558.png,2027-04-04,15:00
30,https://www.fotmob.com/matches/rayo-vallecano-vs-levante/2djo95#5868307,5868307,Levante,8581,Rayo Vallecano,8370,False,False,False,87,LaLiga,2026/2027,ESP,,,,,,https://images.fotmob.com/image_resources/logo/teamlogo/8581.png,https://images.fotmob.com/image_resources/logo/teamlogo/8370.png,2027-04-04,15:00
30,https://www.fotmob.com/matches/osasuna-vs-malaga/2qzvua#5868308,5868308,Malaga,9864,Osasuna,8371,False,False,False,87,LaLiga,2026/2027,ESP,,,,,,https://images.fotmob.com/image_resources/logo/teamlogo/9864.png,https://images.fotmob.com/image_resources/logo/teamlogo/8371.png,2027-04-04,15:00
30,https://www.fotmob.com/matches/real-betis-vs-celta-vigo/2u1dbj#5868302,5868302,Real Betis,8603,Celta Vigo,9910,False,False,False,87,LaLiga,2026/2027,ESP,,,,,,https://images.fotmob.com/image_resources/logo/teamlogo/8603.png,https://images.fotmob.com/image_resources/logo/teamlogo/9910.png,2027-04-04,15:00
30,https://www.fotmob.com/matches/real-madrid-vs-atletico-madrid/2ubozo#5868309,5868309,Real Madrid,8633,Atletico Madrid,9906,False,False,False,87,LaLiga,2026/2027,ESP,,,,,,https://images.fotmob.com/image_resources/logo/teamlogo/8633.png,https://images.fotmob.com/image_resources/logo/teamlogo/9906.png,2027-04-04,15:00
30,https://www.fotmob.com/matches/real-sociedad-vs-valencia/2xizua#5868310,5868310,Real Sociedad,8560,Valencia,10267,False,False,False,87,LaLiga,2026/2027,ESP,,,,,,https://images.fotmob.com/image_resources/logo/teamlogo/8560.png,https://images.fotmob.com/image_resources/logo/teamlogo/10267.png,2027-04-04,15:00
31,https://www.fotmob.com/matches/levante-vs-atletico-madrid/2tr25y#5868312,5868312,Atletico Madrid,9906,Levante,8581,False,False,False,87,LaLiga,2026/2027,ESP,,,,,,https://images.fotmob.com/image_resources/logo/teamlogo/9906.png,https://images.fotmob.com/image_resources/logo/teamlogo/8581.png,2027-04-11,15:00
31,https://www.fotmob.com/matches/celta-vigo-vs-elche/3d7rk1#5868313,5868313,Celta Vigo,9910,Elche,10268,False,False,False,87,LaLiga,2026/2027,ESP,,,,,,https://images.fotmob.com/image_resources/logo/teamlogo/9910.png,https://images.fotmob.com/image_resources/logo/teamlogo/10268.png,2027-04-11,15:00
31,https://www.fotmob.com/matches/real-betis-vs-deportivo-alaves/2tjxhl#5868311,5868311,Deportivo Alaves,9866,Real Betis,8603,False,False,False,87,LaLiga,2026/2027,ESP,,,,,,https://images.fotmob.com/image_resources/logo/teamlogo/9866.png,https://images.fotmob.com/image_resources/logo/teamlogo/8603.png,2027-04-11,15:00
31,https://www.fotmob.com/matches/espanyol-vs-malaga/2t1cj9#5868314,5868314,Espanyol,8558,Malaga,9864,False,False,False,87,LaLiga,2026/2027,ESP,,,,,,https://images.fotmob.com/image_resources/logo/teamlogo/8558.png,https://images.fotmob.com/image_resources/logo/teamlogo/9864.png,2027-04-11,15:00
31,https://www.fotmob.com/matches/osasuna-vs-real-madrid/2e2ylz#5868315,5868315,Osasuna,8371,Real Madrid,8633,False,False,False,87,LaLiga,2026/2027,ESP,,,,,,https://images.fotmob.com/image_resources/logo/teamlogo/8371.png,https://images.fotmob.com/image_resources/logo/teamlogo/8633.png,2027-04-11,15:00
31,https://www.fotmob.com/matches/barcelona-vs-racing-santander/2hex0z#5868316,5868316,Racing Santander,8696,Barcelona,8634,False,False,False,87,LaLiga,2026/2027,ESP,,,,,,https://images.fotmob.com/image_resources/logo/teamlogo/8696.png,https://images.fotmob.com/image_resources/logo/teamlogo/8634.png,2027-04-11,15:00
31,https://www.fotmob.com/matches/rayo-vallecano-vs-real-sociedad/2dc1qb#5868317,5868317,Rayo Vallecano,8370,Real Sociedad,8560,False,False,False,87,LaLiga,2026/2027,ESP,,,,,,https://images.fotmob.com/image_resources/logo/teamlogo/8370.png,https://images.fotmob.com/image_resources/logo/teamlogo/8560.png,2027-04-11,15:00
31,https://www.fotmob.com/matches/sevilla-vs-deportivo-coruna/2pdhva#5868318,5868318,Sevilla,8302,Deportivo A Coruña,9783,False,False,False,87,LaLiga,2026/2027,ESP,,,,,,https://images.fotmob.com/image_resources/logo/teamlogo/8302.png,https://images.fotmob.com/image_resources/logo/teamlogo/9783.png,2027-04-11,15:00
31,https://www.fotmob.com/matches/getafe-vs-valencia/2uos8v#5868319,5868319,Valencia,10267,Getafe,8305,False,False,False,87,LaLiga,2026/2027,ESP,,,,,,https://images.fotmob.com/image_resources/logo/teamlogo/10267.png,https://images.fotmob.com/image_resources/logo/teamlogo/8305.png,2027-04-11,15:00
31,https://www.fotmob.com/matches/athletic-club-vs-villarreal/2u443r#5868320,5868320,Villarreal,10205,Athletic Club,8315,False,False,False,87,LaLiga,2026/2027,ESP,,,,,,https://images.fotmob.com/image_resources/logo/teamlogo/10205.png,https://images.fotmob.com/image_resources/logo/teamlogo/8315.png,2027-04-11,15:00
32,https://www.fotmob.com/matches/sevilla-vs-atletico-madrid/2qpc8y#5868322,5868322,Atletico Madrid,9906,Sevilla,8302,False,False,False,87,LaLiga,2026/2027,ESP,,,,,,https://images.fotmob.com/image_resources/logo/teamlogo/9906.png,https://images.fotmob.com/image_resources/logo/teamlogo/8302.png,2027-04-18,15:00
32,https://www.fotmob.com/matches/espanyol-vs-barcelona/2fzuy6#5868326,5868326,Barcelona,8634,Espanyol,8558,False,False,False,87,LaLiga,2026/2027,ESP,,,,,,https://images.fotmob.com/image_resources/logo/teamlogo/8634.png,https://images.fotmob.com/image_resources/logo/teamlogo/8558.png,2027-04-18,15:00
32,https://www.fotmob.com/matches/rayo-vallecano-vs-deportivo-alaves/2r09ww#5868321,5868321,Deportivo Alaves,9866,Rayo Vallecano,8370,False,False,False,87,LaLiga,2026/2027,ESP,,,,,,https://images.fotmob.com/image_resources/logo/teamlogo/9866.png,https://images.fotmob.com/image_resources/logo/teamlogo/8370.png,2027-04-18,15:00
32,https://www.fotmob.com/matches/deportivo-coruna-vs-celta-vigo/37gixt#5868324,5868324,Deportivo A Coruña,9783,Celta Vigo,9910,False,False,False,87,LaLiga,2026/2027,ESP,,,,,,https://images.fotmob.com/image_resources/logo/teamlogo/9783.png,https://images.fotmob.com/image_resources/logo/teamlogo/9910.png,2027-04-18,15:00
32,https://www.fotmob.com/matches/osasuna-vs-elche/2vfi6j#5868325,5868325,Elche,10268,Osasuna,8371,False,False,False,87,LaLiga,2026/2027,ESP,,,,,,https://images.fotmob.com/image_resources/logo/teamlogo/10268.png,https://images.fotmob.com/image_resources/logo/teamlogo/8371.png,2027-04-18,15:00
32,https://www.fotmob.com/matches/getafe-vs-real-madrid/2deybk#5868327,5868327,Getafe,8305,Real Madrid,8633,False,False,False,87,LaLiga,2026/2027,ESP,,,,,,https://images.fotmob.com/image_resources/logo/teamlogo/8305.png,https://images.fotmob.com/image_resources/logo/teamlogo/8633.png,2027-04-18,15:00
32,https://www.fotmob.com/matches/levante-vs-villarreal/2x2gvs#5868328,5868328,Levante,8581,Villarreal,10205,False,False,False,87,LaLiga,2026/2027,ESP,,,,,,https://images.fotmob.com/image_resources/logo/teamlogo/8581.png,https://images.fotmob.com/image_resources/logo/teamlogo/10205.png,2027-04-18,15:00
32,https://www.fotmob.com/matches/malaga-vs-valencia/3cngla#5868329,5868329,Malaga,9864,Valencia,10267,False,False,False,87,LaLiga,2026/2027,ESP,,,,,,https://images.fotmob.com/image_resources/logo/teamlogo/9864.png,https://images.fotmob.com/image_resources/logo/teamlogo/10267.png,2027-04-18,15:00
32,https://www.fotmob.com/matches/athletic-club-vs-real-betis/2d7p20#5868323,5868323,Real Betis,8603,Athletic Club,8315,False,False,False,87,LaLiga,2026/2027,ESP,,,,,,https://images.fotmob.com/image_resources/logo/teamlogo/8603.png,https://images.fotmob.com/image_resources/logo/teamlogo/8315.png,2027-04-18,15:00
32,https://www.fotmob.com/matches/real-sociedad-vs-racing-santander/2gnhl8#5868330,5868330,Real Sociedad,8560,Racing Santander,8696,False,False,False,87,LaLiga,2026/2027,ESP,,,,,,https://images.fotmob.com/image_resources/logo/teamlogo/8560.png,https://images.fotmob.com/image_resources/logo/teamlogo/8696.png,2027-04-18,15:00
33,https://www.fotmob.com/matches/athletic-club-vs-deportivo-coruna/2pijci#5868331,5868331,Athletic Club,8315,Deportivo A Coruña,9783,False,False,False,87,LaLiga,2026/2027,ESP,,,,,,https://images.fotmob.com/image_resources/logo/teamlogo/8315.png,https://images.fotmob.com/image_resources/logo/teamlogo/9783.png,2027-04-21,15:00
33,https://www.fotmob.com/matches/barcelona-vs-celta-vigo/2udoj2#5868332,5868332,Celta Vigo,9910,Barcelona,8634,False,False,False,87,LaLiga,2026/2027,ESP,,,,,,https://images.fotmob.com/image_resources/logo/teamlogo/9910.png,https://images.fotmob.com/image_resources/logo/teamlogo/8634.png,2027-04-21,15:00
33,https://www.fotmob.com/matches/espanyol-vs-real-sociedad/2f8nc1#5868333,5868333,Espanyol,8558,Real Sociedad,8560,False,False,False,87,LaLiga,2026/2027,ESP,,,,,,https://images.fotmob.com/image_resources/logo/teamlogo/8558.png,https://images.fotmob.com/image_resources/logo/teamlogo/8560.png,2027-04-21,15:00
33,https://www.fotmob.com/matches/getafe-vs-real-betis/2d42jt#5868334,5868334,Getafe,8305,Real Betis,8603,False,False,False,87,LaLiga,2026/2027,ESP,,,,,,https://images.fotmob.com/image_resources/logo/teamlogo/8305.png,https://images.fotmob.com/image_resources/logo/teamlogo/8603.png,2027-04-21,15:00
33,https://www.fotmob.com/matches/osasuna-vs-deportivo-alaves/2r0nzh#5868335,5868335,Osasuna,8371,Deportivo Alaves,9866,False,False,False,87,LaLiga,2026/2027,ESP,,,,,,https://images.fotmob.com/image_resources/logo/teamlogo/8371.png,https://images.fotmob.com/image_resources/logo/teamlogo/9866.png,2027-04-21,15:00
33,https://www.fotmob.com/matches/racing-santander-vs-malaga/2uk1jc#5868336,5868336,Racing Santander,8696,Malaga,9864,False,False,False,87,LaLiga,2026/2027,ESP,,,,,,https://images.fotmob.com/image_resources/logo/teamlogo/8696.png,https://images.fotmob.com/image_resources/logo/teamlogo/9864.png,2027-04-21,15:00
33,https://www.fotmob.com/matches/real-madrid-vs-elche/2ycx1c#5868337,5868337,Real Madrid,8633,Elche,10268,False,False,False,87,LaLiga,2026/2027,ESP,,,,,,https://images.fotmob.com/image_resources/logo/teamlogo/8633.png,https://images.fotmob.com/image_resources/logo/teamlogo/10268.png,2027-04-21,15:00
33,https://www.fotmob.com/matches/sevilla-vs-levante/2cv0lv#5868338,5868338,Sevilla,8302,Levante,8581,False,False,False,87,LaLiga,2026/2027,ESP,,,,,,https://images.fotmob.com/image_resources/logo/teamlogo/8302.png,https://images.fotmob.com/image_resources/logo/teamlogo/8581.png,2027-04-21,15:00
33,https://www.fotmob.com/matches/rayo-vallecano-vs-valencia/2vepf1#5868339,5868339,Valencia,10267,Rayo Vallecano,8370,False,False,False,87,LaLiga,2026/2027,ESP,,,,,,https://images.fotmob.com/image_resources/logo/teamlogo/10267.png,https://images.fotmob.com/image_resources/logo/teamlogo/8370.png,2027-04-21,15:00
33,https://www.fotmob.com/matches/atletico-madrid-vs-villarreal/3ceu3u#5868340,5868340,Villarreal,10205,Atletico Madrid,9906,False,False,False,87,LaLiga,2026/2027,ESP,,,,,,https://images.fotmob.com/image_resources/logo/teamlogo/10205.png,https://images.fotmob.com/image_resources/logo/teamlogo/9906.png,2027-04-21,15:00
34,https://www.fotmob.com/matches/deportivo-alaves-vs-atletico-madrid/38dxso#5868341,5868341,Atletico Madrid,9906,Deportivo Alaves,9866,False,False,False,87,LaLiga,2026/2027,ESP,,,,,,https://images.fotmob.com/image_resources/logo/teamlogo/9906.png,https://images.fotmob.com/image_resources/logo/teamlogo/9866.png,2027-05-02,15:00
34,https://www.fotmob.com/matches/osasuna-vs-barcelona/2e3bqd#5868346,5868346,Barcelona,8634,Osasuna,8371,False,False,False,87,LaLiga,2026/2027,ESP,,,,,,https://images.fotmob.com/image_resources/logo/teamlogo/8634.png,https://images.fotmob.com/image_resources/logo/teamlogo/8371.png,2027-05-02,15:00
34,https://www.fotmob.com/matches/sevilla-vs-celta-vigo/2qqwgg#5868343,5868343,Celta Vigo,9910,Sevilla,8302,False,False,False,87,LaLiga,2026/2027,ESP,,,,,,https://images.fotmob.com/image_resources/logo/teamlogo/9910.png,https://images.fotmob.com/image_resources/logo/teamlogo/8302.png,2027-05-02,15:00
34,https://www.fotmob.com/matches/racing-santander-vs-deportivo-coruna/2tnvz3#5868344,5868344,Deportivo A Coruña,9783,Racing Santander,8696,False,False,False,87,LaLiga,2026/2027,ESP,,,,,,https://images.fotmob.com/image_resources/logo/teamlogo/9783.png,https://images.fotmob.com/image_resources/logo/teamlogo/8696.png,2027-05-02,15:00
34,https://www.fotmob.com/matches/espanyol-vs-elche/2xilb9#5868345,5868345,Elche,10268,Espanyol,8558,False,False,False,87,LaLiga,2026/2027,ESP,,,,,,https://images.fotmob.com/image_resources/logo/teamlogo/10268.png,https://images.fotmob.com/image_resources/logo/teamlogo/8558.png,2027-05-02,15:00
34,https://www.fotmob.com/matches/levante-vs-real-madrid/2g7yze#5868347,5868347,Levante,8581,Real Madrid,8633,False,False,False,87,LaLiga,2026/2027,ESP,,,,,,https://images.fotmob.com/image_resources/logo/teamlogo/8581.png,https://images.fotmob.com/image_resources/logo/teamlogo/8633.png,2027-05-02,15:00
34,https://www.fotmob.com/matches/getafe-vs-malaga/2qa4v1#5868348,5868348,Malaga,9864,Getafe,8305,False,False,False,87,LaLiga,2026/2027,ESP,,,,,,https://images.fotmob.com/image_resources/logo/teamlogo/9864.png,https://images.fotmob.com/image_resources/logo/teamlogo/8305.png,2027-05-02,15:00
34,https://www.fotmob.com/matches/rayo-vallecano-vs-villarreal/2upzai#5868349,5868349,Rayo Vallecano,8370,Villarreal,10205,False,False,False,87,LaLiga,2026/2027,ESP,,,,,,https://images.fotmob.com/image_resources/logo/teamlogo/8370.png,https://images.fotmob.com/image_resources/logo/teamlogo/10205.png,2027-05-02,15:00
34,https://www.fotmob.com/matches/real-betis-vs-valencia/2y0d9k#5868342,5868342,Real Betis,8603,Valencia,10267,False,False,False,87,LaLiga,2026/2027,ESP,,,,,,https://images.fotmob.com/image_resources/logo/teamlogo/8603.png,https://images.fotmob.com/image_resources/logo/teamlogo/10267.png,2027-05-02,15:00
34,https://www.fotmob.com/matches/athletic-club-vs-real-sociedad/2cs4ea#5868350,5868350,Real Sociedad,8560,Athletic Club,8315,False,False,False,87,LaLiga,2026/2027,ESP,,,,,,https://images.fotmob.com/image_resources/logo/teamlogo/8560.png,https://images.fotmob.com/image_resources/logo/teamlogo/8315.png,2027-05-02,15:00
35,https://www.fotmob.com/matches/athletic-club-vs-malaga/2qe13i#5868352,5868352,Athletic Club,8315,Malaga,9864,False,False,False,87,LaLiga,2026/2027,ESP,,,,,,https://images.fotmob.com/image_resources/logo/teamlogo/8315.png,https://images.fotmob.com/image_resources/logo/teamlogo/9864.png,2027-05-09,15:00
35,https://www.fotmob.com/matches/levante-vs-deportivo-alaves/2tb85e#5868351,5868351,Deportivo Alaves,9866,Levante,8581,False,False,False,87,LaLiga,2026/2027,ESP,,,,,,https://images.fotmob.com/image_resources/logo/teamlogo/9866.png,https://images.fotmob.com/image_resources/logo/teamlogo/8581.png,2027-05-09,15:00
35,https://www.fotmob.com/matches/getafe-vs-elche/2up6ks#5868354,5868354,Getafe,8305,Elche,10268,False,False,False,87,LaLiga,2026/2027,ESP,,,,,,https://images.fotmob.com/image_resources/logo/teamlogo/8305.png,https://images.fotmob.com/image_resources/logo/teamlogo/10268.png,2027-05-09,15:00
35,https://www.fotmob.com/matches/osasuna-vs-real-sociedad/2dcesm#5868355,5868355,Osasuna,8371,Real Sociedad,8560,False,False,False,87,LaLiga,2026/2027,ESP,,,,,,https://images.fotmob.com/image_resources/logo/teamlogo/8371.png,https://images.fotmob.com/image_resources/logo/teamlogo/8560.png,2027-05-09,15:00
35,https://www.fotmob.com/matches/sevilla-vs-racing-santander/2e0ry5#5868356,5868356,Racing Santander,8696,Sevilla,8302,False,False,False,87,LaLiga,2026/2027,ESP,,,,,,https://images.fotmob.com/image_resources/logo/teamlogo/8696.png,https://images.fotmob.com/image_resources/logo/teamlogo/8302.png,2027-05-09,15:00
35,https://www.fotmob.com/matches/rayo-vallecano-vs-deportivo-coruna/2q3wl0#5868357,5868357,Rayo Vallecano,8370,Deportivo A Coruña,9783,False,False,False,87,LaLiga,2026/2027,ESP,,,,,,https://images.fotmob.com/image_resources/logo/teamlogo/8370.png,https://images.fotmob.com/image_resources/logo/teamlogo/9783.png,2027-05-09,15:00
35,https://www.fotmob.com/matches/espanyol-vs-real-betis/2fog20#5868353,5868353,Real Betis,8603,Espanyol,8558,False,False,False,87,LaLiga,2026/2027,ESP,,,,,,https://images.fotmob.com/image_resources/logo/teamlogo/8603.png,https://images.fotmob.com/image_resources/logo/teamlogo/8558.png,2027-05-09,15:00
35,https://www.fotmob.com/matches/real-madrid-vs-barcelona/2grk20#5868358,5868358,Real Madrid,8633,Barcelona,8634,False,False,False,87,LaLiga,2026/2027,ESP,,,,,,https://images.fotmob.com/image_resources/logo/teamlogo/8633.png,https://images.fotmob.com/image_resources/logo/teamlogo/8634.png,2027-05-09,15:00
35,https://www.fotmob.com/matches/atletico-madrid-vs-valencia/3d5lpp#5868359,5868359,Valencia,10267,Atletico Madrid,9906,False,False,False,87,LaLiga,2026/2027,ESP,,,,,,https://images.fotmob.com/image_resources/logo/teamlogo/10267.png,https://images.fotmob.com/image_resources/logo/teamlogo/9906.png,2027-05-09,15:00
35,https://www.fotmob.com/matches/celta-vigo-vs-villarreal/3cgk6s#5868360,5868360,Villarreal,10205,Celta Vigo,9910,False,False,False,87,LaLiga,2026/2027,ESP,,,,,,https://images.fotmob.com/image_resources/logo/teamlogo/10205.png,https://images.fotmob.com/image_resources/logo/teamlogo/9910.png,2027-05-09,15:00
36,https://www.fotmob.com/matches/rayo-vallecano-vs-atletico-madrid/2rfxf0#5868361,5868361,Atletico Madrid,9906,Rayo Vallecano,8370,False,False,False,87,LaLiga,2026/2027,ESP,,,,,,https://images.fotmob.com/image_resources/logo/teamlogo/9906.png,https://images.fotmob.com/image_resources/logo/teamlogo/8370.png,2027-05-16,15:00
36,https://www.fotmob.com/matches/deportivo-coruna-vs-deportivo-alaves/36xz1n#5868362,5868362,Deportivo A Coruña,9783,Deportivo Alaves,9866,False,False,False,87,LaLiga,2026/2027,ESP,,,,,,https://images.fotmob.com/image_resources/logo/teamlogo/9783.png,https://images.fotmob.com/image_resources/logo/teamlogo/9866.png,2027-05-16,15:00
36,https://www.fotmob.com/matches/athletic-club-vs-elche/2ut5xr#5868363,5868363,Elche,10268,Athletic Club,8315,False,False,False,87,LaLiga,2026/2027,ESP,,,,,,https://images.fotmob.com/image_resources/logo/teamlogo/10268.png,https://images.fotmob.com/image_resources/logo/teamlogo/8315.png,2027-05-16,15:00
36,https://www.fotmob.com/matches/espanyol-vs-valencia/2xi6sb#5868364,5868364,Espanyol,8558,Valencia,10267,False,False,False,87,LaLiga,2026/2027,ESP,,,,,,https://images.fotmob.com/image_resources/logo/teamlogo/8558.png,https://images.fotmob.com/image_resources/logo/teamlogo/10267.png,2027-05-16,15:00
36,https://www.fotmob.com/matches/getafe-vs-levante/2cw3oy#5868365,5868365,Levante,8581,Getafe,8305,False,False,False,87,LaLiga,2026/2027,ESP,,,,,,https://images.fotmob.com/image_resources/logo/teamlogo/8581.png,https://images.fotmob.com/image_resources/logo/teamlogo/8305.png,2027-05-16,15:00
36,https://www.fotmob.com/matches/malaga-vs-celta-vigo/38esbb#5868366,5868366,Malaga,9864,Celta Vigo,9910,False,False,False,87,LaLiga,2026/2027,ESP,,,,,,https://images.fotmob.com/image_resources/logo/teamlogo/9864.png,https://images.fotmob.com/image_resources/logo/teamlogo/9910.png,2027-05-16,15:00
36,https://www.fotmob.com/matches/osasuna-vs-real-betis/2ds1b8#5868367,5868367,Osasuna,8371,Real Betis,8603,False,False,False,87,LaLiga,2026/2027,ESP,,,,,,https://images.fotmob.com/image_resources/logo/teamlogo/8371.png,https://images.fotmob.com/image_resources/logo/teamlogo/8603.png,2027-05-16,15:00
36,https://www.fotmob.com/matches/real-madrid-vs-racing-santander/2hejnl#5868368,5868368,Real Madrid,8633,Racing Santander,8696,False,False,False,87,LaLiga,2026/2027,ESP,,,,,,https://images.fotmob.com/image_resources/logo/teamlogo/8633.png,https://images.fotmob.com/image_resources/logo/teamlogo/8696.png,2027-05-16,15:00
36,https://www.fotmob.com/matches/real-sociedad-vs-barcelona/2g0lhd#5868369,5868369,Real Sociedad,8560,Barcelona,8634,False,False,False,87,LaLiga,2026/2027,ESP,,,,,,https://images.fotmob.com/image_resources/logo/teamlogo/8560.png,https://images.fotmob.com/image_resources/logo/teamlogo/8634.png,2027-05-16,15:00
36,https://www.fotmob.com/matches/sevilla-vs-villarreal/2tyyds#5868370,5868370,Sevilla,8302,Villarreal,10205,False,False,False,87,LaLiga,2026/2027,ESP,,,,,,https://images.fotmob.com/image_resources/logo/teamlogo/8302.png,https://images.fotmob.com/image_resources/logo/teamlogo/10205.png,2027-05-16,15:00
37,https://www.fotmob.com/matches/athletic-club-vs-atletico-madrid/2queyl#5868372,5868372,Atletico Madrid,9906,Athletic Club,8315,False,False,False,87,LaLiga,2026/2027,ESP,,,,,,https://images.fotmob.com/image_resources/logo/teamlogo/9906.png,https://images.fotmob.com/image_resources/logo/teamlogo/8315.png,2027-05-23,15:00
37,https://www.fotmob.com/matches/barcelona-vs-malaga/2tvf3f#5868375,5868375,Barcelona,8634,Malaga,9864,False,False,False,87,LaLiga,2026/2027,ESP,,,,,,https://images.fotmob.com/image_resources/logo/teamlogo/8634.png,https://images.fotmob.com/image_resources/logo/teamlogo/9864.png,2027-05-23,15:00
37,https://www.fotmob.com/matches/real-sociedad-vs-celta-vigo/2tkbrv#5868373,5868373,Celta Vigo,9910,Real Sociedad,8560,False,False,False,87,LaLiga,2026/2027,ESP,,,,,,https://images.fotmob.com/image_resources/logo/teamlogo/9910.png,https://images.fotmob.com/image_resources/logo/teamlogo/8560.png,2027-05-23,15:00
37,https://www.fotmob.com/matches/real-madrid-vs-deportivo-alaves/2tvtdc#5868371,5868371,Deportivo Alaves,9866,Real Madrid,8633,False,False,False,87,LaLiga,2026/2027,ESP,,,,,,https://images.fotmob.com/image_resources/logo/teamlogo/9866.png,https://images.fotmob.com/image_resources/logo/teamlogo/8633.png,2027-05-23,15:00
37,https://www.fotmob.com/matches/espanyol-vs-deportivo-coruna/2s5fli#5868374,5868374,Deportivo A Coruña,9783,Espanyol,8558,False,False,False,87,LaLiga,2026/2027,ESP,,,,,,https://images.fotmob.com/image_resources/logo/teamlogo/9783.png,https://images.fotmob.com/image_resources/logo/teamlogo/8558.png,2027-05-23,15:00
37,https://www.fotmob.com/matches/levante-vs-racing-santander/2gv9dn#5868376,5868376,Racing Santander,8696,Levante,8581,False,False,False,87,LaLiga,2026/2027,ESP,,,,,,https://images.fotmob.com/image_resources/logo/teamlogo/8696.png,https://images.fotmob.com/image_resources/logo/teamlogo/8581.png,2027-05-23,15:00
37,https://www.fotmob.com/matches/rayo-vallecano-vs-real-betis/2dro7q#5868377,5868377,Rayo Vallecano,8370,Real Betis,8603,False,False,False,87,LaLiga,2026/2027,ESP,,,,,,https://images.fotmob.com/image_resources/logo/teamlogo/8370.png,https://images.fotmob.com/image_resources/logo/teamlogo/8603.png,2027-05-23,15:00
37,https://www.fotmob.com/matches/sevilla-vs-getafe/2a3y81#5868378,5868378,Sevilla,8302,Getafe,8305,False,False,False,87,LaLiga,2026/2027,ESP,,,,,,https://images.fotmob.com/image_resources/logo/teamlogo/8302.png,https://images.fotmob.com/image_resources/logo/teamlogo/8305.png,2027-05-23,15:00
37,https://www.fotmob.com/matches/valencia-vs-elche/3hjjfk#5868379,5868379,Valencia,10267,Elche,10268,False,False,False,87,LaLiga,2026/2027,ESP,,,,,,https://images.fotmob.com/image_resources/logo/teamlogo/10267.png,https://images.fotmob.com/image_resources/logo/teamlogo/10268.png,2027-05-23,15:00
37,https://www.fotmob.com/matches/osasuna-vs-villarreal/2uqdmj#5868380,5868380,Villarreal,10205,Osasuna,8371,False,False,False,87,LaLiga,2026/2027,ESP,,,,,,https://images.fotmob.com/image_resources/logo/teamlogo/10205.png,https://images.fotmob.com/image_resources/logo/teamlogo/8371.png,2027-05-23,15:00
38,https://www.fotmob.com/matches/athletic-club-vs-rayo-vallecano/2avs59#5868381,5868381,Athletic Club,8315,Rayo Vallecano,8370,False,False,False,87,LaLiga,2026/2027,ESP,,,,,,https://images.fotmob.com/image_resources/logo/teamlogo/8315.png,https://images.fotmob.com/image_resources/logo/teamlogo/8370.png,2027-05-30,15:00
38,https://www.fotmob.com/matches/racing-santander-vs-elche/2z2hfu#5868383,5868383,Elche,10268,Racing Santander,8696,False,False,False,87,LaLiga,2026/2027,ESP,,,,,,https://images.fotmob.com/image_resources/logo/teamlogo/10268.png,https://images.fotmob.com/image_resources/logo/teamlogo/8696.png,2027-05-30,15:00
38,https://www.fotmob.com/matches/espanyol-vs-deportivo-alaves/2t24yu#5868384,5868384,Espanyol,8558,Deportivo Alaves,9866,False,False,False,87,LaLiga,2026/2027,ESP,,,,,,https://images.fotmob.com/image_resources/logo/teamlogo/8558.png,https://images.fotmob.com/image_resources/logo/teamlogo/9866.png,2027-05-30,15:00
38,https://www.fotmob.com/matches/getafe-vs-barcelona/2dfbe4#5868385,5868385,Getafe,8305,Barcelona,8634,False,False,False,87,LaLiga,2026/2027,ESP,,,,,,https://images.fotmob.com/image_resources/logo/teamlogo/8305.png,https://images.fotmob.com/image_resources/logo/teamlogo/8634.png,2027-05-30,15:00
38,https://www.fotmob.com/matches/levante-vs-celta-vigo/2tsn8g#5868386,5868386,Levante,8581,Celta Vigo,9910,False,False,False,87,LaLiga,2026/2027,ESP,,,,,,https://images.fotmob.com/image_resources/logo/teamlogo/8581.png,https://images.fotmob.com/image_resources/logo/teamlogo/9910.png,2027-05-30,15:00
38,https://www.fotmob.com/matches/sevilla-vs-malaga/2q8yt1#5868387,5868387,Malaga,9864,Sevilla,8302,False,False,False,87,LaLiga,2026/2027,ESP,,,,,,https://images.fotmob.com/image_resources/logo/teamlogo/9864.png,https://images.fotmob.com/image_resources/logo/teamlogo/8302.png,2027-05-30,15:00
38,https://www.fotmob.com/matches/osasuna-vs-valencia/2vf3ss#5868388,5868388,Osasuna,8371,Valencia,10267,False,False,False,87,LaLiga,2026/2027,ESP,,,,,,https://images.fotmob.com/image_resources/logo/teamlogo/8371.png,https://images.fotmob.com/image_resources/logo/teamlogo/10267.png,2027-05-30,15:00
38,https://www.fotmob.com/matches/real-betis-vs-atletico-madrid/2tzs6l#5868382,5868382,Real Betis,8603,Atletico Madrid,9906,False,False,False,87,LaLiga,2026/2027,ESP,,,,,,https://images.fotmob.com/image_resources/logo/teamlogo/8603.png,https://images.fotmob.com/image_resources/logo/teamlogo/9906.png,2027-05-30,15:00
38,https://www.fotmob.com/matches/real-madrid-vs-deportivo-coruna/2syz73#5868389,5868389,Real Madrid,8633,Deportivo A Coruña,9783,False,False,False,87,LaLiga,2026/2027,ESP,,,,,,https://images.fotmob.com/image_resources/logo/teamlogo/8633.png,https://images.fotmob.com/image_resources/logo/teamlogo/9783.png,2027-05-30,15:00
38,https://www.fotmob.com/matches/real-sociedad-vs-villarreal/2wu0mj#5868390,5868390,Real Sociedad,8560,Villarreal,10205,False,False,False,87,LaLiga,2026/2027,ESP,,,,,,https://images.fotmob.com/image_resources/logo/teamlogo/8560.png,https://images.fotmob.com/image_resources/logo/teamlogo/10205.png,2027-05-30,15:00
