regionId,tournamentId,seasonId,stageId,leagueName,season,match_id,match_url,calendar_month,status,homeTeamName,awayTeamName,homeTeamId,awayTeamId,homeScore,awayScore,match_date,homeLogo,awayLogo,matchweek_id,matchround
206,4,10803,24622,Spain Laliga,2025-2026,1913916,https://www.whoscored.com/matches/1913916/live/spain-laliga-2025-2026-girona-rayo-vallecano,Aug 2025,FT,Girona,Rayo Vallecano,2783,64,1,3,2025-08-15,https://d2zywfiolv4f83.cloudfront.net/img/teams/2783.png,https://d2zywfiolv4f83.cloudfront.net/img/teams/64.png,1,1
206,4,10803,24622,Spain Laliga,2025-2026,1913892,https://www.whoscored.com/matches/1913892/live/spain-laliga-2025-2026-villarreal-real-oviedo,Aug 2025,FT,Villarreal,Real Oviedo,839,61,2,0,2025-08-15,https://d2zywfiolv4f83.cloudfront.net/img/teams/839.png,https://d2zywfiolv4f83.cloudfront.net/img/teams/61.png,1,1
206,4,10803,24622,Spain Laliga,2025-2026,1913918,https://www.whoscored.com/matches/1913918/live/spain-laliga-2025-2026-mallorca-barcelona,Aug 2025,FT,Mallorca,Barcelona,51,65,0,3,2025-08-16,https://d2zywfiolv4f83.cloudfront.net/img/teams/51.png,https://d2zywfiolv4f83.cloudfront.net/img/teams/65.png,1,1
206,4,10803,24622,Spain Laliga,2025-2026,1913913,https://www.whoscored.com/matches/1913913/live/spain-laliga-2025-2026-deportivo-alaves-levante,Aug 2025,FT,Deportivo Alaves,Levante,60,832,2,1,2025-08-16,https://d2zywfiolv4f83.cloudfront.net/img/teams/60.png,https://d2zywfiolv4f83.cloudfront.net/img/teams/832.png,1,1
206,4,10803,24622,Spain Laliga,2025-2026,1913889,https://www.whoscored.com/matches/1913889/live/spain-laliga-2025-2026-valencia-real-sociedad,Aug 2025,FT,Valencia,Real Sociedad,55,68,1,1,2025-08-16,https://d2zywfiolv4f83.cloudfront.net/img/teams/55.png,https://d2zywfiolv4f83.cloudfront.net/img/teams/68.png,1,1
206,4,10803,24622,Spain Laliga,2025-2026,1913915,https://www.whoscored.com/matches/1913915/live/spain-laliga-2025-2026-celta-vigo-getafe,Aug 2025,FT,Celta Vigo,Getafe,62,819,0,2,2025-08-17,https://d2zywfiolv4f83.cloudfront.net/img/teams/62.png,https://d2zywfiolv4f83.cloudfront.net/img/teams/819.png,1,1
206,4,10803,24622,Spain Laliga,2025-2026,1913914,https://www.whoscored.com/matches/1913914/live/spain-laliga-2025-2026-athletic-club-sevilla,Aug 2025,FT,Athletic Club,Sevilla,53,67,3,2,2025-08-17,https://d2zywfiolv4f83.cloudfront.net/img/teams/53.png,https://d2zywfiolv4f83.cloudfront.net/img/teams/67.png,1,1
206,4,10803,24622,Spain Laliga,2025-2026,1913917,https://www.whoscored.com/matches/1913917/live/spain-laliga-2025-2026-espanyol-atletico-madrid,Aug 2025,FT,Espanyol,Atletico Madrid,70,63,2,1,2025-08-17,https://d2zywfiolv4f83.cloudfront.net/img/teams/70.png,https://d2zywfiolv4f83.cloudfront.net/img/teams/63.png,1,1
206,4,10803,24622,Spain Laliga,2025-2026,1913883,https://www.whoscored.com/matches/1913883/live/spain-laliga-2025-2026-elche-real-betis,Aug 2025,FT,Elche,Real Betis,833,54,1,1,2025-08-18,https://d2zywfiolv4f83.cloudfront.net/img/teams/833.png,https://d2zywfiolv4f83.cloudfront.net/img/teams/54.png,1,1
206,4,10803,24622,Spain Laliga,2025-2026,1913886,https://www.whoscored.com/matches/1913886/live/spain-laliga-2025-2026-real-madrid-osasuna,Aug 2025,FT,Real Madrid,Osasuna,52,131,1,0,2025-08-19,https://d2zywfiolv4f83.cloudfront.net/img/teams/52.png,https://d2zywfiolv4f83.cloudfront.net/img/teams/131.png,1,1
206,4,10803,24622,Spain Laliga,2025-2026,1913885,https://www.whoscored.com/matches/1913885/live/spain-laliga-2025-2026-real-betis-deportivo-alaves,Aug 2025,FT,Real Betis,Deportivo Alaves,54,60,1,0,2025-08-22,https://d2zywfiolv4f83.cloudfront.net/img/teams/54.png,https://d2zywfiolv4f83.cloudfront.net/img/teams/60.png,2,2
206,4,10803,24622,Spain Laliga,2025-2026,1913891,https://www.whoscored.com/matches/1913891/live/spain-laliga-2025-2026-mallorca-celta-vigo,Aug 2025,FT,Mallorca,Celta Vigo,51,62,1,1,2025-08-23,https://d2zywfiolv4f83.cloudfront.net/img/teams/51.png,https://d2zywfiolv4f83.cloudfront.net/img/teams/62.png,2,2
206,4,10803,24622,Spain Laliga,2025-2026,1913898,https://www.whoscored.com/matches/1913898/live/spain-laliga-2025-2026-atletico-madrid-elche,Aug 2025,FT,Atletico Madrid,Elche,63,833,1,1,2025-08-23,https://d2zywfiolv4f83.cloudfront.net/img/teams/63.png,https://d2zywfiolv4f83.cloudfront.net/img/teams/833.png,2,2
206,4,10803,24622,Spain Laliga,2025-2026,1913888,https://www.whoscored.com/matches/1913888/live/spain-laliga-2025-2026-levante-barcelona,Aug 2025,FT,Levante,Barcelona,832,65,2,3,2025-08-23,https://d2zywfiolv4f83.cloudfront.net/img/teams/832.png,https://d2zywfiolv4f83.cloudfront.net/img/teams/65.png,2,2
206,4,10803,24622,Spain Laliga,2025-2026,1913900,https://www.whoscored.com/matches/1913900/live/spain-laliga-2025-2026-osasuna-valencia,Aug 2025,FT,Osasuna,Valencia,131,55,1,0,2025-08-24,https://d2zywfiolv4f83.cloudfront.net/img/teams/131.png,https://d2zywfiolv4f83.cloudfront.net/img/teams/55.png,2,2
206,4,10803,24622,Spain Laliga,2025-2026,1913901,https://www.whoscored.com/matches/1913901/live/spain-laliga-2025-2026-villarreal-girona,Aug 2025,FT,Villarreal,Girona,839,2783,5,0,2025-08-24,https://d2zywfiolv4f83.cloudfront.net/img/teams/839.png,https://d2zywfiolv4f83.cloudfront.net/img/teams/2783.png,2,2
206,4,10803,24622,Spain Laliga,2025-2026,1913894,https://www.whoscored.com/matches/1913894/live/spain-laliga-2025-2026-real-sociedad-espanyol,Aug 2025,FT,Real Sociedad,Espanyol,68,70,2,2,2025-08-24,https://d2zywfiolv4f83.cloudfront.net/img/teams/68.png,https://d2zywfiolv4f83.cloudfront.net/img/teams/70.png,2,2
206,4,10803,24622,Spain Laliga,2025-2026,1913882,https://www.whoscored.com/matches/1913882/live/spain-laliga-2025-2026-real-oviedo-real-madrid,Aug 2025,FT,Real Oviedo,Real Madrid,61,52,0,3,2025-08-24,https://d2zywfiolv4f83.cloudfront.net/img/teams/61.png,https://d2zywfiolv4f83.cloudfront.net/img/teams/52.png,2,2
206,4,10803,24622,Spain Laliga,2025-2026,1913895,https://www.whoscored.com/matches/1913895/live/spain-laliga-2025-2026-athletic-club-rayo-vallecano,Aug 2025,FT,Athletic Club,Rayo Vallecano,53,64,1,0,2025-08-25,https://d2zywfiolv4f83.cloudfront.net/img/teams/53.png,https://d2zywfiolv4f83.cloudfront.net/img/teams/64.png,2,2
206,4,10803,24622,Spain Laliga,2025-2026,1913897,https://www.whoscored.com/matches/1913897/live/spain-laliga-2025-2026-sevilla-getafe,Aug 2025,FT,Sevilla,Getafe,67,819,1,2,2025-08-25,https://d2zywfiolv4f83.cloudfront.net/img/teams/67.png,https://d2zywfiolv4f83.cloudfront.net/img/teams/819.png,2,2
206,4,10803,24622,Spain Laliga,2025-2026,1913937,https://www.whoscored.com/matches/1913937/live/spain-laliga-2025-2026-celta-vigo-real-betis,Aug 2025,FT,Celta Vigo,Real Betis,62,54,1,1,2025-08-27,https://d2zywfiolv4f83.cloudfront.net/img/teams/62.png,https://d2zywfiolv4f83.cloudfront.net/img/teams/54.png,6,6
206,4,10803,24622,Spain Laliga,2025-2026,1913890,https://www.whoscored.com/matches/1913890/live/spain-laliga-2025-2026-elche-levante,Aug 2025,FT,Elche,Levante,833,832,2,0,2025-08-29,https://d2zywfiolv4f83.cloudfront.net/img/teams/833.png,https://d2zywfiolv4f83.cloudfront.net/img/teams/832.png,3,3
206,4,10803,24622,Spain Laliga,2025-2026,1913919,https://www.whoscored.com/matches/1913919/live/spain-laliga-2025-2026-valencia-getafe,Aug 2025,FT,Valencia,Getafe,55,819,3,0,2025-08-29,https://d2zywfiolv4f83.cloudfront.net/img/teams/55.png,https://d2zywfiolv4f83.cloudfront.net/img/teams/819.png,3,3
206,4,10803,24622,Spain Laliga,2025-2026,1913884,https://www.whoscored.com/matches/1913884/live/spain-laliga-2025-2026-deportivo-alaves-atletico-madrid,Aug 2025,FT,Deportivo Alaves,Atletico Madrid,60,63,1,1,2025-08-30,https://d2zywfiolv4f83.cloudfront.net/img/teams/60.png,https://d2zywfiolv4f83.cloudfront.net/img/teams/63.png,3,3
206,4,10803,24622,Spain Laliga,2025-2026,1913899,https://www.whoscored.com/matches/1913899/live/spain-laliga-2025-2026-real-oviedo-real-sociedad,Aug 2025,FT,Real Oviedo,Real Sociedad,61,68,1,0,2025-08-30,https://d2zywfiolv4f83.cloudfront.net/img/teams/61.png,https://d2zywfiolv4f83.cloudfront.net/img/teams/68.png,3,3
206,4,10803,24622,Spain Laliga,2025-2026,1913896,https://www.whoscored.com/matches/1913896/live/spain-laliga-2025-2026-girona-sevilla,Aug 2025,FT,Girona,Sevilla,2783,67,0,2,2025-08-30,https://d2zywfiolv4f83.cloudfront.net/img/teams/2783.png,https://d2zywfiolv4f83.cloudfront.net/img/teams/67.png,3,3
206,4,10803,24622,Spain Laliga,2025-2026,1913920,https://www.whoscored.com/matches/1913920/live/spain-laliga-2025-2026-real-madrid-mallorca,Aug 2025,FT,Real Madrid,Mallorca,52,51,2,1,2025-08-30,https://d2zywfiolv4f83.cloudfront.net/img/teams/52.png,https://d2zywfiolv4f83.cloudfront.net/img/teams/51.png,3,3
206,4,10803,24622,Spain Laliga,2025-2026,1913887,https://www.whoscored.com/matches/1913887/live/spain-laliga-2025-2026-celta-vigo-villarreal,Aug 2025,FT,Celta Vigo,Villarreal,62,839,1,1,2025-08-31,https://d2zywfiolv4f83.cloudfront.net/img/teams/62.png,https://d2zywfiolv4f83.cloudfront.net/img/teams/839.png,3,3
206,4,10803,24622,Spain Laliga,2025-2026,1913902,https://www.whoscored.com/matches/1913902/live/spain-laliga-2025-2026-real-betis-athletic-club,Aug 2025,FT,Real Betis,Athletic Club,54,53,1,2,2025-08-31,https://d2zywfiolv4f83.cloudfront.net/img/teams/54.png,https://d2zywfiolv4f83.cloudfront.net/img/teams/53.png,3,3
206,4,10803,24622,Spain Laliga,2025-2026,1913893,https://www.whoscored.com/matches/1913893/live/spain-laliga-2025-2026-espanyol-osasuna,Aug 2025,FT,Espanyol,Osasuna,70,131,1,0,2025-08-31,https://d2zywfiolv4f83.cloudfront.net/img/teams/70.png,https://d2zywfiolv4f83.cloudfront.net/img/teams/131.png,3,3
206,4,10803,24622,Spain Laliga,2025-2026,1913904,https://www.whoscored.com/matches/1913904/live/spain-laliga-2025-2026-rayo-vallecano-barcelona,Aug 2025,FT,Rayo Vallecano,Barcelona,64,65,1,1,2025-08-31,https://d2zywfiolv4f83.cloudfront.net/img/teams/64.png,https://d2zywfiolv4f83.cloudfront.net/img/teams/65.png,3,3
206,4,10803,24622,Spain Laliga,2025-2026,1913929,https://www.whoscored.com/matches/1913929/live/spain-laliga-2025-2026-sevilla-elche,Sep 2025,FT,Sevilla,Elche,67,833,2,2,2025-09-12,https://d2zywfiolv4f83.cloudfront.net/img/teams/67.png,https://d2zywfiolv4f83.cloudfront.net/img/teams/833.png,4,4
206,4,10803,24622,Spain Laliga,2025-2026,1913925,https://www.whoscored.com/matches/1913925/live/spain-laliga-2025-2026-getafe-real-oviedo,Sep 2025,FT,Getafe,Real Oviedo,819,61,2,0,2025-09-13,https://d2zywfiolv4f83.cloudfront.net/img/teams/819.png,https://d2zywfiolv4f83.cloudfront.net/img/teams/61.png,4,4
206,4,10803,24622,Spain Laliga,2025-2026,1913930,https://www.whoscored.com/matches/1913930/live/spain-laliga-2025-2026-real-sociedad-real-madrid,Sep 2025,FT,Real Sociedad,Real Madrid,68,52,1,2,2025-09-13,https://d2zywfiolv4f83.cloudfront.net/img/teams/68.png,https://d2zywfiolv4f83.cloudfront.net/img/teams/52.png,4,4
206,4,10803,24622,Spain Laliga,2025-2026,1913927,https://www.whoscored.com/matches/1913927/live/spain-laliga-2025-2026-athletic-club-deportivo-alaves,Sep 2025,FT,Athletic Club,Deportivo Alaves,53,60,0,1,2025-09-13,https://d2zywfiolv4f83.cloudfront.net/img/teams/53.png,https://d2zywfiolv4f83.cloudfront.net/img/teams/60.png,4,4
206,4,10803,24622,Spain Laliga,2025-2026,1913921,https://www.whoscored.com/matches/1913921/live/spain-laliga-2025-2026-atletico-madrid-villarreal,Sep 2025,FT,Atletico Madrid,Villarreal,63,839,2,0,2025-09-13,https://d2zywfiolv4f83.cloudfront.net/img/teams/63.png,https://d2zywfiolv4f83.cloudfront.net/img/teams/839.png,4,4
206,4,10803,24622,Spain Laliga,2025-2026,1913923,https://www.whoscored.com/matches/1913923/live/spain-laliga-2025-2026-celta-vigo-girona,Sep 2025,FT,Celta Vigo,Girona,62,2783,1,1,2025-09-14,https://d2zywfiolv4f83.cloudfront.net/img/teams/62.png,https://d2zywfiolv4f83.cloudfront.net/img/teams/2783.png,4,4
206,4,10803,24622,Spain Laliga,2025-2026,1913928,https://www.whoscored.com/matches/1913928/live/spain-laliga-2025-2026-levante-real-betis,Sep 2025,FT,Levante,Real Betis,832,54,2,2,2025-09-14,https://d2zywfiolv4f83.cloudfront.net/img/teams/832.png,https://d2zywfiolv4f83.cloudfront.net/img/teams/54.png,4,4
206,4,10803,24622,Spain Laliga,2025-2026,1913926,https://www.whoscored.com/matches/1913926/live/spain-laliga-2025-2026-osasuna-rayo-vallecano,Sep 2025,FT,Osasuna,Rayo Vallecano,131,64,2,0,2025-09-14,https://d2zywfiolv4f83.cloudfront.net/img/teams/131.png,https://d2zywfiolv4f83.cloudfront.net/img/teams/64.png,4,4
206,4,10803,24622,Spain Laliga,2025-2026,1913922,https://www.whoscored.com/matches/1913922/live/spain-laliga-2025-2026-barcelona-valencia,Sep 2025,FT,Barcelona,Valencia,65,55,6,0,2025-09-14,https://d2zywfiolv4f83.cloudfront.net/img/teams/65.png,https://d2zywfiolv4f83.cloudfront.net/img/teams/55.png,4,4
206,4,10803,24622,Spain Laliga,2025-2026,1913924,https://www.whoscored.com/matches/1913924/live/spain-laliga-2025-2026-espanyol-mallorca,Sep 2025,FT,Espanyol,Mallorca,70,51,3,2,2025-09-15,https://d2zywfiolv4f83.cloudfront.net/img/teams/70.png,https://d2zywfiolv4f83.cloudfront.net/img/teams/51.png,4,4
206,4,10803,24622,Spain Laliga,2025-2026,1913905,https://www.whoscored.com/matches/1913905/live/spain-laliga-2025-2026-real-betis-real-sociedad,Sep 2025,FT,Real Betis,Real Sociedad,54,68,3,1,2025-09-19,https://d2zywfiolv4f83.cloudfront.net/img/teams/54.png,https://d2zywfiolv4f83.cloudfront.net/img/teams/68.png,5,5
206,4,10803,24622,Spain Laliga,2025-2026,1913907,https://www.whoscored.com/matches/1913907/live/spain-laliga-2025-2026-girona-levante,Sep 2025,FT,Girona,Levante,2783,832,0,4,2025-09-20,https://d2zywfiolv4f83.cloudfront.net/img/teams/2783.png,https://d2zywfiolv4f83.cloudfront.net/img/teams/832.png,5,5
206,4,10803,24622,Spain Laliga,2025-2026,1913911,https://www.whoscored.com/matches/1913911/live/spain-laliga-2025-2026-real-madrid-espanyol,Sep 2025,FT,Real Madrid,Espanyol,52,70,2,0,2025-09-20,https://d2zywfiolv4f83.cloudfront.net/img/teams/52.png,https://d2zywfiolv4f83.cloudfront.net/img/teams/70.png,5,5
206,4,10803,24622,Spain Laliga,2025-2026,1913912,https://www.whoscored.com/matches/1913912/live/spain-laliga-2025-2026-villarreal-osasuna,Sep 2025,FT,Villarreal,Osasuna,839,131,2,1,2025-09-20,https://d2zywfiolv4f83.cloudfront.net/img/teams/839.png,https://d2zywfiolv4f83.cloudfront.net/img/teams/131.png,5,5
206,4,10803,24622,Spain Laliga,2025-2026,1913931,https://www.whoscored.com/matches/1913931/live/spain-laliga-2025-2026-deportivo-alaves-sevilla,Sep 2025,FT,Deportivo Alaves,Sevilla,60,67,1,2,2025-09-20,https://d2zywfiolv4f83.cloudfront.net/img/teams/60.png,https://d2zywfiolv4f83.cloudfront.net/img/teams/67.png,5,5
206,4,10803,24622,Spain Laliga,2025-2026,1913908,https://www.whoscored.com/matches/1913908/live/spain-laliga-2025-2026-valencia-athletic-club,Sep 2025,FT,Valencia,Athletic Club,55,53,2,0,2025-09-20,https://d2zywfiolv4f83.cloudfront.net/img/teams/55.png,https://d2zywfiolv4f83.cloudfront.net/img/teams/53.png,5,5
206,4,10803,24622,Spain Laliga,2025-2026,1913910,https://www.whoscored.com/matches/1913910/live/spain-laliga-2025-2026-rayo-vallecano-celta-vigo,Sep 2025,FT,Rayo Vallecano,Celta Vigo,64,62,1,1,2025-09-21,https://d2zywfiolv4f83.cloudfront.net/img/teams/64.png,https://d2zywfiolv4f83.cloudfront.net/img/teams/62.png,5,5
206,4,10803,24622,Spain Laliga,2025-2026,1913909,https://www.whoscored.com/matches/1913909/live/spain-laliga-2025-2026-mallorca-atletico-madrid,Sep 2025,FT,Mallorca,Atletico Madrid,51,63,1,1,2025-09-21,https://d2zywfiolv4f83.cloudfront.net/img/teams/51.png,https://d2zywfiolv4f83.cloudfront.net/img/teams/63.png,5,5
206,4,10803,24622,Spain Laliga,2025-2026,1913906,https://www.whoscored.com/matches/1913906/live/spain-laliga-2025-2026-elche-real-oviedo,Sep 2025,FT,Elche,Real Oviedo,833,61,1,0,2025-09-21,https://d2zywfiolv4f83.cloudfront.net/img/teams/833.png,https://d2zywfiolv4f83.cloudfront.net/img/teams/61.png,5,5
206,4,10803,24622,Spain Laliga,2025-2026,1913903,https://www.whoscored.com/matches/1913903/live/spain-laliga-2025-2026-barcelona-getafe,Sep 2025,FT,Barcelona,Getafe,65,819,3,0,2025-09-21,https://d2zywfiolv4f83.cloudfront.net/img/teams/65.png,https://d2zywfiolv4f83.cloudfront.net/img/teams/819.png,5,5
206,4,10803,24622,Spain Laliga,2025-2026,1913942,https://www.whoscored.com/matches/1913942/live/spain-laliga-2025-2026-athletic-club-girona,Sep 2025,FT,Athletic Club,Girona,53,2783,1,1,2025-09-23,https://d2zywfiolv4f83.cloudfront.net/img/teams/53.png,https://d2zywfiolv4f83.cloudfront.net/img/teams/2783.png,6,6
206,4,10803,24622,Spain Laliga,2025-2026,1913932,https://www.whoscored.com/matches/1913932/live/spain-laliga-2025-2026-espanyol-valencia,Sep 2025,FT,Espanyol,Valencia,70,55,2,2,2025-09-23,https://d2zywfiolv4f83.cloudfront.net/img/teams/70.png,https://d2zywfiolv4f83.cloudfront.net/img/teams/55.png,6,6
206,4,10803,24622,Spain Laliga,2025-2026,1913933,https://www.whoscored.com/matches/1913933/live/spain-laliga-2025-2026-levante-real-madrid,Sep 2025,FT,Levante,Real Madrid,832,52,1,4,2025-09-23,https://d2zywfiolv4f83.cloudfront.net/img/teams/832.png,https://d2zywfiolv4f83.cloudfront.net/img/teams/52.png,6,6
206,4,10803,24622,Spain Laliga,2025-2026,1913934,https://www.whoscored.com/matches/1913934/live/spain-laliga-2025-2026-sevilla-villarreal,Sep 2025,FT,Sevilla,Villarreal,67,839,1,2,2025-09-23,https://d2zywfiolv4f83.cloudfront.net/img/teams/67.png,https://d2zywfiolv4f83.cloudfront.net/img/teams/839.png,6,6
206,4,10803,24622,Spain Laliga,2025-2026,1913935,https://www.whoscored.com/matches/1913935/live/spain-laliga-2025-2026-getafe-deportivo-alaves,Sep 2025,FT,Getafe,Deportivo Alaves,819,60,1,1,2025-09-24,https://d2zywfiolv4f83.cloudfront.net/img/teams/819.png,https://d2zywfiolv4f83.cloudfront.net/img/teams/60.png,6,6
206,4,10803,24622,Spain Laliga,2025-2026,1913944,https://www.whoscored.com/matches/1913944/live/spain-laliga-2025-2026-real-sociedad-mallorca,Sep 2025,FT,Real Sociedad,Mallorca,68,51,1,0,2025-09-24,https://d2zywfiolv4f83.cloudfront.net/img/teams/68.png,https://d2zywfiolv4f83.cloudfront.net/img/teams/51.png,6,6
206,4,10803,24622,Spain Laliga,2025-2026,1913945,https://www.whoscored.com/matches/1913945/live/spain-laliga-2025-2026-atletico-madrid-rayo-vallecano,Sep 2025,FT,Atletico Madrid,Rayo Vallecano,63,64,3,2,2025-09-24,https://d2zywfiolv4f83.cloudfront.net/img/teams/63.png,https://d2zywfiolv4f83.cloudfront.net/img/teams/64.png,6,6
206,4,10803,24622,Spain Laliga,2025-2026,1913938,https://www.whoscored.com/matches/1913938/live/spain-laliga-2025-2026-osasuna-elche,Sep 2025,FT,Osasuna,Elche,131,833,1,1,2025-09-25,https://d2zywfiolv4f83.cloudfront.net/img/teams/131.png,https://d2zywfiolv4f83.cloudfront.net/img/teams/833.png,6,6
206,4,10803,24622,Spain Laliga,2025-2026,1913936,https://www.whoscored.com/matches/1913936/live/spain-laliga-2025-2026-real-oviedo-barcelona,Sep 2025,FT,Real Oviedo,Barcelona,61,65,1,3,2025-09-25,https://d2zywfiolv4f83.cloudfront.net/img/teams/61.png,https://d2zywfiolv4f83.cloudfront.net/img/teams/65.png,6,6
206,4,10803,24622,Spain Laliga,2025-2026,1913941,https://www.whoscored.com/matches/1913941/live/spain-laliga-2025-2026-girona-espanyol,Sep 2025,FT,Girona,Espanyol,2783,70,0,0,2025-09-26,https://d2zywfiolv4f83.cloudfront.net/img/teams/2783.png,https://d2zywfiolv4f83.cloudfront.net/img/teams/70.png,7,7
206,4,10803,24622,Spain Laliga,2025-2026,1913953,https://www.whoscored.com/matches/1913953/live/spain-laliga-2025-2026-getafe-levante,Sep 2025,FT,Getafe,Levante,819,832,1,1,2025-09-27,https://d2zywfiolv4f83.cloudfront.net/img/teams/819.png,https://d2zywfiolv4f83.cloudfront.net/img/teams/832.png,7,7
206,4,10803,24622,Spain Laliga,2025-2026,1913947,https://www.whoscored.com/matches/1913947/live/spain-laliga-2025-2026-atletico-madrid-real-madrid,Sep 2025,FT,Atletico Madrid,Real Madrid,63,52,5,2,2025-09-27,https://d2zywfiolv4f83.cloudfront.net/img/teams/63.png,https://d2zywfiolv4f83.cloudfront.net/img/teams/52.png,7,7
206,4,10803,24622,Spain Laliga,2025-2026,1913957,https://www.whoscored.com/matches/1913957/live/spain-laliga-2025-2026-mallorca-deportivo-alaves,Sep 2025,FT,Mallorca,Deportivo Alaves,51,60,1,0,2025-09-27,https://d2zywfiolv4f83.cloudfront.net/img/teams/51.png,https://d2zywfiolv4f83.cloudfront.net/img/teams/60.png,7,7
206,4,10803,24622,Spain Laliga,2025-2026,1913939,https://www.whoscored.com/matches/1913939/live/spain-laliga-2025-2026-villarreal-athletic-club,Sep 2025,FT,Villarreal,Athletic Club,839,53,1,0,2025-09-27,https://d2zywfiolv4f83.cloudfront.net/img/teams/839.png,https://d2zywfiolv4f83.cloudfront.net/img/teams/53.png,7,7
206,4,10803,24622,Spain Laliga,2025-2026,1913955,https://www.whoscored.com/matches/1913955/live/spain-laliga-2025-2026-rayo-vallecano-sevilla,Sep 2025,FT,Rayo Vallecano,Sevilla,64,67,0,1,2025-09-28,https://d2zywfiolv4f83.cloudfront.net/img/teams/64.png,https://d2zywfiolv4f83.cloudfront.net/img/teams/67.png,7,7
206,4,10803,24622,Spain Laliga,2025-2026,1913940,https://www.whoscored.com/matches/1913940/live/spain-laliga-2025-2026-elche-celta-vigo,Sep 2025,FT,Elche,Celta Vigo,833,62,2,1,2025-09-28,https://d2zywfiolv4f83.cloudfront.net/img/teams/833.png,https://d2zywfiolv4f83.cloudfront.net/img/teams/62.png,7,7
206,4,10803,24622,Spain Laliga,2025-2026,1913949,https://www.whoscored.com/matches/1913949/live/spain-laliga-2025-2026-barcelona-real-sociedad,Sep 2025,FT,Barcelona,Real Sociedad,65,68,2,1,2025-09-28,https://d2zywfiolv4f83.cloudfront.net/img/teams/65.png,https://d2zywfiolv4f83.cloudfront.net/img/teams/68.png,7,7
206,4,10803,24622,Spain Laliga,2025-2026,1913951,https://www.whoscored.com/matches/1913951/live/spain-laliga-2025-2026-real-betis-osasuna,Sep 2025,FT,Real Betis,Osasuna,54,131,2,0,2025-09-28,https://d2zywfiolv4f83.cloudfront.net/img/teams/54.png,https://d2zywfiolv4f83.cloudfront.net/img/teams/131.png,7,7
206,4,10803,24622,Spain Laliga,2025-2026,1913943,https://www.whoscored.com/matches/1913943/live/spain-laliga-2025-2026-valencia-real-oviedo,Sep 2025,FT,Valencia,Real Oviedo,55,61,1,2,2025-09-30,https://d2zywfiolv4f83.cloudfront.net/img/teams/55.png,https://d2zywfiolv4f83.cloudfront.net/img/teams/61.png,7,7
206,4,10803,24622,Spain Laliga,2025-2026,1913960,https://www.whoscored.com/matches/1913960/live/spain-laliga-2025-2026-osasuna-getafe,Oct 2025,FT,Osasuna,Getafe,131,819,2,1,2025-10-03,https://d2zywfiolv4f83.cloudfront.net/img/teams/131.png,https://d2zywfiolv4f83.cloudfront.net/img/teams/819.png,8,8
206,4,10803,24622,Spain Laliga,2025-2026,1913962,https://www.whoscored.com/matches/1913962/live/spain-laliga-2025-2026-real-oviedo-levante,Oct 2025,FT,Real Oviedo,Levante,61,832,0,2,2025-10-04,https://d2zywfiolv4f83.cloudfront.net/img/teams/61.png,https://d2zywfiolv4f83.cloudfront.net/img/teams/832.png,8,8
206,4,10803,24622,Spain Laliga,2025-2026,1913950,https://www.whoscored.com/matches/1913950/live/spain-laliga-2025-2026-girona-valencia,Oct 2025,FT,Girona,Valencia,2783,55,2,1,2025-10-04,https://d2zywfiolv4f83.cloudfront.net/img/teams/2783.png,https://d2zywfiolv4f83.cloudfront.net/img/teams/55.png,8,8
206,4,10803,24622,Spain Laliga,2025-2026,1913948,https://www.whoscored.com/matches/1913948/live/spain-laliga-2025-2026-athletic-club-mallorca,Oct 2025,FT,Athletic Club,Mallorca,53,51,2,1,2025-10-04,https://d2zywfiolv4f83.cloudfront.net/img/teams/53.png,https://d2zywfiolv4f83.cloudfront.net/img/teams/51.png,8,8
206,4,10803,24622,Spain Laliga,2025-2026,1913952,https://www.whoscored.com/matches/1913952/live/spain-laliga-2025-2026-real-madrid-villarreal,Oct 2025,FT,Real Madrid,Villarreal,52,839,3,1,2025-10-04,https://d2zywfiolv4f83.cloudfront.net/img/teams/52.png,https://d2zywfiolv4f83.cloudfront.net/img/teams/839.png,8,8
206,4,10803,24622,Spain Laliga,2025-2026,1913946,https://www.whoscored.com/matches/1913946/live/spain-laliga-2025-2026-deportivo-alaves-elche,Oct 2025,FT,Deportivo Alaves,Elche,60,833,3,1,2025-10-05,https://d2zywfiolv4f83.cloudfront.net/img/teams/60.png,https://d2zywfiolv4f83.cloudfront.net/img/teams/833.png,8,8
206,4,10803,24622,Spain Laliga,2025-2026,1913956,https://www.whoscored.com/matches/1913956/live/spain-laliga-2025-2026-sevilla-barcelona,Oct 2025,FT,Sevilla,Barcelona,67,65,4,1,2025-10-05,https://d2zywfiolv4f83.cloudfront.net/img/teams/67.png,https://d2zywfiolv4f83.cloudfront.net/img/teams/65.png,8,8
206,4,10803,24622,Spain Laliga,2025-2026,1913958,https://www.whoscored.com/matches/1913958/live/spain-laliga-2025-2026-espanyol-real-betis,Oct 2025,FT,Espanyol,Real Betis,70,54,1,2,2025-10-05,https://d2zywfiolv4f83.cloudfront.net/img/teams/70.png,https://d2zywfiolv4f83.cloudfront.net/img/teams/54.png,8,8
206,4,10803,24622,Spain Laliga,2025-2026,1913964,https://www.whoscored.com/matches/1913964/live/spain-laliga-2025-2026-real-sociedad-rayo-vallecano,Oct 2025,FT,Real Sociedad,Rayo Vallecano,68,64,0,1,2025-10-05,https://d2zywfiolv4f83.cloudfront.net/img/teams/68.png,https://d2zywfiolv4f83.cloudfront.net/img/teams/64.png,8,8
206,4,10803,24622,Spain Laliga,2025-2026,1913954,https://www.whoscored.com/matches/1913954/live/spain-laliga-2025-2026-celta-vigo-atletico-madrid,Oct 2025,FT,Celta Vigo,Atletico Madrid,62,63,1,1,2025-10-05,https://d2zywfiolv4f83.cloudfront.net/img/teams/62.png,https://d2zywfiolv4f83.cloudfront.net/img/teams/63.png,8,8
206,4,10803,24622,Spain Laliga,2025-2026,1913981,https://www.whoscored.com/matches/1913981/live/spain-laliga-2025-2026-real-oviedo-espanyol,Oct 2025,FT,Real Oviedo,Espanyol,61,70,0,2,2025-10-17,https://d2zywfiolv4f83.cloudfront.net/img/teams/61.png,https://d2zywfiolv4f83.cloudfront.net/img/teams/70.png,9,9
206,4,10803,24622,Spain Laliga,2025-2026,1913983,https://www.whoscored.com/matches/1913983/live/spain-laliga-2025-2026-sevilla-mallorca,Oct 2025,FT,Sevilla,Mallorca,67,51,1,3,2025-10-18,https://d2zywfiolv4f83.cloudfront.net/img/teams/67.png,https://d2zywfiolv4f83.cloudfront.net/img/teams/51.png,9,9
206,4,10803,24622,Spain Laliga,2025-2026,1913969,https://www.whoscored.com/matches/1913969/live/spain-laliga-2025-2026-barcelona-girona,Oct 2025,FT,Barcelona,Girona,65,2783,2,1,2025-10-18,https://d2zywfiolv4f83.cloudfront.net/img/teams/65.png,https://d2zywfiolv4f83.cloudfront.net/img/teams/2783.png,9,9
206,4,10803,24622,Spain Laliga,2025-2026,1913979,https://www.whoscored.com/matches/1913979/live/spain-laliga-2025-2026-villarreal-real-betis,Oct 2025,FT,Villarreal,Real Betis,839,54,2,2,2025-10-18,https://d2zywfiolv4f83.cloudfront.net/img/teams/839.png,https://d2zywfiolv4f83.cloudfront.net/img/teams/54.png,9,9
206,4,10803,24622,Spain Laliga,2025-2026,1913968,https://www.whoscored.com/matches/1913968/live/spain-laliga-2025-2026-atletico-madrid-osasuna,Oct 2025,FT,Atletico Madrid,Osasuna,63,131,1,0,2025-10-18,https://d2zywfiolv4f83.cloudfront.net/img/teams/63.png,https://d2zywfiolv4f83.cloudfront.net/img/teams/131.png,9,9
206,4,10803,24622,Spain Laliga,2025-2026,1913977,https://www.whoscored.com/matches/1913977/live/spain-laliga-2025-2026-elche-athletic-club,Oct 2025,FT,Elche,Athletic Club,833,53,0,0,2025-10-19,https://d2zywfiolv4f83.cloudfront.net/img/teams/833.png,https://d2zywfiolv4f83.cloudfront.net/img/teams/53.png,9,9
206,4,10803,24622,Spain Laliga,2025-2026,1913971,https://www.whoscored.com/matches/1913971/live/spain-laliga-2025-2026-celta-vigo-real-sociedad,Oct 2025,FT,Celta Vigo,Real Sociedad,62,68,1,1,2025-10-19,https://d2zywfiolv4f83.cloudfront.net/img/teams/62.png,https://d2zywfiolv4f83.cloudfront.net/img/teams/68.png,9,9
206,4,10803,24622,Spain Laliga,2025-2026,1913975,https://www.whoscored.com/matches/1913975/live/spain-laliga-2025-2026-levante-rayo-vallecano,Oct 2025,FT,Levante,Rayo Vallecano,832,64,0,3,2025-10-19,https://d2zywfiolv4f83.cloudfront.net/img/teams/832.png,https://d2zywfiolv4f83.cloudfront.net/img/teams/64.png,9,9
206,4,10803,24622,Spain Laliga,2025-2026,1913973,https://www.whoscored.com/matches/1913973/live/spain-laliga-2025-2026-getafe-real-madrid,Oct 2025,FT,Getafe,Real Madrid,819,52,0,1,2025-10-19,https://d2zywfiolv4f83.cloudfront.net/img/teams/819.png,https://d2zywfiolv4f83.cloudfront.net/img/teams/52.png,9,9
206,4,10803,24622,Spain Laliga,2025-2026,1913965,https://www.whoscored.com/matches/1913965/live/spain-laliga-2025-2026-deportivo-alaves-valencia,Oct 2025,FT,Deportivo Alaves,Valencia,60,55,0,0,2025-10-20,https://d2zywfiolv4f83.cloudfront.net/img/teams/60.png,https://d2zywfiolv4f83.cloudfront.net/img/teams/55.png,9,9
206,4,10803,24622,Spain Laliga,2025-2026,1913990,https://www.whoscored.com/matches/1913990/live/spain-laliga-2025-2026-real-sociedad-sevilla,Oct 2025,FT,Real Sociedad,Sevilla,68,67,2,1,2025-10-24,https://d2zywfiolv4f83.cloudfront.net/img/teams/68.png,https://d2zywfiolv4f83.cloudfront.net/img/teams/67.png,10,10
206,4,10803,24622,Spain Laliga,2025-2026,1913988,https://www.whoscored.com/matches/1913988/live/spain-laliga-2025-2026-girona-real-oviedo,Oct 2025,FT,Girona,Real Oviedo,2783,61,3,3,2025-10-25,https://d2zywfiolv4f83.cloudfront.net/img/teams/2783.png,https://d2zywfiolv4f83.cloudfront.net/img/teams/61.png,10,10
206,4,10803,24622,Spain Laliga,2025-2026,1914002,https://www.whoscored.com/matches/1914002/live/spain-laliga-2025-2026-espanyol-elche,Oct 2025,FT,Espanyol,Elche,70,833,1,0,2025-10-25,https://d2zywfiolv4f83.cloudfront.net/img/teams/70.png,https://d2zywfiolv4f83.cloudfront.net/img/teams/833.png,10,10
206,4,10803,24622,Spain Laliga,2025-2026,1913985,https://www.whoscored.com/matches/1913985/live/spain-laliga-2025-2026-athletic-club-getafe,Oct 2025,FT,Athletic Club,Getafe,53,819,0,1,2025-10-25,https://d2zywfiolv4f83.cloudfront.net/img/teams/53.png,https://d2zywfiolv4f83.cloudfront.net/img/teams/819.png,10,10
206,4,10803,24622,Spain Laliga,2025-2026,1913992,https://www.whoscored.com/matches/1913992/live/spain-laliga-2025-2026-valencia-villarreal,Oct 2025,FT,Valencia,Villarreal,55,839,0,2,2025-10-25,https://d2zywfiolv4f83.cloudfront.net/img/teams/55.png,https://d2zywfiolv4f83.cloudfront.net/img/teams/839.png,10,10
206,4,10803,24622,Spain Laliga,2025-2026,1914004,https://www.whoscored.com/matches/1914004/live/spain-laliga-2025-2026-mallorca-levante,Oct 2025,FT,Mallorca,Levante,51,832,1,1,2025-10-26,https://d2zywfiolv4f83.cloudfront.net/img/teams/51.png,https://d2zywfiolv4f83.cloudfront.net/img/teams/832.png,10,10
206,4,10803,24622,Spain Laliga,2025-2026,1913998,https://www.whoscored.com/matches/1913998/live/spain-laliga-2025-2026-real-madrid-barcelona,Oct 2025,FT,Real Madrid,Barcelona,52,65,2,1,2025-10-26,https://d2zywfiolv4f83.cloudfront.net/img/teams/52.png,https://d2zywfiolv4f83.cloudfront.net/img/teams/65.png,10,10
206,4,10803,24622,Spain Laliga,2025-2026,1914000,https://www.whoscored.com/matches/1914000/live/spain-laliga-2025-2026-osasuna-celta-vigo,Oct 2025,FT,Osasuna,Celta Vigo,131,62,2,3,2025-10-26,https://d2zywfiolv4f83.cloudfront.net/img/teams/131.png,https://d2zywfiolv4f83.cloudfront.net/img/teams/62.png,10,10
206,4,10803,24622,Spain Laliga,2025-2026,1913994,https://www.whoscored.com/matches/1913994/live/spain-laliga-2025-2026-rayo-vallecano-deportivo-alaves,Oct 2025,FT,Rayo Vallecano,Deportivo Alaves,64,60,1,0,2025-10-26,https://d2zywfiolv4f83.cloudfront.net/img/teams/64.png,https://d2zywfiolv4f83.cloudfront.net/img/teams/60.png,10,10
206,4,10803,24622,Spain Laliga,2025-2026,1913996,https://www.whoscored.com/matches/1913996/live/spain-laliga-2025-2026-real-betis-atletico-madrid,Oct 2025,FT,Real Betis,Atletico Madrid,54,63,0,2,2025-10-27,https://d2zywfiolv4f83.cloudfront.net/img/teams/54.png,https://d2zywfiolv4f83.cloudfront.net/img/teams/63.png,10,10
206,4,10803,24622,Spain Laliga,2025-2026,1913967,https://www.whoscored.com/matches/1913967/live/spain-laliga-2025-2026-getafe-girona,Oct 2025,FT,Getafe,Girona,819,2783,2,1,2025-10-31,https://d2zywfiolv4f83.cloudfront.net/img/teams/819.png,https://d2zywfiolv4f83.cloudfront.net/img/teams/2783.png,11,11
206,4,10803,24622,Spain Laliga,2025-2026,1913978,https://www.whoscored.com/matches/1913978/live/spain-laliga-2025-2026-villarreal-rayo-vallecano,Nov 2025,FT,Villarreal,Rayo Vallecano,839,64,4,0,2025-11-01,https://d2zywfiolv4f83.cloudfront.net/img/teams/839.png,https://d2zywfiolv4f83.cloudfront.net/img/teams/64.png,11,11
206,4,10803,24622,Spain Laliga,2025-2026,1913961,https://www.whoscored.com/matches/1913961/live/spain-laliga-2025-2026-atletico-madrid-sevilla,Nov 2025,FT,Atletico Madrid,Sevilla,63,67,3,0,2025-11-01,https://d2zywfiolv4f83.cloudfront.net/img/teams/63.png,https://d2zywfiolv4f83.cloudfront.net/img/teams/67.png,11,11
206,4,10803,24622,Spain Laliga,2025-2026,1913972,https://www.whoscored.com/matches/1913972/live/spain-laliga-2025-2026-real-sociedad-athletic-club,Nov 2025,FT,Real Sociedad,Athletic Club,68,53,3,2,2025-11-01,https://d2zywfiolv4f83.cloudfront.net/img/teams/68.png,https://d2zywfiolv4f83.cloudfront.net/img/teams/53.png,11,11
206,4,10803,24622,Spain Laliga,2025-2026,1913970,https://www.whoscored.com/matches/1913970/live/spain-laliga-2025-2026-real-madrid-valencia,Nov 2025,FT,Real Madrid,Valencia,52,55,4,0,2025-11-01,https://d2zywfiolv4f83.cloudfront.net/img/teams/52.png,https://d2zywfiolv4f83.cloudfront.net/img/teams/55.png,11,11
206,4,10803,24622,Spain Laliga,2025-2026,1913974,https://www.whoscored.com/matches/1913974/live/spain-laliga-2025-2026-levante-celta-vigo,Nov 2025,FT,Levante,Celta Vigo,832,62,1,2,2025-11-02,https://d2zywfiolv4f83.cloudfront.net/img/teams/832.png,https://d2zywfiolv4f83.cloudfront.net/img/teams/62.png,11,11
206,4,10803,24622,Spain Laliga,2025-2026,1913959,https://www.whoscored.com/matches/1913959/live/spain-laliga-2025-2026-deportivo-alaves-espanyol,Nov 2025,FT,Deportivo Alaves,Espanyol,60,70,2,1,2025-11-02,https://d2zywfiolv4f83.cloudfront.net/img/teams/60.png,https://d2zywfiolv4f83.cloudfront.net/img/teams/70.png,11,11
206,4,10803,24622,Spain Laliga,2025-2026,1913963,https://www.whoscored.com/matches/1913963/live/spain-laliga-2025-2026-barcelona-elche,Nov 2025,FT,Barcelona,Elche,65,833,3,1,2025-11-02,https://d2zywfiolv4f83.cloudfront.net/img/teams/65.png,https://d2zywfiolv4f83.cloudfront.net/img/teams/833.png,11,11
206,4,10803,24622,Spain Laliga,2025-2026,1913966,https://www.whoscored.com/matches/1913966/live/spain-laliga-2025-2026-real-betis-mallorca,Nov 2025,FT,Real Betis,Mallorca,54,51,3,0,2025-11-02,https://d2zywfiolv4f83.cloudfront.net/img/teams/54.png,https://d2zywfiolv4f83.cloudfront.net/img/teams/51.png,11,11
206,4,10803,24622,Spain Laliga,2025-2026,1913976,https://www.whoscored.com/matches/1913976/live/spain-laliga-2025-2026-real-oviedo-osasuna,Nov 2025,FT,Real Oviedo,Osasuna,61,131,0,0,2025-11-03,https://d2zywfiolv4f83.cloudfront.net/img/teams/61.png,https://d2zywfiolv4f83.cloudfront.net/img/teams/131.png,11,11
206,4,10803,24622,Spain Laliga,2025-2026,1913984,https://www.whoscored.com/matches/1913984/live/spain-laliga-2025-2026-elche-real-sociedad,Nov 2025,FT,Elche,Real Sociedad,833,68,1,1,2025-11-07,https://d2zywfiolv4f83.cloudfront.net/img/teams/833.png,https://d2zywfiolv4f83.cloudfront.net/img/teams/68.png,12,12
206,4,10803,24622,Spain Laliga,2025-2026,1913989,https://www.whoscored.com/matches/1913989/live/spain-laliga-2025-2026-girona-deportivo-alaves,Nov 2025,FT,Girona,Deportivo Alaves,2783,60,1,0,2025-11-08,https://d2zywfiolv4f83.cloudfront.net/img/teams/2783.png,https://d2zywfiolv4f83.cloudfront.net/img/teams/60.png,12,12
206,4,10803,24622,Spain Laliga,2025-2026,1913997,https://www.whoscored.com/matches/1913997/live/spain-laliga-2025-2026-sevilla-osasuna,Nov 2025,FT,Sevilla,Osasuna,67,131,1,0,2025-11-08,https://d2zywfiolv4f83.cloudfront.net/img/teams/67.png,https://d2zywfiolv4f83.cloudfront.net/img/teams/131.png,12,12
206,4,10803,24622,Spain Laliga,2025-2026,1913982,https://www.whoscored.com/matches/1913982/live/spain-laliga-2025-2026-atletico-madrid-levante,Nov 2025,FT,Atletico Madrid,Levante,63,832,3,1,2025-11-08,https://d2zywfiolv4f83.cloudfront.net/img/teams/63.png,https://d2zywfiolv4f83.cloudfront.net/img/teams/832.png,12,12
206,4,10803,24622,Spain Laliga,2025-2026,1913986,https://www.whoscored.com/matches/1913986/live/spain-laliga-2025-2026-espanyol-villarreal,Nov 2025,FT,Espanyol,Villarreal,70,839,0,2,2025-11-08,https://d2zywfiolv4f83.cloudfront.net/img/teams/70.png,https://d2zywfiolv4f83.cloudfront.net/img/teams/839.png,12,12
206,4,10803,24622,Spain Laliga,2025-2026,1913980,https://www.whoscored.com/matches/1913980/live/spain-laliga-2025-2026-athletic-club-real-oviedo,Nov 2025,FT,Athletic Club,Real Oviedo,53,61,1,0,2025-11-09,https://d2zywfiolv4f83.cloudfront.net/img/teams/53.png,https://d2zywfiolv4f83.cloudfront.net/img/teams/61.png,12,12
206,4,10803,24622,Spain Laliga,2025-2026,1913987,https://www.whoscored.com/matches/1913987/live/spain-laliga-2025-2026-rayo-vallecano-real-madrid,Nov 2025,FT,Rayo Vallecano,Real Madrid,64,52,0,0,2025-11-09,https://d2zywfiolv4f83.cloudfront.net/img/teams/64.png,https://d2zywfiolv4f83.cloudfront.net/img/teams/52.png,12,12
206,4,10803,24622,Spain Laliga,2025-2026,1913993,https://www.whoscored.com/matches/1913993/live/spain-laliga-2025-2026-valencia-real-betis,Nov 2025,FT,Valencia,Real Betis,55,54,1,1,2025-11-09,https://d2zywfiolv4f83.cloudfront.net/img/teams/55.png,https://d2zywfiolv4f83.cloudfront.net/img/teams/54.png,12,12
206,4,10803,24622,Spain Laliga,2025-2026,1913995,https://www.whoscored.com/matches/1913995/live/spain-laliga-2025-2026-mallorca-getafe,Nov 2025,FT,Mallorca,Getafe,51,819,1,0,2025-11-09,https://d2zywfiolv4f83.cloudfront.net/img/teams/51.png,https://d2zywfiolv4f83.cloudfront.net/img/teams/819.png,12,12
206,4,10803,24622,Spain Laliga,2025-2026,1913991,https://www.whoscored.com/matches/1913991/live/spain-laliga-2025-2026-celta-vigo-barcelona,Nov 2025,FT,Celta Vigo,Barcelona,62,65,2,4,2025-11-09,https://d2zywfiolv4f83.cloudfront.net/img/teams/62.png,https://d2zywfiolv4f83.cloudfront.net/img/teams/65.png,12,12
206,4,10803,24622,Spain Laliga,2025-2026,1914010,https://www.whoscored.com/matches/1914010/live/spain-laliga-2025-2026-valencia-levante,Nov 2025,FT,Valencia,Levante,55,832,1,0,2025-11-21,https://d2zywfiolv4f83.cloudfront.net/img/teams/55.png,https://d2zywfiolv4f83.cloudfront.net/img/teams/832.png,13,13
206,4,10803,24622,Spain Laliga,2025-2026,1913999,https://www.whoscored.com/matches/1913999/live/spain-laliga-2025-2026-deportivo-alaves-celta-vigo,Nov 2025,FT,Deportivo Alaves,Celta Vigo,60,62,0,1,2025-11-22,https://d2zywfiolv4f83.cloudfront.net/img/teams/60.png,https://d2zywfiolv4f83.cloudfront.net/img/teams/62.png,13,13
206,4,10803,24622,Spain Laliga,2025-2026,1914008,https://www.whoscored.com/matches/1914008/live/spain-laliga-2025-2026-barcelona-athletic-club,Nov 2025,FT,Barcelona,Athletic Club,65,53,4,0,2025-11-22,https://d2zywfiolv4f83.cloudfront.net/img/teams/65.png,https://d2zywfiolv4f83.cloudfront.net/img/teams/53.png,13,13
206,4,10803,24622,Spain Laliga,2025-2026,1914006,https://www.whoscored.com/matches/1914006/live/spain-laliga-2025-2026-osasuna-real-sociedad,Nov 2025,FT,Osasuna,Real Sociedad,131,68,1,3,2025-11-22,https://d2zywfiolv4f83.cloudfront.net/img/teams/131.png,https://d2zywfiolv4f83.cloudfront.net/img/teams/68.png,13,13
206,4,10803,24622,Spain Laliga,2025-2026,1914011,https://www.whoscored.com/matches/1914011/live/spain-laliga-2025-2026-villarreal-mallorca,Nov 2025,FT,Villarreal,Mallorca,839,51,2,1,2025-11-22,https://d2zywfiolv4f83.cloudfront.net/img/teams/839.png,https://d2zywfiolv4f83.cloudfront.net/img/teams/51.png,13,13
206,4,10803,24622,Spain Laliga,2025-2026,1914007,https://www.whoscored.com/matches/1914007/live/spain-laliga-2025-2026-real-oviedo-rayo-vallecano,Nov 2025,FT,Real Oviedo,Rayo Vallecano,61,64,0,0,2025-11-23,https://d2zywfiolv4f83.cloudfront.net/img/teams/61.png,https://d2zywfiolv4f83.cloudfront.net/img/teams/64.png,13,13
206,4,10803,24622,Spain Laliga,2025-2026,1914001,https://www.whoscored.com/matches/1914001/live/spain-laliga-2025-2026-real-betis-girona,Nov 2025,FT,Real Betis,Girona,54,2783,1,1,2025-11-23,https://d2zywfiolv4f83.cloudfront.net/img/teams/54.png,https://d2zywfiolv4f83.cloudfront.net/img/teams/2783.png,13,13
206,4,10803,24622,Spain Laliga,2025-2026,1914009,https://www.whoscored.com/matches/1914009/live/spain-laliga-2025-2026-getafe-atletico-madrid,Nov 2025,FT,Getafe,Atletico Madrid,819,63,0,1,2025-11-23,https://d2zywfiolv4f83.cloudfront.net/img/teams/819.png,https://d2zywfiolv4f83.cloudfront.net/img/teams/63.png,13,13
206,4,10803,24622,Spain Laliga,2025-2026,1914003,https://www.whoscored.com/matches/1914003/live/spain-laliga-2025-2026-elche-real-madrid,Nov 2025,FT,Elche,Real Madrid,833,52,2,2,2025-11-23,https://d2zywfiolv4f83.cloudfront.net/img/teams/833.png,https://d2zywfiolv4f83.cloudfront.net/img/teams/52.png,13,13
206,4,10803,24622,Spain Laliga,2025-2026,1914005,https://www.whoscored.com/matches/1914005/live/spain-laliga-2025-2026-espanyol-sevilla,Nov 2025,FT,Espanyol,Sevilla,70,67,2,1,2025-11-24,https://d2zywfiolv4f83.cloudfront.net/img/teams/70.png,https://d2zywfiolv4f83.cloudfront.net/img/teams/67.png,13,13
206,4,10803,24622,Spain Laliga,2025-2026,1914021,https://www.whoscored.com/matches/1914021/live/spain-laliga-2025-2026-getafe-elche,Nov 2025,FT,Getafe,Elche,819,833,1,0,2025-11-28,https://d2zywfiolv4f83.cloudfront.net/img/teams/819.png,https://d2zywfiolv4f83.cloudfront.net/img/teams/833.png,14,14
206,4,10803,24622,Spain Laliga,2025-2026,1914015,https://www.whoscored.com/matches/1914015/live/spain-laliga-2025-2026-mallorca-osasuna,Nov 2025,FT,Mallorca,Osasuna,51,131,2,2,2025-11-29,https://d2zywfiolv4f83.cloudfront.net/img/teams/51.png,https://d2zywfiolv4f83.cloudfront.net/img/teams/131.png,14,14
206,4,10803,24622,Spain Laliga,2025-2026,1914018,https://www.whoscored.com/matches/1914018/live/spain-laliga-2025-2026-barcelona-deportivo-alaves,Nov 2025,FT,Barcelona,Deportivo Alaves,65,60,3,1,2025-11-29,https://d2zywfiolv4f83.cloudfront.net/img/teams/65.png,https://d2zywfiolv4f83.cloudfront.net/img/teams/60.png,14,14
206,4,10803,24622,Spain Laliga,2025-2026,1914019,https://www.whoscored.com/matches/1914019/live/spain-laliga-2025-2026-levante-athletic-club,Nov 2025,FT,Levante,Athletic Club,832,53,0,2,2025-11-29,https://d2zywfiolv4f83.cloudfront.net/img/teams/832.png,https://d2zywfiolv4f83.cloudfront.net/img/teams/53.png,14,14
206,4,10803,24622,Spain Laliga,2025-2026,1914012,https://www.whoscored.com/matches/1914012/live/spain-laliga-2025-2026-atletico-madrid-real-oviedo,Nov 2025,FT,Atletico Madrid,Real Oviedo,63,61,2,0,2025-11-29,https://d2zywfiolv4f83.cloudfront.net/img/teams/63.png,https://d2zywfiolv4f83.cloudfront.net/img/teams/61.png,14,14
206,4,10803,24622,Spain Laliga,2025-2026,1914017,https://www.whoscored.com/matches/1914017/live/spain-laliga-2025-2026-real-sociedad-villarreal,Nov 2025,FT,Real Sociedad,Villarreal,68,839,2,3,2025-11-30,https://d2zywfiolv4f83.cloudfront.net/img/teams/68.png,https://d2zywfiolv4f83.cloudfront.net/img/teams/839.png,14,14
206,4,10803,24622,Spain Laliga,2025-2026,1914020,https://www.whoscored.com/matches/1914020/live/spain-laliga-2025-2026-sevilla-real-betis,Nov 2025,FT,Sevilla,Real Betis,67,54,0,2,2025-11-30,https://d2zywfiolv4f83.cloudfront.net/img/teams/67.png,https://d2zywfiolv4f83.cloudfront.net/img/teams/54.png,14,14
206,4,10803,24622,Spain Laliga,2025-2026,1914013,https://www.whoscored.com/matches/1914013/live/spain-laliga-2025-2026-celta-vigo-espanyol,Nov 2025,FT,Celta Vigo,Espanyol,62,70,0,1,2025-11-30,https://d2zywfiolv4f83.cloudfront.net/img/teams/62.png,https://d2zywfiolv4f83.cloudfront.net/img/teams/70.png,14,14
206,4,10803,24622,Spain Laliga,2025-2026,1914014,https://www.whoscored.com/matches/1914014/live/spain-laliga-2025-2026-girona-real-madrid,Nov 2025,FT,Girona,Real Madrid,2783,52,1,1,2025-11-30,https://d2zywfiolv4f83.cloudfront.net/img/teams/2783.png,https://d2zywfiolv4f83.cloudfront.net/img/teams/52.png,14,14
206,4,10803,24622,Spain Laliga,2025-2026,1914016,https://www.whoscored.com/matches/1914016/live/spain-laliga-2025-2026-rayo-vallecano-valencia,Dec 2025,FT,Rayo Vallecano,Valencia,64,55,1,1,2025-12-01,https://d2zywfiolv4f83.cloudfront.net/img/teams/64.png,https://d2zywfiolv4f83.cloudfront.net/img/teams/55.png,14,14
206,4,10803,24622,Spain Laliga,2025-2026,1914066,https://www.whoscored.com/matches/1914066/live/spain-laliga-2025-2026-barcelona-atletico-madrid,Dec 2025,FT,Barcelona,Atletico Madrid,65,63,3,1,2025-12-02,https://d2zywfiolv4f83.cloudfront.net/img/teams/65.png,https://d2zywfiolv4f83.cloudfront.net/img/teams/63.png,19,19
206,4,10803,24622,Spain Laliga,2025-2026,1914062,https://www.whoscored.com/matches/1914062/live/spain-laliga-2025-2026-athletic-club-real-madrid,Dec 2025,FT,Athletic Club,Real Madrid,53,52,0,3,2025-12-03,https://d2zywfiolv4f83.cloudfront.net/img/teams/53.png,https://d2zywfiolv4f83.cloudfront.net/img/teams/52.png,19,19
206,4,10803,24622,Spain Laliga,2025-2026,1914030,https://www.whoscored.com/matches/1914030/live/spain-laliga-2025-2026-real-oviedo-mallorca,Dec 2025,FT,Real Oviedo,Mallorca,61,51,0,0,2025-12-05,https://d2zywfiolv4f83.cloudfront.net/img/teams/61.png,https://d2zywfiolv4f83.cloudfront.net/img/teams/51.png,15,15
206,4,10803,24622,Spain Laliga,2025-2026,1914028,https://www.whoscored.com/matches/1914028/live/spain-laliga-2025-2026-villarreal-getafe,Dec 2025,FT,Villarreal,Getafe,839,819,2,0,2025-12-06,https://d2zywfiolv4f83.cloudfront.net/img/teams/839.png,https://d2zywfiolv4f83.cloudfront.net/img/teams/819.png,15,15
206,4,10803,24622,Spain Laliga,2025-2026,1914022,https://www.whoscored.com/matches/1914022/live/spain-laliga-2025-2026-deportivo-alaves-real-sociedad,Dec 2025,FT,Deportivo Alaves,Real Sociedad,60,68,1,0,2025-12-06,https://d2zywfiolv4f83.cloudfront.net/img/teams/60.png,https://d2zywfiolv4f83.cloudfront.net/img/teams/68.png,15,15
206,4,10803,24622,Spain Laliga,2025-2026,1914026,https://www.whoscored.com/matches/1914026/live/spain-laliga-2025-2026-real-betis-barcelona,Dec 2025,FT,Real Betis,Barcelona,54,65,3,5,2025-12-06,https://d2zywfiolv4f83.cloudfront.net/img/teams/54.png,https://d2zywfiolv4f83.cloudfront.net/img/teams/65.png,15,15
206,4,10803,24622,Spain Laliga,2025-2026,1914023,https://www.whoscored.com/matches/1914023/live/spain-laliga-2025-2026-athletic-club-atletico-madrid,Dec 2025,FT,Athletic Club,Atletico Madrid,53,63,1,0,2025-12-06,https://d2zywfiolv4f83.cloudfront.net/img/teams/53.png,https://d2zywfiolv4f83.cloudfront.net/img/teams/63.png,15,15
206,4,10803,24622,Spain Laliga,2025-2026,1914024,https://www.whoscored.com/matches/1914024/live/spain-laliga-2025-2026-elche-girona,Dec 2025,FT,Elche,Girona,833,2783,3,0,2025-12-07,https://d2zywfiolv4f83.cloudfront.net/img/teams/833.png,https://d2zywfiolv4f83.cloudfront.net/img/teams/2783.png,15,15
206,4,10803,24622,Spain Laliga,2025-2026,1914031,https://www.whoscored.com/matches/1914031/live/spain-laliga-2025-2026-valencia-sevilla,Dec 2025,FT,Valencia,Sevilla,55,67,1,1,2025-12-07,https://d2zywfiolv4f83.cloudfront.net/img/teams/55.png,https://d2zywfiolv4f83.cloudfront.net/img/teams/67.png,15,15
206,4,10803,24622,Spain Laliga,2025-2026,1914025,https://www.whoscored.com/matches/1914025/live/spain-laliga-2025-2026-espanyol-rayo-vallecano,Dec 2025,FT,Espanyol,Rayo Vallecano,70,64,1,0,2025-12-07,https://d2zywfiolv4f83.cloudfront.net/img/teams/70.png,https://d2zywfiolv4f83.cloudfront.net/img/teams/64.png,15,15
206,4,10803,24622,Spain Laliga,2025-2026,1914027,https://www.whoscored.com/matches/1914027/live/spain-laliga-2025-2026-real-madrid-celta-vigo,Dec 2025,FT,Real Madrid,Celta Vigo,52,62,0,2,2025-12-07,https://d2zywfiolv4f83.cloudfront.net/img/teams/52.png,https://d2zywfiolv4f83.cloudfront.net/img/teams/62.png,15,15
206,4,10803,24622,Spain Laliga,2025-2026,1914029,https://www.whoscored.com/matches/1914029/live/spain-laliga-2025-2026-osasuna-levante,Dec 2025,FT,Osasuna,Levante,131,832,2,0,2025-12-08,https://d2zywfiolv4f83.cloudfront.net/img/teams/131.png,https://d2zywfiolv4f83.cloudfront.net/img/teams/832.png,15,15
206,4,10803,24622,Spain Laliga,2025-2026,1914040,https://www.whoscored.com/matches/1914040/live/spain-laliga-2025-2026-real-sociedad-girona,Dec 2025,FT,Real Sociedad,Girona,68,2783,1,2,2025-12-12,https://d2zywfiolv4f83.cloudfront.net/img/teams/68.png,https://d2zywfiolv4f83.cloudfront.net/img/teams/2783.png,16,16
206,4,10803,24622,Spain Laliga,2025-2026,1914033,https://www.whoscored.com/matches/1914033/live/spain-laliga-2025-2026-atletico-madrid-valencia,Dec 2025,FT,Atletico Madrid,Valencia,63,55,2,1,2025-12-13,https://d2zywfiolv4f83.cloudfront.net/img/teams/63.png,https://d2zywfiolv4f83.cloudfront.net/img/teams/55.png,16,16
206,4,10803,24622,Spain Laliga,2025-2026,1914038,https://www.whoscored.com/matches/1914038/live/spain-laliga-2025-2026-mallorca-elche,Dec 2025,FT,Mallorca,Elche,51,833,3,1,2025-12-13,https://d2zywfiolv4f83.cloudfront.net/img/teams/51.png,https://d2zywfiolv4f83.cloudfront.net/img/teams/833.png,16,16
206,4,10803,24622,Spain Laliga,2025-2026,1914034,https://www.whoscored.com/matches/1914034/live/spain-laliga-2025-2026-barcelona-osasuna,Dec 2025,FT,Barcelona,Osasuna,65,131,2,0,2025-12-13,https://d2zywfiolv4f83.cloudfront.net/img/teams/65.png,https://d2zywfiolv4f83.cloudfront.net/img/teams/131.png,16,16
206,4,10803,24622,Spain Laliga,2025-2026,1914039,https://www.whoscored.com/matches/1914039/live/spain-laliga-2025-2026-getafe-espanyol,Dec 2025,FT,Getafe,Espanyol,819,70,0,1,2025-12-13,https://d2zywfiolv4f83.cloudfront.net/img/teams/819.png,https://d2zywfiolv4f83.cloudfront.net/img/teams/70.png,16,16
206,4,10803,24622,Spain Laliga,2025-2026,1914041,https://www.whoscored.com/matches/1914041/live/spain-laliga-2025-2026-sevilla-real-oviedo,Dec 2025,FT,Sevilla,Real Oviedo,67,61,4,0,2025-12-14,https://d2zywfiolv4f83.cloudfront.net/img/teams/67.png,https://d2zywfiolv4f83.cloudfront.net/img/teams/61.png,16,16
206,4,10803,24622,Spain Laliga,2025-2026,1914036,https://www.whoscored.com/matches/1914036/live/spain-laliga-2025-2026-celta-vigo-athletic-club,Dec 2025,FT,Celta Vigo,Athletic Club,62,53,2,0,2025-12-14,https://d2zywfiolv4f83.cloudfront.net/img/teams/62.png,https://d2zywfiolv4f83.cloudfront.net/img/teams/53.png,16,16
206,4,10803,24622,Spain Laliga,2025-2026,1914032,https://www.whoscored.com/matches/1914032/live/spain-laliga-2025-2026-deportivo-alaves-real-madrid,Dec 2025,FT,Deportivo Alaves,Real Madrid,60,52,1,2,2025-12-14,https://d2zywfiolv4f83.cloudfront.net/img/teams/60.png,https://d2zywfiolv4f83.cloudfront.net/img/teams/52.png,16,16
206,4,10803,24622,Spain Laliga,2025-2026,1914037,https://www.whoscored.com/matches/1914037/live/spain-laliga-2025-2026-rayo-vallecano-real-betis,Dec 2025,FT,Rayo Vallecano,Real Betis,64,54,0,0,2025-12-15,https://d2zywfiolv4f83.cloudfront.net/img/teams/64.png,https://d2zywfiolv4f83.cloudfront.net/img/teams/54.png,16,16
206,4,10803,24622,Spain Laliga,2025-2026,1914051,https://www.whoscored.com/matches/1914051/live/spain-laliga-2025-2026-valencia-mallorca,Dec 2025,FT,Valencia,Mallorca,55,51,1,1,2025-12-19,https://d2zywfiolv4f83.cloudfront.net/img/teams/55.png,https://d2zywfiolv4f83.cloudfront.net/img/teams/51.png,17,17
206,4,10803,24622,Spain Laliga,2025-2026,1914050,https://www.whoscored.com/matches/1914050/live/spain-laliga-2025-2026-real-oviedo-celta-vigo,Dec 2025,FT,Real Oviedo,Celta Vigo,61,62,0,0,2025-12-20,https://d2zywfiolv4f83.cloudfront.net/img/teams/61.png,https://d2zywfiolv4f83.cloudfront.net/img/teams/62.png,17,17
206,4,10803,24622,Spain Laliga,2025-2026,1914045,https://www.whoscored.com/matches/1914045/live/spain-laliga-2025-2026-levante-real-sociedad,Dec 2025,FT,Levante,Real Sociedad,832,68,1,1,2025-12-20,https://d2zywfiolv4f83.cloudfront.net/img/teams/832.png,https://d2zywfiolv4f83.cloudfront.net/img/teams/68.png,17,17
206,4,10803,24622,Spain Laliga,2025-2026,1914047,https://www.whoscored.com/matches/1914047/live/spain-laliga-2025-2026-osasuna-deportivo-alaves,Dec 2025,FT,Osasuna,Deportivo Alaves,131,60,3,0,2025-12-20,https://d2zywfiolv4f83.cloudfront.net/img/teams/131.png,https://d2zywfiolv4f83.cloudfront.net/img/teams/60.png,17,17
206,4,10803,24622,Spain Laliga,2025-2026,1914046,https://www.whoscored.com/matches/1914046/live/spain-laliga-2025-2026-real-madrid-sevilla,Dec 2025,FT,Real Madrid,Sevilla,52,67,2,0,2025-12-20,https://d2zywfiolv4f83.cloudfront.net/img/teams/52.png,https://d2zywfiolv4f83.cloudfront.net/img/teams/67.png,17,17
206,4,10803,24622,Spain Laliga,2025-2026,1914048,https://www.whoscored.com/matches/1914048/live/spain-laliga-2025-2026-girona-atletico-madrid,Dec 2025,FT,Girona,Atletico Madrid,2783,63,0,3,2025-12-21,https://d2zywfiolv4f83.cloudfront.net/img/teams/2783.png,https://d2zywfiolv4f83.cloudfront.net/img/teams/63.png,17,17
206,4,10803,24622,Spain Laliga,2025-2026,1914049,https://www.whoscored.com/matches/1914049/live/spain-laliga-2025-2026-villarreal-barcelona,Dec 2025,FT,Villarreal,Barcelona,839,65,0,2,2025-12-21,https://d2zywfiolv4f83.cloudfront.net/img/teams/839.png,https://d2zywfiolv4f83.cloudfront.net/img/teams/65.png,17,17
206,4,10803,24622,Spain Laliga,2025-2026,1914044,https://www.whoscored.com/matches/1914044/live/spain-laliga-2025-2026-elche-rayo-vallecano,Dec 2025,FT,Elche,Rayo Vallecano,833,64,4,0,2025-12-21,https://d2zywfiolv4f83.cloudfront.net/img/teams/833.png,https://d2zywfiolv4f83.cloudfront.net/img/teams/64.png,17,17
206,4,10803,24622,Spain Laliga,2025-2026,1914043,https://www.whoscored.com/matches/1914043/live/spain-laliga-2025-2026-real-betis-getafe,Dec 2025,FT,Real Betis,Getafe,54,819,4,0,2025-12-21,https://d2zywfiolv4f83.cloudfront.net/img/teams/54.png,https://d2zywfiolv4f83.cloudfront.net/img/teams/819.png,17,17
206,4,10803,24622,Spain Laliga,2025-2026,1914042,https://www.whoscored.com/matches/1914042/live/spain-laliga-2025-2026-athletic-club-espanyol,Dec 2025,FT,Athletic Club,Espanyol,53,70,1,2,2025-12-22,https://d2zywfiolv4f83.cloudfront.net/img/teams/53.png,https://d2zywfiolv4f83.cloudfront.net/img/teams/70.png,17,17
206,4,10803,24622,Spain Laliga,2025-2026,1914059,https://www.whoscored.com/matches/1914059/live/spain-laliga-2025-2026-rayo-vallecano-getafe,Jan 2026,FT,Rayo Vallecano,Getafe,64,819,1,1,2026-01-02,https://d2zywfiolv4f83.cloudfront.net/img/teams/64.png,https://d2zywfiolv4f83.cloudfront.net/img/teams/819.png,18,18
206,4,10803,24622,Spain Laliga,2025-2026,1914053,https://www.whoscored.com/matches/1914053/live/spain-laliga-2025-2026-celta-vigo-valencia,Jan 2026,FT,Celta Vigo,Valencia,62,55,4,1,2026-01-03,https://d2zywfiolv4f83.cloudfront.net/img/teams/62.png,https://d2zywfiolv4f83.cloudfront.net/img/teams/55.png,18,18
206,4,10803,24622,Spain Laliga,2025-2026,1914055,https://www.whoscored.com/matches/1914055/live/spain-laliga-2025-2026-osasuna-athletic-club,Jan 2026,FT,Osasuna,Athletic Club,131,53,1,1,2026-01-03,https://d2zywfiolv4f83.cloudfront.net/img/teams/131.png,https://d2zywfiolv4f83.cloudfront.net/img/teams/53.png,18,18
206,4,10803,24622,Spain Laliga,2025-2026,1914054,https://www.whoscored.com/matches/1914054/live/spain-laliga-2025-2026-elche-villarreal,Jan 2026,FT,Elche,Villarreal,833,839,1,3,2026-01-03,https://d2zywfiolv4f83.cloudfront.net/img/teams/833.png,https://d2zywfiolv4f83.cloudfront.net/img/teams/839.png,18,18
206,4,10803,24622,Spain Laliga,2025-2026,1914057,https://www.whoscored.com/matches/1914057/live/spain-laliga-2025-2026-espanyol-barcelona,Jan 2026,FT,Espanyol,Barcelona,70,65,0,2,2026-01-03,https://d2zywfiolv4f83.cloudfront.net/img/teams/70.png,https://d2zywfiolv4f83.cloudfront.net/img/teams/65.png,18,18
206,4,10803,24622,Spain Laliga,2025-2026,1914061,https://www.whoscored.com/matches/1914061/live/spain-laliga-2025-2026-sevilla-levante,Jan 2026,FT,Sevilla,Levante,67,832,0,3,2026-01-04,https://d2zywfiolv4f83.cloudfront.net/img/teams/67.png,https://d2zywfiolv4f83.cloudfront.net/img/teams/832.png,18,18
206,4,10803,24622,Spain Laliga,2025-2026,1914058,https://www.whoscored.com/matches/1914058/live/spain-laliga-2025-2026-real-madrid-real-betis,Jan 2026,FT,Real Madrid,Real Betis,52,54,5,1,2026-01-04,https://d2zywfiolv4f83.cloudfront.net/img/teams/52.png,https://d2zywfiolv4f83.cloudfront.net/img/teams/54.png,18,18
206,4,10803,24622,Spain Laliga,2025-2026,1914060,https://www.whoscored.com/matches/1914060/live/spain-laliga-2025-2026-mallorca-girona,Jan 2026,FT,Mallorca,Girona,51,2783,1,2,2026-01-04,https://d2zywfiolv4f83.cloudfront.net/img/teams/51.png,https://d2zywfiolv4f83.cloudfront.net/img/teams/2783.png,18,18
206,4,10803,24622,Spain Laliga,2025-2026,1914052,https://www.whoscored.com/matches/1914052/live/spain-laliga-2025-2026-deportivo-alaves-real-oviedo,Jan 2026,FT,Deportivo Alaves,Real Oviedo,60,61,1,1,2026-01-04,https://d2zywfiolv4f83.cloudfront.net/img/teams/60.png,https://d2zywfiolv4f83.cloudfront.net/img/teams/61.png,18,18
206,4,10803,24622,Spain Laliga,2025-2026,1914056,https://www.whoscored.com/matches/1914056/live/spain-laliga-2025-2026-real-sociedad-atletico-madrid,Jan 2026,FT,Real Sociedad,Atletico Madrid,68,63,1,1,2026-01-04,https://d2zywfiolv4f83.cloudfront.net/img/teams/68.png,https://d2zywfiolv4f83.cloudfront.net/img/teams/63.png,18,18
206,4,10803,24622,Spain Laliga,2025-2026,1914063,https://www.whoscored.com/matches/1914063/live/spain-laliga-2025-2026-getafe-real-sociedad,Jan 2026,FT,Getafe,Real Sociedad,819,68,1,2,2026-01-09,https://d2zywfiolv4f83.cloudfront.net/img/teams/819.png,https://d2zywfiolv4f83.cloudfront.net/img/teams/68.png,19,19
206,4,10803,24622,Spain Laliga,2025-2026,1914067,https://www.whoscored.com/matches/1914067/live/spain-laliga-2025-2026-real-oviedo-real-betis,Jan 2026,FT,Real Oviedo,Real Betis,61,54,1,1,2026-01-10,https://d2zywfiolv4f83.cloudfront.net/img/teams/61.png,https://d2zywfiolv4f83.cloudfront.net/img/teams/54.png,19,19
206,4,10803,24622,Spain Laliga,2025-2026,1914065,https://www.whoscored.com/matches/1914065/live/spain-laliga-2025-2026-villarreal-deportivo-alaves,Jan 2026,FT,Villarreal,Deportivo Alaves,839,60,3,1,2026-01-10,https://d2zywfiolv4f83.cloudfront.net/img/teams/839.png,https://d2zywfiolv4f83.cloudfront.net/img/teams/60.png,19,19
206,4,10803,24622,Spain Laliga,2025-2026,1914064,https://www.whoscored.com/matches/1914064/live/spain-laliga-2025-2026-girona-osasuna,Jan 2026,FT,Girona,Osasuna,2783,131,1,0,2026-01-10,https://d2zywfiolv4f83.cloudfront.net/img/teams/2783.png,https://d2zywfiolv4f83.cloudfront.net/img/teams/131.png,19,19
206,4,10803,24622,Spain Laliga,2025-2026,1914069,https://www.whoscored.com/matches/1914069/live/spain-laliga-2025-2026-valencia-elche,Jan 2026,FT,Valencia,Elche,55,833,1,1,2026-01-10,https://d2zywfiolv4f83.cloudfront.net/img/teams/55.png,https://d2zywfiolv4f83.cloudfront.net/img/teams/833.png,19,19
206,4,10803,24622,Spain Laliga,2025-2026,1914071,https://www.whoscored.com/matches/1914071/live/spain-laliga-2025-2026-rayo-vallecano-mallorca,Jan 2026,FT,Rayo Vallecano,Mallorca,64,51,2,1,2026-01-11,https://d2zywfiolv4f83.cloudfront.net/img/teams/64.png,https://d2zywfiolv4f83.cloudfront.net/img/teams/51.png,19,19
206,4,10803,24622,Spain Laliga,2025-2026,1914070,https://www.whoscored.com/matches/1914070/live/spain-laliga-2025-2026-levante-espanyol,Jan 2026,FT,Levante,Espanyol,832,70,1,1,2026-01-11,https://d2zywfiolv4f83.cloudfront.net/img/teams/832.png,https://d2zywfiolv4f83.cloudfront.net/img/teams/70.png,19,19
206,4,10803,24622,Spain Laliga,2025-2026,1914068,https://www.whoscored.com/matches/1914068/live/spain-laliga-2025-2026-sevilla-celta-vigo,Jan 2026,FT,Sevilla,Celta Vigo,67,62,0,1,2026-01-12,https://d2zywfiolv4f83.cloudfront.net/img/teams/67.png,https://d2zywfiolv4f83.cloudfront.net/img/teams/62.png,19,19
206,4,10803,24622,Spain Laliga,2025-2026,1914151,https://www.whoscored.com/matches/1914151/live/spain-laliga-2025-2026-espanyol-girona,Jan 2026,FT,Espanyol,Girona,70,2783,0,2,2026-01-16,https://d2zywfiolv4f83.cloudfront.net/img/teams/70.png,https://d2zywfiolv4f83.cloudfront.net/img/teams/2783.png,20,20
206,4,10803,24622,Spain Laliga,2025-2026,1914079,https://www.whoscored.com/matches/1914079/live/spain-laliga-2025-2026-real-madrid-levante,Jan 2026,FT,Real Madrid,Levante,52,832,2,0,2026-01-17,https://d2zywfiolv4f83.cloudfront.net/img/teams/52.png,https://d2zywfiolv4f83.cloudfront.net/img/teams/832.png,20,20
206,4,10803,24622,Spain Laliga,2025-2026,1914075,https://www.whoscored.com/matches/1914075/live/spain-laliga-2025-2026-mallorca-athletic-club,Jan 2026,FT,Mallorca,Athletic Club,51,53,3,2,2026-01-17,https://d2zywfiolv4f83.cloudfront.net/img/teams/51.png,https://d2zywfiolv4f83.cloudfront.net/img/teams/53.png,20,20
206,4,10803,24622,Spain Laliga,2025-2026,1914153,https://www.whoscored.com/matches/1914153/live/spain-laliga-2025-2026-osasuna-real-oviedo,Jan 2026,FT,Osasuna,Real Oviedo,131,61,3,2,2026-01-17,https://d2zywfiolv4f83.cloudfront.net/img/teams/131.png,https://d2zywfiolv4f83.cloudfront.net/img/teams/61.png,20,20
206,4,10803,24622,Spain Laliga,2025-2026,1914148,https://www.whoscored.com/matches/1914148/live/spain-laliga-2025-2026-real-betis-villarreal,Jan 2026,FT,Real Betis,Villarreal,54,839,2,0,2026-01-17,https://d2zywfiolv4f83.cloudfront.net/img/teams/54.png,https://d2zywfiolv4f83.cloudfront.net/img/teams/839.png,20,20
206,4,10803,24622,Spain Laliga,2025-2026,1914152,https://www.whoscored.com/matches/1914152/live/spain-laliga-2025-2026-getafe-valencia,Jan 2026,FT,Getafe,Valencia,819,55,0,1,2026-01-18,https://d2zywfiolv4f83.cloudfront.net/img/teams/819.png,https://d2zywfiolv4f83.cloudfront.net/img/teams/55.png,20,20
206,4,10803,24622,Spain Laliga,2025-2026,1914073,https://www.whoscored.com/matches/1914073/live/spain-laliga-2025-2026-atletico-madrid-deportivo-alaves,Jan 2026,FT,Atletico Madrid,Deportivo Alaves,63,60,1,0,2026-01-18,https://d2zywfiolv4f83.cloudfront.net/img/teams/63.png,https://d2zywfiolv4f83.cloudfront.net/img/teams/60.png,20,20
206,4,10803,24622,Spain Laliga,2025-2026,1914149,https://www.whoscored.com/matches/1914149/live/spain-laliga-2025-2026-celta-vigo-rayo-vallecano,Jan 2026,FT,Celta Vigo,Rayo Vallecano,62,64,3,0,2026-01-18,https://d2zywfiolv4f83.cloudfront.net/img/teams/62.png,https://d2zywfiolv4f83.cloudfront.net/img/teams/64.png,20,20
206,4,10803,24622,Spain Laliga,2025-2026,1914077,https://www.whoscored.com/matches/1914077/live/spain-laliga-2025-2026-real-sociedad-barcelona,Jan 2026,FT,Real Sociedad,Barcelona,68,65,2,1,2026-01-18,https://d2zywfiolv4f83.cloudfront.net/img/teams/68.png,https://d2zywfiolv4f83.cloudfront.net/img/teams/65.png,20,20
206,4,10803,24622,Spain Laliga,2025-2026,1914150,https://www.whoscored.com/matches/1914150/live/spain-laliga-2025-2026-elche-sevilla,Jan 2026,FT,Elche,Sevilla,833,67,2,2,2026-01-19,https://d2zywfiolv4f83.cloudfront.net/img/teams/833.png,https://d2zywfiolv4f83.cloudfront.net/img/teams/67.png,20,20
206,4,10803,24622,Spain Laliga,2025-2026,1914091,https://www.whoscored.com/matches/1914091/live/spain-laliga-2025-2026-levante-elche,Jan 2026,FT,Levante,Elche,832,833,3,2,2026-01-23,https://d2zywfiolv4f83.cloudfront.net/img/teams/832.png,https://d2zywfiolv4f83.cloudfront.net/img/teams/833.png,21,21
206,4,10803,24622,Spain Laliga,2025-2026,1914097,https://www.whoscored.com/matches/1914097/live/spain-laliga-2025-2026-rayo-vallecano-osasuna,Jan 2026,FT,Rayo Vallecano,Osasuna,64,131,1,3,2026-01-24,https://d2zywfiolv4f83.cloudfront.net/img/teams/64.png,https://d2zywfiolv4f83.cloudfront.net/img/teams/131.png,21,21
206,4,10803,24622,Spain Laliga,2025-2026,1914093,https://www.whoscored.com/matches/1914093/live/spain-laliga-2025-2026-valencia-espanyol,Jan 2026,FT,Valencia,Espanyol,55,70,3,2,2026-01-24,https://d2zywfiolv4f83.cloudfront.net/img/teams/55.png,https://d2zywfiolv4f83.cloudfront.net/img/teams/70.png,21,21
206,4,10803,24622,Spain Laliga,2025-2026,1914080,https://www.whoscored.com/matches/1914080/live/spain-laliga-2025-2026-sevilla-athletic-club,Jan 2026,FT,Sevilla,Athletic Club,67,53,2,1,2026-01-24,https://d2zywfiolv4f83.cloudfront.net/img/teams/67.png,https://d2zywfiolv4f83.cloudfront.net/img/teams/53.png,21,21
206,4,10803,24622,Spain Laliga,2025-2026,1914099,https://www.whoscored.com/matches/1914099/live/spain-laliga-2025-2026-villarreal-real-madrid,Jan 2026,FT,Villarreal,Real Madrid,839,52,0,2,2026-01-24,https://d2zywfiolv4f83.cloudfront.net/img/teams/839.png,https://d2zywfiolv4f83.cloudfront.net/img/teams/52.png,21,21
206,4,10803,24622,Spain Laliga,2025-2026,1914084,https://www.whoscored.com/matches/1914084/live/spain-laliga-2025-2026-atletico-madrid-mallorca,Jan 2026,FT,Atletico Madrid,Mallorca,63,51,3,0,2026-01-25,https://d2zywfiolv4f83.cloudfront.net/img/teams/63.png,https://d2zywfiolv4f83.cloudfront.net/img/teams/51.png,21,21
206,4,10803,24622,Spain Laliga,2025-2026,1914086,https://www.whoscored.com/matches/1914086/live/spain-laliga-2025-2026-barcelona-real-oviedo,Jan 2026,FT,Barcelona,Real Oviedo,65,61,3,0,2026-01-25,https://d2zywfiolv4f83.cloudfront.net/img/teams/65.png,https://d2zywfiolv4f83.cloudfront.net/img/teams/61.png,21,21
206,4,10803,24622,Spain Laliga,2025-2026,1914088,https://www.whoscored.com/matches/1914088/live/spain-laliga-2025-2026-real-sociedad-celta-vigo,Jan 2026,FT,Real Sociedad,Celta Vigo,68,62,3,1,2026-01-25,https://d2zywfiolv4f83.cloudfront.net/img/teams/68.png,https://d2zywfiolv4f83.cloudfront.net/img/teams/62.png,21,21
206,4,10803,24622,Spain Laliga,2025-2026,1914082,https://www.whoscored.com/matches/1914082/live/spain-laliga-2025-2026-deportivo-alaves-real-betis,Jan 2026,FT,Deportivo Alaves,Real Betis,60,54,2,1,2026-01-25,https://d2zywfiolv4f83.cloudfront.net/img/teams/60.png,https://d2zywfiolv4f83.cloudfront.net/img/teams/54.png,21,21
206,4,10803,24622,Spain Laliga,2025-2026,1914095,https://www.whoscored.com/matches/1914095/live/spain-laliga-2025-2026-girona-getafe,Jan 2026,FT,Girona,Getafe,2783,819,1,1,2026-01-26,https://d2zywfiolv4f83.cloudfront.net/img/teams/2783.png,https://d2zywfiolv4f83.cloudfront.net/img/teams/819.png,21,21
206,4,10803,24622,Spain Laliga,2025-2026,1914078,https://www.whoscored.com/matches/1914078/live/spain-laliga-2025-2026-espanyol-deportivo-alaves,Jan 2026,FT,Espanyol,Deportivo Alaves,70,60,1,2,2026-01-30,https://d2zywfiolv4f83.cloudfront.net/img/teams/70.png,https://d2zywfiolv4f83.cloudfront.net/img/teams/60.png,22,22
206,4,10803,24622,Spain Laliga,2025-2026,1914090,https://www.whoscored.com/matches/1914090/live/spain-laliga-2025-2026-real-oviedo-girona,Jan 2026,FT,Real Oviedo,Girona,61,2783,1,0,2026-01-31,https://d2zywfiolv4f83.cloudfront.net/img/teams/61.png,https://d2zywfiolv4f83.cloudfront.net/img/teams/2783.png,22,22
206,4,10803,24622,Spain Laliga,2025-2026,1914076,https://www.whoscored.com/matches/1914076/live/spain-laliga-2025-2026-osasuna-villarreal,Jan 2026,FT,Osasuna,Villarreal,131,839,2,2,2026-01-31,https://d2zywfiolv4f83.cloudfront.net/img/teams/131.png,https://d2zywfiolv4f83.cloudfront.net/img/teams/839.png,22,22
206,4,10803,24622,Spain Laliga,2025-2026,1914081,https://www.whoscored.com/matches/1914081/live/spain-laliga-2025-2026-levante-atletico-madrid,Jan 2026,FT,Levante,Atletico Madrid,832,63,0,0,2026-01-31,https://d2zywfiolv4f83.cloudfront.net/img/teams/832.png,https://d2zywfiolv4f83.cloudfront.net/img/teams/63.png,22,22
206,4,10803,24622,Spain Laliga,2025-2026,1914083,https://www.whoscored.com/matches/1914083/live/spain-laliga-2025-2026-elche-barcelona,Jan 2026,FT,Elche,Barcelona,833,65,1,3,2026-01-31,https://d2zywfiolv4f83.cloudfront.net/img/teams/833.png,https://d2zywfiolv4f83.cloudfront.net/img/teams/65.png,22,22
206,4,10803,24622,Spain Laliga,2025-2026,1914154,https://www.whoscored.com/matches/1914154/live/spain-laliga-2025-2026-real-madrid-rayo-vallecano,Feb 2026,FT,Real Madrid,Rayo Vallecano,52,64,2,1,2026-02-01,https://d2zywfiolv4f83.cloudfront.net/img/teams/52.png,https://d2zywfiolv4f83.cloudfront.net/img/teams/64.png,22,22
206,4,10803,24622,Spain Laliga,2025-2026,1914072,https://www.whoscored.com/matches/1914072/live/spain-laliga-2025-2026-real-betis-valencia,Feb 2026,FT,Real Betis,Valencia,54,55,2,1,2026-02-01,https://d2zywfiolv4f83.cloudfront.net/img/teams/54.png,https://d2zywfiolv4f83.cloudfront.net/img/teams/55.png,22,22
206,4,10803,24622,Spain Laliga,2025-2026,1914085,https://www.whoscored.com/matches/1914085/live/spain-laliga-2025-2026-getafe-celta-vigo,Feb 2026,FT,Getafe,Celta Vigo,819,62,0,0,2026-02-01,https://d2zywfiolv4f83.cloudfront.net/img/teams/819.png,https://d2zywfiolv4f83.cloudfront.net/img/teams/62.png,22,22
206,4,10803,24622,Spain Laliga,2025-2026,1914104,https://www.whoscored.com/matches/1914104/live/spain-laliga-2025-2026-athletic-club-real-sociedad,Feb 2026,FT,Athletic Club,Real Sociedad,53,68,1,1,2026-02-01,https://d2zywfiolv4f83.cloudfront.net/img/teams/53.png,https://d2zywfiolv4f83.cloudfront.net/img/teams/68.png,22,22
206,4,10803,24622,Spain Laliga,2025-2026,1914074,https://www.whoscored.com/matches/1914074/live/spain-laliga-2025-2026-mallorca-sevilla,Feb 2026,FT,Mallorca,Sevilla,51,67,4,1,2026-02-02,https://d2zywfiolv4f83.cloudfront.net/img/teams/51.png,https://d2zywfiolv4f83.cloudfront.net/img/teams/67.png,22,22
206,4,10803,24622,Spain Laliga,2025-2026,1914159,https://www.whoscored.com/matches/1914159/live/spain-laliga-2025-2026-celta-vigo-osasuna,Feb 2026,FT,Celta Vigo,Osasuna,62,131,1,2,2026-02-06,https://d2zywfiolv4f83.cloudfront.net/img/teams/62.png,https://d2zywfiolv4f83.cloudfront.net/img/teams/131.png,23,23
206,4,10803,24622,Spain Laliga,2025-2026,1914158,https://www.whoscored.com/matches/1914158/live/spain-laliga-2025-2026-barcelona-mallorca,Feb 2026,FT,Barcelona,Mallorca,65,51,3,0,2026-02-07,https://d2zywfiolv4f83.cloudfront.net/img/teams/65.png,https://d2zywfiolv4f83.cloudfront.net/img/teams/51.png,23,23
206,4,10803,24622,Spain Laliga,2025-2026,1914160,https://www.whoscored.com/matches/1914160/live/spain-laliga-2025-2026-real-sociedad-elche,Feb 2026,FT,Real Sociedad,Elche,68,833,3,1,2026-02-07,https://d2zywfiolv4f83.cloudfront.net/img/teams/68.png,https://d2zywfiolv4f83.cloudfront.net/img/teams/833.png,23,23
206,4,10803,24622,Spain Laliga,2025-2026,1914155,https://www.whoscored.com/matches/1914155/live/spain-laliga-2025-2026-deportivo-alaves-getafe,Feb 2026,FT,Deportivo Alaves,Getafe,60,819,0,2,2026-02-08,https://d2zywfiolv4f83.cloudfront.net/img/teams/60.png,https://d2zywfiolv4f83.cloudfront.net/img/teams/819.png,23,23
206,4,10803,24622,Spain Laliga,2025-2026,1914156,https://www.whoscored.com/matches/1914156/live/spain-laliga-2025-2026-athletic-club-levante,Feb 2026,FT,Athletic Club,Levante,53,832,4,2,2026-02-08,https://d2zywfiolv4f83.cloudfront.net/img/teams/53.png,https://d2zywfiolv4f83.cloudfront.net/img/teams/832.png,23,23
206,4,10803,24622,Spain Laliga,2025-2026,1914087,https://www.whoscored.com/matches/1914087/live/spain-laliga-2025-2026-sevilla-girona,Feb 2026,FT,Sevilla,Girona,67,2783,1,1,2026-02-08,https://d2zywfiolv4f83.cloudfront.net/img/teams/67.png,https://d2zywfiolv4f83.cloudfront.net/img/teams/2783.png,23,23
206,4,10803,24622,Spain Laliga,2025-2026,1914157,https://www.whoscored.com/matches/1914157/live/spain-laliga-2025-2026-atletico-madrid-real-betis,Feb 2026,FT,Atletico Madrid,Real Betis,63,54,0,1,2026-02-08,https://d2zywfiolv4f83.cloudfront.net/img/teams/63.png,https://d2zywfiolv4f83.cloudfront.net/img/teams/54.png,23,23
206,4,10803,24622,Spain Laliga,2025-2026,1914089,https://www.whoscored.com/matches/1914089/live/spain-laliga-2025-2026-valencia-real-madrid,Feb 2026,FT,Valencia,Real Madrid,55,52,0,2,2026-02-08,https://d2zywfiolv4f83.cloudfront.net/img/teams/55.png,https://d2zywfiolv4f83.cloudfront.net/img/teams/52.png,23,23
206,4,10803,24622,Spain Laliga,2025-2026,1914161,https://www.whoscored.com/matches/1914161/live/spain-laliga-2025-2026-villarreal-espanyol,Feb 2026,FT,Villarreal,Espanyol,839,70,4,1,2026-02-09,https://d2zywfiolv4f83.cloudfront.net/img/teams/839.png,https://d2zywfiolv4f83.cloudfront.net/img/teams/70.png,23,23
206,4,10803,24622,Spain Laliga,2025-2026,1914094,https://www.whoscored.com/matches/1914094/live/spain-laliga-2025-2026-elche-osasuna,Feb 2026,FT,Elche,Osasuna,833,131,0,0,2026-02-13,https://d2zywfiolv4f83.cloudfront.net/img/teams/833.png,https://d2zywfiolv4f83.cloudfront.net/img/teams/131.png,24,24
206,4,10803,24622,Spain Laliga,2025-2026,1914107,https://www.whoscored.com/matches/1914107/live/spain-laliga-2025-2026-espanyol-celta-vigo,Feb 2026,FT,Espanyol,Celta Vigo,70,62,2,2,2026-02-14,https://d2zywfiolv4f83.cloudfront.net/img/teams/70.png,https://d2zywfiolv4f83.cloudfront.net/img/teams/62.png,24,24
206,4,10803,24622,Spain Laliga,2025-2026,1914096,https://www.whoscored.com/matches/1914096/live/spain-laliga-2025-2026-getafe-villarreal,Feb 2026,FT,Getafe,Villarreal,819,839,2,1,2026-02-14,https://d2zywfiolv4f83.cloudfront.net/img/teams/819.png,https://d2zywfiolv4f83.cloudfront.net/img/teams/839.png,24,24
206,4,10803,24622,Spain Laliga,2025-2026,1914101,https://www.whoscored.com/matches/1914101/live/spain-laliga-2025-2026-sevilla-deportivo-alaves,Feb 2026,FT,Sevilla,Deportivo Alaves,67,60,1,1,2026-02-14,https://d2zywfiolv4f83.cloudfront.net/img/teams/67.png,https://d2zywfiolv4f83.cloudfront.net/img/teams/60.png,24,24
206,4,10803,24622,Spain Laliga,2025-2026,1914100,https://www.whoscored.com/matches/1914100/live/spain-laliga-2025-2026-real-madrid-real-sociedad,Feb 2026,FT,Real Madrid,Real Sociedad,52,68,4,1,2026-02-14,https://d2zywfiolv4f83.cloudfront.net/img/teams/52.png,https://d2zywfiolv4f83.cloudfront.net/img/teams/68.png,24,24
206,4,10803,24622,Spain Laliga,2025-2026,1914102,https://www.whoscored.com/matches/1914102/live/spain-laliga-2025-2026-real-oviedo-athletic-club,Feb 2026,FT,Real Oviedo,Athletic Club,61,53,1,2,2026-02-15,https://d2zywfiolv4f83.cloudfront.net/img/teams/61.png,https://d2zywfiolv4f83.cloudfront.net/img/teams/53.png,24,24
206,4,10803,24622,Spain Laliga,2025-2026,1914103,https://www.whoscored.com/matches/1914103/live/spain-laliga-2025-2026-rayo-vallecano-atletico-madrid,Feb 2026,FT,Rayo Vallecano,Atletico Madrid,64,63,3,0,2026-02-15,https://d2zywfiolv4f83.cloudfront.net/img/teams/64.png,https://d2zywfiolv4f83.cloudfront.net/img/teams/63.png,24,24
206,4,10803,24622,Spain Laliga,2025-2026,1914098,https://www.whoscored.com/matches/1914098/live/spain-laliga-2025-2026-levante-valencia,Feb 2026,FT,Levante,Valencia,832,55,0,2,2026-02-15,https://d2zywfiolv4f83.cloudfront.net/img/teams/832.png,https://d2zywfiolv4f83.cloudfront.net/img/teams/55.png,24,24
206,4,10803,24622,Spain Laliga,2025-2026,1914106,https://www.whoscored.com/matches/1914106/live/spain-laliga-2025-2026-mallorca-real-betis,Feb 2026,FT,Mallorca,Real Betis,51,54,1,2,2026-02-15,https://d2zywfiolv4f83.cloudfront.net/img/teams/51.png,https://d2zywfiolv4f83.cloudfront.net/img/teams/54.png,24,24
206,4,10803,24622,Spain Laliga,2025-2026,1914105,https://www.whoscored.com/matches/1914105/live/spain-laliga-2025-2026-girona-barcelona,Feb 2026,FT,Girona,Barcelona,2783,65,2,1,2026-02-16,https://d2zywfiolv4f83.cloudfront.net/img/teams/2783.png,https://d2zywfiolv4f83.cloudfront.net/img/teams/65.png,24,24
206,4,10803,24622,Spain Laliga,2025-2026,1914035,https://www.whoscored.com/matches/1914035/live/spain-laliga-2025-2026-levante-villarreal,Feb 2026,FT,Levante,Villarreal,832,839,0,1,2026-02-18,https://d2zywfiolv4f83.cloudfront.net/img/teams/832.png,https://d2zywfiolv4f83.cloudfront.net/img/teams/839.png,16,16
206,4,10803,24622,Spain Laliga,2025-2026,1914109,https://www.whoscored.com/matches/1914109/live/spain-laliga-2025-2026-athletic-club-elche,Feb 2026,FT,Athletic Club,Elche,53,833,2,1,2026-02-20,https://d2zywfiolv4f83.cloudfront.net/img/teams/53.png,https://d2zywfiolv4f83.cloudfront.net/img/teams/833.png,25,25
206,4,10803,24622,Spain Laliga,2025-2026,1914134,https://www.whoscored.com/matches/1914134/live/spain-laliga-2025-2026-real-sociedad-real-oviedo,Feb 2026,FT,Real Sociedad,Real Oviedo,68,61,3,3,2026-02-21,https://d2zywfiolv4f83.cloudfront.net/img/teams/68.png,https://d2zywfiolv4f83.cloudfront.net/img/teams/61.png,25,25
206,4,10803,24622,Spain Laliga,2025-2026,1914129,https://www.whoscored.com/matches/1914129/live/spain-laliga-2025-2026-real-betis-rayo-vallecano,Feb 2026,FT,Real Betis,Rayo Vallecano,54,64,1,1,2026-02-21,https://d2zywfiolv4f83.cloudfront.net/img/teams/54.png,https://d2zywfiolv4f83.cloudfront.net/img/teams/64.png,25,25
206,4,10803,24622,Spain Laliga,2025-2026,1914132,https://www.whoscored.com/matches/1914132/live/spain-laliga-2025-2026-osasuna-real-madrid,Feb 2026,FT,Osasuna,Real Madrid,131,52,2,1,2026-02-21,https://d2zywfiolv4f83.cloudfront.net/img/teams/131.png,https://d2zywfiolv4f83.cloudfront.net/img/teams/52.png,25,25
206,4,10803,24622,Spain Laliga,2025-2026,1914114,https://www.whoscored.com/matches/1914114/live/spain-laliga-2025-2026-atletico-madrid-espanyol,Feb 2026,FT,Atletico Madrid,Espanyol,63,70,4,2,2026-02-21,https://d2zywfiolv4f83.cloudfront.net/img/teams/63.png,https://d2zywfiolv4f83.cloudfront.net/img/teams/70.png,25,25
206,4,10803,24622,Spain Laliga,2025-2026,1914131,https://www.whoscored.com/matches/1914131/live/spain-laliga-2025-2026-getafe-sevilla,Feb 2026,FT,Getafe,Sevilla,819,67,0,1,2026-02-22,https://d2zywfiolv4f83.cloudfront.net/img/teams/819.png,https://d2zywfiolv4f83.cloudfront.net/img/teams/67.png,25,25
206,4,10803,24622,Spain Laliga,2025-2026,1914123,https://www.whoscored.com/matches/1914123/live/spain-laliga-2025-2026-barcelona-levante,Feb 2026,FT,Barcelona,Levante,65,832,3,0,2026-02-22,https://d2zywfiolv4f83.cloudfront.net/img/teams/65.png,https://d2zywfiolv4f83.cloudfront.net/img/teams/832.png,25,25
206,4,10803,24622,Spain Laliga,2025-2026,1914130,https://www.whoscored.com/matches/1914130/live/spain-laliga-2025-2026-celta-vigo-mallorca,Feb 2026,FT,Celta Vigo,Mallorca,62,51,2,0,2026-02-22,https://d2zywfiolv4f83.cloudfront.net/img/teams/62.png,https://d2zywfiolv4f83.cloudfront.net/img/teams/51.png,25,25
206,4,10803,24622,Spain Laliga,2025-2026,1914133,https://www.whoscored.com/matches/1914133/live/spain-laliga-2025-2026-villarreal-valencia,Feb 2026,FT,Villarreal,Valencia,839,55,2,1,2026-02-22,https://d2zywfiolv4f83.cloudfront.net/img/teams/839.png,https://d2zywfiolv4f83.cloudfront.net/img/teams/55.png,25,25
206,4,10803,24622,Spain Laliga,2025-2026,1914108,https://www.whoscored.com/matches/1914108/live/spain-laliga-2025-2026-deportivo-alaves-girona,Feb 2026,FT,Deportivo Alaves,Girona,60,2783,2,2,2026-02-23,https://d2zywfiolv4f83.cloudfront.net/img/teams/60.png,https://d2zywfiolv4f83.cloudfront.net/img/teams/2783.png,25,25
206,4,10803,24622,Spain Laliga,2025-2026,1914139,https://www.whoscored.com/matches/1914139/live/spain-laliga-2025-2026-levante-deportivo-alaves,Feb 2026,FT,Levante,Deportivo Alaves,832,60,2,0,2026-02-27,https://d2zywfiolv4f83.cloudfront.net/img/teams/832.png,https://d2zywfiolv4f83.cloudfront.net/img/teams/60.png,26,26
206,4,10803,24622,Spain Laliga,2025-2026,1914140,https://www.whoscored.com/matches/1914140/live/spain-laliga-2025-2026-rayo-vallecano-athletic-club,Feb 2026,FT,Rayo Vallecano,Athletic Club,64,53,1,1,2026-02-28,https://d2zywfiolv4f83.cloudfront.net/img/teams/64.png,https://d2zywfiolv4f83.cloudfront.net/img/teams/53.png,26,26
206,4,10803,24622,Spain Laliga,2025-2026,1914135,https://www.whoscored.com/matches/1914135/live/spain-laliga-2025-2026-barcelona-villarreal,Feb 2026,FT,Barcelona,Villarreal,65,839,4,1,2026-02-28,https://d2zywfiolv4f83.cloudfront.net/img/teams/65.png,https://d2zywfiolv4f83.cloudfront.net/img/teams/839.png,26,26
206,4,10803,24622,Spain Laliga,2025-2026,1914138,https://www.whoscored.com/matches/1914138/live/spain-laliga-2025-2026-mallorca-real-sociedad,Feb 2026,FT,Mallorca,Real Sociedad,51,68,0,1,2026-02-28,https://d2zywfiolv4f83.cloudfront.net/img/teams/51.png,https://d2zywfiolv4f83.cloudfront.net/img/teams/68.png,26,26
206,4,10803,24622,Spain Laliga,2025-2026,1914141,https://www.whoscored.com/matches/1914141/live/spain-laliga-2025-2026-real-oviedo-atletico-madrid,Feb 2026,FT,Real Oviedo,Atletico Madrid,61,63,0,1,2026-02-28,https://d2zywfiolv4f83.cloudfront.net/img/teams/61.png,https://d2zywfiolv4f83.cloudfront.net/img/teams/63.png,26,26
206,4,10803,24622,Spain Laliga,2025-2026,1914137,https://www.whoscored.com/matches/1914137/live/spain-laliga-2025-2026-elche-espanyol,Mar 2026,FT,Elche,Espanyol,833,70,2,2,2026-03-01,https://d2zywfiolv4f83.cloudfront.net/img/teams/833.png,https://d2zywfiolv4f83.cloudfront.net/img/teams/70.png,26,26
206,4,10803,24622,Spain Laliga,2025-2026,1914144,https://www.whoscored.com/matches/1914144/live/spain-laliga-2025-2026-valencia-osasuna,Mar 2026,FT,Valencia,Osasuna,55,131,1,0,2026-03-01,https://d2zywfiolv4f83.cloudfront.net/img/teams/55.png,https://d2zywfiolv4f83.cloudfront.net/img/teams/131.png,26,26
206,4,10803,24622,Spain Laliga,2025-2026,1914136,https://www.whoscored.com/matches/1914136/live/spain-laliga-2025-2026-real-betis-sevilla,Mar 2026,FT,Real Betis,Sevilla,54,67,2,2,2026-03-01,https://d2zywfiolv4f83.cloudfront.net/img/teams/54.png,https://d2zywfiolv4f83.cloudfront.net/img/teams/67.png,26,26
206,4,10803,24622,Spain Laliga,2025-2026,1914142,https://www.whoscored.com/matches/1914142/live/spain-laliga-2025-2026-girona-celta-vigo,Mar 2026,FT,Girona,Celta Vigo,2783,62,1,2,2026-03-01,https://d2zywfiolv4f83.cloudfront.net/img/teams/2783.png,https://d2zywfiolv4f83.cloudfront.net/img/teams/62.png,26,26
206,4,10803,24622,Spain Laliga,2025-2026,1914143,https://www.whoscored.com/matches/1914143/live/spain-laliga-2025-2026-real-madrid-getafe,Mar 2026,FT,Real Madrid,Getafe,52,819,0,1,2026-03-02,https://d2zywfiolv4f83.cloudfront.net/img/teams/52.png,https://d2zywfiolv4f83.cloudfront.net/img/teams/819.png,26,26
206,4,10803,24622,Spain Laliga,2025-2026,1914092,https://www.whoscored.com/matches/1914092/live/spain-laliga-2025-2026-rayo-vallecano-real-oviedo,Mar 2026,FT,Rayo Vallecano,Real Oviedo,64,61,3,0,2026-03-04,https://d2zywfiolv4f83.cloudfront.net/img/teams/64.png,https://d2zywfiolv4f83.cloudfront.net/img/teams/61.png,23,23
206,4,10803,24622,Spain Laliga,2025-2026,1914147,https://www.whoscored.com/matches/1914147/live/spain-laliga-2025-2026-celta-vigo-real-madrid,Mar 2026,FT,Celta Vigo,Real Madrid,62,52,1,2,2026-03-06,https://d2zywfiolv4f83.cloudfront.net/img/teams/62.png,https://d2zywfiolv4f83.cloudfront.net/img/teams/52.png,27,27
206,4,10803,24622,Spain Laliga,2025-2026,1914116,https://www.whoscored.com/matches/1914116/live/spain-laliga-2025-2026-osasuna-mallorca,Mar 2026,FT,Osasuna,Mallorca,131,51,2,2,2026-03-07,https://d2zywfiolv4f83.cloudfront.net/img/teams/131.png,https://d2zywfiolv4f83.cloudfront.net/img/teams/51.png,27,27
206,4,10803,24622,Spain Laliga,2025-2026,1914115,https://www.whoscored.com/matches/1914115/live/spain-laliga-2025-2026-levante-girona,Mar 2026,FT,Levante,Girona,832,2783,1,1,2026-03-07,https://d2zywfiolv4f83.cloudfront.net/img/teams/832.png,https://d2zywfiolv4f83.cloudfront.net/img/teams/2783.png,27,27
206,4,10803,24622,Spain Laliga,2025-2026,1914146,https://www.whoscored.com/matches/1914146/live/spain-laliga-2025-2026-atletico-madrid-real-sociedad,Mar 2026,FT,Atletico Madrid,Real Sociedad,63,68,3,2,2026-03-07,https://d2zywfiolv4f83.cloudfront.net/img/teams/63.png,https://d2zywfiolv4f83.cloudfront.net/img/teams/68.png,27,27
206,4,10803,24622,Spain Laliga,2025-2026,1914145,https://www.whoscored.com/matches/1914145/live/spain-laliga-2025-2026-athletic-club-barcelona,Mar 2026,FT,Athletic Club,Barcelona,53,65,0,1,2026-03-07,https://d2zywfiolv4f83.cloudfront.net/img/teams/53.png,https://d2zywfiolv4f83.cloudfront.net/img/teams/65.png,27,27
206,4,10803,24622,Spain Laliga,2025-2026,1914113,https://www.whoscored.com/matches/1914113/live/spain-laliga-2025-2026-villarreal-elche,Mar 2026,FT,Villarreal,Elche,839,833,2,1,2026-03-08,https://d2zywfiolv4f83.cloudfront.net/img/teams/839.png,https://d2zywfiolv4f83.cloudfront.net/img/teams/833.png,27,27
206,4,10803,24622,Spain Laliga,2025-2026,1914112,https://www.whoscored.com/matches/1914112/live/spain-laliga-2025-2026-getafe-real-betis,Mar 2026,FT,Getafe,Real Betis,819,54,2,0,2026-03-08,https://d2zywfiolv4f83.cloudfront.net/img/teams/819.png,https://d2zywfiolv4f83.cloudfront.net/img/teams/54.png,27,27
206,4,10803,24622,Spain Laliga,2025-2026,1914117,https://www.whoscored.com/matches/1914117/live/spain-laliga-2025-2026-sevilla-rayo-vallecano,Mar 2026,FT,Sevilla,Rayo Vallecano,67,64,1,1,2026-03-08,https://d2zywfiolv4f83.cloudfront.net/img/teams/67.png,https://d2zywfiolv4f83.cloudfront.net/img/teams/64.png,27,27
206,4,10803,24622,Spain Laliga,2025-2026,1914111,https://www.whoscored.com/matches/1914111/live/spain-laliga-2025-2026-valencia-deportivo-alaves,Mar 2026,FT,Valencia,Deportivo Alaves,55,60,3,2,2026-03-08,https://d2zywfiolv4f83.cloudfront.net/img/teams/55.png,https://d2zywfiolv4f83.cloudfront.net/img/teams/60.png,27,27
206,4,10803,24622,Spain Laliga,2025-2026,1914110,https://www.whoscored.com/matches/1914110/live/spain-laliga-2025-2026-espanyol-real-oviedo,Mar 2026,FT,Espanyol,Real Oviedo,70,61,1,1,2026-03-09,https://d2zywfiolv4f83.cloudfront.net/img/teams/70.png,https://d2zywfiolv4f83.cloudfront.net/img/teams/61.png,27,27
206,4,10803,24622,Spain Laliga,2025-2026,1914118,https://www.whoscored.com/matches/1914118/live/spain-laliga-2025-2026-deportivo-alaves-villarreal,Mar 2026,FT,Deportivo Alaves,Villarreal,60,839,1,1,2026-03-13,https://d2zywfiolv4f83.cloudfront.net/img/teams/60.png,https://d2zywfiolv4f83.cloudfront.net/img/teams/839.png,28,28
206,4,10803,24622,Spain Laliga,2025-2026,1914124,https://www.whoscored.com/matches/1914124/live/spain-laliga-2025-2026-girona-athletic-club,Mar 2026,FT,Girona,Athletic Club,2783,53,3,0,2026-03-14,https://d2zywfiolv4f83.cloudfront.net/img/teams/2783.png,https://d2zywfiolv4f83.cloudfront.net/img/teams/53.png,28,28
206,4,10803,24622,Spain Laliga,2025-2026,1914119,https://www.whoscored.com/matches/1914119/live/spain-laliga-2025-2026-atletico-madrid-getafe,Mar 2026,FT,Atletico Madrid,Getafe,63,819,1,0,2026-03-14,https://d2zywfiolv4f83.cloudfront.net/img/teams/63.png,https://d2zywfiolv4f83.cloudfront.net/img/teams/819.png,28,28
206,4,10803,24622,Spain Laliga,2025-2026,1914122,https://www.whoscored.com/matches/1914122/live/spain-laliga-2025-2026-real-oviedo-valencia,Mar 2026,FT,Real Oviedo,Valencia,61,55,1,0,2026-03-14,https://d2zywfiolv4f83.cloudfront.net/img/teams/61.png,https://d2zywfiolv4f83.cloudfront.net/img/teams/55.png,28,28
206,4,10803,24622,Spain Laliga,2025-2026,1914125,https://www.whoscored.com/matches/1914125/live/spain-laliga-2025-2026-real-madrid-elche,Mar 2026,FT,Real Madrid,Elche,52,833,4,1,2026-03-14,https://d2zywfiolv4f83.cloudfront.net/img/teams/52.png,https://d2zywfiolv4f83.cloudfront.net/img/teams/833.png,28,28
206,4,10803,24622,Spain Laliga,2025-2026,1914126,https://www.whoscored.com/matches/1914126/live/spain-laliga-2025-2026-mallorca-espanyol,Mar 2026,FT,Mallorca,Espanyol,51,70,2,1,2026-03-15,https://d2zywfiolv4f83.cloudfront.net/img/teams/51.png,https://d2zywfiolv4f83.cloudfront.net/img/teams/70.png,28,28
206,4,10803,24622,Spain Laliga,2025-2026,1914120,https://www.whoscored.com/matches/1914120/live/spain-laliga-2025-2026-barcelona-sevilla,Mar 2026,FT,Barcelona,Sevilla,65,67,5,2,2026-03-15,https://d2zywfiolv4f83.cloudfront.net/img/teams/65.png,https://d2zywfiolv4f83.cloudfront.net/img/teams/67.png,28,28
206,4,10803,24622,Spain Laliga,2025-2026,1914121,https://www.whoscored.com/matches/1914121/live/spain-laliga-2025-2026-real-betis-celta-vigo,Mar 2026,FT,Real Betis,Celta Vigo,54,62,1,1,2026-03-15,https://d2zywfiolv4f83.cloudfront.net/img/teams/54.png,https://d2zywfiolv4f83.cloudfront.net/img/teams/62.png,28,28
206,4,10803,24622,Spain Laliga,2025-2026,1914128,https://www.whoscored.com/matches/1914128/live/spain-laliga-2025-2026-real-sociedad-osasuna,Mar 2026,FT,Real Sociedad,Osasuna,68,131,3,1,2026-03-15,https://d2zywfiolv4f83.cloudfront.net/img/teams/68.png,https://d2zywfiolv4f83.cloudfront.net/img/teams/131.png,28,28
206,4,10803,24622,Spain Laliga,2025-2026,1914127,https://www.whoscored.com/matches/1914127/live/spain-laliga-2025-2026-rayo-vallecano-levante,Mar 2026,FT,Rayo Vallecano,Levante,64,832,1,1,2026-03-16,https://d2zywfiolv4f83.cloudfront.net/img/teams/64.png,https://d2zywfiolv4f83.cloudfront.net/img/teams/832.png,28,28
206,4,10803,24622,Spain Laliga,2025-2026,1914162,https://www.whoscored.com/matches/1914162/live/spain-laliga-2025-2026-villarreal-real-sociedad,Mar 2026,FT,Villarreal,Real Sociedad,839,68,3,1,2026-03-20,https://d2zywfiolv4f83.cloudfront.net/img/teams/839.png,https://d2zywfiolv4f83.cloudfront.net/img/teams/68.png,29,29
206,4,10803,24622,Spain Laliga,2025-2026,1914164,https://www.whoscored.com/matches/1914164/live/spain-laliga-2025-2026-elche-mallorca,Mar 2026,FT,Elche,Mallorca,833,51,2,1,2026-03-21,https://d2zywfiolv4f83.cloudfront.net/img/teams/833.png,https://d2zywfiolv4f83.cloudfront.net/img/teams/51.png,29,29
206,4,10803,24622,Spain Laliga,2025-2026,1914166,https://www.whoscored.com/matches/1914166/live/spain-laliga-2025-2026-espanyol-getafe,Mar 2026,FT,Espanyol,Getafe,70,819,1,2,2026-03-21,https://d2zywfiolv4f83.cloudfront.net/img/teams/70.png,https://d2zywfiolv4f83.cloudfront.net/img/teams/819.png,29,29
206,4,10803,24622,Spain Laliga,2025-2026,1914167,https://www.whoscored.com/matches/1914167/live/spain-laliga-2025-2026-levante-real-oviedo,Mar 2026,FT,Levante,Real Oviedo,832,61,4,2,2026-03-21,https://d2zywfiolv4f83.cloudfront.net/img/teams/832.png,https://d2zywfiolv4f83.cloudfront.net/img/teams/61.png,29,29
206,4,10803,24622,Spain Laliga,2025-2026,1914174,https://www.whoscored.com/matches/1914174/live/spain-laliga-2025-2026-osasuna-girona,Mar 2026,FT,Osasuna,Girona,131,2783,1,0,2026-03-21,https://d2zywfiolv4f83.cloudfront.net/img/teams/131.png,https://d2zywfiolv4f83.cloudfront.net/img/teams/2783.png,29,29
206,4,10803,24622,Spain Laliga,2025-2026,1914168,https://www.whoscored.com/matches/1914168/live/spain-laliga-2025-2026-sevilla-valencia,Mar 2026,FT,Sevilla,Valencia,67,55,0,2,2026-03-21,https://d2zywfiolv4f83.cloudfront.net/img/teams/67.png,https://d2zywfiolv4f83.cloudfront.net/img/teams/55.png,29,29
206,4,10803,24622,Spain Laliga,2025-2026,1914165,https://www.whoscored.com/matches/1914165/live/spain-laliga-2025-2026-barcelona-rayo-vallecano,Mar 2026,FT,Barcelona,Rayo Vallecano,65,64,1,0,2026-03-22,https://d2zywfiolv4f83.cloudfront.net/img/teams/65.png,https://d2zywfiolv4f83.cloudfront.net/img/teams/64.png,29,29
206,4,10803,24622,Spain Laliga,2025-2026,1914170,https://www.whoscored.com/matches/1914170/live/spain-laliga-2025-2026-celta-vigo-deportivo-alaves,Mar 2026,FT,Celta Vigo,Deportivo Alaves,62,60,3,4,2026-03-22,https://d2zywfiolv4f83.cloudfront.net/img/teams/62.png,https://d2zywfiolv4f83.cloudfront.net/img/teams/60.png,29,29
206,4,10803,24622,Spain Laliga,2025-2026,1914163,https://www.whoscored.com/matches/1914163/live/spain-laliga-2025-2026-athletic-club-real-betis,Mar 2026,FT,Athletic Club,Real Betis,53,54,2,1,2026-03-22,https://d2zywfiolv4f83.cloudfront.net/img/teams/53.png,https://d2zywfiolv4f83.cloudfront.net/img/teams/54.png,29,29
206,4,10803,24622,Spain Laliga,2025-2026,1914172,https://www.whoscored.com/matches/1914172/live/spain-laliga-2025-2026-real-madrid-atletico-madrid,Mar 2026,FT,Real Madrid,Atletico Madrid,52,63,3,2,2026-03-22,https://d2zywfiolv4f83.cloudfront.net/img/teams/52.png,https://d2zywfiolv4f83.cloudfront.net/img/teams/63.png,29,29
206,4,10803,24622,Spain Laliga,2025-2026,1914191,https://www.whoscored.com/matches/1914191/live/spain-laliga-2025-2026-rayo-vallecano-elche,Apr 2026,FT,Rayo Vallecano,Elche,64,833,1,0,2026-04-03,https://d2zywfiolv4f83.cloudfront.net/img/teams/64.png,https://d2zywfiolv4f83.cloudfront.net/img/teams/833.png,30,30
206,4,10803,24622,Spain Laliga,2025-2026,1914194,https://www.whoscored.com/matches/1914194/live/spain-laliga-2025-2026-real-sociedad-levante,Apr 2026,FT,Real Sociedad,Levante,68,832,2,0,2026-04-04,https://d2zywfiolv4f83.cloudfront.net/img/teams/68.png,https://d2zywfiolv4f83.cloudfront.net/img/teams/832.png,30,30
206,4,10803,24622,Spain Laliga,2025-2026,1914178,https://www.whoscored.com/matches/1914178/live/spain-laliga-2025-2026-mallorca-real-madrid,Apr 2026,FT,Mallorca,Real Madrid,51,52,2,1,2026-04-04,https://d2zywfiolv4f83.cloudfront.net/img/teams/51.png,https://d2zywfiolv4f83.cloudfront.net/img/teams/52.png,30,30
206,4,10803,24622,Spain Laliga,2025-2026,1914173,https://www.whoscored.com/matches/1914173/live/spain-laliga-2025-2026-real-betis-espanyol,Apr 2026,FT,Real Betis,Espanyol,54,70,0,0,2026-04-04,https://d2zywfiolv4f83.cloudfront.net/img/teams/54.png,https://d2zywfiolv4f83.cloudfront.net/img/teams/70.png,30,30
206,4,10803,24622,Spain Laliga,2025-2026,1914171,https://www.whoscored.com/matches/1914171/live/spain-laliga-2025-2026-atletico-madrid-barcelona,Apr 2026,FT,Atletico Madrid,Barcelona,63,65,1,2,2026-04-04,https://d2zywfiolv4f83.cloudfront.net/img/teams/63.png,https://d2zywfiolv4f83.cloudfront.net/img/teams/65.png,30,30
206,4,10803,24622,Spain Laliga,2025-2026,1914182,https://www.whoscored.com/matches/1914182/live/spain-laliga-2025-2026-getafe-athletic-club,Apr 2026,FT,Getafe,Athletic Club,819,53,2,0,2026-04-05,https://d2zywfiolv4f83.cloudfront.net/img/teams/819.png,https://d2zywfiolv4f83.cloudfront.net/img/teams/53.png,30,30
206,4,10803,24622,Spain Laliga,2025-2026,1914185,https://www.whoscored.com/matches/1914185/live/spain-laliga-2025-2026-valencia-celta-vigo,Apr 2026,FT,Valencia,Celta Vigo,55,62,2,3,2026-04-05,https://d2zywfiolv4f83.cloudfront.net/img/teams/55.png,https://d2zywfiolv4f83.cloudfront.net/img/teams/62.png,30,30
206,4,10803,24622,Spain Laliga,2025-2026,1914180,https://www.whoscored.com/matches/1914180/live/spain-laliga-2025-2026-real-oviedo-sevilla,Apr 2026,FT,Real Oviedo,Sevilla,61,67,1,0,2026-04-05,https://d2zywfiolv4f83.cloudfront.net/img/teams/61.png,https://d2zywfiolv4f83.cloudfront.net/img/teams/67.png,30,30
206,4,10803,24622,Spain Laliga,2025-2026,1914169,https://www.whoscored.com/matches/1914169/live/spain-laliga-2025-2026-deportivo-alaves-osasuna,Apr 2026,FT,Deportivo Alaves,Osasuna,60,131,2,2,2026-04-05,https://d2zywfiolv4f83.cloudfront.net/img/teams/60.png,https://d2zywfiolv4f83.cloudfront.net/img/teams/131.png,30,30
206,4,10803,24622,Spain Laliga,2025-2026,1914175,https://www.whoscored.com/matches/1914175/live/spain-laliga-2025-2026-girona-villarreal,Apr 2026,FT,Girona,Villarreal,2783,839,1,0,2026-04-06,https://d2zywfiolv4f83.cloudfront.net/img/teams/2783.png,https://d2zywfiolv4f83.cloudfront.net/img/teams/839.png,30,30
206,4,10803,24622,Spain Laliga,2025-2026,1914188,https://www.whoscored.com/matches/1914188/live/spain-laliga-2025-2026-real-madrid-girona,Apr 2026,FT,Real Madrid,Girona,52,2783,1,1,2026-04-10,https://d2zywfiolv4f83.cloudfront.net/img/teams/52.png,https://d2zywfiolv4f83.cloudfront.net/img/teams/2783.png,31,31
206,4,10803,24622,Spain Laliga,2025-2026,1914179,https://www.whoscored.com/matches/1914179/live/spain-laliga-2025-2026-real-sociedad-deportivo-alaves,Apr 2026,FT,Real Sociedad,Deportivo Alaves,68,60,3,3,2026-04-11,https://d2zywfiolv4f83.cloudfront.net/img/teams/68.png,https://d2zywfiolv4f83.cloudfront.net/img/teams/60.png,31,31
206,4,10803,24622,Spain Laliga,2025-2026,1914176,https://www.whoscored.com/matches/1914176/live/spain-laliga-2025-2026-elche-valencia,Apr 2026,FT,Elche,Valencia,833,55,1,0,2026-04-11,https://d2zywfiolv4f83.cloudfront.net/img/teams/833.png,https://d2zywfiolv4f83.cloudfront.net/img/teams/55.png,31,31
206,4,10803,24622,Spain Laliga,2025-2026,1914200,https://www.whoscored.com/matches/1914200/live/spain-laliga-2025-2026-barcelona-espanyol,Apr 2026,FT,Barcelona,Espanyol,65,70,4,1,2026-04-11,https://d2zywfiolv4f83.cloudfront.net/img/teams/65.png,https://d2zywfiolv4f83.cloudfront.net/img/teams/70.png,31,31
206,4,10803,24622,Spain Laliga,2025-2026,1914181,https://www.whoscored.com/matches/1914181/live/spain-laliga-2025-2026-sevilla-atletico-madrid,Apr 2026,FT,Sevilla,Atletico Madrid,67,63,2,1,2026-04-11,https://d2zywfiolv4f83.cloudfront.net/img/teams/67.png,https://d2zywfiolv4f83.cloudfront.net/img/teams/63.png,31,31
206,4,10803,24622,Spain Laliga,2025-2026,1914183,https://www.whoscored.com/matches/1914183/live/spain-laliga-2025-2026-osasuna-real-betis,Apr 2026,FT,Osasuna,Real Betis,131,54,1,1,2026-04-12,https://d2zywfiolv4f83.cloudfront.net/img/teams/131.png,https://d2zywfiolv4f83.cloudfront.net/img/teams/54.png,31,31
206,4,10803,24622,Spain Laliga,2025-2026,1914177,https://www.whoscored.com/matches/1914177/live/spain-laliga-2025-2026-mallorca-rayo-vallecano,Apr 2026,FT,Mallorca,Rayo Vallecano,51,64,3,0,2026-04-12,https://d2zywfiolv4f83.cloudfront.net/img/teams/51.png,https://d2zywfiolv4f83.cloudfront.net/img/teams/64.png,31,31
206,4,10803,24622,Spain Laliga,2025-2026,1914203,https://www.whoscored.com/matches/1914203/live/spain-laliga-2025-2026-celta-vigo-real-oviedo,Apr 2026,FT,Celta Vigo,Real Oviedo,62,61,0,3,2026-04-12,https://d2zywfiolv4f83.cloudfront.net/img/teams/62.png,https://d2zywfiolv4f83.cloudfront.net/img/teams/61.png,31,31
206,4,10803,24622,Spain Laliga,2025-2026,1914197,https://www.whoscored.com/matches/1914197/live/spain-laliga-2025-2026-athletic-club-villarreal,Apr 2026,FT,Athletic Club,Villarreal,53,839,1,2,2026-04-12,https://d2zywfiolv4f83.cloudfront.net/img/teams/53.png,https://d2zywfiolv4f83.cloudfront.net/img/teams/839.png,31,31
206,4,10803,24622,Spain Laliga,2025-2026,1914186,https://www.whoscored.com/matches/1914186/live/spain-laliga-2025-2026-levante-getafe,Apr 2026,FT,Levante,Getafe,832,819,1,0,2026-04-13,https://d2zywfiolv4f83.cloudfront.net/img/teams/832.png,https://d2zywfiolv4f83.cloudfront.net/img/teams/819.png,31,31
206,4,10803,24622,Spain Laliga,2025-2026,1914214,https://www.whoscored.com/matches/1914214/live/spain-laliga-2025-2026-athletic-club-osasuna,Apr 2026,FT,Athletic Club,Osasuna,53,131,1,0,2026-04-21,https://d2zywfiolv4f83.cloudfront.net/img/teams/53.png,https://d2zywfiolv4f83.cloudfront.net/img/teams/131.png,33,33
206,4,10803,24622,Spain Laliga,2025-2026,1914220,https://www.whoscored.com/matches/1914220/live/spain-laliga-2025-2026-mallorca-valencia,Apr 2026,FT,Mallorca,Valencia,51,55,1,1,2026-04-21,https://d2zywfiolv4f83.cloudfront.net/img/teams/51.png,https://d2zywfiolv4f83.cloudfront.net/img/teams/55.png,33,33
206,4,10803,24622,Spain Laliga,2025-2026,1914224,https://www.whoscored.com/matches/1914224/live/spain-laliga-2025-2026-real-madrid-deportivo-alaves,Apr 2026,FT,Real Madrid,Deportivo Alaves,52,60,2,1,2026-04-21,https://d2zywfiolv4f83.cloudfront.net/img/teams/52.png,https://d2zywfiolv4f83.cloudfront.net/img/teams/60.png,33,33
206,4,10803,24622,Spain Laliga,2025-2026,1914228,https://www.whoscored.com/matches/1914228/live/spain-laliga-2025-2026-girona-real-betis,Apr 2026,FT,Girona,Real Betis,2783,54,2,3,2026-04-21,https://d2zywfiolv4f83.cloudfront.net/img/teams/2783.png,https://d2zywfiolv4f83.cloudfront.net/img/teams/54.png,33,33
206,4,10803,24622,Spain Laliga,2025-2026,1914226,https://www.whoscored.com/matches/1914226/live/spain-laliga-2025-2026-elche-atletico-madrid,Apr 2026,FT,Elche,Atletico Madrid,833,63,3,2,2026-04-22,https://d2zywfiolv4f83.cloudfront.net/img/teams/833.png,https://d2zywfiolv4f83.cloudfront.net/img/teams/63.png,33,33
206,4,10803,24622,Spain Laliga,2025-2026,1914232,https://www.whoscored.com/matches/1914232/live/spain-laliga-2025-2026-real-sociedad-getafe,Apr 2026,FT,Real Sociedad,Getafe,68,819,0,1,2026-04-22,https://d2zywfiolv4f83.cloudfront.net/img/teams/68.png,https://d2zywfiolv4f83.cloudfront.net/img/teams/819.png,33,33
206,4,10803,24622,Spain Laliga,2025-2026,1914216,https://www.whoscored.com/matches/1914216/live/spain-laliga-2025-2026-barcelona-celta-vigo,Apr 2026,FT,Barcelona,Celta Vigo,65,62,1,0,2026-04-22,https://d2zywfiolv4f83.cloudfront.net/img/teams/65.png,https://d2zywfiolv4f83.cloudfront.net/img/teams/62.png,33,33
206,4,10803,24622,Spain Laliga,2025-2026,1914218,https://www.whoscored.com/matches/1914218/live/spain-laliga-2025-2026-levante-sevilla,Apr 2026,FT,Levante,Sevilla,832,67,2,0,2026-04-23,https://d2zywfiolv4f83.cloudfront.net/img/teams/832.png,https://d2zywfiolv4f83.cloudfront.net/img/teams/67.png,33,33
206,4,10803,24622,Spain Laliga,2025-2026,1914230,https://www.whoscored.com/matches/1914230/live/spain-laliga-2025-2026-rayo-vallecano-espanyol,Apr 2026,FT,Rayo Vallecano,Espanyol,64,70,1,0,2026-04-23,https://d2zywfiolv4f83.cloudfront.net/img/teams/64.png,https://d2zywfiolv4f83.cloudfront.net/img/teams/70.png,33,33
206,4,10803,24622,Spain Laliga,2025-2026,1914222,https://www.whoscored.com/matches/1914222/live/spain-laliga-2025-2026-real-oviedo-villarreal,Apr 2026,FT,Real Oviedo,Villarreal,61,839,1,1,2026-04-23,https://d2zywfiolv4f83.cloudfront.net/img/teams/61.png,https://d2zywfiolv4f83.cloudfront.net/img/teams/839.png,33,33
206,4,10803,24622,Spain Laliga,2025-2026,1914193,https://www.whoscored.com/matches/1914193/live/spain-laliga-2025-2026-real-betis-real-madrid,Apr 2026,FT,Real Betis,Real Madrid,54,52,1,1,2026-04-24,https://d2zywfiolv4f83.cloudfront.net/img/teams/54.png,https://d2zywfiolv4f83.cloudfront.net/img/teams/52.png,32,32
206,4,10803,24622,Spain Laliga,2025-2026,1914190,https://www.whoscored.com/matches/1914190/live/spain-laliga-2025-2026-deportivo-alaves-mallorca,Apr 2026,FT,Deportivo Alaves,Mallorca,60,51,2,1,2026-04-25,https://d2zywfiolv4f83.cloudfront.net/img/teams/60.png,https://d2zywfiolv4f83.cloudfront.net/img/teams/51.png,32,32
206,4,10803,24622,Spain Laliga,2025-2026,1914207,https://www.whoscored.com/matches/1914207/live/spain-laliga-2025-2026-getafe-barcelona,Apr 2026,FT,Getafe,Barcelona,819,65,0,2,2026-04-25,https://d2zywfiolv4f83.cloudfront.net/img/teams/819.png,https://d2zywfiolv4f83.cloudfront.net/img/teams/65.png,32,32
206,4,10803,24622,Spain Laliga,2025-2026,1914213,https://www.whoscored.com/matches/1914213/live/spain-laliga-2025-2026-valencia-girona,Apr 2026,FT,Valencia,Girona,55,2783,2,1,2026-04-25,https://d2zywfiolv4f83.cloudfront.net/img/teams/55.png,https://d2zywfiolv4f83.cloudfront.net/img/teams/2783.png,32,32
206,4,10803,24622,Spain Laliga,2025-2026,1914205,https://www.whoscored.com/matches/1914205/live/spain-laliga-2025-2026-atletico-madrid-athletic-club,Apr 2026,FT,Atletico Madrid,Athletic Club,63,53,3,2,2026-04-25,https://d2zywfiolv4f83.cloudfront.net/img/teams/63.png,https://d2zywfiolv4f83.cloudfront.net/img/teams/53.png,32,32
206,4,10803,24622,Spain Laliga,2025-2026,1914202,https://www.whoscored.com/matches/1914202/live/spain-laliga-2025-2026-rayo-vallecano-real-sociedad,Apr 2026,FT,Rayo Vallecano,Real Sociedad,64,68,3,3,2026-04-26,https://d2zywfiolv4f83.cloudfront.net/img/teams/64.png,https://d2zywfiolv4f83.cloudfront.net/img/teams/68.png,32,32
206,4,10803,24622,Spain Laliga,2025-2026,1914210,https://www.whoscored.com/matches/1914210/live/spain-laliga-2025-2026-real-oviedo-elche,Apr 2026,FT,Real Oviedo,Elche,61,833,1,2,2026-04-26,https://d2zywfiolv4f83.cloudfront.net/img/teams/61.png,https://d2zywfiolv4f83.cloudfront.net/img/teams/833.png,32,32
206,4,10803,24622,Spain Laliga,2025-2026,1914199,https://www.whoscored.com/matches/1914199/live/spain-laliga-2025-2026-osasuna-sevilla,Apr 2026,FT,Osasuna,Sevilla,131,67,2,1,2026-04-26,https://d2zywfiolv4f83.cloudfront.net/img/teams/131.png,https://d2zywfiolv4f83.cloudfront.net/img/teams/67.png,32,32
206,4,10803,24622,Spain Laliga,2025-2026,1914208,https://www.whoscored.com/matches/1914208/live/spain-laliga-2025-2026-villarreal-celta-vigo,Apr 2026,FT,Villarreal,Celta Vigo,839,62,2,1,2026-04-26,https://d2zywfiolv4f83.cloudfront.net/img/teams/839.png,https://d2zywfiolv4f83.cloudfront.net/img/teams/62.png,32,32
206,4,10803,24622,Spain Laliga,2025-2026,1914196,https://www.whoscored.com/matches/1914196/live/spain-laliga-2025-2026-espanyol-levante,Apr 2026,FT,Espanyol,Levante,70,832,0,0,2026-04-27,https://d2zywfiolv4f83.cloudfront.net/img/teams/70.png,https://d2zywfiolv4f83.cloudfront.net/img/teams/832.png,32,32
206,4,10803,24622,Spain Laliga,2025-2026,1914244,https://www.whoscored.com/matches/1914244/live/spain-laliga-2025-2026-girona-mallorca,May 2026,FT,Girona,Mallorca,2783,51,0,1,2026-05-01,https://d2zywfiolv4f83.cloudfront.net/img/teams/2783.png,https://d2zywfiolv4f83.cloudfront.net/img/teams/51.png,34,34
206,4,10803,24622,Spain Laliga,2025-2026,1914187,https://www.whoscored.com/matches/1914187/live/spain-laliga-2025-2026-villarreal-levante,May 2026,FT,Villarreal,Levante,839,832,5,1,2026-05-02,https://d2zywfiolv4f83.cloudfront.net/img/teams/839.png,https://d2zywfiolv4f83.cloudfront.net/img/teams/832.png,34,34
206,4,10803,24622,Spain Laliga,2025-2026,1914247,https://www.whoscored.com/matches/1914247/live/spain-laliga-2025-2026-valencia-atletico-madrid,May 2026,FT,Valencia,Atletico Madrid,55,63,0,2,2026-05-02,https://d2zywfiolv4f83.cloudfront.net/img/teams/55.png,https://d2zywfiolv4f83.cloudfront.net/img/teams/63.png,34,34
206,4,10803,24622,Spain Laliga,2025-2026,1914234,https://www.whoscored.com/matches/1914234/live/spain-laliga-2025-2026-deportivo-alaves-athletic-club,May 2026,FT,Deportivo Alaves,Athletic Club,60,53,2,4,2026-05-02,https://d2zywfiolv4f83.cloudfront.net/img/teams/60.png,https://d2zywfiolv4f83.cloudfront.net/img/teams/53.png,34,34
206,4,10803,24622,Spain Laliga,2025-2026,1914184,https://www.whoscored.com/matches/1914184/live/spain-laliga-2025-2026-osasuna-barcelona,May 2026,FT,Osasuna,Barcelona,131,65,1,2,2026-05-02,https://d2zywfiolv4f83.cloudfront.net/img/teams/131.png,https://d2zywfiolv4f83.cloudfront.net/img/teams/65.png,34,34
206,4,10803,24622,Spain Laliga,2025-2026,1914238,https://www.whoscored.com/matches/1914238/live/spain-laliga-2025-2026-celta-vigo-elche,May 2026,FT,Celta Vigo,Elche,62,833,3,1,2026-05-03,https://d2zywfiolv4f83.cloudfront.net/img/teams/62.png,https://d2zywfiolv4f83.cloudfront.net/img/teams/833.png,34,34
206,4,10803,24622,Spain Laliga,2025-2026,1914242,https://www.whoscored.com/matches/1914242/live/spain-laliga-2025-2026-getafe-rayo-vallecano,May 2026,FT,Getafe,Rayo Vallecano,819,64,0,2,2026-05-03,https://d2zywfiolv4f83.cloudfront.net/img/teams/819.png,https://d2zywfiolv4f83.cloudfront.net/img/teams/64.png,34,34
206,4,10803,24622,Spain Laliga,2025-2026,1914236,https://www.whoscored.com/matches/1914236/live/spain-laliga-2025-2026-real-betis-real-oviedo,May 2026,FT,Real Betis,Real Oviedo,54,61,3,0,2026-05-03,https://d2zywfiolv4f83.cloudfront.net/img/teams/54.png,https://d2zywfiolv4f83.cloudfront.net/img/teams/61.png,34,34
206,4,10803,24622,Spain Laliga,2025-2026,1914240,https://www.whoscored.com/matches/1914240/live/spain-laliga-2025-2026-espanyol-real-madrid,May 2026,FT,Espanyol,Real Madrid,70,52,0,2,2026-05-03,https://d2zywfiolv4f83.cloudfront.net/img/teams/70.png,https://d2zywfiolv4f83.cloudfront.net/img/teams/52.png,34,34
206,4,10803,24622,Spain Laliga,2025-2026,1914189,https://www.whoscored.com/matches/1914189/live/spain-laliga-2025-2026-sevilla-real-sociedad,May 2026,FT,Sevilla,Real Sociedad,67,68,1,0,2026-05-04,https://d2zywfiolv4f83.cloudfront.net/img/teams/67.png,https://d2zywfiolv4f83.cloudfront.net/img/teams/68.png,34,34
206,4,10803,24622,Spain Laliga,2025-2026,1914201,https://www.whoscored.com/matches/1914201/live/spain-laliga-2025-2026-levante-osasuna,May 2026,FT,Levante,Osasuna,832,131,3,2,2026-05-08,https://d2zywfiolv4f83.cloudfront.net/img/teams/832.png,https://d2zywfiolv4f83.cloudfront.net/img/teams/131.png,35,35
206,4,10803,24622,Spain Laliga,2025-2026,1914206,https://www.whoscored.com/matches/1914206/live/spain-laliga-2025-2026-elche-deportivo-alaves,May 2026,FT,Elche,Deportivo Alaves,833,60,1,1,2026-05-09,https://d2zywfiolv4f83.cloudfront.net/img/teams/833.png,https://d2zywfiolv4f83.cloudfront.net/img/teams/60.png,35,35
206,4,10803,24622,Spain Laliga,2025-2026,1914211,https://www.whoscored.com/matches/1914211/live/spain-laliga-2025-2026-sevilla-espanyol,May 2026,FT,Sevilla,Espanyol,67,70,2,1,2026-05-09,https://d2zywfiolv4f83.cloudfront.net/img/teams/67.png,https://d2zywfiolv4f83.cloudfront.net/img/teams/70.png,35,35
206,4,10803,24622,Spain Laliga,2025-2026,1914195,https://www.whoscored.com/matches/1914195/live/spain-laliga-2025-2026-atletico-madrid-celta-vigo,May 2026,FT,Atletico Madrid,Celta Vigo,63,62,0,1,2026-05-09,https://d2zywfiolv4f83.cloudfront.net/img/teams/63.png,https://d2zywfiolv4f83.cloudfront.net/img/teams/62.png,35,35
206,4,10803,24622,Spain Laliga,2025-2026,1914209,https://www.whoscored.com/matches/1914209/live/spain-laliga-2025-2026-real-sociedad-real-betis,May 2026,FT,Real Sociedad,Real Betis,68,54,2,2,2026-05-09,https://d2zywfiolv4f83.cloudfront.net/img/teams/68.png,https://d2zywfiolv4f83.cloudfront.net/img/teams/54.png,35,35
206,4,10803,24622,Spain Laliga,2025-2026,1914204,https://www.whoscored.com/matches/1914204/live/spain-laliga-2025-2026-mallorca-villarreal,May 2026,FT,Mallorca,Villarreal,51,839,1,1,2026-05-10,https://d2zywfiolv4f83.cloudfront.net/img/teams/51.png,https://d2zywfiolv4f83.cloudfront.net/img/teams/839.png,35,35
206,4,10803,24622,Spain Laliga,2025-2026,1914192,https://www.whoscored.com/matches/1914192/live/spain-laliga-2025-2026-athletic-club-valencia,May 2026,FT,Athletic Club,Valencia,53,55,0,1,2026-05-10,https://d2zywfiolv4f83.cloudfront.net/img/teams/53.png,https://d2zywfiolv4f83.cloudfront.net/img/teams/55.png,35,35
206,4,10803,24622,Spain Laliga,2025-2026,1914212,https://www.whoscored.com/matches/1914212/live/spain-laliga-2025-2026-real-oviedo-getafe,May 2026,FT,Real Oviedo,Getafe,61,819,0,0,2026-05-10,https://d2zywfiolv4f83.cloudfront.net/img/teams/61.png,https://d2zywfiolv4f83.cloudfront.net/img/teams/819.png,35,35
206,4,10803,24622,Spain Laliga,2025-2026,1914198,https://www.whoscored.com/matches/1914198/live/spain-laliga-2025-2026-barcelona-real-madrid,May 2026,FT,Barcelona,Real Madrid,65,52,2,0,2026-05-10,https://d2zywfiolv4f83.cloudfront.net/img/teams/65.png,https://d2zywfiolv4f83.cloudfront.net/img/teams/52.png,35,35
206,4,10803,24622,Spain Laliga,2025-2026,1914215,https://www.whoscored.com/matches/1914215/live/spain-laliga-2025-2026-rayo-vallecano-girona,May 2026,FT,Rayo Vallecano,Girona,64,2783,1,1,2026-05-11,https://d2zywfiolv4f83.cloudfront.net/img/teams/64.png,https://d2zywfiolv4f83.cloudfront.net/img/teams/2783.png,35,35
206,4,10803,24622,Spain Laliga,2025-2026,1914221,https://www.whoscored.com/matches/1914221/live/spain-laliga-2025-2026-celta-vigo-levante,May 2026,FT,Celta Vigo,Levante,62,832,2,3,2026-05-12,https://d2zywfiolv4f83.cloudfront.net/img/teams/62.png,https://d2zywfiolv4f83.cloudfront.net/img/teams/832.png,36,36
206,4,10803,24622,Spain Laliga,2025-2026,1914219,https://www.whoscored.com/matches/1914219/live/spain-laliga-2025-2026-real-betis-elche,May 2026,FT,Real Betis,Elche,54,833,2,1,2026-05-12,https://d2zywfiolv4f83.cloudfront.net/img/teams/54.png,https://d2zywfiolv4f83.cloudfront.net/img/teams/833.png,36,36
206,4,10803,24622,Spain Laliga,2025-2026,1914229,https://www.whoscored.com/matches/1914229/live/spain-laliga-2025-2026-osasuna-atletico-madrid,May 2026,FT,Osasuna,Atletico Madrid,131,63,1,2,2026-05-12,https://d2zywfiolv4f83.cloudfront.net/img/teams/131.png,https://d2zywfiolv4f83.cloudfront.net/img/teams/63.png,36,36
206,4,10803,24622,Spain Laliga,2025-2026,1914227,https://www.whoscored.com/matches/1914227/live/spain-laliga-2025-2026-espanyol-athletic-club,May 2026,FT,Espanyol,Athletic Club,70,53,2,0,2026-05-13,https://d2zywfiolv4f83.cloudfront.net/img/teams/70.png,https://d2zywfiolv4f83.cloudfront.net/img/teams/53.png,36,36
206,4,10803,24622,Spain Laliga,2025-2026,1914233,https://www.whoscored.com/matches/1914233/live/spain-laliga-2025-2026-villarreal-sevilla,May 2026,FT,Villarreal,Sevilla,839,67,2,3,2026-05-13,https://d2zywfiolv4f83.cloudfront.net/img/teams/839.png,https://d2zywfiolv4f83.cloudfront.net/img/teams/67.png,36,36
206,4,10803,24622,Spain Laliga,2025-2026,1914223,https://www.whoscored.com/matches/1914223/live/spain-laliga-2025-2026-getafe-mallorca,May 2026,FT,Getafe,Mallorca,819,51,3,1,2026-05-13,https://d2zywfiolv4f83.cloudfront.net/img/teams/819.png,https://d2zywfiolv4f83.cloudfront.net/img/teams/51.png,36,36
206,4,10803,24622,Spain Laliga,2025-2026,1914217,https://www.whoscored.com/matches/1914217/live/spain-laliga-2025-2026-deportivo-alaves-barcelona,May 2026,FT,Deportivo Alaves,Barcelona,60,65,1,0,2026-05-13,https://d2zywfiolv4f83.cloudfront.net/img/teams/60.png,https://d2zywfiolv4f83.cloudfront.net/img/teams/65.png,36,36
206,4,10803,24622,Spain Laliga,2025-2026,1914231,https://www.whoscored.com/matches/1914231/live/spain-laliga-2025-2026-valencia-rayo-vallecano,May 2026,FT,Valencia,Rayo Vallecano,55,64,1,1,2026-05-14,https://d2zywfiolv4f83.cloudfront.net/img/teams/55.png,https://d2zywfiolv4f83.cloudfront.net/img/teams/64.png,36,36
206,4,10803,24622,Spain Laliga,2025-2026,1914225,https://www.whoscored.com/matches/1914225/live/spain-laliga-2025-2026-girona-real-sociedad,May 2026,FT,Girona,Real Sociedad,2783,68,1,1,2026-05-14,https://d2zywfiolv4f83.cloudfront.net/img/teams/2783.png,https://d2zywfiolv4f83.cloudfront.net/img/teams/68.png,36,36
206,4,10803,24622,Spain Laliga,2025-2026,1914235,https://www.whoscored.com/matches/1914235/live/spain-laliga-2025-2026-real-madrid-real-oviedo,May 2026,FT,Real Madrid,Real Oviedo,52,61,2,0,2026-05-14,https://d2zywfiolv4f83.cloudfront.net/img/teams/52.png,https://d2zywfiolv4f83.cloudfront.net/img/teams/61.png,36,36
206,4,10803,24622,Spain Laliga,2025-2026,1914237,https://www.whoscored.com/matches/1914237/live/spain-laliga-2025-2026-athletic-club-celta-vigo,May 2026,FT,Athletic Club,Celta Vigo,53,62,1,1,2026-05-17,https://d2zywfiolv4f83.cloudfront.net/img/teams/53.png,https://d2zywfiolv4f83.cloudfront.net/img/teams/62.png,37,37
206,4,10803,24622,Spain Laliga,2025-2026,1914239,https://www.whoscored.com/matches/1914239/live/spain-laliga-2025-2026-atletico-madrid-girona,May 2026,FT,Atletico Madrid,Girona,63,2783,1,0,2026-05-17,https://d2zywfiolv4f83.cloudfront.net/img/teams/63.png,https://d2zywfiolv4f83.cloudfront.net/img/teams/2783.png,37,37
206,4,10803,24622,Spain Laliga,2025-2026,1914243,https://www.whoscored.com/matches/1914243/live/spain-laliga-2025-2026-elche-getafe,May 2026,FT,Elche,Getafe,833,819,1,0,2026-05-17,https://d2zywfiolv4f83.cloudfront.net/img/teams/833.png,https://d2zywfiolv4f83.cloudfront.net/img/teams/819.png,37,37
206,4,10803,24622,Spain Laliga,2025-2026,1914245,https://www.whoscored.com/matches/1914245/live/spain-laliga-2025-2026-levante-mallorca,May 2026,FT,Levante,Mallorca,832,51,2,0,2026-05-17,https://d2zywfiolv4f83.cloudfront.net/img/teams/832.png,https://d2zywfiolv4f83.cloudfront.net/img/teams/51.png,37,37
206,4,10803,24622,Spain Laliga,2025-2026,1914246,https://www.whoscored.com/matches/1914246/live/spain-laliga-2025-2026-rayo-vallecano-villarreal,May 2026,FT,Rayo Vallecano,Villarreal,64,839,2,0,2026-05-17,https://d2zywfiolv4f83.cloudfront.net/img/teams/64.png,https://d2zywfiolv4f83.cloudfront.net/img/teams/839.png,37,37
206,4,10803,24622,Spain Laliga,2025-2026,1914248,https://www.whoscored.com/matches/1914248/live/spain-laliga-2025-2026-real-sociedad-valencia,May 2026,FT,Real Sociedad,Valencia,68,55,3,4,2026-05-17,https://d2zywfiolv4f83.cloudfront.net/img/teams/68.png,https://d2zywfiolv4f83.cloudfront.net/img/teams/55.png,37,37
206,4,10803,24622,Spain Laliga,2025-2026,1914249,https://www.whoscored.com/matches/1914249/live/spain-laliga-2025-2026-real-oviedo-deportivo-alaves,May 2026,FT,Real Oviedo,Deportivo Alaves,61,60,0,1,2026-05-17,https://d2zywfiolv4f83.cloudfront.net/img/teams/61.png,https://d2zywfiolv4f83.cloudfront.net/img/teams/60.png,37,37
206,4,10803,24622,Spain Laliga,2025-2026,1914250,https://www.whoscored.com/matches/1914250/live/spain-laliga-2025-2026-osasuna-espanyol,May 2026,FT,Osasuna,Espanyol,131,70,1,2,2026-05-17,https://d2zywfiolv4f83.cloudfront.net/img/teams/131.png,https://d2zywfiolv4f83.cloudfront.net/img/teams/70.png,37,37
206,4,10803,24622,Spain Laliga,2025-2026,1914251,https://www.whoscored.com/matches/1914251/live/spain-laliga-2025-2026-sevilla-real-madrid,May 2026,FT,Sevilla,Real Madrid,67,52,0,1,2026-05-17,https://d2zywfiolv4f83.cloudfront.net/img/teams/67.png,https://d2zywfiolv4f83.cloudfront.net/img/teams/52.png,37,37
206,4,10803,24622,Spain Laliga,2025-2026,1914241,https://www.whoscored.com/matches/1914241/live/spain-laliga-2025-2026-barcelona-real-betis,May 2026,FT,Barcelona,Real Betis,65,54,3,1,2026-05-17,https://d2zywfiolv4f83.cloudfront.net/img/teams/65.png,https://d2zywfiolv4f83.cloudfront.net/img/teams/54.png,37,37
206,4,10803,24622,Spain Laliga,2025-2026,1914252,https://www.whoscored.com/matches/1914252/live/spain-laliga-2025-2026-deportivo-alaves-rayo-vallecano,May 2026,FT,Deportivo Alaves,Rayo Vallecano,60,64,1,2,2026-05-23,https://d2zywfiolv4f83.cloudfront.net/img/teams/60.png,https://d2zywfiolv4f83.cloudfront.net/img/teams/64.png,38,38
206,4,10803,24622,Spain Laliga,2025-2026,1914253,https://www.whoscored.com/matches/1914253/live/spain-laliga-2025-2026-real-betis-levante,May 2026,FT,Real Betis,Levante,54,832,2,1,2026-05-23,https://d2zywfiolv4f83.cloudfront.net/img/teams/54.png,https://d2zywfiolv4f83.cloudfront.net/img/teams/832.png,38,38
206,4,10803,24622,Spain Laliga,2025-2026,1914254,https://www.whoscored.com/matches/1914254/live/spain-laliga-2025-2026-celta-vigo-sevilla,May 2026,FT,Celta Vigo,Sevilla,62,67,1,0,2026-05-23,https://d2zywfiolv4f83.cloudfront.net/img/teams/62.png,https://d2zywfiolv4f83.cloudfront.net/img/teams/67.png,38,38
206,4,10803,24622,Spain Laliga,2025-2026,1914255,https://www.whoscored.com/matches/1914255/live/spain-laliga-2025-2026-espanyol-real-sociedad,May 2026,FT,Espanyol,Real Sociedad,70,68,1,1,2026-05-23,https://d2zywfiolv4f83.cloudfront.net/img/teams/70.png,https://d2zywfiolv4f83.cloudfront.net/img/teams/68.png,38,38
206,4,10803,24622,Spain Laliga,2025-2026,1914256,https://www.whoscored.com/matches/1914256/live/spain-laliga-2025-2026-real-madrid-athletic-club,May 2026,FT,Real Madrid,Athletic Club,52,53,4,2,2026-05-23,https://d2zywfiolv4f83.cloudfront.net/img/teams/52.png,https://d2zywfiolv4f83.cloudfront.net/img/teams/53.png,38,38
206,4,10803,24622,Spain Laliga,2025-2026,1914258,https://www.whoscored.com/matches/1914258/live/spain-laliga-2025-2026-valencia-barcelona,May 2026,FT,Valencia,Barcelona,55,65,3,1,2026-05-23,https://d2zywfiolv4f83.cloudfront.net/img/teams/55.png,https://d2zywfiolv4f83.cloudfront.net/img/teams/65.png,38,38
206,4,10803,24622,Spain Laliga,2025-2026,1914259,https://www.whoscored.com/matches/1914259/live/spain-laliga-2025-2026-girona-elche,May 2026,FT,Girona,Elche,2783,833,1,1,2026-05-23,https://d2zywfiolv4f83.cloudfront.net/img/teams/2783.png,https://d2zywfiolv4f83.cloudfront.net/img/teams/833.png,38,38
206,4,10803,24622,Spain Laliga,2025-2026,1914260,https://www.whoscored.com/matches/1914260/live/spain-laliga-2025-2026-getafe-osasuna,May 2026,FT,Getafe,Osasuna,819,131,1,0,2026-05-23,https://d2zywfiolv4f83.cloudfront.net/img/teams/819.png,https://d2zywfiolv4f83.cloudfront.net/img/teams/131.png,38,38
206,4,10803,24622,Spain Laliga,2025-2026,1914261,https://www.whoscored.com/matches/1914261/live/spain-laliga-2025-2026-mallorca-real-oviedo,May 2026,FT,Mallorca,Real Oviedo,51,61,3,0,2026-05-23,https://d2zywfiolv4f83.cloudfront.net/img/teams/51.png,https://d2zywfiolv4f83.cloudfront.net/img/teams/61.png,38,38
206,4,10803,24622,Spain Laliga,2025-2026,1914257,https://www.whoscored.com/matches/1914257/live/spain-laliga-2025-2026-villarreal-atletico-madrid,May 2026,FT,Villarreal,Atletico Madrid,839,63,5,1,2026-05-24,https://d2zywfiolv4f83.cloudfront.net/img/teams/839.png,https://d2zywfiolv4f83.cloudfront.net/img/teams/63.png,38,38
252,2,10743,24533,England Premier League,2025-2026,1903117,https://www.whoscored.com/matches/1903117/live/england-premier-league-2025-2026-liverpool-bournemouth,Aug 2025,FT,Liverpool,AFC Bournemouth,26,183,4,2,2025-08-15,https://d2zywfiolv4f83.cloudfront.net/img/teams/26.png,https://d2zywfiolv4f83.cloudfront.net/img/teams/183.png,1,1
252,2,10743,24533,England Premier League,2025-2026,1903118,https://www.whoscored.com/matches/1903118/live/england-premier-league-2025-2026-aston-villa-newcastle,Aug 2025,FT,Aston Villa,Newcastle United,24,23,0,0,2025-08-16,https://d2zywfiolv4f83.cloudfront.net/img/teams/24.png,https://d2zywfiolv4f83.cloudfront.net/img/teams/23.png,1,1
252,2,10743,24533,England Premier League,2025-2026,1903119,https://www.whoscored.com/matches/1903119/live/england-premier-league-2025-2026-brighton-fulham,Aug 2025,FT,Brighton & Hove Albion,Fulham,211,170,1,1,2025-08-16,https://d2zywfiolv4f83.cloudfront.net/img/teams/211.png,https://d2zywfiolv4f83.cloudfront.net/img/teams/170.png,1,1
252,2,10743,24533,England Premier League,2025-2026,1903121,https://www.whoscored.com/matches/1903121/live/england-premier-league-2025-2026-sunderland-west-ham,Aug 2025,FT,Sunderland,West Ham United,16,29,3,0,2025-08-16,https://d2zywfiolv4f83.cloudfront.net/img/teams/16.png,https://d2zywfiolv4f83.cloudfront.net/img/teams/29.png,1,1
252,2,10743,24533,England Premier League,2025-2026,1903122,https://www.whoscored.com/matches/1903122/live/england-premier-league-2025-2026-tottenham-burnley,Aug 2025,FT,Tottenham Hotspur,Burnley,30,184,3,0,2025-08-16,https://d2zywfiolv4f83.cloudfront.net/img/teams/30.png,https://d2zywfiolv4f83.cloudfront.net/img/teams/184.png,1,1
252,2,10743,24533,England Premier League,2025-2026,1903123,https://www.whoscored.com/matches/1903123/live/england-premier-league-2025-2026-wolves-manchester-city,Aug 2025,FT,Wolverhampton Wanderers,Manchester City,161,167,0,4,2025-08-16,https://d2zywfiolv4f83.cloudfront.net/img/teams/161.png,https://d2zywfiolv4f83.cloudfront.net/img/teams/167.png,1,1
252,2,10743,24533,England Premier League,2025-2026,1903124,https://www.whoscored.com/matches/1903124/live/england-premier-league-2025-2026-chelsea-crystal-palace,Aug 2025,FT,Chelsea,Crystal Palace,15,162,0,0,2025-08-17,https://d2zywfiolv4f83.cloudfront.net/img/teams/15.png,https://d2zywfiolv4f83.cloudfront.net/img/teams/162.png,1,1
252,2,10743,24533,England Premier League,2025-2026,1903120,https://www.whoscored.com/matches/1903120/live/england-premier-league-2025-2026-nottingham-forest-brentford,Aug 2025,FT,Nottingham Forest,Brentford,174,189,3,1,2025-08-17,https://d2zywfiolv4f83.cloudfront.net/img/teams/174.png,https://d2zywfiolv4f83.cloudfront.net/img/teams/189.png,1,1
252,2,10743,24533,England Premier League,2025-2026,1903125,https://www.whoscored.com/matches/1903125/live/england-premier-league-2025-2026-manchester-united-arsenal,Aug 2025,FT,Manchester United,Arsenal,32,13,0,1,2025-08-17,https://d2zywfiolv4f83.cloudfront.net/img/teams/32.png,https://d2zywfiolv4f83.cloudfront.net/img/teams/13.png,1,1
252,2,10743,24533,England Premier League,2025-2026,1903126,https://www.whoscored.com/matches/1903126/live/england-premier-league-2025-2026-leeds-everton,Aug 2025,FT,Leeds United,Everton,19,31,1,0,2025-08-18,https://d2zywfiolv4f83.cloudfront.net/img/teams/19.png,https://d2zywfiolv4f83.cloudfront.net/img/teams/31.png,1,1
252,2,10743,24533,England Premier League,2025-2026,1903136,https://www.whoscored.com/matches/1903136/live/england-premier-league-2025-2026-west-ham-chelsea,Aug 2025,FT,West Ham United,Chelsea,29,15,1,5,2025-08-22,https://d2zywfiolv4f83.cloudfront.net/img/teams/29.png,https://d2zywfiolv4f83.cloudfront.net/img/teams/15.png,2,2
252,2,10743,24533,England Premier League,2025-2026,1903134,https://www.whoscored.com/matches/1903134/live/england-premier-league-2025-2026-manchester-city-tottenham,Aug 2025,FT,Manchester City,Tottenham Hotspur,167,30,0,2,2025-08-23,https://d2zywfiolv4f83.cloudfront.net/img/teams/167.png,https://d2zywfiolv4f83.cloudfront.net/img/teams/30.png,2,2
252,2,10743,24533,England Premier League,2025-2026,1903127,https://www.whoscored.com/matches/1903127/live/england-premier-league-2025-2026-bournemouth-wolves,Aug 2025,FT,AFC Bournemouth,Wolverhampton Wanderers,183,161,1,0,2025-08-23,https://d2zywfiolv4f83.cloudfront.net/img/teams/183.png,https://d2zywfiolv4f83.cloudfront.net/img/teams/161.png,2,2
252,2,10743,24533,England Premier League,2025-2026,1903129,https://www.whoscored.com/matches/1903129/live/england-premier-league-2025-2026-brentford-aston-villa,Aug 2025,FT,Brentford,Aston Villa,189,24,1,0,2025-08-23,https://d2zywfiolv4f83.cloudfront.net/img/teams/189.png,https://d2zywfiolv4f83.cloudfront.net/img/teams/24.png,2,2
252,2,10743,24533,England Premier League,2025-2026,1903130,https://www.whoscored.com/matches/1903130/live/england-premier-league-2025-2026-burnley-sunderland,Aug 2025,FT,Burnley,Sunderland,184,16,2,0,2025-08-23,https://d2zywfiolv4f83.cloudfront.net/img/teams/184.png,https://d2zywfiolv4f83.cloudfront.net/img/teams/16.png,2,2
252,2,10743,24533,England Premier League,2025-2026,1903128,https://www.whoscored.com/matches/1903128/live/england-premier-league-2025-2026-arsenal-leeds,Aug 2025,FT,Arsenal,Leeds United,13,19,5,0,2025-08-23,https://d2zywfiolv4f83.cloudfront.net/img/teams/13.png,https://d2zywfiolv4f83.cloudfront.net/img/teams/19.png,2,2
252,2,10743,24533,England Premier League,2025-2026,1903131,https://www.whoscored.com/matches/1903131/live/england-premier-league-2025-2026-crystal-palace-nottingham-forest,Aug 2025,FT,Crystal Palace,Nottingham Forest,162,174,1,1,2025-08-24,https://d2zywfiolv4f83.cloudfront.net/img/teams/162.png,https://d2zywfiolv4f83.cloudfront.net/img/teams/174.png,2,2
252,2,10743,24533,England Premier League,2025-2026,1903132,https://www.whoscored.com/matches/1903132/live/england-premier-league-2025-2026-everton-brighton,Aug 2025,FT,Everton,Brighton & Hove Albion,31,211,2,0,2025-08-24,https://d2zywfiolv4f83.cloudfront.net/img/teams/31.png,https://d2zywfiolv4f83.cloudfront.net/img/teams/211.png,2,2
252,2,10743,24533,England Premier League,2025-2026,1903133,https://www.whoscored.com/matches/1903133/live/england-premier-league-2025-2026-fulham-manchester-united,Aug 2025,FT,Fulham,Manchester United,170,32,1,1,2025-08-24,https://d2zywfiolv4f83.cloudfront.net/img/teams/170.png,https://d2zywfiolv4f83.cloudfront.net/img/teams/32.png,2,2
252,2,10743,24533,England Premier League,2025-2026,1903135,https://www.whoscored.com/matches/1903135/live/england-premier-league-2025-2026-newcastle-liverpool,Aug 2025,FT,Newcastle United,Liverpool,23,26,2,3,2025-08-25,https://d2zywfiolv4f83.cloudfront.net/img/teams/23.png,https://d2zywfiolv4f83.cloudfront.net/img/teams/26.png,2,2
252,2,10743,24533,England Premier League,2025-2026,1903141,https://www.whoscored.com/matches/1903141/live/england-premier-league-2025-2026-chelsea-fulham,Aug 2025,FT,Chelsea,Fulham,15,170,2,0,2025-08-30,https://d2zywfiolv4f83.cloudfront.net/img/teams/15.png,https://d2zywfiolv4f83.cloudfront.net/img/teams/170.png,3,3
252,2,10743,24533,England Premier League,2025-2026,1903142,https://www.whoscored.com/matches/1903142/live/england-premier-league-2025-2026-tottenham-bournemouth,Aug 2025,FT,Tottenham Hotspur,AFC Bournemouth,30,183,0,1,2025-08-30,https://d2zywfiolv4f83.cloudfront.net/img/teams/30.png,https://d2zywfiolv4f83.cloudfront.net/img/teams/183.png,3,3
252,2,10743,24533,England Premier League,2025-2026,1903144,https://www.whoscored.com/matches/1903144/live/england-premier-league-2025-2026-wolves-everton,Aug 2025,FT,Wolverhampton Wanderers,Everton,161,31,2,3,2025-08-30,https://d2zywfiolv4f83.cloudfront.net/img/teams/161.png,https://d2zywfiolv4f83.cloudfront.net/img/teams/31.png,3,3
252,2,10743,24533,England Premier League,2025-2026,1903140,https://www.whoscored.com/matches/1903140/live/england-premier-league-2025-2026-sunderland-brentford,Aug 2025,FT,Sunderland,Brentford,16,189,2,1,2025-08-30,https://d2zywfiolv4f83.cloudfront.net/img/teams/16.png,https://d2zywfiolv4f83.cloudfront.net/img/teams/189.png,3,3
252,2,10743,24533,England Premier League,2025-2026,1903146,https://www.whoscored.com/matches/1903146/live/england-premier-league-2025-2026-manchester-united-burnley,Aug 2025,FT,Manchester United,Burnley,32,184,3,2,2025-08-30,https://d2zywfiolv4f83.cloudfront.net/img/teams/32.png,https://d2zywfiolv4f83.cloudfront.net/img/teams/184.png,3,3
252,2,10743,24533,England Premier League,2025-2026,1903143,https://www.whoscored.com/matches/1903143/live/england-premier-league-2025-2026-leeds-newcastle,Aug 2025,FT,Leeds United,Newcastle United,19,23,0,0,2025-08-30,https://d2zywfiolv4f83.cloudfront.net/img/teams/19.png,https://d2zywfiolv4f83.cloudfront.net/img/teams/23.png,3,3
252,2,10743,24533,England Premier League,2025-2026,1903138,https://www.whoscored.com/matches/1903138/live/england-premier-league-2025-2026-nottingham-forest-west-ham,Aug 2025,FT,Nottingham Forest,West Ham United,174,29,0,3,2025-08-31,https://d2zywfiolv4f83.cloudfront.net/img/teams/174.png,https://d2zywfiolv4f83.cloudfront.net/img/teams/29.png,3,3
252,2,10743,24533,England Premier League,2025-2026,1903139,https://www.whoscored.com/matches/1903139/live/england-premier-league-2025-2026-brighton-manchester-city,Aug 2025,FT,Brighton & Hove Albion,Manchester City,211,167,2,1,2025-08-31,https://d2zywfiolv4f83.cloudfront.net/img/teams/211.png,https://d2zywfiolv4f83.cloudfront.net/img/teams/167.png,3,3
252,2,10743,24533,England Premier League,2025-2026,1903145,https://www.whoscored.com/matches/1903145/live/england-premier-league-2025-2026-liverpool-arsenal,Aug 2025,FT,Liverpool,Arsenal,26,13,1,0,2025-08-31,https://d2zywfiolv4f83.cloudfront.net/img/teams/26.png,https://d2zywfiolv4f83.cloudfront.net/img/teams/13.png,3,3
252,2,10743,24533,England Premier League,2025-2026,1903137,https://www.whoscored.com/matches/1903137/live/england-premier-league-2025-2026-aston-villa-crystal-palace,Aug 2025,FT,Aston Villa,Crystal Palace,24,162,0,3,2025-08-31,https://d2zywfiolv4f83.cloudfront.net/img/teams/24.png,https://d2zywfiolv4f83.cloudfront.net/img/teams/162.png,3,3
252,2,10743,24533,England Premier League,2025-2026,1903148,https://www.whoscored.com/matches/1903148/live/england-premier-league-2025-2026-arsenal-nottingham-forest,Sep 2025,FT,Arsenal,Nottingham Forest,13,174,3,0,2025-09-13,https://d2zywfiolv4f83.cloudfront.net/img/teams/13.png,https://d2zywfiolv4f83.cloudfront.net/img/teams/174.png,4,4
252,2,10743,24533,England Premier League,2025-2026,1903155,https://www.whoscored.com/matches/1903155/live/england-premier-league-2025-2026-newcastle-wolves,Sep 2025,FT,Newcastle United,Wolverhampton Wanderers,23,161,1,0,2025-09-13,https://d2zywfiolv4f83.cloudfront.net/img/teams/23.png,https://d2zywfiolv4f83.cloudfront.net/img/teams/161.png,4,4
252,2,10743,24533,England Premier League,2025-2026,1903147,https://www.whoscored.com/matches/1903147/live/england-premier-league-2025-2026-bournemouth-brighton,Sep 2025,FT,AFC Bournemouth,Brighton & Hove Albion,183,211,2,1,2025-09-13,https://d2zywfiolv4f83.cloudfront.net/img/teams/183.png,https://d2zywfiolv4f83.cloudfront.net/img/teams/211.png,4,4
252,2,10743,24533,England Premier League,2025-2026,1903151,https://www.whoscored.com/matches/1903151/live/england-premier-league-2025-2026-crystal-palace-sunderland,Sep 2025,FT,Crystal Palace,Sunderland,162,16,0,0,2025-09-13,https://d2zywfiolv4f83.cloudfront.net/img/teams/162.png,https://d2zywfiolv4f83.cloudfront.net/img/teams/16.png,4,4
252,2,10743,24533,England Premier League,2025-2026,1903152,https://www.whoscored.com/matches/1903152/live/england-premier-league-2025-2026-everton-aston-villa,Sep 2025,FT,Everton,Aston Villa,31,24,0,0,2025-09-13,https://d2zywfiolv4f83.cloudfront.net/img/teams/31.png,https://d2zywfiolv4f83.cloudfront.net/img/teams/24.png,4,4
252,2,10743,24533,England Premier League,2025-2026,1903153,https://www.whoscored.com/matches/1903153/live/england-premier-league-2025-2026-fulham-leeds,Sep 2025,FT,Fulham,Leeds United,170,19,1,0,2025-09-13,https://d2zywfiolv4f83.cloudfront.net/img/teams/170.png,https://d2zywfiolv4f83.cloudfront.net/img/teams/19.png,4,4
252,2,10743,24533,England Premier League,2025-2026,1903156,https://www.whoscored.com/matches/1903156/live/england-premier-league-2025-2026-west-ham-tottenham,Sep 2025,FT,West Ham United,Tottenham Hotspur,29,30,0,3,2025-09-13,https://d2zywfiolv4f83.cloudfront.net/img/teams/29.png,https://d2zywfiolv4f83.cloudfront.net/img/teams/30.png,4,4
252,2,10743,24533,England Premier League,2025-2026,1903149,https://www.whoscored.com/matches/1903149/live/england-premier-league-2025-2026-brentford-chelsea,Sep 2025,FT,Brentford,Chelsea,189,15,2,2,2025-09-13,https://d2zywfiolv4f83.cloudfront.net/img/teams/189.png,https://d2zywfiolv4f83.cloudfront.net/img/teams/15.png,4,4
252,2,10743,24533,England Premier League,2025-2026,1903150,https://www.whoscored.com/matches/1903150/live/england-premier-league-2025-2026-burnley-liverpool,Sep 2025,FT,Burnley,Liverpool,184,26,0,1,2025-09-14,https://d2zywfiolv4f83.cloudfront.net/img/teams/184.png,https://d2zywfiolv4f83.cloudfront.net/img/teams/26.png,4,4
252,2,10743,24533,England Premier League,2025-2026,1903154,https://www.whoscored.com/matches/1903154/live/england-premier-league-2025-2026-manchester-city-manchester-united,Sep 2025,FT,Manchester City,Manchester United,167,32,3,0,2025-09-14,https://d2zywfiolv4f83.cloudfront.net/img/teams/167.png,https://d2zywfiolv4f83.cloudfront.net/img/teams/32.png,4,4
252,2,10743,24533,England Premier League,2025-2026,1903164,https://www.whoscored.com/matches/1903164/live/england-premier-league-2025-2026-liverpool-everton,Sep 2025,FT,Liverpool,Everton,26,31,2,1,2025-09-20,https://d2zywfiolv4f83.cloudfront.net/img/teams/26.png,https://d2zywfiolv4f83.cloudfront.net/img/teams/31.png,5,5
252,2,10743,24533,England Premier League,2025-2026,1903171,https://www.whoscored.com/matches/1903171/live/england-premier-league-2025-2026-west-ham-crystal-palace,Sep 2025,FT,West Ham United,Crystal Palace,29,162,1,2,2025-09-20,https://d2zywfiolv4f83.cloudfront.net/img/teams/29.png,https://d2zywfiolv4f83.cloudfront.net/img/teams/162.png,5,5
252,2,10743,24533,England Premier League,2025-2026,1903173,https://www.whoscored.com/matches/1903173/live/england-premier-league-2025-2026-wolves-leeds,Sep 2025,FT,Wolverhampton Wanderers,Leeds United,161,19,1,3,2025-09-20,https://d2zywfiolv4f83.cloudfront.net/img/teams/161.png,https://d2zywfiolv4f83.cloudfront.net/img/teams/19.png,5,5
252,2,10743,24533,England Premier League,2025-2026,1903159,https://www.whoscored.com/matches/1903159/live/england-premier-league-2025-2026-brighton-tottenham,Sep 2025,FT,Brighton & Hove Albion,Tottenham Hotspur,211,30,2,2,2025-09-20,https://d2zywfiolv4f83.cloudfront.net/img/teams/211.png,https://d2zywfiolv4f83.cloudfront.net/img/teams/30.png,5,5
252,2,10743,24533,England Premier League,2025-2026,1903160,https://www.whoscored.com/matches/1903160/live/england-premier-league-2025-2026-burnley-nottingham-forest,Sep 2025,FT,Burnley,Nottingham Forest,184,174,1,1,2025-09-20,https://d2zywfiolv4f83.cloudfront.net/img/teams/184.png,https://d2zywfiolv4f83.cloudfront.net/img/teams/174.png,5,5
252,2,10743,24533,England Premier League,2025-2026,1903167,https://www.whoscored.com/matches/1903167/live/england-premier-league-2025-2026-manchester-united-chelsea,Sep 2025,FT,Manchester United,Chelsea,32,15,2,1,2025-09-20,https://d2zywfiolv4f83.cloudfront.net/img/teams/32.png,https://d2zywfiolv4f83.cloudfront.net/img/teams/15.png,5,5
252,2,10743,24533,England Premier League,2025-2026,1903162,https://www.whoscored.com/matches/1903162/live/england-premier-league-2025-2026-fulham-brentford,Sep 2025,FT,Fulham,Brentford,170,189,3,1,2025-09-20,https://d2zywfiolv4f83.cloudfront.net/img/teams/170.png,https://d2zywfiolv4f83.cloudfront.net/img/teams/189.png,5,5
252,2,10743,24533,England Premier League,2025-2026,1903169,https://www.whoscored.com/matches/1903169/live/england-premier-league-2025-2026-sunderland-aston-villa,Sep 2025,FT,Sunderland,Aston Villa,16,24,1,1,2025-09-21,https://d2zywfiolv4f83.cloudfront.net/img/teams/16.png,https://d2zywfiolv4f83.cloudfront.net/img/teams/24.png,5,5
252,2,10743,24533,England Premier League,2025-2026,1903157,https://www.whoscored.com/matches/1903157/live/england-premier-league-2025-2026-bournemouth-newcastle,Sep 2025,FT,AFC Bournemouth,Newcastle United,183,23,0,0,2025-09-21,https://d2zywfiolv4f83.cloudfront.net/img/teams/183.png,https://d2zywfiolv4f83.cloudfront.net/img/teams/23.png,5,5
252,2,10743,24533,England Premier League,2025-2026,1903158,https://www.whoscored.com/matches/1903158/live/england-premier-league-2025-2026-arsenal-manchester-city,Sep 2025,FT,Arsenal,Manchester City,13,167,1,1,2025-09-21,https://d2zywfiolv4f83.cloudfront.net/img/teams/13.png,https://d2zywfiolv4f83.cloudfront.net/img/teams/167.png,5,5
252,2,10743,24533,England Premier League,2025-2026,1903177,https://www.whoscored.com/matches/1903177/live/england-premier-league-2025-2026-brentford-manchester-united,Sep 2025,FT,Brentford,Manchester United,189,32,3,1,2025-09-27,https://d2zywfiolv4f83.cloudfront.net/img/teams/189.png,https://d2zywfiolv4f83.cloudfront.net/img/teams/32.png,6,6
252,2,10743,24533,England Premier League,2025-2026,1903178,https://www.whoscored.com/matches/1903178/live/england-premier-league-2025-2026-chelsea-brighton,Sep 2025,FT,Chelsea,Brighton & Hove Albion,15,211,1,3,2025-09-27,https://d2zywfiolv4f83.cloudfront.net/img/teams/15.png,https://d2zywfiolv4f83.cloudfront.net/img/teams/211.png,6,6
252,2,10743,24533,England Premier League,2025-2026,1903179,https://www.whoscored.com/matches/1903179/live/england-premier-league-2025-2026-crystal-palace-liverpool,Sep 2025,FT,Crystal Palace,Liverpool,162,26,2,1,2025-09-27,https://d2zywfiolv4f83.cloudfront.net/img/teams/162.png,https://d2zywfiolv4f83.cloudfront.net/img/teams/26.png,6,6
252,2,10743,24533,England Premier League,2025-2026,1903183,https://www.whoscored.com/matches/1903183/live/england-premier-league-2025-2026-leeds-bournemouth,Sep 2025,FT,Leeds United,AFC Bournemouth,19,183,2,2,2025-09-27,https://d2zywfiolv4f83.cloudfront.net/img/teams/19.png,https://d2zywfiolv4f83.cloudfront.net/img/teams/183.png,6,6
252,2,10743,24533,England Premier League,2025-2026,1903185,https://www.whoscored.com/matches/1903185/live/england-premier-league-2025-2026-manchester-city-burnley,Sep 2025,FT,Manchester City,Burnley,167,184,5,1,2025-09-27,https://d2zywfiolv4f83.cloudfront.net/img/teams/167.png,https://d2zywfiolv4f83.cloudfront.net/img/teams/184.png,6,6
252,2,10743,24533,England Premier League,2025-2026,1903188,https://www.whoscored.com/matches/1903188/live/england-premier-league-2025-2026-nottingham-forest-sunderland,Sep 2025,FT,Nottingham Forest,Sunderland,174,16,0,1,2025-09-27,https://d2zywfiolv4f83.cloudfront.net/img/teams/174.png,https://d2zywfiolv4f83.cloudfront.net/img/teams/16.png,6,6
252,2,10743,24533,England Premier League,2025-2026,1903161,https://www.whoscored.com/matches/1903161/live/england-premier-league-2025-2026-tottenham-wolves,Sep 2025,FT,Tottenham Hotspur,Wolverhampton Wanderers,30,161,1,1,2025-09-27,https://d2zywfiolv4f83.cloudfront.net/img/teams/30.png,https://d2zywfiolv4f83.cloudfront.net/img/teams/161.png,6,6
252,2,10743,24533,England Premier League,2025-2026,1903175,https://www.whoscored.com/matches/1903175/live/england-premier-league-2025-2026-aston-villa-fulham,Sep 2025,FT,Aston Villa,Fulham,24,170,3,1,2025-09-28,https://d2zywfiolv4f83.cloudfront.net/img/teams/24.png,https://d2zywfiolv4f83.cloudfront.net/img/teams/170.png,6,6
252,2,10743,24533,England Premier League,2025-2026,1903186,https://www.whoscored.com/matches/1903186/live/england-premier-league-2025-2026-newcastle-arsenal,Sep 2025,FT,Newcastle United,Arsenal,23,13,1,2,2025-09-28,https://d2zywfiolv4f83.cloudfront.net/img/teams/23.png,https://d2zywfiolv4f83.cloudfront.net/img/teams/13.png,6,6
252,2,10743,24533,England Premier League,2025-2026,1903181,https://www.whoscored.com/matches/1903181/live/england-premier-league-2025-2026-everton-west-ham,Sep 2025,FT,Everton,West Ham United,31,29,1,1,2025-09-29,https://d2zywfiolv4f83.cloudfront.net/img/teams/31.png,https://d2zywfiolv4f83.cloudfront.net/img/teams/29.png,6,6
252,2,10743,24533,England Premier League,2025-2026,1903163,https://www.whoscored.com/matches/1903163/live/england-premier-league-2025-2026-bournemouth-fulham,Oct 2025,FT,AFC Bournemouth,Fulham,183,170,3,1,2025-10-03,https://d2zywfiolv4f83.cloudfront.net/img/teams/183.png,https://d2zywfiolv4f83.cloudfront.net/img/teams/170.png,7,7
252,2,10743,24533,England Premier League,2025-2026,1903174,https://www.whoscored.com/matches/1903174/live/england-premier-league-2025-2026-leeds-tottenham,Oct 2025,FT,Leeds United,Tottenham Hotspur,19,30,1,2,2025-10-04,https://d2zywfiolv4f83.cloudfront.net/img/teams/19.png,https://d2zywfiolv4f83.cloudfront.net/img/teams/30.png,7,7
252,2,10743,24533,England Premier League,2025-2026,1903176,https://www.whoscored.com/matches/1903176/live/england-premier-league-2025-2026-manchester-united-sunderland,Oct 2025,FT,Manchester United,Sunderland,32,16,2,0,2025-10-04,https://d2zywfiolv4f83.cloudfront.net/img/teams/32.png,https://d2zywfiolv4f83.cloudfront.net/img/teams/16.png,7,7
252,2,10743,24533,England Premier League,2025-2026,1903165,https://www.whoscored.com/matches/1903165/live/england-premier-league-2025-2026-arsenal-west-ham,Oct 2025,FT,Arsenal,West Ham United,13,29,2,0,2025-10-04,https://d2zywfiolv4f83.cloudfront.net/img/teams/13.png,https://d2zywfiolv4f83.cloudfront.net/img/teams/29.png,7,7
252,2,10743,24533,England Premier League,2025-2026,1903170,https://www.whoscored.com/matches/1903170/live/england-premier-league-2025-2026-chelsea-liverpool,Oct 2025,FT,Chelsea,Liverpool,15,26,2,1,2025-10-04,https://d2zywfiolv4f83.cloudfront.net/img/teams/15.png,https://d2zywfiolv4f83.cloudfront.net/img/teams/26.png,7,7
252,2,10743,24533,England Premier League,2025-2026,1903172,https://www.whoscored.com/matches/1903172/live/england-premier-league-2025-2026-everton-crystal-palace,Oct 2025,FT,Everton,Crystal Palace,31,162,2,1,2025-10-05,https://d2zywfiolv4f83.cloudfront.net/img/teams/31.png,https://d2zywfiolv4f83.cloudfront.net/img/teams/162.png,7,7
252,2,10743,24533,England Premier League,2025-2026,1903166,https://www.whoscored.com/matches/1903166/live/england-premier-league-2025-2026-aston-villa-burnley,Oct 2025,FT,Aston Villa,Burnley,24,184,2,1,2025-10-05,https://d2zywfiolv4f83.cloudfront.net/img/teams/24.png,https://d2zywfiolv4f83.cloudfront.net/img/teams/184.png,7,7
252,2,10743,24533,England Premier League,2025-2026,1903180,https://www.whoscored.com/matches/1903180/live/england-premier-league-2025-2026-newcastle-nottingham-forest,Oct 2025,FT,Newcastle United,Nottingham Forest,23,174,2,0,2025-10-05,https://d2zywfiolv4f83.cloudfront.net/img/teams/23.png,https://d2zywfiolv4f83.cloudfront.net/img/teams/174.png,7,7
252,2,10743,24533,England Premier League,2025-2026,1903182,https://www.whoscored.com/matches/1903182/live/england-premier-league-2025-2026-wolves-brighton,Oct 2025,FT,Wolverhampton Wanderers,Brighton & Hove Albion,161,211,1,1,2025-10-05,https://d2zywfiolv4f83.cloudfront.net/img/teams/161.png,https://d2zywfiolv4f83.cloudfront.net/img/teams/211.png,7,7
252,2,10743,24533,England Premier League,2025-2026,1903168,https://www.whoscored.com/matches/1903168/live/england-premier-league-2025-2026-brentford-manchester-city,Oct 2025,FT,Brentford,Manchester City,189,167,0,1,2025-10-05,https://d2zywfiolv4f83.cloudfront.net/img/teams/189.png,https://d2zywfiolv4f83.cloudfront.net/img/teams/167.png,7,7
252,2,10743,24533,England Premier League,2025-2026,1903193,https://www.whoscored.com/matches/1903193/live/england-premier-league-2025-2026-nottingham-forest-chelsea,Oct 2025,FT,Nottingham Forest,Chelsea,174,15,0,3,2025-10-18,https://d2zywfiolv4f83.cloudfront.net/img/teams/174.png,https://d2zywfiolv4f83.cloudfront.net/img/teams/15.png,8,8
252,2,10743,24533,England Premier League,2025-2026,1903194,https://www.whoscored.com/matches/1903194/live/england-premier-league-2025-2026-sunderland-wolves,Oct 2025,FT,Sunderland,Wolverhampton Wanderers,16,161,2,0,2025-10-18,https://d2zywfiolv4f83.cloudfront.net/img/teams/16.png,https://d2zywfiolv4f83.cloudfront.net/img/teams/161.png,8,8
252,2,10743,24533,England Premier League,2025-2026,1903184,https://www.whoscored.com/matches/1903184/live/england-premier-league-2025-2026-brighton-newcastle,Oct 2025,FT,Brighton & Hove Albion,Newcastle United,211,23,2,1,2025-10-18,https://d2zywfiolv4f83.cloudfront.net/img/teams/211.png,https://d2zywfiolv4f83.cloudfront.net/img/teams/23.png,8,8
252,2,10743,24533,England Premier League,2025-2026,1903187,https://www.whoscored.com/matches/1903187/live/england-premier-league-2025-2026-burnley-leeds,Oct 2025,FT,Burnley,Leeds United,184,19,2,0,2025-10-18,https://d2zywfiolv4f83.cloudfront.net/img/teams/184.png,https://d2zywfiolv4f83.cloudfront.net/img/teams/19.png,8,8
252,2,10743,24533,England Premier League,2025-2026,1903189,https://www.whoscored.com/matches/1903189/live/england-premier-league-2025-2026-crystal-palace-bournemouth,Oct 2025,FT,Crystal Palace,AFC Bournemouth,162,183,3,3,2025-10-18,https://d2zywfiolv4f83.cloudfront.net/img/teams/162.png,https://d2zywfiolv4f83.cloudfront.net/img/teams/183.png,8,8
252,2,10743,24533,England Premier League,2025-2026,1903192,https://www.whoscored.com/matches/1903192/live/england-premier-league-2025-2026-manchester-city-everton,Oct 2025,FT,Manchester City,Everton,167,31,2,0,2025-10-18,https://d2zywfiolv4f83.cloudfront.net/img/teams/167.png,https://d2zywfiolv4f83.cloudfront.net/img/teams/31.png,8,8
252,2,10743,24533,England Premier League,2025-2026,1903190,https://www.whoscored.com/matches/1903190/live/england-premier-league-2025-2026-fulham-arsenal,Oct 2025,FT,Fulham,Arsenal,170,13,0,1,2025-10-18,https://d2zywfiolv4f83.cloudfront.net/img/teams/170.png,https://d2zywfiolv4f83.cloudfront.net/img/teams/13.png,8,8
252,2,10743,24533,England Premier League,2025-2026,1903195,https://www.whoscored.com/matches/1903195/live/england-premier-league-2025-2026-tottenham-aston-villa,Oct 2025,FT,Tottenham Hotspur,Aston Villa,30,24,1,2,2025-10-19,https://d2zywfiolv4f83.cloudfront.net/img/teams/30.png,https://d2zywfiolv4f83.cloudfront.net/img/teams/24.png,8,8
252,2,10743,24533,England Premier League,2025-2026,1903191,https://www.whoscored.com/matches/1903191/live/england-premier-league-2025-2026-liverpool-manchester-united,Oct 2025,FT,Liverpool,Manchester United,26,32,1,2,2025-10-19,https://d2zywfiolv4f83.cloudfront.net/img/teams/26.png,https://d2zywfiolv4f83.cloudfront.net/img/teams/32.png,8,8
252,2,10743,24533,England Premier League,2025-2026,1903196,https://www.whoscored.com/matches/1903196/live/england-premier-league-2025-2026-west-ham-brentford,Oct 2025,FT,West Ham United,Brentford,29,189,0,2,2025-10-20,https://d2zywfiolv4f83.cloudfront.net/img/teams/29.png,https://d2zywfiolv4f83.cloudfront.net/img/teams/189.png,8,8
252,2,10743,24533,England Premier League,2025-2026,1903203,https://www.whoscored.com/matches/1903203/live/england-premier-league-2025-2026-leeds-west-ham,Oct 2025,FT,Leeds United,West Ham United,19,29,2,1,2025-10-24,https://d2zywfiolv4f83.cloudfront.net/img/teams/19.png,https://d2zywfiolv4f83.cloudfront.net/img/teams/29.png,9,9
252,2,10743,24533,England Premier League,2025-2026,1903201,https://www.whoscored.com/matches/1903201/live/england-premier-league-2025-2026-chelsea-sunderland,Oct 2025,FT,Chelsea,Sunderland,15,16,1,2,2025-10-25,https://d2zywfiolv4f83.cloudfront.net/img/teams/15.png,https://d2zywfiolv4f83.cloudfront.net/img/teams/16.png,9,9
252,2,10743,24533,England Premier League,2025-2026,1903205,https://www.whoscored.com/matches/1903205/live/england-premier-league-2025-2026-newcastle-fulham,Oct 2025,FT,Newcastle United,Fulham,23,170,2,1,2025-10-25,https://d2zywfiolv4f83.cloudfront.net/img/teams/23.png,https://d2zywfiolv4f83.cloudfront.net/img/teams/170.png,9,9
252,2,10743,24533,England Premier League,2025-2026,1903204,https://www.whoscored.com/matches/1903204/live/england-premier-league-2025-2026-manchester-united-brighton,Oct 2025,FT,Manchester United,Brighton & Hove Albion,32,211,4,2,2025-10-25,https://d2zywfiolv4f83.cloudfront.net/img/teams/32.png,https://d2zywfiolv4f83.cloudfront.net/img/teams/211.png,9,9
252,2,10743,24533,England Premier League,2025-2026,1903200,https://www.whoscored.com/matches/1903200/live/england-premier-league-2025-2026-brentford-liverpool,Oct 2025,FT,Brentford,Liverpool,189,26,3,2,2025-10-25,https://d2zywfiolv4f83.cloudfront.net/img/teams/189.png,https://d2zywfiolv4f83.cloudfront.net/img/teams/26.png,9,9
252,2,10743,24533,England Premier League,2025-2026,1903206,https://www.whoscored.com/matches/1903206/live/england-premier-league-2025-2026-wolves-burnley,Oct 2025,FT,Wolverhampton Wanderers,Burnley,161,184,2,3,2025-10-26,https://d2zywfiolv4f83.cloudfront.net/img/teams/161.png,https://d2zywfiolv4f83.cloudfront.net/img/teams/184.png,9,9
252,2,10743,24533,England Premier League,2025-2026,1903197,https://www.whoscored.com/matches/1903197/live/england-premier-league-2025-2026-bournemouth-nottingham-forest,Oct 2025,FT,AFC Bournemouth,Nottingham Forest,183,174,2,0,2025-10-26,https://d2zywfiolv4f83.cloudfront.net/img/teams/183.png,https://d2zywfiolv4f83.cloudfront.net/img/teams/174.png,9,9
252,2,10743,24533,England Premier League,2025-2026,1903198,https://www.whoscored.com/matches/1903198/live/england-premier-league-2025-2026-arsenal-crystal-palace,Oct 2025,FT,Arsenal,Crystal Palace,13,162,1,0,2025-10-26,https://d2zywfiolv4f83.cloudfront.net/img/teams/13.png,https://d2zywfiolv4f83.cloudfront.net/img/teams/162.png,9,9
252,2,10743,24533,England Premier League,2025-2026,1903199,https://www.whoscored.com/matches/1903199/live/england-premier-league-2025-2026-aston-villa-manchester-city,Oct 2025,FT,Aston Villa,Manchester City,24,167,1,0,2025-10-26,https://d2zywfiolv4f83.cloudfront.net/img/teams/24.png,https://d2zywfiolv4f83.cloudfront.net/img/teams/167.png,9,9
252,2,10743,24533,England Premier League,2025-2026,1903202,https://www.whoscored.com/matches/1903202/live/england-premier-league-2025-2026-everton-tottenham,Oct 2025,FT,Everton,Tottenham Hotspur,31,30,0,3,2025-10-26,https://d2zywfiolv4f83.cloudfront.net/img/teams/31.png,https://d2zywfiolv4f83.cloudfront.net/img/teams/30.png,9,9
252,2,10743,24533,England Premier League,2025-2026,1903207,https://www.whoscored.com/matches/1903207/live/england-premier-league-2025-2026-brighton-leeds,Nov 2025,FT,Brighton & Hove Albion,Leeds United,211,19,3,0,2025-11-01,https://d2zywfiolv4f83.cloudfront.net/img/teams/211.png,https://d2zywfiolv4f83.cloudfront.net/img/teams/19.png,10,10
252,2,10743,24533,England Premier League,2025-2026,1903208,https://www.whoscored.com/matches/1903208/live/england-premier-league-2025-2026-burnley-arsenal,Nov 2025,FT,Burnley,Arsenal,184,13,0,2,2025-11-01,https://d2zywfiolv4f83.cloudfront.net/img/teams/184.png,https://d2zywfiolv4f83.cloudfront.net/img/teams/13.png,10,10
252,2,10743,24533,England Premier League,2025-2026,1903209,https://www.whoscored.com/matches/1903209/live/england-premier-league-2025-2026-crystal-palace-brentford,Nov 2025,FT,Crystal Palace,Brentford,162,189,2,0,2025-11-01,https://d2zywfiolv4f83.cloudfront.net/img/teams/162.png,https://d2zywfiolv4f83.cloudfront.net/img/teams/189.png,10,10
252,2,10743,24533,England Premier League,2025-2026,1903210,https://www.whoscored.com/matches/1903210/live/england-premier-league-2025-2026-fulham-wolves,Nov 2025,FT,Fulham,Wolverhampton Wanderers,170,161,3,0,2025-11-01,https://d2zywfiolv4f83.cloudfront.net/img/teams/170.png,https://d2zywfiolv4f83.cloudfront.net/img/teams/161.png,10,10
252,2,10743,24533,England Premier League,2025-2026,1903213,https://www.whoscored.com/matches/1903213/live/england-premier-league-2025-2026-nottingham-forest-manchester-united,Nov 2025,FT,Nottingham Forest,Manchester United,174,32,2,2,2025-11-01,https://d2zywfiolv4f83.cloudfront.net/img/teams/174.png,https://d2zywfiolv4f83.cloudfront.net/img/teams/32.png,10,10
252,2,10743,24533,England Premier League,2025-2026,1903215,https://www.whoscored.com/matches/1903215/live/england-premier-league-2025-2026-tottenham-chelsea,Nov 2025,FT,Tottenham Hotspur,Chelsea,30,15,0,1,2025-11-01,https://d2zywfiolv4f83.cloudfront.net/img/teams/30.png,https://d2zywfiolv4f83.cloudfront.net/img/teams/15.png,10,10
252,2,10743,24533,England Premier League,2025-2026,1903211,https://www.whoscored.com/matches/1903211/live/england-premier-league-2025-2026-liverpool-aston-villa,Nov 2025,FT,Liverpool,Aston Villa,26,24,2,0,2025-11-01,https://d2zywfiolv4f83.cloudfront.net/img/teams/26.png,https://d2zywfiolv4f83.cloudfront.net/img/teams/24.png,10,10
252,2,10743,24533,England Premier League,2025-2026,1903216,https://www.whoscored.com/matches/1903216/live/england-premier-league-2025-2026-west-ham-newcastle,Nov 2025,FT,West Ham United,Newcastle United,29,23,3,1,2025-11-02,https://d2zywfiolv4f83.cloudfront.net/img/teams/29.png,https://d2zywfiolv4f83.cloudfront.net/img/teams/23.png,10,10
252,2,10743,24533,England Premier League,2025-2026,1903212,https://www.whoscored.com/matches/1903212/live/england-premier-league-2025-2026-manchester-city-bournemouth,Nov 2025,FT,Manchester City,AFC Bournemouth,167,183,3,1,2025-11-02,https://d2zywfiolv4f83.cloudfront.net/img/teams/167.png,https://d2zywfiolv4f83.cloudfront.net/img/teams/183.png,10,10
252,2,10743,24533,England Premier League,2025-2026,1903214,https://www.whoscored.com/matches/1903214/live/england-premier-league-2025-2026-sunderland-everton,Nov 2025,FT,Sunderland,Everton,16,31,1,1,2025-11-03,https://d2zywfiolv4f83.cloudfront.net/img/teams/16.png,https://d2zywfiolv4f83.cloudfront.net/img/teams/31.png,10,10
252,2,10743,24533,England Premier League,2025-2026,1903225,https://www.whoscored.com/matches/1903225/live/england-premier-league-2025-2026-tottenham-manchester-united,Nov 2025,FT,Tottenham Hotspur,Manchester United,30,32,2,2,2025-11-08,https://d2zywfiolv4f83.cloudfront.net/img/teams/30.png,https://d2zywfiolv4f83.cloudfront.net/img/teams/32.png,11,11
252,2,10743,24533,England Premier League,2025-2026,1903226,https://www.whoscored.com/matches/1903226/live/england-premier-league-2025-2026-west-ham-burnley,Nov 2025,FT,West Ham United,Burnley,29,184,3,2,2025-11-08,https://d2zywfiolv4f83.cloudfront.net/img/teams/29.png,https://d2zywfiolv4f83.cloudfront.net/img/teams/184.png,11,11
252,2,10743,24533,England Premier League,2025-2026,1903221,https://www.whoscored.com/matches/1903221/live/england-premier-league-2025-2026-everton-fulham,Nov 2025,FT,Everton,Fulham,31,170,2,0,2025-11-08,https://d2zywfiolv4f83.cloudfront.net/img/teams/31.png,https://d2zywfiolv4f83.cloudfront.net/img/teams/170.png,11,11
252,2,10743,24533,England Premier League,2025-2026,1903224,https://www.whoscored.com/matches/1903224/live/england-premier-league-2025-2026-sunderland-arsenal,Nov 2025,FT,Sunderland,Arsenal,16,13,2,2,2025-11-08,https://d2zywfiolv4f83.cloudfront.net/img/teams/16.png,https://d2zywfiolv4f83.cloudfront.net/img/teams/13.png,11,11
252,2,10743,24533,England Premier League,2025-2026,1903219,https://www.whoscored.com/matches/1903219/live/england-premier-league-2025-2026-chelsea-wolves,Nov 2025,FT,Chelsea,Wolverhampton Wanderers,15,161,3,0,2025-11-08,https://d2zywfiolv4f83.cloudfront.net/img/teams/15.png,https://d2zywfiolv4f83.cloudfront.net/img/teams/161.png,11,11
252,2,10743,24533,England Premier League,2025-2026,1903220,https://www.whoscored.com/matches/1903220/live/england-premier-league-2025-2026-crystal-palace-brighton,Nov 2025,FT,Crystal Palace,Brighton & Hove Albion,162,211,0,0,2025-11-09,https://d2zywfiolv4f83.cloudfront.net/img/teams/162.png,https://d2zywfiolv4f83.cloudfront.net/img/teams/211.png,11,11
252,2,10743,24533,England Premier League,2025-2026,1903223,https://www.whoscored.com/matches/1903223/live/england-premier-league-2025-2026-nottingham-forest-leeds,Nov 2025,FT,Nottingham Forest,Leeds United,174,19,3,1,2025-11-09,https://d2zywfiolv4f83.cloudfront.net/img/teams/174.png,https://d2zywfiolv4f83.cloudfront.net/img/teams/19.png,11,11
252,2,10743,24533,England Premier League,2025-2026,1903217,https://www.whoscored.com/matches/1903217/live/england-premier-league-2025-2026-aston-villa-bournemouth,Nov 2025,FT,Aston Villa,AFC Bournemouth,24,183,4,0,2025-11-09,https://d2zywfiolv4f83.cloudfront.net/img/teams/24.png,https://d2zywfiolv4f83.cloudfront.net/img/teams/183.png,11,11
252,2,10743,24533,England Premier League,2025-2026,1903218,https://www.whoscored.com/matches/1903218/live/england-premier-league-2025-2026-brentford-newcastle,Nov 2025,FT,Brentford,Newcastle United,189,23,3,1,2025-11-09,https://d2zywfiolv4f83.cloudfront.net/img/teams/189.png,https://d2zywfiolv4f83.cloudfront.net/img/teams/23.png,11,11
252,2,10743,24533,England Premier League,2025-2026,1903222,https://www.whoscored.com/matches/1903222/live/england-premier-league-2025-2026-manchester-city-liverpool,Nov 2025,FT,Manchester City,Liverpool,167,26,3,0,2025-11-09,https://d2zywfiolv4f83.cloudfront.net/img/teams/167.png,https://d2zywfiolv4f83.cloudfront.net/img/teams/26.png,11,11
252,2,10743,24533,England Premier League,2025-2026,1903230,https://www.whoscored.com/matches/1903230/live/england-premier-league-2025-2026-burnley-chelsea,Nov 2025,FT,Burnley,Chelsea,184,15,0,2,2025-11-22,https://d2zywfiolv4f83.cloudfront.net/img/teams/184.png,https://d2zywfiolv4f83.cloudfront.net/img/teams/15.png,12,12
252,2,10743,24533,England Premier League,2025-2026,1903231,https://www.whoscored.com/matches/1903231/live/england-premier-league-2025-2026-fulham-sunderland,Nov 2025,FT,Fulham,Sunderland,170,16,1,0,2025-11-22,https://d2zywfiolv4f83.cloudfront.net/img/teams/170.png,https://d2zywfiolv4f83.cloudfront.net/img/teams/16.png,12,12
252,2,10743,24533,England Premier League,2025-2026,1903233,https://www.whoscored.com/matches/1903233/live/england-premier-league-2025-2026-liverpool-nottingham-forest,Nov 2025,FT,Liverpool,Nottingham Forest,26,174,0,3,2025-11-22,https://d2zywfiolv4f83.cloudfront.net/img/teams/26.png,https://d2zywfiolv4f83.cloudfront.net/img/teams/174.png,12,12
252,2,10743,24533,England Premier League,2025-2026,1903227,https://www.whoscored.com/matches/1903227/live/england-premier-league-2025-2026-bournemouth-west-ham,Nov 2025,FT,AFC Bournemouth,West Ham United,183,29,2,2,2025-11-22,https://d2zywfiolv4f83.cloudfront.net/img/teams/183.png,https://d2zywfiolv4f83.cloudfront.net/img/teams/29.png,12,12
252,2,10743,24533,England Premier League,2025-2026,1903229,https://www.whoscored.com/matches/1903229/live/england-premier-league-2025-2026-brighton-brentford,Nov 2025,FT,Brighton & Hove Albion,Brentford,211,189,2,1,2025-11-22,https://d2zywfiolv4f83.cloudfront.net/img/teams/211.png,https://d2zywfiolv4f83.cloudfront.net/img/teams/189.png,12,12
252,2,10743,24533,England Premier League,2025-2026,1903236,https://www.whoscored.com/matches/1903236/live/england-premier-league-2025-2026-wolves-crystal-palace,Nov 2025,FT,Wolverhampton Wanderers,Crystal Palace,161,162,0,2,2025-11-22,https://d2zywfiolv4f83.cloudfront.net/img/teams/161.png,https://d2zywfiolv4f83.cloudfront.net/img/teams/162.png,12,12
252,2,10743,24533,England Premier League,2025-2026,1903235,https://www.whoscored.com/matches/1903235/live/england-premier-league-2025-2026-newcastle-manchester-city,Nov 2025,FT,Newcastle United,Manchester City,23,167,2,1,2025-11-22,https://d2zywfiolv4f83.cloudfront.net/img/teams/23.png,https://d2zywfiolv4f83.cloudfront.net/img/teams/167.png,12,12
252,2,10743,24533,England Premier League,2025-2026,1903232,https://www.whoscored.com/matches/1903232/live/england-premier-league-2025-2026-leeds-aston-villa,Nov 2025,FT,Leeds United,Aston Villa,19,24,1,2,2025-11-23,https://d2zywfiolv4f83.cloudfront.net/img/teams/19.png,https://d2zywfiolv4f83.cloudfront.net/img/teams/24.png,12,12
252,2,10743,24533,England Premier League,2025-2026,1903228,https://www.whoscored.com/matches/1903228/live/england-premier-league-2025-2026-arsenal-tottenham,Nov 2025,FT,Arsenal,Tottenham Hotspur,13,30,4,1,2025-11-23,https://d2zywfiolv4f83.cloudfront.net/img/teams/13.png,https://d2zywfiolv4f83.cloudfront.net/img/teams/30.png,12,12
252,2,10743,24533,England Premier League,2025-2026,1903234,https://www.whoscored.com/matches/1903234/live/england-premier-league-2025-2026-manchester-united-everton,Nov 2025,FT,Manchester United,Everton,32,31,0,1,2025-11-24,https://d2zywfiolv4f83.cloudfront.net/img/teams/32.png,https://d2zywfiolv4f83.cloudfront.net/img/teams/31.png,12,12
252,2,10743,24533,England Premier League,2025-2026,1903238,https://www.whoscored.com/matches/1903238/live/england-premier-league-2025-2026-brentford-burnley,Nov 2025,FT,Brentford,Burnley,189,184,3,1,2025-11-29,https://d2zywfiolv4f83.cloudfront.net/img/teams/189.png,https://d2zywfiolv4f83.cloudfront.net/img/teams/184.png,13,13
252,2,10743,24533,England Premier League,2025-2026,1903242,https://www.whoscored.com/matches/1903242/live/england-premier-league-2025-2026-manchester-city-leeds,Nov 2025,FT,Manchester City,Leeds United,167,19,3,2,2025-11-29,https://d2zywfiolv4f83.cloudfront.net/img/teams/167.png,https://d2zywfiolv4f83.cloudfront.net/img/teams/19.png,13,13
252,2,10743,24533,England Premier League,2025-2026,1903244,https://www.whoscored.com/matches/1903244/live/england-premier-league-2025-2026-sunderland-bournemouth,Nov 2025,FT,Sunderland,AFC Bournemouth,16,183,3,2,2025-11-29,https://d2zywfiolv4f83.cloudfront.net/img/teams/16.png,https://d2zywfiolv4f83.cloudfront.net/img/teams/183.png,13,13
252,2,10743,24533,England Premier League,2025-2026,1903241,https://www.whoscored.com/matches/1903241/live/england-premier-league-2025-2026-everton-newcastle,Nov 2025,FT,Everton,Newcastle United,31,23,1,4,2025-11-29,https://d2zywfiolv4f83.cloudfront.net/img/teams/31.png,https://d2zywfiolv4f83.cloudfront.net/img/teams/23.png,13,13
252,2,10743,24533,England Premier League,2025-2026,1903245,https://www.whoscored.com/matches/1903245/live/england-premier-league-2025-2026-tottenham-fulham,Nov 2025,FT,Tottenham Hotspur,Fulham,30,170,1,2,2025-11-29,https://d2zywfiolv4f83.cloudfront.net/img/teams/30.png,https://d2zywfiolv4f83.cloudfront.net/img/teams/170.png,13,13
252,2,10743,24533,England Premier League,2025-2026,1903240,https://www.whoscored.com/matches/1903240/live/england-premier-league-2025-2026-crystal-palace-manchester-united,Nov 2025,FT,Crystal Palace,Manchester United,162,32,1,2,2025-11-30,https://d2zywfiolv4f83.cloudfront.net/img/teams/162.png,https://d2zywfiolv4f83.cloudfront.net/img/teams/32.png,13,13
252,2,10743,24533,England Premier League,2025-2026,1903237,https://www.whoscored.com/matches/1903237/live/england-premier-league-2025-2026-aston-villa-wolves,Nov 2025,FT,Aston Villa,Wolverhampton Wanderers,24,161,1,0,2025-11-30,https://d2zywfiolv4f83.cloudfront.net/img/teams/24.png,https://d2zywfiolv4f83.cloudfront.net/img/teams/161.png,13,13
252,2,10743,24533,England Premier League,2025-2026,1903246,https://www.whoscored.com/matches/1903246/live/england-premier-league-2025-2026-west-ham-liverpool,Nov 2025,FT,West Ham United,Liverpool,29,26,0,2,2025-11-30,https://d2zywfiolv4f83.cloudfront.net/img/teams/29.png,https://d2zywfiolv4f83.cloudfront.net/img/teams/26.png,13,13
252,2,10743,24533,England Premier League,2025-2026,1903243,https://www.whoscored.com/matches/1903243/live/england-premier-league-2025-2026-nottingham-forest-brighton,Nov 2025,FT,Nottingham Forest,Brighton & Hove Albion,174,211,0,2,2025-11-30,https://d2zywfiolv4f83.cloudfront.net/img/teams/174.png,https://d2zywfiolv4f83.cloudfront.net/img/teams/211.png,13,13
252,2,10743,24533,England Premier League,2025-2026,1903239,https://www.whoscored.com/matches/1903239/live/england-premier-league-2025-2026-chelsea-arsenal,Nov 2025,FT,Chelsea,Arsenal,15,13,1,1,2025-11-30,https://d2zywfiolv4f83.cloudfront.net/img/teams/15.png,https://d2zywfiolv4f83.cloudfront.net/img/teams/13.png,13,13
252,2,10743,24533,England Premier League,2025-2026,1903247,https://www.whoscored.com/matches/1903247/live/england-premier-league-2025-2026-bournemouth-everton,Dec 2025,FT,AFC Bournemouth,Everton,183,31,0,1,2025-12-02,https://d2zywfiolv4f83.cloudfront.net/img/teams/183.png,https://d2zywfiolv4f83.cloudfront.net/img/teams/31.png,14,14
252,2,10743,24533,England Premier League,2025-2026,1903251,https://www.whoscored.com/matches/1903251/live/england-premier-league-2025-2026-fulham-manchester-city,Dec 2025,FT,Fulham,Manchester City,170,167,4,5,2025-12-02,https://d2zywfiolv4f83.cloudfront.net/img/teams/170.png,https://d2zywfiolv4f83.cloudfront.net/img/teams/167.png,14,14
252,2,10743,24533,England Premier League,2025-2026,1903255,https://www.whoscored.com/matches/1903255/live/england-premier-league-2025-2026-newcastle-tottenham,Dec 2025,FT,Newcastle United,Tottenham Hotspur,23,30,2,2,2025-12-02,https://d2zywfiolv4f83.cloudfront.net/img/teams/23.png,https://d2zywfiolv4f83.cloudfront.net/img/teams/30.png,14,14
252,2,10743,24533,England Premier League,2025-2026,1903256,https://www.whoscored.com/matches/1903256/live/england-premier-league-2025-2026-wolves-nottingham-forest,Dec 2025,FT,Wolverhampton Wanderers,Nottingham Forest,161,174,0,1,2025-12-03,https://d2zywfiolv4f83.cloudfront.net/img/teams/161.png,https://d2zywfiolv4f83.cloudfront.net/img/teams/174.png,14,14
252,2,10743,24533,England Premier League,2025-2026,1903248,https://www.whoscored.com/matches/1903248/live/england-premier-league-2025-2026-arsenal-brentford,Dec 2025,FT,Arsenal,Brentford,13,189,2,0,2025-12-03,https://d2zywfiolv4f83.cloudfront.net/img/teams/13.png,https://d2zywfiolv4f83.cloudfront.net/img/teams/189.png,14,14
252,2,10743,24533,England Premier League,2025-2026,1903249,https://www.whoscored.com/matches/1903249/live/england-premier-league-2025-2026-brighton-aston-villa,Dec 2025,FT,Brighton & Hove Albion,Aston Villa,211,24,3,4,2025-12-03,https://d2zywfiolv4f83.cloudfront.net/img/teams/211.png,https://d2zywfiolv4f83.cloudfront.net/img/teams/24.png,14,14
252,2,10743,24533,England Premier League,2025-2026,1903250,https://www.whoscored.com/matches/1903250/live/england-premier-league-2025-2026-burnley-crystal-palace,Dec 2025,FT,Burnley,Crystal Palace,184,162,0,1,2025-12-03,https://d2zywfiolv4f83.cloudfront.net/img/teams/184.png,https://d2zywfiolv4f83.cloudfront.net/img/teams/162.png,14,14
252,2,10743,24533,England Premier League,2025-2026,1903252,https://www.whoscored.com/matches/1903252/live/england-premier-league-2025-2026-leeds-chelsea,Dec 2025,FT,Leeds United,Chelsea,19,15,3,1,2025-12-03,https://d2zywfiolv4f83.cloudfront.net/img/teams/19.png,https://d2zywfiolv4f83.cloudfront.net/img/teams/15.png,14,14
252,2,10743,24533,England Premier League,2025-2026,1903253,https://www.whoscored.com/matches/1903253/live/england-premier-league-2025-2026-liverpool-sunderland,Dec 2025,FT,Liverpool,Sunderland,26,16,1,1,2025-12-03,https://d2zywfiolv4f83.cloudfront.net/img/teams/26.png,https://d2zywfiolv4f83.cloudfront.net/img/teams/16.png,14,14
252,2,10743,24533,England Premier League,2025-2026,1903254,https://www.whoscored.com/matches/1903254/live/england-premier-league-2025-2026-manchester-united-west-ham,Dec 2025,FT,Manchester United,West Ham United,32,29,1,1,2025-12-04,https://d2zywfiolv4f83.cloudfront.net/img/teams/32.png,https://d2zywfiolv4f83.cloudfront.net/img/teams/29.png,14,14
252,2,10743,24533,England Premier League,2025-2026,1903258,https://www.whoscored.com/matches/1903258/live/england-premier-league-2025-2026-aston-villa-arsenal,Dec 2025,FT,Aston Villa,Arsenal,24,13,2,1,2025-12-06,https://d2zywfiolv4f83.cloudfront.net/img/teams/24.png,https://d2zywfiolv4f83.cloudfront.net/img/teams/13.png,15,15
252,2,10743,24533,England Premier League,2025-2026,1903257,https://www.whoscored.com/matches/1903257/live/england-premier-league-2025-2026-bournemouth-chelsea,Dec 2025,FT,AFC Bournemouth,Chelsea,183,15,0,0,2025-12-06,https://d2zywfiolv4f83.cloudfront.net/img/teams/183.png,https://d2zywfiolv4f83.cloudfront.net/img/teams/15.png,15,15
252,2,10743,24533,England Premier League,2025-2026,1903480,https://www.whoscored.com/matches/1903480/live/england-premier-league-2025-2026-manchester-city-sunderland,Dec 2025,FT,Manchester City,Sunderland,167,16,3,0,2025-12-06,https://d2zywfiolv4f83.cloudfront.net/img/teams/167.png,https://d2zywfiolv4f83.cloudfront.net/img/teams/16.png,15,15
252,2,10743,24533,England Premier League,2025-2026,1903481,https://www.whoscored.com/matches/1903481/live/england-premier-league-2025-2026-newcastle-burnley,Dec 2025,FT,Newcastle United,Burnley,23,184,2,1,2025-12-06,https://d2zywfiolv4f83.cloudfront.net/img/teams/23.png,https://d2zywfiolv4f83.cloudfront.net/img/teams/184.png,15,15
252,2,10743,24533,England Premier League,2025-2026,1903482,https://www.whoscored.com/matches/1903482/live/england-premier-league-2025-2026-tottenham-brentford,Dec 2025,FT,Tottenham Hotspur,Brentford,30,189,2,0,2025-12-06,https://d2zywfiolv4f83.cloudfront.net/img/teams/30.png,https://d2zywfiolv4f83.cloudfront.net/img/teams/189.png,15,15
252,2,10743,24533,England Premier League,2025-2026,1903477,https://www.whoscored.com/matches/1903477/live/england-premier-league-2025-2026-everton-nottingham-forest,Dec 2025,FT,Everton,Nottingham Forest,31,174,3,0,2025-12-06,https://d2zywfiolv4f83.cloudfront.net/img/teams/31.png,https://d2zywfiolv4f83.cloudfront.net/img/teams/174.png,15,15
252,2,10743,24533,England Premier League,2025-2026,1903479,https://www.whoscored.com/matches/1903479/live/england-premier-league-2025-2026-leeds-liverpool,Dec 2025,FT,Leeds United,Liverpool,19,26,3,3,2025-12-06,https://d2zywfiolv4f83.cloudfront.net/img/teams/19.png,https://d2zywfiolv4f83.cloudfront.net/img/teams/26.png,15,15
252,2,10743,24533,England Premier League,2025-2026,1903476,https://www.whoscored.com/matches/1903476/live/england-premier-league-2025-2026-brighton-west-ham,Dec 2025,FT,Brighton & Hove Albion,West Ham United,211,29,1,1,2025-12-07,https://d2zywfiolv4f83.cloudfront.net/img/teams/211.png,https://d2zywfiolv4f83.cloudfront.net/img/teams/29.png,15,15
252,2,10743,24533,England Premier League,2025-2026,1903478,https://www.whoscored.com/matches/1903478/live/england-premier-league-2025-2026-fulham-crystal-palace,Dec 2025,FT,Fulham,Crystal Palace,170,162,1,2,2025-12-07,https://d2zywfiolv4f83.cloudfront.net/img/teams/170.png,https://d2zywfiolv4f83.cloudfront.net/img/teams/162.png,15,15
252,2,10743,24533,England Premier League,2025-2026,1903483,https://www.whoscored.com/matches/1903483/live/england-premier-league-2025-2026-wolves-manchester-united,Dec 2025,FT,Wolverhampton Wanderers,Manchester United,161,32,1,4,2025-12-08,https://d2zywfiolv4f83.cloudfront.net/img/teams/161.png,https://d2zywfiolv4f83.cloudfront.net/img/teams/32.png,15,15
252,2,10743,24533,England Premier League,2025-2026,1903487,https://www.whoscored.com/matches/1903487/live/england-premier-league-2025-2026-chelsea-everton,Dec 2025,FT,Chelsea,Everton,15,31,2,0,2025-12-13,https://d2zywfiolv4f83.cloudfront.net/img/teams/15.png,https://d2zywfiolv4f83.cloudfront.net/img/teams/31.png,16,16
252,2,10743,24533,England Premier League,2025-2026,1903489,https://www.whoscored.com/matches/1903489/live/england-premier-league-2025-2026-liverpool-brighton,Dec 2025,FT,Liverpool,Brighton & Hove Albion,26,211,2,0,2025-12-13,https://d2zywfiolv4f83.cloudfront.net/img/teams/26.png,https://d2zywfiolv4f83.cloudfront.net/img/teams/211.png,16,16
252,2,10743,24533,England Premier League,2025-2026,1903486,https://www.whoscored.com/matches/1903486/live/england-premier-league-2025-2026-burnley-fulham,Dec 2025,FT,Burnley,Fulham,184,170,2,3,2025-12-13,https://d2zywfiolv4f83.cloudfront.net/img/teams/184.png,https://d2zywfiolv4f83.cloudfront.net/img/teams/170.png,16,16
252,2,10743,24533,England Premier League,2025-2026,1903484,https://www.whoscored.com/matches/1903484/live/england-premier-league-2025-2026-arsenal-wolves,Dec 2025,FT,Arsenal,Wolverhampton Wanderers,13,161,2,1,2025-12-13,https://d2zywfiolv4f83.cloudfront.net/img/teams/13.png,https://d2zywfiolv4f83.cloudfront.net/img/teams/161.png,16,16
252,2,10743,24533,England Premier League,2025-2026,1903488,https://www.whoscored.com/matches/1903488/live/england-premier-league-2025-2026-crystal-palace-manchester-city,Dec 2025,FT,Crystal Palace,Manchester City,162,167,0,3,2025-12-14,https://d2zywfiolv4f83.cloudfront.net/img/teams/162.png,https://d2zywfiolv4f83.cloudfront.net/img/teams/167.png,16,16
252,2,10743,24533,England Premier League,2025-2026,1903491,https://www.whoscored.com/matches/1903491/live/england-premier-league-2025-2026-nottingham-forest-tottenham,Dec 2025,FT,Nottingham Forest,Tottenham Hotspur,174,30,3,0,2025-12-14,https://d2zywfiolv4f83.cloudfront.net/img/teams/174.png,https://d2zywfiolv4f83.cloudfront.net/img/teams/30.png,16,16
252,2,10743,24533,England Premier League,2025-2026,1903492,https://www.whoscored.com/matches/1903492/live/england-premier-league-2025-2026-sunderland-newcastle,Dec 2025,FT,Sunderland,Newcastle United,16,23,1,0,2025-12-14,https://d2zywfiolv4f83.cloudfront.net/img/teams/16.png,https://d2zywfiolv4f83.cloudfront.net/img/teams/23.png,16,16
252,2,10743,24533,England Premier League,2025-2026,1903493,https://www.whoscored.com/matches/1903493/live/england-premier-league-2025-2026-west-ham-aston-villa,Dec 2025,FT,West Ham United,Aston Villa,29,24,2,3,2025-12-14,https://d2zywfiolv4f83.cloudfront.net/img/teams/29.png,https://d2zywfiolv4f83.cloudfront.net/img/teams/24.png,16,16
252,2,10743,24533,England Premier League,2025-2026,1903485,https://www.whoscored.com/matches/1903485/live/england-premier-league-2025-2026-brentford-leeds,Dec 2025,FT,Brentford,Leeds United,189,19,1,1,2025-12-14,https://d2zywfiolv4f83.cloudfront.net/img/teams/189.png,https://d2zywfiolv4f83.cloudfront.net/img/teams/19.png,16,16
252,2,10743,24533,England Premier League,2025-2026,1903490,https://www.whoscored.com/matches/1903490/live/england-premier-league-2025-2026-manchester-united-bournemouth,Dec 2025,FT,Manchester United,AFC Bournemouth,32,183,4,4,2025-12-15,https://d2zywfiolv4f83.cloudfront.net/img/teams/32.png,https://d2zywfiolv4f83.cloudfront.net/img/teams/183.png,16,16
252,2,10743,24533,England Premier League,2025-2026,1903293,https://www.whoscored.com/matches/1903293/live/england-premier-league-2025-2026-newcastle-chelsea,Dec 2025,FT,Newcastle United,Chelsea,23,15,2,2,2025-12-20,https://d2zywfiolv4f83.cloudfront.net/img/teams/23.png,https://d2zywfiolv4f83.cloudfront.net/img/teams/15.png,17,17
252,2,10743,24533,England Premier League,2025-2026,1903299,https://www.whoscored.com/matches/1903299/live/england-premier-league-2025-2026-wolves-brentford,Dec 2025,FT,Wolverhampton Wanderers,Brentford,161,189,0,2,2025-12-20,https://d2zywfiolv4f83.cloudfront.net/img/teams/161.png,https://d2zywfiolv4f83.cloudfront.net/img/teams/189.png,17,17
252,2,10743,24533,England Premier League,2025-2026,1903290,https://www.whoscored.com/matches/1903290/live/england-premier-league-2025-2026-manchester-city-west-ham,Dec 2025,FT,Manchester City,West Ham United,167,29,3,0,2025-12-20,https://d2zywfiolv4f83.cloudfront.net/img/teams/167.png,https://d2zywfiolv4f83.cloudfront.net/img/teams/29.png,17,17
252,2,10743,24533,England Premier League,2025-2026,1903494,https://www.whoscored.com/matches/1903494/live/england-premier-league-2025-2026-bournemouth-burnley,Dec 2025,FT,AFC Bournemouth,Burnley,183,184,1,1,2025-12-20,https://d2zywfiolv4f83.cloudfront.net/img/teams/183.png,https://d2zywfiolv4f83.cloudfront.net/img/teams/184.png,17,17
252,2,10743,24533,England Premier League,2025-2026,1903496,https://www.whoscored.com/matches/1903496/live/england-premier-league-2025-2026-brighton-sunderland,Dec 2025,FT,Brighton & Hove Albion,Sunderland,211,16,0,0,2025-12-20,https://d2zywfiolv4f83.cloudfront.net/img/teams/211.png,https://d2zywfiolv4f83.cloudfront.net/img/teams/16.png,17,17
252,2,10743,24533,England Premier League,2025-2026,1903296,https://www.whoscored.com/matches/1903296/live/england-premier-league-2025-2026-tottenham-liverpool,Dec 2025,FT,Tottenham Hotspur,Liverpool,30,26,1,2,2025-12-20,https://d2zywfiolv4f83.cloudfront.net/img/teams/30.png,https://d2zywfiolv4f83.cloudfront.net/img/teams/26.png,17,17
252,2,10743,24533,England Premier League,2025-2026,1903287,https://www.whoscored.com/matches/1903287/live/england-premier-league-2025-2026-leeds-crystal-palace,Dec 2025,FT,Leeds United,Crystal Palace,19,162,4,1,2025-12-20,https://d2zywfiolv4f83.cloudfront.net/img/teams/19.png,https://d2zywfiolv4f83.cloudfront.net/img/teams/162.png,17,17
252,2,10743,24533,England Premier League,2025-2026,1903281,https://www.whoscored.com/matches/1903281/live/england-premier-league-2025-2026-everton-arsenal,Dec 2025,FT,Everton,Arsenal,31,13,0,1,2025-12-20,https://d2zywfiolv4f83.cloudfront.net/img/teams/31.png,https://d2zywfiolv4f83.cloudfront.net/img/teams/13.png,17,17
252,2,10743,24533,England Premier League,2025-2026,1903495,https://www.whoscored.com/matches/1903495/live/england-premier-league-2025-2026-aston-villa-manchester-united,Dec 2025,FT,Aston Villa,Manchester United,24,32,2,1,2025-12-21,https://d2zywfiolv4f83.cloudfront.net/img/teams/24.png,https://d2zywfiolv4f83.cloudfront.net/img/teams/32.png,17,17
252,2,10743,24533,England Premier League,2025-2026,1903284,https://www.whoscored.com/matches/1903284/live/england-premier-league-2025-2026-fulham-nottingham-forest,Dec 2025,FT,Fulham,Nottingham Forest,170,174,1,0,2025-12-22,https://d2zywfiolv4f83.cloudfront.net/img/teams/170.png,https://d2zywfiolv4f83.cloudfront.net/img/teams/174.png,17,17
252,2,10743,24533,England Premier League,2025-2026,1903319,https://www.whoscored.com/matches/1903319/live/england-premier-league-2025-2026-manchester-united-newcastle,Dec 2025,FT,Manchester United,Newcastle United,32,23,1,0,2025-12-26,https://d2zywfiolv4f83.cloudfront.net/img/teams/32.png,https://d2zywfiolv4f83.cloudfront.net/img/teams/23.png,18,18
252,2,10743,24533,England Premier League,2025-2026,1903323,https://www.whoscored.com/matches/1903323/live/england-premier-league-2025-2026-nottingham-forest-manchester-city,Dec 2025,FT,Nottingham Forest,Manchester City,174,167,1,2,2025-12-27,https://d2zywfiolv4f83.cloudfront.net/img/teams/174.png,https://d2zywfiolv4f83.cloudfront.net/img/teams/167.png,18,18
252,2,10743,24533,England Premier League,2025-2026,1903302,https://www.whoscored.com/matches/1903302/live/england-premier-league-2025-2026-arsenal-brighton,Dec 2025,FT,Arsenal,Brighton & Hove Albion,13,211,2,1,2025-12-27,https://d2zywfiolv4f83.cloudfront.net/img/teams/13.png,https://d2zywfiolv4f83.cloudfront.net/img/teams/211.png,18,18
252,2,10743,24533,England Premier League,2025-2026,1903305,https://www.whoscored.com/matches/1903305/live/england-premier-league-2025-2026-brentford-bournemouth,Dec 2025,FT,Brentford,AFC Bournemouth,189,183,4,1,2025-12-27,https://d2zywfiolv4f83.cloudfront.net/img/teams/189.png,https://d2zywfiolv4f83.cloudfront.net/img/teams/183.png,18,18
252,2,10743,24533,England Premier League,2025-2026,1903308,https://www.whoscored.com/matches/1903308/live/england-premier-league-2025-2026-burnley-everton,Dec 2025,FT,Burnley,Everton,184,31,0,0,2025-12-27,https://d2zywfiolv4f83.cloudfront.net/img/teams/184.png,https://d2zywfiolv4f83.cloudfront.net/img/teams/31.png,18,18
252,2,10743,24533,England Premier League,2025-2026,1903316,https://www.whoscored.com/matches/1903316/live/england-premier-league-2025-2026-liverpool-wolves,Dec 2025,FT,Liverpool,Wolverhampton Wanderers,26,161,2,1,2025-12-27,https://d2zywfiolv4f83.cloudfront.net/img/teams/26.png,https://d2zywfiolv4f83.cloudfront.net/img/teams/161.png,18,18
252,2,10743,24533,England Premier League,2025-2026,1903330,https://www.whoscored.com/matches/1903330/live/england-premier-league-2025-2026-west-ham-fulham,Dec 2025,FT,West Ham United,Fulham,29,170,0,1,2025-12-27,https://d2zywfiolv4f83.cloudfront.net/img/teams/29.png,https://d2zywfiolv4f83.cloudfront.net/img/teams/170.png,18,18
252,2,10743,24533,England Premier League,2025-2026,1903311,https://www.whoscored.com/matches/1903311/live/england-premier-league-2025-2026-chelsea-aston-villa,Dec 2025,FT,Chelsea,Aston Villa,15,24,1,2,2025-12-27,https://d2zywfiolv4f83.cloudfront.net/img/teams/15.png,https://d2zywfiolv4f83.cloudfront.net/img/teams/24.png,18,18
252,2,10743,24533,England Premier League,2025-2026,1903326,https://www.whoscored.com/matches/1903326/live/england-premier-league-2025-2026-sunderland-leeds,Dec 2025,FT,Sunderland,Leeds United,16,19,1,1,2025-12-28,https://d2zywfiolv4f83.cloudfront.net/img/teams/16.png,https://d2zywfiolv4f83.cloudfront.net/img/teams/19.png,18,18
252,2,10743,24533,England Premier League,2025-2026,1903314,https://www.whoscored.com/matches/1903314/live/england-premier-league-2025-2026-crystal-palace-tottenham,Dec 2025,FT,Crystal Palace,Tottenham Hotspur,162,30,0,1,2025-12-28,https://d2zywfiolv4f83.cloudfront.net/img/teams/162.png,https://d2zywfiolv4f83.cloudfront.net/img/teams/30.png,18,18
252,2,10743,24533,England Premier League,2025-2026,1903339,https://www.whoscored.com/matches/1903339/live/england-premier-league-2025-2026-burnley-newcastle,Dec 2025,FT,Burnley,Newcastle United,184,23,1,3,2025-12-30,https://d2zywfiolv4f83.cloudfront.net/img/teams/184.png,https://d2zywfiolv4f83.cloudfront.net/img/teams/23.png,19,19
252,2,10743,24533,England Premier League,2025-2026,1903342,https://www.whoscored.com/matches/1903342/live/england-premier-league-2025-2026-chelsea-bournemouth,Dec 2025,FT,Chelsea,AFC Bournemouth,15,183,2,2,2025-12-30,https://d2zywfiolv4f83.cloudfront.net/img/teams/15.png,https://d2zywfiolv4f83.cloudfront.net/img/teams/183.png,19,19
252,2,10743,24533,England Premier League,2025-2026,1903354,https://www.whoscored.com/matches/1903354/live/england-premier-league-2025-2026-nottingham-forest-everton,Dec 2025,FT,Nottingham Forest,Everton,174,31,0,2,2025-12-30,https://d2zywfiolv4f83.cloudfront.net/img/teams/174.png,https://d2zywfiolv4f83.cloudfront.net/img/teams/31.png,19,19
252,2,10743,24533,England Premier League,2025-2026,1903360,https://www.whoscored.com/matches/1903360/live/england-premier-league-2025-2026-west-ham-brighton,Dec 2025,FT,West Ham United,Brighton & Hove Albion,29,211,2,2,2025-12-30,https://d2zywfiolv4f83.cloudfront.net/img/teams/29.png,https://d2zywfiolv4f83.cloudfront.net/img/teams/211.png,19,19
252,2,10743,24533,England Premier League,2025-2026,1903351,https://www.whoscored.com/matches/1903351/live/england-premier-league-2025-2026-manchester-united-wolves,Dec 2025,FT,Manchester United,Wolverhampton Wanderers,32,161,1,1,2025-12-30,https://d2zywfiolv4f83.cloudfront.net/img/teams/32.png,https://d2zywfiolv4f83.cloudfront.net/img/teams/161.png,19,19
252,2,10743,24533,England Premier League,2025-2026,1903333,https://www.whoscored.com/matches/1903333/live/england-premier-league-2025-2026-arsenal-aston-villa,Dec 2025,FT,Arsenal,Aston Villa,13,24,4,1,2025-12-30,https://d2zywfiolv4f83.cloudfront.net/img/teams/13.png,https://d2zywfiolv4f83.cloudfront.net/img/teams/24.png,19,19
252,2,10743,24533,England Premier League,2025-2026,1903345,https://www.whoscored.com/matches/1903345/live/england-premier-league-2025-2026-crystal-palace-fulham,Jan 2026,FT,Crystal Palace,Fulham,162,170,1,1,2026-01-01,https://d2zywfiolv4f83.cloudfront.net/img/teams/162.png,https://d2zywfiolv4f83.cloudfront.net/img/teams/170.png,19,19
252,2,10743,24533,England Premier League,2025-2026,1903348,https://www.whoscored.com/matches/1903348/live/england-premier-league-2025-2026-liverpool-leeds,Jan 2026,FT,Liverpool,Leeds United,26,19,0,0,2026-01-01,https://d2zywfiolv4f83.cloudfront.net/img/teams/26.png,https://d2zywfiolv4f83.cloudfront.net/img/teams/19.png,19,19
252,2,10743,24533,England Premier League,2025-2026,1903357,https://www.whoscored.com/matches/1903357/live/england-premier-league-2025-2026-sunderland-manchester-city,Jan 2026,FT,Sunderland,Manchester City,16,167,0,0,2026-01-01,https://d2zywfiolv4f83.cloudfront.net/img/teams/16.png,https://d2zywfiolv4f83.cloudfront.net/img/teams/167.png,19,19
252,2,10743,24533,England Premier League,2025-2026,1903336,https://www.whoscored.com/matches/1903336/live/england-premier-league-2025-2026-brentford-tottenham,Jan 2026,FT,Brentford,Tottenham Hotspur,189,30,0,0,2026-01-01,https://d2zywfiolv4f83.cloudfront.net/img/teams/189.png,https://d2zywfiolv4f83.cloudfront.net/img/teams/30.png,19,19
252,2,10743,24533,England Premier League,2025-2026,1903366,https://www.whoscored.com/matches/1903366/live/england-premier-league-2025-2026-aston-villa-nottingham-forest,Jan 2026,FT,Aston Villa,Nottingham Forest,24,174,3,1,2026-01-03,https://d2zywfiolv4f83.cloudfront.net/img/teams/24.png,https://d2zywfiolv4f83.cloudfront.net/img/teams/174.png,20,20
252,2,10743,24533,England Premier League,2025-2026,1903369,https://www.whoscored.com/matches/1903369/live/england-premier-league-2025-2026-brighton-burnley,Jan 2026,FT,Brighton & Hove Albion,Burnley,211,184,2,0,2026-01-03,https://d2zywfiolv4f83.cloudfront.net/img/teams/211.png,https://d2zywfiolv4f83.cloudfront.net/img/teams/184.png,20,20
252,2,10743,24533,England Premier League,2025-2026,1903263,https://www.whoscored.com/matches/1903263/live/england-premier-league-2025-2026-wolves-west-ham,Jan 2026,FT,Wolverhampton Wanderers,West Ham United,161,29,3,0,2026-01-03,https://d2zywfiolv4f83.cloudfront.net/img/teams/161.png,https://d2zywfiolv4f83.cloudfront.net/img/teams/29.png,20,20
252,2,10743,24533,England Premier League,2025-2026,1903363,https://www.whoscored.com/matches/1903363/live/england-premier-league-2025-2026-bournemouth-arsenal,Jan 2026,FT,AFC Bournemouth,Arsenal,183,13,2,3,2026-01-03,https://d2zywfiolv4f83.cloudfront.net/img/teams/183.png,https://d2zywfiolv4f83.cloudfront.net/img/teams/13.png,20,20
252,2,10743,24533,England Premier League,2025-2026,1903375,https://www.whoscored.com/matches/1903375/live/england-premier-league-2025-2026-leeds-manchester-united,Jan 2026,FT,Leeds United,Manchester United,19,32,1,1,2026-01-04,https://d2zywfiolv4f83.cloudfront.net/img/teams/19.png,https://d2zywfiolv4f83.cloudfront.net/img/teams/32.png,20,20
252,2,10743,24533,England Premier League,2025-2026,1903371,https://www.whoscored.com/matches/1903371/live/england-premier-league-2025-2026-everton-brentford,Jan 2026,FT,Everton,Brentford,31,189,2,4,2026-01-04,https://d2zywfiolv4f83.cloudfront.net/img/teams/31.png,https://d2zywfiolv4f83.cloudfront.net/img/teams/189.png,20,20
252,2,10743,24533,England Premier League,2025-2026,1903259,https://www.whoscored.com/matches/1903259/live/england-premier-league-2025-2026-newcastle-crystal-palace,Jan 2026,FT,Newcastle United,Crystal Palace,23,162,2,0,2026-01-04,https://d2zywfiolv4f83.cloudfront.net/img/teams/23.png,https://d2zywfiolv4f83.cloudfront.net/img/teams/162.png,20,20
252,2,10743,24533,England Premier League,2025-2026,1903261,https://www.whoscored.com/matches/1903261/live/england-premier-league-2025-2026-tottenham-sunderland,Jan 2026,FT,Tottenham Hotspur,Sunderland,30,16,1,1,2026-01-04,https://d2zywfiolv4f83.cloudfront.net/img/teams/30.png,https://d2zywfiolv4f83.cloudfront.net/img/teams/16.png,20,20
252,2,10743,24533,England Premier League,2025-2026,1903374,https://www.whoscored.com/matches/1903374/live/england-premier-league-2025-2026-fulham-liverpool,Jan 2026,FT,Fulham,Liverpool,170,26,2,2,2026-01-04,https://d2zywfiolv4f83.cloudfront.net/img/teams/170.png,https://d2zywfiolv4f83.cloudfront.net/img/teams/26.png,20,20
252,2,10743,24533,England Premier League,2025-2026,1903376,https://www.whoscored.com/matches/1903376/live/england-premier-league-2025-2026-manchester-city-chelsea,Jan 2026,FT,Manchester City,Chelsea,167,15,1,1,2026-01-04,https://d2zywfiolv4f83.cloudfront.net/img/teams/167.png,https://d2zywfiolv4f83.cloudfront.net/img/teams/15.png,20,20
252,2,10743,24533,England Premier League,2025-2026,1903288,https://www.whoscored.com/matches/1903288/live/england-premier-league-2025-2026-west-ham-nottingham-forest,Jan 2026,FT,West Ham United,Nottingham Forest,29,174,1,2,2026-01-06,https://d2zywfiolv4f83.cloudfront.net/img/teams/29.png,https://d2zywfiolv4f83.cloudfront.net/img/teams/174.png,21,21
252,2,10743,24533,England Premier League,2025-2026,1903269,https://www.whoscored.com/matches/1903269/live/england-premier-league-2025-2026-brentford-sunderland,Jan 2026,FT,Brentford,Sunderland,189,16,3,0,2026-01-07,https://d2zywfiolv4f83.cloudfront.net/img/teams/189.png,https://d2zywfiolv4f83.cloudfront.net/img/teams/16.png,21,21
252,2,10743,24533,England Premier League,2025-2026,1903274,https://www.whoscored.com/matches/1903274/live/england-premier-league-2025-2026-crystal-palace-aston-villa,Jan 2026,FT,Crystal Palace,Aston Villa,162,24,0,0,2026-01-07,https://d2zywfiolv4f83.cloudfront.net/img/teams/162.png,https://d2zywfiolv4f83.cloudfront.net/img/teams/24.png,21,21
252,2,10743,24533,England Premier League,2025-2026,1903276,https://www.whoscored.com/matches/1903276/live/england-premier-league-2025-2026-everton-wolves,Jan 2026,FT,Everton,Wolverhampton Wanderers,31,161,1,1,2026-01-07,https://d2zywfiolv4f83.cloudfront.net/img/teams/31.png,https://d2zywfiolv4f83.cloudfront.net/img/teams/161.png,21,21
252,2,10743,24533,England Premier League,2025-2026,1903279,https://www.whoscored.com/matches/1903279/live/england-premier-league-2025-2026-fulham-chelsea,Jan 2026,FT,Fulham,Chelsea,170,15,2,1,2026-01-07,https://d2zywfiolv4f83.cloudfront.net/img/teams/170.png,https://d2zywfiolv4f83.cloudfront.net/img/teams/15.png,21,21
252,2,10743,24533,England Premier League,2025-2026,1903282,https://www.whoscored.com/matches/1903282/live/england-premier-league-2025-2026-manchester-city-brighton,Jan 2026,FT,Manchester City,Brighton & Hove Albion,167,211,1,1,2026-01-07,https://d2zywfiolv4f83.cloudfront.net/img/teams/167.png,https://d2zywfiolv4f83.cloudfront.net/img/teams/211.png,21,21
252,2,10743,24533,England Premier League,2025-2026,1903265,https://www.whoscored.com/matches/1903265/live/england-premier-league-2025-2026-bournemouth-tottenham,Jan 2026,FT,AFC Bournemouth,Tottenham Hotspur,183,30,3,2,2026-01-07,https://d2zywfiolv4f83.cloudfront.net/img/teams/183.png,https://d2zywfiolv4f83.cloudfront.net/img/teams/30.png,21,21
252,2,10743,24533,England Premier League,2025-2026,1903285,https://www.whoscored.com/matches/1903285/live/england-premier-league-2025-2026-newcastle-leeds,Jan 2026,FT,Newcastle United,Leeds United,23,19,4,3,2026-01-07,https://d2zywfiolv4f83.cloudfront.net/img/teams/23.png,https://d2zywfiolv4f83.cloudfront.net/img/teams/19.png,21,21
252,2,10743,24533,England Premier League,2025-2026,1903271,https://www.whoscored.com/matches/1903271/live/england-premier-league-2025-2026-burnley-manchester-united,Jan 2026,FT,Burnley,Manchester United,184,32,2,2,2026-01-07,https://d2zywfiolv4f83.cloudfront.net/img/teams/184.png,https://d2zywfiolv4f83.cloudfront.net/img/teams/32.png,21,21
252,2,10743,24533,England Premier League,2025-2026,1903267,https://www.whoscored.com/matches/1903267/live/england-premier-league-2025-2026-arsenal-liverpool,Jan 2026,FT,Arsenal,Liverpool,13,26,0,0,2026-01-08,https://d2zywfiolv4f83.cloudfront.net/img/teams/13.png,https://d2zywfiolv4f83.cloudfront.net/img/teams/26.png,21,21
252,2,10743,24533,England Premier League,2025-2026,1903304,https://www.whoscored.com/matches/1903304/live/england-premier-league-2025-2026-manchester-united-manchester-city,Jan 2026,FT,Manchester United,Manchester City,32,167,2,0,2026-01-17,https://d2zywfiolv4f83.cloudfront.net/img/teams/32.png,https://d2zywfiolv4f83.cloudfront.net/img/teams/167.png,22,22
252,2,10743,24533,England Premier League,2025-2026,1903297,https://www.whoscored.com/matches/1903297/live/england-premier-league-2025-2026-chelsea-brentford,Jan 2026,FT,Chelsea,Brentford,15,189,2,0,2026-01-17,https://d2zywfiolv4f83.cloudfront.net/img/teams/15.png,https://d2zywfiolv4f83.cloudfront.net/img/teams/189.png,22,22
252,2,10743,24533,England Premier League,2025-2026,1903300,https://www.whoscored.com/matches/1903300/live/england-premier-league-2025-2026-leeds-fulham,Jan 2026,FT,Leeds United,Fulham,19,170,1,0,2026-01-17,https://d2zywfiolv4f83.cloudfront.net/img/teams/19.png,https://d2zywfiolv4f83.cloudfront.net/img/teams/170.png,22,22
252,2,10743,24533,England Premier League,2025-2026,1903303,https://www.whoscored.com/matches/1903303/live/england-premier-league-2025-2026-liverpool-burnley,Jan 2026,FT,Liverpool,Burnley,26,184,1,1,2026-01-17,https://d2zywfiolv4f83.cloudfront.net/img/teams/26.png,https://d2zywfiolv4f83.cloudfront.net/img/teams/184.png,22,22
252,2,10743,24533,England Premier League,2025-2026,1903310,https://www.whoscored.com/matches/1903310/live/england-premier-league-2025-2026-sunderland-crystal-palace,Jan 2026,FT,Sunderland,Crystal Palace,16,162,2,1,2026-01-17,https://d2zywfiolv4f83.cloudfront.net/img/teams/16.png,https://d2zywfiolv4f83.cloudfront.net/img/teams/162.png,22,22
252,2,10743,24533,England Premier League,2025-2026,1903313,https://www.whoscored.com/matches/1903313/live/england-premier-league-2025-2026-tottenham-west-ham,Jan 2026,FT,Tottenham Hotspur,West Ham United,30,29,1,2,2026-01-17,https://d2zywfiolv4f83.cloudfront.net/img/teams/30.png,https://d2zywfiolv4f83.cloudfront.net/img/teams/29.png,22,22
252,2,10743,24533,England Premier League,2025-2026,1903307,https://www.whoscored.com/matches/1903307/live/england-premier-league-2025-2026-nottingham-forest-arsenal,Jan 2026,FT,Nottingham Forest,Arsenal,174,13,0,0,2026-01-17,https://d2zywfiolv4f83.cloudfront.net/img/teams/174.png,https://d2zywfiolv4f83.cloudfront.net/img/teams/13.png,22,22
252,2,10743,24533,England Premier League,2025-2026,1903317,https://www.whoscored.com/matches/1903317/live/england-premier-league-2025-2026-wolves-newcastle,Jan 2026,FT,Wolverhampton Wanderers,Newcastle United,161,23,0,0,2026-01-18,https://d2zywfiolv4f83.cloudfront.net/img/teams/161.png,https://d2zywfiolv4f83.cloudfront.net/img/teams/23.png,22,22
252,2,10743,24533,England Premier League,2025-2026,1903291,https://www.whoscored.com/matches/1903291/live/england-premier-league-2025-2026-aston-villa-everton,Jan 2026,FT,Aston Villa,Everton,24,31,0,1,2026-01-18,https://d2zywfiolv4f83.cloudfront.net/img/teams/24.png,https://d2zywfiolv4f83.cloudfront.net/img/teams/31.png,22,22
252,2,10743,24533,England Premier League,2025-2026,1903294,https://www.whoscored.com/matches/1903294/live/england-premier-league-2025-2026-brighton-bournemouth,Jan 2026,FT,Brighton & Hove Albion,AFC Bournemouth,211,183,1,1,2026-01-19,https://d2zywfiolv4f83.cloudfront.net/img/teams/211.png,https://d2zywfiolv4f83.cloudfront.net/img/teams/183.png,22,22
252,2,10743,24533,England Premier League,2025-2026,1903260,https://www.whoscored.com/matches/1903260/live/england-premier-league-2025-2026-west-ham-sunderland,Jan 2026,FT,West Ham United,Sunderland,29,16,3,1,2026-01-24,https://d2zywfiolv4f83.cloudfront.net/img/teams/29.png,https://d2zywfiolv4f83.cloudfront.net/img/teams/16.png,23,23
252,2,10743,24533,England Premier League,2025-2026,1903328,https://www.whoscored.com/matches/1903328/live/england-premier-league-2025-2026-burnley-tottenham,Jan 2026,FT,Burnley,Tottenham Hotspur,184,30,2,2,2026-01-24,https://d2zywfiolv4f83.cloudfront.net/img/teams/184.png,https://d2zywfiolv4f83.cloudfront.net/img/teams/30.png,23,23
252,2,10743,24533,England Premier League,2025-2026,1903337,https://www.whoscored.com/matches/1903337/live/england-premier-league-2025-2026-fulham-brighton,Jan 2026,FT,Fulham,Brighton & Hove Albion,170,211,2,1,2026-01-24,https://d2zywfiolv4f83.cloudfront.net/img/teams/170.png,https://d2zywfiolv4f83.cloudfront.net/img/teams/211.png,23,23
252,2,10743,24533,England Premier League,2025-2026,1903340,https://www.whoscored.com/matches/1903340/live/england-premier-league-2025-2026-manchester-city-wolves,Jan 2026,FT,Manchester City,Wolverhampton Wanderers,167,161,2,0,2026-01-24,https://d2zywfiolv4f83.cloudfront.net/img/teams/167.png,https://d2zywfiolv4f83.cloudfront.net/img/teams/161.png,23,23
252,2,10743,24533,England Premier League,2025-2026,1903320,https://www.whoscored.com/matches/1903320/live/england-premier-league-2025-2026-bournemouth-liverpool,Jan 2026,FT,AFC Bournemouth,Liverpool,183,26,3,2,2026-01-24,https://d2zywfiolv4f83.cloudfront.net/img/teams/183.png,https://d2zywfiolv4f83.cloudfront.net/img/teams/26.png,23,23
252,2,10743,24533,England Premier League,2025-2026,1903343,https://www.whoscored.com/matches/1903343/live/england-premier-league-2025-2026-newcastle-aston-villa,Jan 2026,FT,Newcastle United,Aston Villa,23,24,0,2,2026-01-25,https://d2zywfiolv4f83.cloudfront.net/img/teams/23.png,https://d2zywfiolv4f83.cloudfront.net/img/teams/24.png,23,23
252,2,10743,24533,England Premier League,2025-2026,1903331,https://www.whoscored.com/matches/1903331/live/england-premier-league-2025-2026-crystal-palace-chelsea,Jan 2026,FT,Crystal Palace,Chelsea,162,15,1,3,2026-01-25,https://d2zywfiolv4f83.cloudfront.net/img/teams/162.png,https://d2zywfiolv4f83.cloudfront.net/img/teams/15.png,23,23
252,2,10743,24533,England Premier League,2025-2026,1903325,https://www.whoscored.com/matches/1903325/live/england-premier-league-2025-2026-brentford-nottingham-forest,Jan 2026,FT,Brentford,Nottingham Forest,189,174,0,2,2026-01-25,https://d2zywfiolv4f83.cloudfront.net/img/teams/189.png,https://d2zywfiolv4f83.cloudfront.net/img/teams/174.png,23,23
252,2,10743,24533,England Premier League,2025-2026,1903322,https://www.whoscored.com/matches/1903322/live/england-premier-league-2025-2026-arsenal-manchester-united,Jan 2026,FT,Arsenal,Manchester United,13,32,2,3,2026-01-25,https://d2zywfiolv4f83.cloudfront.net/img/teams/13.png,https://d2zywfiolv4f83.cloudfront.net/img/teams/32.png,23,23
252,2,10743,24533,England Premier League,2025-2026,1903334,https://www.whoscored.com/matches/1903334/live/england-premier-league-2025-2026-everton-leeds,Jan 2026,FT,Everton,Leeds United,31,19,1,1,2026-01-26,https://d2zywfiolv4f83.cloudfront.net/img/teams/31.png,https://d2zywfiolv4f83.cloudfront.net/img/teams/19.png,23,23
252,2,10743,24533,England Premier League,2025-2026,1903264,https://www.whoscored.com/matches/1903264/live/england-premier-league-2025-2026-brighton-everton,Jan 2026,FT,Brighton & Hove Albion,Everton,211,31,1,1,2026-01-31,https://d2zywfiolv4f83.cloudfront.net/img/teams/211.png,https://d2zywfiolv4f83.cloudfront.net/img/teams/31.png,24,24
252,2,10743,24533,England Premier League,2025-2026,1903268,https://www.whoscored.com/matches/1903268/live/england-premier-league-2025-2026-leeds-arsenal,Jan 2026,FT,Leeds United,Arsenal,19,13,0,4,2026-01-31,https://d2zywfiolv4f83.cloudfront.net/img/teams/19.png,https://d2zywfiolv4f83.cloudfront.net/img/teams/13.png,24,24
252,2,10743,24533,England Premier League,2025-2026,1903278,https://www.whoscored.com/matches/1903278/live/england-premier-league-2025-2026-wolves-bournemouth,Jan 2026,FT,Wolverhampton Wanderers,AFC Bournemouth,161,183,0,2,2026-01-31,https://d2zywfiolv4f83.cloudfront.net/img/teams/161.png,https://d2zywfiolv4f83.cloudfront.net/img/teams/183.png,24,24
252,2,10743,24533,England Premier League,2025-2026,1903266,https://www.whoscored.com/matches/1903266/live/england-premier-league-2025-2026-chelsea-west-ham,Jan 2026,FT,Chelsea,West Ham United,15,29,3,2,2026-01-31,https://d2zywfiolv4f83.cloudfront.net/img/teams/15.png,https://d2zywfiolv4f83.cloudfront.net/img/teams/29.png,24,24
252,2,10743,24533,England Premier League,2025-2026,1903270,https://www.whoscored.com/matches/1903270/live/england-premier-league-2025-2026-liverpool-newcastle,Jan 2026,FT,Liverpool,Newcastle United,26,23,4,1,2026-01-31,https://d2zywfiolv4f83.cloudfront.net/img/teams/26.png,https://d2zywfiolv4f83.cloudfront.net/img/teams/23.png,24,24
252,2,10743,24533,England Premier League,2025-2026,1903272,https://www.whoscored.com/matches/1903272/live/england-premier-league-2025-2026-manchester-united-fulham,Feb 2026,FT,Manchester United,Fulham,32,170,3,2,2026-02-01,https://d2zywfiolv4f83.cloudfront.net/img/teams/32.png,https://d2zywfiolv4f83.cloudfront.net/img/teams/170.png,24,24
252,2,10743,24533,England Premier League,2025-2026,1903273,https://www.whoscored.com/matches/1903273/live/england-premier-league-2025-2026-nottingham-forest-crystal-palace,Feb 2026,FT,Nottingham Forest,Crystal Palace,174,162,1,1,2026-02-01,https://d2zywfiolv4f83.cloudfront.net/img/teams/174.png,https://d2zywfiolv4f83.cloudfront.net/img/teams/162.png,24,24
252,2,10743,24533,England Premier League,2025-2026,1903262,https://www.whoscored.com/matches/1903262/live/england-premier-league-2025-2026-aston-villa-brentford,Feb 2026,FT,Aston Villa,Brentford,24,189,0,1,2026-02-01,https://d2zywfiolv4f83.cloudfront.net/img/teams/24.png,https://d2zywfiolv4f83.cloudfront.net/img/teams/189.png,24,24
252,2,10743,24533,England Premier League,2025-2026,1903277,https://www.whoscored.com/matches/1903277/live/england-premier-league-2025-2026-tottenham-manchester-city,Feb 2026,FT,Tottenham Hotspur,Manchester City,30,167,2,2,2026-02-01,https://d2zywfiolv4f83.cloudfront.net/img/teams/30.png,https://d2zywfiolv4f83.cloudfront.net/img/teams/167.png,24,24
252,2,10743,24533,England Premier League,2025-2026,1903275,https://www.whoscored.com/matches/1903275/live/england-premier-league-2025-2026-sunderland-burnley,Feb 2026,FT,Sunderland,Burnley,16,184,3,0,2026-02-02,https://d2zywfiolv4f83.cloudfront.net/img/teams/16.png,https://d2zywfiolv4f83.cloudfront.net/img/teams/184.png,24,24
252,2,10743,24533,England Premier League,2025-2026,1903295,https://www.whoscored.com/matches/1903295/live/england-premier-league-2025-2026-leeds-nottingham-forest,Feb 2026,FT,Leeds United,Nottingham Forest,19,174,3,1,2026-02-06,https://d2zywfiolv4f83.cloudfront.net/img/teams/19.png,https://d2zywfiolv4f83.cloudfront.net/img/teams/174.png,25,25
252,2,10743,24533,England Premier League,2025-2026,1903301,https://www.whoscored.com/matches/1903301/live/england-premier-league-2025-2026-manchester-united-tottenham,Feb 2026,FT,Manchester United,Tottenham Hotspur,32,30,2,0,2026-02-07,https://d2zywfiolv4f83.cloudfront.net/img/teams/32.png,https://d2zywfiolv4f83.cloudfront.net/img/teams/30.png,25,25
252,2,10743,24533,England Premier League,2025-2026,1903309,https://www.whoscored.com/matches/1903309/live/england-premier-league-2025-2026-wolves-chelsea,Feb 2026,FT,Wolverhampton Wanderers,Chelsea,161,15,1,3,2026-02-07,https://d2zywfiolv4f83.cloudfront.net/img/teams/161.png,https://d2zywfiolv4f83.cloudfront.net/img/teams/15.png,25,25
252,2,10743,24533,England Premier League,2025-2026,1903289,https://www.whoscored.com/matches/1903289/live/england-premier-league-2025-2026-burnley-west-ham,Feb 2026,FT,Burnley,West Ham United,184,29,0,2,2026-02-07,https://d2zywfiolv4f83.cloudfront.net/img/teams/184.png,https://d2zywfiolv4f83.cloudfront.net/img/teams/29.png,25,25
252,2,10743,24533,England Premier League,2025-2026,1903292,https://www.whoscored.com/matches/1903292/live/england-premier-league-2025-2026-fulham-everton,Feb 2026,FT,Fulham,Everton,170,31,1,2,2026-02-07,https://d2zywfiolv4f83.cloudfront.net/img/teams/170.png,https://d2zywfiolv4f83.cloudfront.net/img/teams/31.png,25,25
252,2,10743,24533,England Premier League,2025-2026,1903280,https://www.whoscored.com/matches/1903280/live/england-premier-league-2025-2026-bournemouth-aston-villa,Feb 2026,FT,AFC Bournemouth,Aston Villa,183,24,1,1,2026-02-07,https://d2zywfiolv4f83.cloudfront.net/img/teams/183.png,https://d2zywfiolv4f83.cloudfront.net/img/teams/24.png,25,25
252,2,10743,24533,England Premier League,2025-2026,1903283,https://www.whoscored.com/matches/1903283/live/england-premier-league-2025-2026-arsenal-sunderland,Feb 2026,FT,Arsenal,Sunderland,13,16,3,0,2026-02-07,https://d2zywfiolv4f83.cloudfront.net/img/teams/13.png,https://d2zywfiolv4f83.cloudfront.net/img/teams/16.png,25,25
252,2,10743,24533,England Premier League,2025-2026,1903306,https://www.whoscored.com/matches/1903306/live/england-premier-league-2025-2026-newcastle-brentford,Feb 2026,FT,Newcastle United,Brentford,23,189,2,3,2026-02-07,https://d2zywfiolv4f83.cloudfront.net/img/teams/23.png,https://d2zywfiolv4f83.cloudfront.net/img/teams/189.png,25,25
252,2,10743,24533,England Premier League,2025-2026,1903286,https://www.whoscored.com/matches/1903286/live/england-premier-league-2025-2026-brighton-crystal-palace,Feb 2026,FT,Brighton & Hove Albion,Crystal Palace,211,162,0,1,2026-02-08,https://d2zywfiolv4f83.cloudfront.net/img/teams/211.png,https://d2zywfiolv4f83.cloudfront.net/img/teams/162.png,25,25
252,2,10743,24533,England Premier League,2025-2026,1903298,https://www.whoscored.com/matches/1903298/live/england-premier-league-2025-2026-liverpool-manchester-city,Feb 2026,FT,Liverpool,Manchester City,26,167,1,2,2026-02-08,https://d2zywfiolv4f83.cloudfront.net/img/teams/26.png,https://d2zywfiolv4f83.cloudfront.net/img/teams/167.png,25,25
252,2,10743,24533,England Premier League,2025-2026,1903324,https://www.whoscored.com/matches/1903324/live/england-premier-league-2025-2026-everton-bournemouth,Feb 2026,FT,Everton,AFC Bournemouth,31,183,1,2,2026-02-10,https://d2zywfiolv4f83.cloudfront.net/img/teams/31.png,https://d2zywfiolv4f83.cloudfront.net/img/teams/183.png,26,26
252,2,10743,24533,England Premier League,2025-2026,1903335,https://www.whoscored.com/matches/1903335/live/england-premier-league-2025-2026-tottenham-newcastle,Feb 2026,FT,Tottenham Hotspur,Newcastle United,30,23,1,2,2026-02-10,https://d2zywfiolv4f83.cloudfront.net/img/teams/30.png,https://d2zywfiolv4f83.cloudfront.net/img/teams/23.png,26,26
252,2,10743,24533,England Premier League,2025-2026,1903318,https://www.whoscored.com/matches/1903318/live/england-premier-league-2025-2026-chelsea-leeds,Feb 2026,FT,Chelsea,Leeds United,15,19,2,2,2026-02-10,https://d2zywfiolv4f83.cloudfront.net/img/teams/15.png,https://d2zywfiolv4f83.cloudfront.net/img/teams/19.png,26,26
252,2,10743,24533,England Premier League,2025-2026,1903338,https://www.whoscored.com/matches/1903338/live/england-premier-league-2025-2026-west-ham-manchester-united,Feb 2026,FT,West Ham United,Manchester United,29,32,1,1,2026-02-10,https://d2zywfiolv4f83.cloudfront.net/img/teams/29.png,https://d2zywfiolv4f83.cloudfront.net/img/teams/32.png,26,26
252,2,10743,24533,England Premier League,2025-2026,1903327,https://www.whoscored.com/matches/1903327/live/england-premier-league-2025-2026-manchester-city-fulham,Feb 2026,FT,Manchester City,Fulham,167,170,3,0,2026-02-11,https://d2zywfiolv4f83.cloudfront.net/img/teams/167.png,https://d2zywfiolv4f83.cloudfront.net/img/teams/170.png,26,26
252,2,10743,24533,England Premier League,2025-2026,1903329,https://www.whoscored.com/matches/1903329/live/england-premier-league-2025-2026-nottingham-forest-wolves,Feb 2026,FT,Nottingham Forest,Wolverhampton Wanderers,174,161,0,0,2026-02-11,https://d2zywfiolv4f83.cloudfront.net/img/teams/174.png,https://d2zywfiolv4f83.cloudfront.net/img/teams/161.png,26,26
252,2,10743,24533,England Premier League,2025-2026,1903312,https://www.whoscored.com/matches/1903312/live/england-premier-league-2025-2026-aston-villa-brighton,Feb 2026,FT,Aston Villa,Brighton & Hove Albion,24,211,1,0,2026-02-11,https://d2zywfiolv4f83.cloudfront.net/img/teams/24.png,https://d2zywfiolv4f83.cloudfront.net/img/teams/211.png,26,26
252,2,10743,24533,England Premier League,2025-2026,1903321,https://www.whoscored.com/matches/1903321/live/england-premier-league-2025-2026-crystal-palace-burnley,Feb 2026,FT,Crystal Palace,Burnley,162,184,2,3,2026-02-11,https://d2zywfiolv4f83.cloudfront.net/img/teams/162.png,https://d2zywfiolv4f83.cloudfront.net/img/teams/184.png,26,26
252,2,10743,24533,England Premier League,2025-2026,1903332,https://www.whoscored.com/matches/1903332/live/england-premier-league-2025-2026-sunderland-liverpool,Feb 2026,FT,Sunderland,Liverpool,16,26,0,1,2026-02-11,https://d2zywfiolv4f83.cloudfront.net/img/teams/16.png,https://d2zywfiolv4f83.cloudfront.net/img/teams/26.png,26,26
252,2,10743,24533,England Premier League,2025-2026,1903315,https://www.whoscored.com/matches/1903315/live/england-premier-league-2025-2026-brentford-arsenal,Feb 2026,FT,Brentford,Arsenal,189,13,1,1,2026-02-12,https://d2zywfiolv4f83.cloudfront.net/img/teams/189.png,https://d2zywfiolv4f83.cloudfront.net/img/teams/13.png,26,26
252,2,10743,24533,England Premier League,2025-2026,1903469,https://www.whoscored.com/matches/1903469/live/england-premier-league-2025-2026-wolves-arsenal,Feb 2026,FT,Wolverhampton Wanderers,Arsenal,161,13,2,2,2026-02-18,https://d2zywfiolv4f83.cloudfront.net/img/teams/161.png,https://d2zywfiolv4f83.cloudfront.net/img/teams/13.png,31,31
252,2,10743,24533,England Premier League,2025-2026,1903341,https://www.whoscored.com/matches/1903341/live/england-premier-league-2025-2026-aston-villa-leeds,Feb 2026,FT,Aston Villa,Leeds United,24,19,1,1,2026-02-21,https://d2zywfiolv4f83.cloudfront.net/img/teams/24.png,https://d2zywfiolv4f83.cloudfront.net/img/teams/19.png,27,27
252,2,10743,24533,England Premier League,2025-2026,1903344,https://www.whoscored.com/matches/1903344/live/england-premier-league-2025-2026-brentford-brighton,Feb 2026,FT,Brentford,Brighton & Hove Albion,189,211,0,2,2026-02-21,https://d2zywfiolv4f83.cloudfront.net/img/teams/189.png,https://d2zywfiolv4f83.cloudfront.net/img/teams/211.png,27,27
252,2,10743,24533,England Premier League,2025-2026,1903347,https://www.whoscored.com/matches/1903347/live/england-premier-league-2025-2026-chelsea-burnley,Feb 2026,FT,Chelsea,Burnley,15,184,1,1,2026-02-21,https://d2zywfiolv4f83.cloudfront.net/img/teams/15.png,https://d2zywfiolv4f83.cloudfront.net/img/teams/184.png,27,27
252,2,10743,24533,England Premier League,2025-2026,1903394,https://www.whoscored.com/matches/1903394/live/england-premier-league-2025-2026-west-ham-bournemouth,Feb 2026,FT,West Ham United,AFC Bournemouth,29,183,0,0,2026-02-21,https://d2zywfiolv4f83.cloudfront.net/img/teams/29.png,https://d2zywfiolv4f83.cloudfront.net/img/teams/183.png,27,27
252,2,10743,24533,England Premier League,2025-2026,1903385,https://www.whoscored.com/matches/1903385/live/england-premier-league-2025-2026-manchester-city-newcastle,Feb 2026,FT,Manchester City,Newcastle United,167,23,2,1,2026-02-21,https://d2zywfiolv4f83.cloudfront.net/img/teams/167.png,https://d2zywfiolv4f83.cloudfront.net/img/teams/23.png,27,27
252,2,10743,24533,England Premier League,2025-2026,1903386,https://www.whoscored.com/matches/1903386/live/england-premier-league-2025-2026-nottingham-forest-liverpool,Feb 2026,FT,Nottingham Forest,Liverpool,174,26,0,1,2026-02-22,https://d2zywfiolv4f83.cloudfront.net/img/teams/174.png,https://d2zywfiolv4f83.cloudfront.net/img/teams/26.png,27,27
252,2,10743,24533,England Premier League,2025-2026,1903390,https://www.whoscored.com/matches/1903390/live/england-premier-league-2025-2026-sunderland-fulham,Feb 2026,FT,Sunderland,Fulham,16,170,1,3,2026-02-22,https://d2zywfiolv4f83.cloudfront.net/img/teams/16.png,https://d2zywfiolv4f83.cloudfront.net/img/teams/170.png,27,27
252,2,10743,24533,England Premier League,2025-2026,1903380,https://www.whoscored.com/matches/1903380/live/england-premier-league-2025-2026-crystal-palace-wolves,Feb 2026,FT,Crystal Palace,Wolverhampton Wanderers,162,161,1,0,2026-02-22,https://d2zywfiolv4f83.cloudfront.net/img/teams/162.png,https://d2zywfiolv4f83.cloudfront.net/img/teams/161.png,27,27
252,2,10743,24533,England Premier League,2025-2026,1903393,https://www.whoscored.com/matches/1903393/live/england-premier-league-2025-2026-tottenham-arsenal,Feb 2026,FT,Tottenham Hotspur,Arsenal,30,13,1,4,2026-02-22,https://d2zywfiolv4f83.cloudfront.net/img/teams/30.png,https://d2zywfiolv4f83.cloudfront.net/img/teams/13.png,27,27
252,2,10743,24533,England Premier League,2025-2026,1903383,https://www.whoscored.com/matches/1903383/live/england-premier-league-2025-2026-everton-manchester-united,Feb 2026,FT,Everton,Manchester United,31,32,0,1,2026-02-23,https://d2zywfiolv4f83.cloudfront.net/img/teams/31.png,https://d2zywfiolv4f83.cloudfront.net/img/teams/32.png,27,27
252,2,10743,24533,England Premier League,2025-2026,1903414,https://www.whoscored.com/matches/1903414/live/england-premier-league-2025-2026-wolves-aston-villa,Feb 2026,FT,Wolverhampton Wanderers,Aston Villa,161,24,2,0,2026-02-27,https://d2zywfiolv4f83.cloudfront.net/img/teams/161.png,https://d2zywfiolv4f83.cloudfront.net/img/teams/24.png,28,28
252,2,10743,24533,England Premier League,2025-2026,1903396,https://www.whoscored.com/matches/1903396/live/england-premier-league-2025-2026-bournemouth-sunderland,Feb 2026,FT,AFC Bournemouth,Sunderland,183,16,1,1,2026-02-28,https://d2zywfiolv4f83.cloudfront.net/img/teams/183.png,https://d2zywfiolv4f83.cloudfront.net/img/teams/16.png,28,28
252,2,10743,24533,England Premier League,2025-2026,1903402,https://www.whoscored.com/matches/1903402/live/england-premier-league-2025-2026-burnley-brentford,Feb 2026,FT,Burnley,Brentford,184,189,3,4,2026-02-28,https://d2zywfiolv4f83.cloudfront.net/img/teams/184.png,https://d2zywfiolv4f83.cloudfront.net/img/teams/189.png,28,28
252,2,10743,24533,England Premier League,2025-2026,1903408,https://www.whoscored.com/matches/1903408/live/england-premier-league-2025-2026-liverpool-west-ham,Feb 2026,FT,Liverpool,West Ham United,26,29,5,2,2026-02-28,https://d2zywfiolv4f83.cloudfront.net/img/teams/26.png,https://d2zywfiolv4f83.cloudfront.net/img/teams/29.png,28,28
252,2,10743,24533,England Premier League,2025-2026,1903412,https://www.whoscored.com/matches/1903412/live/england-premier-league-2025-2026-newcastle-everton,Feb 2026,FT,Newcastle United,Everton,23,31,2,3,2026-02-28,https://d2zywfiolv4f83.cloudfront.net/img/teams/23.png,https://d2zywfiolv4f83.cloudfront.net/img/teams/31.png,28,28
252,2,10743,24533,England Premier League,2025-2026,1903406,https://www.whoscored.com/matches/1903406/live/england-premier-league-2025-2026-leeds-manchester-city,Feb 2026,FT,Leeds United,Manchester City,19,167,0,1,2026-02-28,https://d2zywfiolv4f83.cloudfront.net/img/teams/19.png,https://d2zywfiolv4f83.cloudfront.net/img/teams/167.png,28,28
252,2,10743,24533,England Premier League,2025-2026,1903400,https://www.whoscored.com/matches/1903400/live/england-premier-league-2025-2026-brighton-nottingham-forest,Mar 2026,FT,Brighton & Hove Albion,Nottingham Forest,211,174,2,1,2026-03-01,https://d2zywfiolv4f83.cloudfront.net/img/teams/211.png,https://d2zywfiolv4f83.cloudfront.net/img/teams/174.png,28,28
252,2,10743,24533,England Premier League,2025-2026,1903410,https://www.whoscored.com/matches/1903410/live/england-premier-league-2025-2026-manchester-united-crystal-palace,Mar 2026,FT,Manchester United,Crystal Palace,32,162,2,1,2026-03-01,https://d2zywfiolv4f83.cloudfront.net/img/teams/32.png,https://d2zywfiolv4f83.cloudfront.net/img/teams/162.png,28,28
252,2,10743,24533,England Premier League,2025-2026,1903404,https://www.whoscored.com/matches/1903404/live/england-premier-league-2025-2026-fulham-tottenham,Mar 2026,FT,Fulham,Tottenham Hotspur,170,30,2,1,2026-03-01,https://d2zywfiolv4f83.cloudfront.net/img/teams/170.png,https://d2zywfiolv4f83.cloudfront.net/img/teams/30.png,28,28
252,2,10743,24533,England Premier League,2025-2026,1903399,https://www.whoscored.com/matches/1903399/live/england-premier-league-2025-2026-arsenal-chelsea,Mar 2026,FT,Arsenal,Chelsea,13,15,2,1,2026-03-01,https://d2zywfiolv4f83.cloudfront.net/img/teams/13.png,https://d2zywfiolv4f83.cloudfront.net/img/teams/15.png,28,28
252,2,10743,24533,England Premier League,2025-2026,1903416,https://www.whoscored.com/matches/1903416/live/england-premier-league-2025-2026-bournemouth-brentford,Mar 2026,FT,AFC Bournemouth,Brentford,183,189,0,0,2026-03-03,https://d2zywfiolv4f83.cloudfront.net/img/teams/183.png,https://d2zywfiolv4f83.cloudfront.net/img/teams/189.png,29,29
252,2,10743,24533,England Premier League,2025-2026,1903427,https://www.whoscored.com/matches/1903427/live/england-premier-league-2025-2026-leeds-sunderland,Mar 2026,FT,Leeds United,Sunderland,19,16,0,1,2026-03-03,https://d2zywfiolv4f83.cloudfront.net/img/teams/19.png,https://d2zywfiolv4f83.cloudfront.net/img/teams/16.png,29,29
252,2,10743,24533,England Premier League,2025-2026,1903423,https://www.whoscored.com/matches/1903423/live/england-premier-league-2025-2026-everton-burnley,Mar 2026,FT,Everton,Burnley,31,184,2,0,2026-03-03,https://d2zywfiolv4f83.cloudfront.net/img/teams/31.png,https://d2zywfiolv4f83.cloudfront.net/img/teams/184.png,29,29
252,2,10743,24533,England Premier League,2025-2026,1903435,https://www.whoscored.com/matches/1903435/live/england-premier-league-2025-2026-wolves-liverpool,Mar 2026,FT,Wolverhampton Wanderers,Liverpool,161,26,2,1,2026-03-03,https://d2zywfiolv4f83.cloudfront.net/img/teams/161.png,https://d2zywfiolv4f83.cloudfront.net/img/teams/26.png,29,29
252,2,10743,24533,England Premier League,2025-2026,1903425,https://www.whoscored.com/matches/1903425/live/england-premier-league-2025-2026-fulham-west-ham,Mar 2026,FT,Fulham,West Ham United,170,29,0,1,2026-03-04,https://d2zywfiolv4f83.cloudfront.net/img/teams/170.png,https://d2zywfiolv4f83.cloudfront.net/img/teams/29.png,29,29
252,2,10743,24533,England Premier League,2025-2026,1903429,https://www.whoscored.com/matches/1903429/live/england-premier-league-2025-2026-manchester-city-nottingham-forest,Mar 2026,FT,Manchester City,Nottingham Forest,167,174,2,2,2026-03-04,https://d2zywfiolv4f83.cloudfront.net/img/teams/167.png,https://d2zywfiolv4f83.cloudfront.net/img/teams/174.png,29,29
252,2,10743,24533,England Premier League,2025-2026,1903418,https://www.whoscored.com/matches/1903418/live/england-premier-league-2025-2026-aston-villa-chelsea,Mar 2026,FT,Aston Villa,Chelsea,24,15,1,4,2026-03-04,https://d2zywfiolv4f83.cloudfront.net/img/teams/24.png,https://d2zywfiolv4f83.cloudfront.net/img/teams/15.png,29,29
252,2,10743,24533,England Premier League,2025-2026,1903421,https://www.whoscored.com/matches/1903421/live/england-premier-league-2025-2026-brighton-arsenal,Mar 2026,FT,Brighton & Hove Albion,Arsenal,211,13,0,1,2026-03-04,https://d2zywfiolv4f83.cloudfront.net/img/teams/211.png,https://d2zywfiolv4f83.cloudfront.net/img/teams/13.png,29,29
252,2,10743,24533,England Premier League,2025-2026,1903431,https://www.whoscored.com/matches/1903431/live/england-premier-league-2025-2026-newcastle-manchester-united,Mar 2026,FT,Newcastle United,Manchester United,23,32,2,1,2026-03-04,https://d2zywfiolv4f83.cloudfront.net/img/teams/23.png,https://d2zywfiolv4f83.cloudfront.net/img/teams/32.png,29,29
252,2,10743,24533,England Premier League,2025-2026,1903433,https://www.whoscored.com/matches/1903433/live/england-premier-league-2025-2026-tottenham-crystal-palace,Mar 2026,FT,Tottenham Hotspur,Crystal Palace,30,162,1,3,2026-03-05,https://d2zywfiolv4f83.cloudfront.net/img/teams/30.png,https://d2zywfiolv4f83.cloudfront.net/img/teams/162.png,29,29
252,2,10743,24533,England Premier League,2025-2026,1903441,https://www.whoscored.com/matches/1903441/live/england-premier-league-2025-2026-burnley-bournemouth,Mar 2026,FT,Burnley,AFC Bournemouth,184,183,0,0,2026-03-14,https://d2zywfiolv4f83.cloudfront.net/img/teams/184.png,https://d2zywfiolv4f83.cloudfront.net/img/teams/183.png,30,30
252,2,10743,24533,England Premier League,2025-2026,1903456,https://www.whoscored.com/matches/1903456/live/england-premier-league-2025-2026-sunderland-brighton,Mar 2026,FT,Sunderland,Brighton & Hove Albion,16,211,0,1,2026-03-14,https://d2zywfiolv4f83.cloudfront.net/img/teams/16.png,https://d2zywfiolv4f83.cloudfront.net/img/teams/211.png,30,30
252,2,10743,24533,England Premier League,2025-2026,1903443,https://www.whoscored.com/matches/1903443/live/england-premier-league-2025-2026-chelsea-newcastle,Mar 2026,FT,Chelsea,Newcastle United,15,23,0,1,2026-03-14,https://d2zywfiolv4f83.cloudfront.net/img/teams/15.png,https://d2zywfiolv4f83.cloudfront.net/img/teams/23.png,30,30
252,2,10743,24533,England Premier League,2025-2026,1903437,https://www.whoscored.com/matches/1903437/live/england-premier-league-2025-2026-arsenal-everton,Mar 2026,FT,Arsenal,Everton,13,31,2,0,2026-03-14,https://d2zywfiolv4f83.cloudfront.net/img/teams/13.png,https://d2zywfiolv4f83.cloudfront.net/img/teams/31.png,30,30
252,2,10743,24533,England Premier League,2025-2026,1903459,https://www.whoscored.com/matches/1903459/live/england-premier-league-2025-2026-west-ham-manchester-city,Mar 2026,FT,West Ham United,Manchester City,29,167,1,1,2026-03-14,https://d2zywfiolv4f83.cloudfront.net/img/teams/29.png,https://d2zywfiolv4f83.cloudfront.net/img/teams/167.png,30,30
252,2,10743,24533,England Premier League,2025-2026,1903450,https://www.whoscored.com/matches/1903450/live/england-premier-league-2025-2026-manchester-united-aston-villa,Mar 2026,FT,Manchester United,Aston Villa,32,24,3,1,2026-03-15,https://d2zywfiolv4f83.cloudfront.net/img/teams/32.png,https://d2zywfiolv4f83.cloudfront.net/img/teams/24.png,30,30
252,2,10743,24533,England Premier League,2025-2026,1903452,https://www.whoscored.com/matches/1903452/live/england-premier-league-2025-2026-nottingham-forest-fulham,Mar 2026,FT,Nottingham Forest,Fulham,174,170,0,0,2026-03-15,https://d2zywfiolv4f83.cloudfront.net/img/teams/174.png,https://d2zywfiolv4f83.cloudfront.net/img/teams/170.png,30,30
252,2,10743,24533,England Premier League,2025-2026,1903445,https://www.whoscored.com/matches/1903445/live/england-premier-league-2025-2026-crystal-palace-leeds,Mar 2026,FT,Crystal Palace,Leeds United,162,19,0,0,2026-03-15,https://d2zywfiolv4f83.cloudfront.net/img/teams/162.png,https://d2zywfiolv4f83.cloudfront.net/img/teams/19.png,30,30
252,2,10743,24533,England Premier League,2025-2026,1903447,https://www.whoscored.com/matches/1903447/live/england-premier-league-2025-2026-liverpool-tottenham,Mar 2026,FT,Liverpool,Tottenham Hotspur,26,30,1,1,2026-03-15,https://d2zywfiolv4f83.cloudfront.net/img/teams/26.png,https://d2zywfiolv4f83.cloudfront.net/img/teams/30.png,30,30
252,2,10743,24533,England Premier League,2025-2026,1903439,https://www.whoscored.com/matches/1903439/live/england-premier-league-2025-2026-brentford-wolves,Mar 2026,FT,Brentford,Wolverhampton Wanderers,189,161,2,2,2026-03-16,https://d2zywfiolv4f83.cloudfront.net/img/teams/189.png,https://d2zywfiolv4f83.cloudfront.net/img/teams/161.png,30,30
252,2,10743,24533,England Premier League,2025-2026,1903460,https://www.whoscored.com/matches/1903460/live/england-premier-league-2025-2026-bournemouth-manchester-united,Mar 2026,FT,AFC Bournemouth,Manchester United,183,32,2,2,2026-03-20,https://d2zywfiolv4f83.cloudfront.net/img/teams/183.png,https://d2zywfiolv4f83.cloudfront.net/img/teams/32.png,31,31
252,2,10743,24533,England Premier League,2025-2026,1903462,https://www.whoscored.com/matches/1903462/live/england-premier-league-2025-2026-brighton-liverpool,Mar 2026,FT,Brighton & Hove Albion,Liverpool,211,26,2,1,2026-03-21,https://d2zywfiolv4f83.cloudfront.net/img/teams/211.png,https://d2zywfiolv4f83.cloudfront.net/img/teams/26.png,31,31
252,2,10743,24533,England Premier League,2025-2026,1903464,https://www.whoscored.com/matches/1903464/live/england-premier-league-2025-2026-fulham-burnley,Mar 2026,FT,Fulham,Burnley,170,184,3,1,2026-03-21,https://d2zywfiolv4f83.cloudfront.net/img/teams/170.png,https://d2zywfiolv4f83.cloudfront.net/img/teams/184.png,31,31
252,2,10743,24533,England Premier League,2025-2026,1903463,https://www.whoscored.com/matches/1903463/live/england-premier-league-2025-2026-everton-chelsea,Mar 2026,FT,Everton,Chelsea,31,15,3,0,2026-03-21,https://d2zywfiolv4f83.cloudfront.net/img/teams/31.png,https://d2zywfiolv4f83.cloudfront.net/img/teams/15.png,31,31
252,2,10743,24533,England Premier League,2025-2026,1903465,https://www.whoscored.com/matches/1903465/live/england-premier-league-2025-2026-leeds-brentford,Mar 2026,FT,Leeds United,Brentford,19,189,0,0,2026-03-21,https://d2zywfiolv4f83.cloudfront.net/img/teams/19.png,https://d2zywfiolv4f83.cloudfront.net/img/teams/189.png,31,31
252,2,10743,24533,England Premier League,2025-2026,1903467,https://www.whoscored.com/matches/1903467/live/england-premier-league-2025-2026-newcastle-sunderland,Mar 2026,FT,Newcastle United,Sunderland,23,16,1,2,2026-03-22,https://d2zywfiolv4f83.cloudfront.net/img/teams/23.png,https://d2zywfiolv4f83.cloudfront.net/img/teams/16.png,31,31
252,2,10743,24533,England Premier League,2025-2026,1903468,https://www.whoscored.com/matches/1903468/live/england-premier-league-2025-2026-tottenham-nottingham-forest,Mar 2026,FT,Tottenham Hotspur,Nottingham Forest,30,174,0,3,2026-03-22,https://d2zywfiolv4f83.cloudfront.net/img/teams/30.png,https://d2zywfiolv4f83.cloudfront.net/img/teams/174.png,31,31
252,2,10743,24533,England Premier League,2025-2026,1903461,https://www.whoscored.com/matches/1903461/live/england-premier-league-2025-2026-aston-villa-west-ham,Mar 2026,FT,Aston Villa,West Ham United,24,29,2,0,2026-03-22,https://d2zywfiolv4f83.cloudfront.net/img/teams/24.png,https://d2zywfiolv4f83.cloudfront.net/img/teams/29.png,31,31
252,2,10743,24533,England Premier League,2025-2026,1903355,https://www.whoscored.com/matches/1903355/live/england-premier-league-2025-2026-west-ham-wolves,Apr 2026,FT,West Ham United,Wolverhampton Wanderers,29,161,4,0,2026-04-10,https://d2zywfiolv4f83.cloudfront.net/img/teams/29.png,https://d2zywfiolv4f83.cloudfront.net/img/teams/161.png,32,32
252,2,10743,24533,England Premier League,2025-2026,1903470,https://www.whoscored.com/matches/1903470/live/england-premier-league-2025-2026-arsenal-bournemouth,Apr 2026,FT,Arsenal,AFC Bournemouth,13,183,1,2,2026-04-11,https://d2zywfiolv4f83.cloudfront.net/img/teams/13.png,https://d2zywfiolv4f83.cloudfront.net/img/teams/183.png,32,32
252,2,10743,24533,England Premier League,2025-2026,1903471,https://www.whoscored.com/matches/1903471/live/england-premier-league-2025-2026-brentford-everton,Apr 2026,FT,Brentford,Everton,189,31,2,2,2026-04-11,https://d2zywfiolv4f83.cloudfront.net/img/teams/189.png,https://d2zywfiolv4f83.cloudfront.net/img/teams/31.png,32,32
252,2,10743,24533,England Premier League,2025-2026,1903472,https://www.whoscored.com/matches/1903472/live/england-premier-league-2025-2026-burnley-brighton,Apr 2026,FT,Burnley,Brighton & Hove Albion,184,211,0,2,2026-04-11,https://d2zywfiolv4f83.cloudfront.net/img/teams/184.png,https://d2zywfiolv4f83.cloudfront.net/img/teams/211.png,32,32
252,2,10743,24533,England Premier League,2025-2026,1903475,https://www.whoscored.com/matches/1903475/live/england-premier-league-2025-2026-liverpool-fulham,Apr 2026,FT,Liverpool,Fulham,26,170,2,0,2026-04-11,https://d2zywfiolv4f83.cloudfront.net/img/teams/26.png,https://d2zywfiolv4f83.cloudfront.net/img/teams/170.png,32,32
252,2,10743,24533,England Premier League,2025-2026,1903474,https://www.whoscored.com/matches/1903474/live/england-premier-league-2025-2026-crystal-palace-newcastle,Apr 2026,FT,Crystal Palace,Newcastle United,162,23,2,1,2026-04-12,https://d2zywfiolv4f83.cloudfront.net/img/teams/162.png,https://d2zywfiolv4f83.cloudfront.net/img/teams/23.png,32,32
252,2,10743,24533,England Premier League,2025-2026,1903349,https://www.whoscored.com/matches/1903349/live/england-premier-league-2025-2026-nottingham-forest-aston-villa,Apr 2026,FT,Nottingham Forest,Aston Villa,174,24,1,1,2026-04-12,https://d2zywfiolv4f83.cloudfront.net/img/teams/174.png,https://d2zywfiolv4f83.cloudfront.net/img/teams/24.png,32,32
252,2,10743,24533,England Premier League,2025-2026,1903352,https://www.whoscored.com/matches/1903352/live/england-premier-league-2025-2026-sunderland-tottenham,Apr 2026,FT,Sunderland,Tottenham Hotspur,16,30,1,0,2026-04-12,https://d2zywfiolv4f83.cloudfront.net/img/teams/16.png,https://d2zywfiolv4f83.cloudfront.net/img/teams/30.png,32,32
252,2,10743,24533,England Premier League,2025-2026,1903473,https://www.whoscored.com/matches/1903473/live/england-premier-league-2025-2026-chelsea-manchester-city,Apr 2026,FT,Chelsea,Manchester City,15,167,0,3,2026-04-12,https://d2zywfiolv4f83.cloudfront.net/img/teams/15.png,https://d2zywfiolv4f83.cloudfront.net/img/teams/167.png,32,32
252,2,10743,24533,England Premier League,2025-2026,1903346,https://www.whoscored.com/matches/1903346/live/england-premier-league-2025-2026-manchester-united-leeds,Apr 2026,FT,Manchester United,Leeds United,32,19,1,2,2026-04-13,https://d2zywfiolv4f83.cloudfront.net/img/teams/32.png,https://d2zywfiolv4f83.cloudfront.net/img/teams/19.png,32,32
252,2,10743,24533,England Premier League,2025-2026,1903362,https://www.whoscored.com/matches/1903362/live/england-premier-league-2025-2026-brentford-fulham,Apr 2026,FT,Brentford,Fulham,189,170,0,0,2026-04-18,https://d2zywfiolv4f83.cloudfront.net/img/teams/189.png,https://d2zywfiolv4f83.cloudfront.net/img/teams/170.png,33,33
252,2,10743,24533,England Premier League,2025-2026,1903377,https://www.whoscored.com/matches/1903377/live/england-premier-league-2025-2026-leeds-wolves,Apr 2026,FT,Leeds United,Wolverhampton Wanderers,19,161,3,0,2026-04-18,https://d2zywfiolv4f83.cloudfront.net/img/teams/19.png,https://d2zywfiolv4f83.cloudfront.net/img/teams/161.png,33,33
252,2,10743,24533,England Premier League,2025-2026,1903379,https://www.whoscored.com/matches/1903379/live/england-premier-league-2025-2026-newcastle-bournemouth,Apr 2026,FT,Newcastle United,AFC Bournemouth,23,183,1,2,2026-04-18,https://d2zywfiolv4f83.cloudfront.net/img/teams/23.png,https://d2zywfiolv4f83.cloudfront.net/img/teams/183.png,33,33
252,2,10743,24533,England Premier League,2025-2026,1903382,https://www.whoscored.com/matches/1903382/live/england-premier-league-2025-2026-tottenham-brighton,Apr 2026,FT,Tottenham Hotspur,Brighton & Hove Albion,30,211,2,2,2026-04-18,https://d2zywfiolv4f83.cloudfront.net/img/teams/30.png,https://d2zywfiolv4f83.cloudfront.net/img/teams/211.png,33,33
252,2,10743,24533,England Premier League,2025-2026,1903365,https://www.whoscored.com/matches/1903365/live/england-premier-league-2025-2026-chelsea-manchester-united,Apr 2026,FT,Chelsea,Manchester United,15,32,0,1,2026-04-18,https://d2zywfiolv4f83.cloudfront.net/img/teams/15.png,https://d2zywfiolv4f83.cloudfront.net/img/teams/32.png,33,33
252,2,10743,24533,England Premier League,2025-2026,1903372,https://www.whoscored.com/matches/1903372/live/england-premier-league-2025-2026-everton-liverpool,Apr 2026,FT,Everton,Liverpool,31,26,1,2,2026-04-19,https://d2zywfiolv4f83.cloudfront.net/img/teams/31.png,https://d2zywfiolv4f83.cloudfront.net/img/teams/26.png,33,33
252,2,10743,24533,England Premier League,2025-2026,1903358,https://www.whoscored.com/matches/1903358/live/england-premier-league-2025-2026-aston-villa-sunderland,Apr 2026,FT,Aston Villa,Sunderland,24,16,4,3,2026-04-19,https://d2zywfiolv4f83.cloudfront.net/img/teams/24.png,https://d2zywfiolv4f83.cloudfront.net/img/teams/16.png,33,33
252,2,10743,24533,England Premier League,2025-2026,1903381,https://www.whoscored.com/matches/1903381/live/england-premier-league-2025-2026-nottingham-forest-burnley,Apr 2026,FT,Nottingham Forest,Burnley,174,184,4,1,2026-04-19,https://d2zywfiolv4f83.cloudfront.net/img/teams/174.png,https://d2zywfiolv4f83.cloudfront.net/img/teams/184.png,33,33
252,2,10743,24533,England Premier League,2025-2026,1903378,https://www.whoscored.com/matches/1903378/live/england-premier-league-2025-2026-manchester-city-arsenal,Apr 2026,FT,Manchester City,Arsenal,167,13,2,1,2026-04-19,https://d2zywfiolv4f83.cloudfront.net/img/teams/167.png,https://d2zywfiolv4f83.cloudfront.net/img/teams/13.png,33,33
252,2,10743,24533,England Premier League,2025-2026,1903368,https://www.whoscored.com/matches/1903368/live/england-premier-league-2025-2026-crystal-palace-west-ham,Apr 2026,FT,Crystal Palace,West Ham United,162,29,0,0,2026-04-20,https://d2zywfiolv4f83.cloudfront.net/img/teams/162.png,https://d2zywfiolv4f83.cloudfront.net/img/teams/29.png,33,33
252,2,10743,24533,England Premier League,2025-2026,1903388,https://www.whoscored.com/matches/1903388/live/england-premier-league-2025-2026-brighton-chelsea,Apr 2026,FT,Brighton & Hove Albion,Chelsea,211,15,3,0,2026-04-21,https://d2zywfiolv4f83.cloudfront.net/img/teams/211.png,https://d2zywfiolv4f83.cloudfront.net/img/teams/15.png,34,34
252,2,10743,24533,England Premier League,2025-2026,1903389,https://www.whoscored.com/matches/1903389/live/england-premier-league-2025-2026-burnley-manchester-city,Apr 2026,FT,Burnley,Manchester City,184,167,0,1,2026-04-22,https://d2zywfiolv4f83.cloudfront.net/img/teams/184.png,https://d2zywfiolv4f83.cloudfront.net/img/teams/167.png,34,34
252,2,10743,24533,England Premier League,2025-2026,1903384,https://www.whoscored.com/matches/1903384/live/england-premier-league-2025-2026-bournemouth-leeds,Apr 2026,FT,AFC Bournemouth,Leeds United,183,19,2,2,2026-04-22,https://d2zywfiolv4f83.cloudfront.net/img/teams/183.png,https://d2zywfiolv4f83.cloudfront.net/img/teams/19.png,34,34
252,2,10743,24533,England Premier League,2025-2026,1903397,https://www.whoscored.com/matches/1903397/live/england-premier-league-2025-2026-sunderland-nottingham-forest,Apr 2026,FT,Sunderland,Nottingham Forest,16,174,0,5,2026-04-24,https://d2zywfiolv4f83.cloudfront.net/img/teams/16.png,https://d2zywfiolv4f83.cloudfront.net/img/teams/174.png,34,34
252,2,10743,24533,England Premier League,2025-2026,1903391,https://www.whoscored.com/matches/1903391/live/england-premier-league-2025-2026-fulham-aston-villa,Apr 2026,FT,Fulham,Aston Villa,170,24,1,0,2026-04-25,https://d2zywfiolv4f83.cloudfront.net/img/teams/170.png,https://d2zywfiolv4f83.cloudfront.net/img/teams/24.png,34,34
252,2,10743,24533,England Premier League,2025-2026,1903392,https://www.whoscored.com/matches/1903392/live/england-premier-league-2025-2026-liverpool-crystal-palace,Apr 2026,FT,Liverpool,Crystal Palace,26,162,3,1,2026-04-25,https://d2zywfiolv4f83.cloudfront.net/img/teams/26.png,https://d2zywfiolv4f83.cloudfront.net/img/teams/162.png,34,34
252,2,10743,24533,England Premier League,2025-2026,1903398,https://www.whoscored.com/matches/1903398/live/england-premier-league-2025-2026-west-ham-everton,Apr 2026,FT,West Ham United,Everton,29,31,2,1,2026-04-25,https://d2zywfiolv4f83.cloudfront.net/img/teams/29.png,https://d2zywfiolv4f83.cloudfront.net/img/teams/31.png,34,34
252,2,10743,24533,England Premier League,2025-2026,1903401,https://www.whoscored.com/matches/1903401/live/england-premier-league-2025-2026-wolves-tottenham,Apr 2026,FT,Wolverhampton Wanderers,Tottenham Hotspur,161,30,0,1,2026-04-25,https://d2zywfiolv4f83.cloudfront.net/img/teams/161.png,https://d2zywfiolv4f83.cloudfront.net/img/teams/30.png,34,34
252,2,10743,24533,England Premier League,2025-2026,1903387,https://www.whoscored.com/matches/1903387/live/england-premier-league-2025-2026-arsenal-newcastle,Apr 2026,FT,Arsenal,Newcastle United,13,23,1,0,2026-04-25,https://d2zywfiolv4f83.cloudfront.net/img/teams/13.png,https://d2zywfiolv4f83.cloudfront.net/img/teams/23.png,34,34
252,2,10743,24533,England Premier League,2025-2026,1903395,https://www.whoscored.com/matches/1903395/live/england-premier-league-2025-2026-manchester-united-brentford,Apr 2026,FT,Manchester United,Brentford,32,189,2,1,2026-04-27,https://d2zywfiolv4f83.cloudfront.net/img/teams/32.png,https://d2zywfiolv4f83.cloudfront.net/img/teams/189.png,34,34
252,2,10743,24533,England Premier League,2025-2026,1903415,https://www.whoscored.com/matches/1903415/live/england-premier-league-2025-2026-leeds-burnley,May 2026,FT,Leeds United,Burnley,19,184,3,1,2026-05-01,https://d2zywfiolv4f83.cloudfront.net/img/teams/19.png,https://d2zywfiolv4f83.cloudfront.net/img/teams/184.png,35,35
252,2,10743,24533,England Premier League,2025-2026,1903409,https://www.whoscored.com/matches/1903409/live/england-premier-league-2025-2026-brentford-west-ham,May 2026,FT,Brentford,West Ham United,189,29,3,0,2026-05-02,https://d2zywfiolv4f83.cloudfront.net/img/teams/189.png,https://d2zywfiolv4f83.cloudfront.net/img/teams/29.png,35,35
252,2,10743,24533,England Premier League,2025-2026,1903419,https://www.whoscored.com/matches/1903419/live/england-premier-league-2025-2026-newcastle-brighton,May 2026,FT,Newcastle United,Brighton & Hove Albion,23,211,3,1,2026-05-02,https://d2zywfiolv4f83.cloudfront.net/img/teams/23.png,https://d2zywfiolv4f83.cloudfront.net/img/teams/211.png,35,35
252,2,10743,24533,England Premier League,2025-2026,1903420,https://www.whoscored.com/matches/1903420/live/england-premier-league-2025-2026-wolves-sunderland,May 2026,FT,Wolverhampton Wanderers,Sunderland,161,16,1,1,2026-05-02,https://d2zywfiolv4f83.cloudfront.net/img/teams/161.png,https://d2zywfiolv4f83.cloudfront.net/img/teams/16.png,35,35
252,2,10743,24533,England Premier League,2025-2026,1903405,https://www.whoscored.com/matches/1903405/live/england-premier-league-2025-2026-arsenal-fulham,May 2026,FT,Arsenal,Fulham,13,170,3,0,2026-05-02,https://d2zywfiolv4f83.cloudfront.net/img/teams/13.png,https://d2zywfiolv4f83.cloudfront.net/img/teams/170.png,35,35
252,2,10743,24533,England Premier League,2025-2026,1903403,https://www.whoscored.com/matches/1903403/live/england-premier-league-2025-2026-bournemouth-crystal-palace,May 2026,FT,AFC Bournemouth,Crystal Palace,183,162,3,0,2026-05-03,https://d2zywfiolv4f83.cloudfront.net/img/teams/183.png,https://d2zywfiolv4f83.cloudfront.net/img/teams/162.png,35,35
252,2,10743,24533,England Premier League,2025-2026,1903417,https://www.whoscored.com/matches/1903417/live/england-premier-league-2025-2026-manchester-united-liverpool,May 2026,FT,Manchester United,Liverpool,32,26,3,2,2026-05-03,https://d2zywfiolv4f83.cloudfront.net/img/teams/32.png,https://d2zywfiolv4f83.cloudfront.net/img/teams/26.png,35,35
252,2,10743,24533,England Premier League,2025-2026,1903407,https://www.whoscored.com/matches/1903407/live/england-premier-league-2025-2026-aston-villa-tottenham,May 2026,FT,Aston Villa,Tottenham Hotspur,24,30,1,2,2026-05-03,https://d2zywfiolv4f83.cloudfront.net/img/teams/24.png,https://d2zywfiolv4f83.cloudfront.net/img/teams/30.png,35,35
252,2,10743,24533,England Premier League,2025-2026,1903411,https://www.whoscored.com/matches/1903411/live/england-premier-league-2025-2026-chelsea-nottingham-forest,May 2026,FT,Chelsea,Nottingham Forest,15,174,1,3,2026-05-04,https://d2zywfiolv4f83.cloudfront.net/img/teams/15.png,https://d2zywfiolv4f83.cloudfront.net/img/teams/174.png,35,35
252,2,10743,24533,England Premier League,2025-2026,1903413,https://www.whoscored.com/matches/1903413/live/england-premier-league-2025-2026-everton-manchester-city,May 2026,FT,Everton,Manchester City,31,167,3,3,2026-05-04,https://d2zywfiolv4f83.cloudfront.net/img/teams/31.png,https://d2zywfiolv4f83.cloudfront.net/img/teams/167.png,35,35
252,2,10743,24533,England Premier League,2025-2026,1903430,https://www.whoscored.com/matches/1903430/live/england-premier-league-2025-2026-liverpool-chelsea,May 2026,FT,Liverpool,Chelsea,26,15,1,1,2026-05-09,https://d2zywfiolv4f83.cloudfront.net/img/teams/26.png,https://d2zywfiolv4f83.cloudfront.net/img/teams/15.png,36,36
252,2,10743,24533,England Premier League,2025-2026,1903436,https://www.whoscored.com/matches/1903436/live/england-premier-league-2025-2026-sunderland-manchester-united,May 2026,FT,Sunderland,Manchester United,16,32,0,0,2026-05-09,https://d2zywfiolv4f83.cloudfront.net/img/teams/16.png,https://d2zywfiolv4f83.cloudfront.net/img/teams/32.png,36,36
252,2,10743,24533,England Premier League,2025-2026,1903428,https://www.whoscored.com/matches/1903428/live/england-premier-league-2025-2026-fulham-bournemouth,May 2026,FT,Fulham,AFC Bournemouth,170,183,0,1,2026-05-09,https://d2zywfiolv4f83.cloudfront.net/img/teams/170.png,https://d2zywfiolv4f83.cloudfront.net/img/teams/183.png,36,36
252,2,10743,24533,England Premier League,2025-2026,1903422,https://www.whoscored.com/matches/1903422/live/england-premier-league-2025-2026-brighton-wolves,May 2026,FT,Brighton & Hove Albion,Wolverhampton Wanderers,211,161,3,0,2026-05-09,https://d2zywfiolv4f83.cloudfront.net/img/teams/211.png,https://d2zywfiolv4f83.cloudfront.net/img/teams/161.png,36,36
252,2,10743,24533,England Premier League,2025-2026,1903432,https://www.whoscored.com/matches/1903432/live/england-premier-league-2025-2026-manchester-city-brentford,May 2026,FT,Manchester City,Brentford,167,189,3,0,2026-05-09,https://d2zywfiolv4f83.cloudfront.net/img/teams/167.png,https://d2zywfiolv4f83.cloudfront.net/img/teams/189.png,36,36
252,2,10743,24533,England Premier League,2025-2026,1903434,https://www.whoscored.com/matches/1903434/live/england-premier-league-2025-2026-nottingham-forest-newcastle,May 2026,FT,Nottingham Forest,Newcastle United,174,23,1,1,2026-05-10,https://d2zywfiolv4f83.cloudfront.net/img/teams/174.png,https://d2zywfiolv4f83.cloudfront.net/img/teams/23.png,36,36
252,2,10743,24533,England Premier League,2025-2026,1903424,https://www.whoscored.com/matches/1903424/live/england-premier-league-2025-2026-burnley-aston-villa,May 2026,FT,Burnley,Aston Villa,184,24,2,2,2026-05-10,https://d2zywfiolv4f83.cloudfront.net/img/teams/184.png,https://d2zywfiolv4f83.cloudfront.net/img/teams/24.png,36,36
252,2,10743,24533,England Premier League,2025-2026,1903426,https://www.whoscored.com/matches/1903426/live/england-premier-league-2025-2026-crystal-palace-everton,May 2026,FT,Crystal Palace,Everton,162,31,2,2,2026-05-10,https://d2zywfiolv4f83.cloudfront.net/img/teams/162.png,https://d2zywfiolv4f83.cloudfront.net/img/teams/31.png,36,36
252,2,10743,24533,England Premier League,2025-2026,1903440,https://www.whoscored.com/matches/1903440/live/england-premier-league-2025-2026-west-ham-arsenal,May 2026,FT,West Ham United,Arsenal,29,13,0,1,2026-05-10,https://d2zywfiolv4f83.cloudfront.net/img/teams/29.png,https://d2zywfiolv4f83.cloudfront.net/img/teams/13.png,36,36
252,2,10743,24533,England Premier League,2025-2026,1903438,https://www.whoscored.com/matches/1903438/live/england-premier-league-2025-2026-tottenham-leeds,May 2026,FT,Tottenham Hotspur,Leeds United,30,19,1,1,2026-05-11,https://d2zywfiolv4f83.cloudfront.net/img/teams/30.png,https://d2zywfiolv4f83.cloudfront.net/img/teams/19.png,36,36
252,2,10743,24533,England Premier League,2025-2026,1903466,https://www.whoscored.com/matches/1903466/live/england-premier-league-2025-2026-manchester-city-crystal-palace,May 2026,FT,Manchester City,Crystal Palace,167,162,3,0,2026-05-13,https://d2zywfiolv4f83.cloudfront.net/img/teams/167.png,https://d2zywfiolv4f83.cloudfront.net/img/teams/162.png,31,31
252,2,10743,24533,England Premier League,2025-2026,1903446,https://www.whoscored.com/matches/1903446/live/england-premier-league-2025-2026-aston-villa-liverpool,May 2026,FT,Aston Villa,Liverpool,24,26,4,2,2026-05-15,https://d2zywfiolv4f83.cloudfront.net/img/teams/24.png,https://d2zywfiolv4f83.cloudfront.net/img/teams/26.png,37,37
252,2,10743,24533,England Premier League,2025-2026,1903454,https://www.whoscored.com/matches/1903454/live/england-premier-league-2025-2026-manchester-united-nottingham-forest,May 2026,FT,Manchester United,Nottingham Forest,32,174,3,2,2026-05-17,https://d2zywfiolv4f83.cloudfront.net/img/teams/32.png,https://d2zywfiolv4f83.cloudfront.net/img/teams/174.png,37,37
252,2,10743,24533,England Premier League,2025-2026,1903451,https://www.whoscored.com/matches/1903451/live/england-premier-league-2025-2026-everton-sunderland,May 2026,FT,Everton,Sunderland,31,16,1,3,2026-05-17,https://d2zywfiolv4f83.cloudfront.net/img/teams/31.png,https://d2zywfiolv4f83.cloudfront.net/img/teams/16.png,37,37
252,2,10743,24533,England Premier League,2025-2026,1903453,https://www.whoscored.com/matches/1903453/live/england-premier-league-2025-2026-leeds-brighton,May 2026,FT,Leeds United,Brighton & Hove Albion,19,211,1,0,2026-05-17,https://d2zywfiolv4f83.cloudfront.net/img/teams/19.png,https://d2zywfiolv4f83.cloudfront.net/img/teams/211.png,37,37
252,2,10743,24533,England Premier League,2025-2026,1903448,https://www.whoscored.com/matches/1903448/live/england-premier-league-2025-2026-brentford-crystal-palace,May 2026,FT,Brentford,Crystal Palace,189,162,2,2,2026-05-17,https://d2zywfiolv4f83.cloudfront.net/img/teams/189.png,https://d2zywfiolv4f83.cloudfront.net/img/teams/162.png,37,37
252,2,10743,24533,England Premier League,2025-2026,1903457,https://www.whoscored.com/matches/1903457/live/england-premier-league-2025-2026-wolves-fulham,May 2026,FT,Wolverhampton Wanderers,Fulham,161,170,1,1,2026-05-17,https://d2zywfiolv4f83.cloudfront.net/img/teams/161.png,https://d2zywfiolv4f83.cloudfront.net/img/teams/170.png,37,37
252,2,10743,24533,England Premier League,2025-2026,1903455,https://www.whoscored.com/matches/1903455/live/england-premier-league-2025-2026-newcastle-west-ham,May 2026,FT,Newcastle United,West Ham United,23,29,3,1,2026-05-17,https://d2zywfiolv4f83.cloudfront.net/img/teams/23.png,https://d2zywfiolv4f83.cloudfront.net/img/teams/29.png,37,37
252,2,10743,24533,England Premier League,2025-2026,1903444,https://www.whoscored.com/matches/1903444/live/england-premier-league-2025-2026-arsenal-burnley,May 2026,FT,Arsenal,Burnley,13,184,1,0,2026-05-18,https://d2zywfiolv4f83.cloudfront.net/img/teams/13.png,https://d2zywfiolv4f83.cloudfront.net/img/teams/184.png,37,37
252,2,10743,24533,England Premier League,2025-2026,1903442,https://www.whoscored.com/matches/1903442/live/england-premier-league-2025-2026-bournemouth-manchester-city,May 2026,FT,AFC Bournemouth,Manchester City,183,167,1,1,2026-05-19,https://d2zywfiolv4f83.cloudfront.net/img/teams/183.png,https://d2zywfiolv4f83.cloudfront.net/img/teams/167.png,37,37
252,2,10743,24533,England Premier League,2025-2026,1903449,https://www.whoscored.com/matches/1903449/live/england-premier-league-2025-2026-chelsea-tottenham,May 2026,FT,Chelsea,Tottenham Hotspur,15,30,2,1,2026-05-19,https://d2zywfiolv4f83.cloudfront.net/img/teams/15.png,https://d2zywfiolv4f83.cloudfront.net/img/teams/30.png,37,37
252,2,10743,24533,England Premier League,2025-2026,1903350,https://www.whoscored.com/matches/1903350/live/england-premier-league-2025-2026-burnley-wolves,May 2026,FT,Burnley,Wolverhampton Wanderers,184,161,1,1,2026-05-24,https://d2zywfiolv4f83.cloudfront.net/img/teams/184.png,https://d2zywfiolv4f83.cloudfront.net/img/teams/161.png,38,38
252,2,10743,24533,England Premier League,2025-2026,1903353,https://www.whoscored.com/matches/1903353/live/england-premier-league-2025-2026-crystal-palace-arsenal,May 2026,FT,Crystal Palace,Arsenal,162,13,1,2,2026-05-24,https://d2zywfiolv4f83.cloudfront.net/img/teams/162.png,https://d2zywfiolv4f83.cloudfront.net/img/teams/13.png,38,38
252,2,10743,24533,England Premier League,2025-2026,1903356,https://www.whoscored.com/matches/1903356/live/england-premier-league-2025-2026-fulham-newcastle,May 2026,FT,Fulham,Newcastle United,170,23,2,0,2026-05-24,https://d2zywfiolv4f83.cloudfront.net/img/teams/170.png,https://d2zywfiolv4f83.cloudfront.net/img/teams/23.png,38,38
252,2,10743,24533,England Premier League,2025-2026,1903359,https://www.whoscored.com/matches/1903359/live/england-premier-league-2025-2026-liverpool-brentford,May 2026,FT,Liverpool,Brentford,26,189,1,1,2026-05-24,https://d2zywfiolv4f83.cloudfront.net/img/teams/26.png,https://d2zywfiolv4f83.cloudfront.net/img/teams/189.png,38,38
252,2,10743,24533,England Premier League,2025-2026,1903361,https://www.whoscored.com/matches/1903361/live/england-premier-league-2025-2026-manchester-city-aston-villa,May 2026,FT,Manchester City,Aston Villa,167,24,1,2,2026-05-24,https://d2zywfiolv4f83.cloudfront.net/img/teams/167.png,https://d2zywfiolv4f83.cloudfront.net/img/teams/24.png,38,38
252,2,10743,24533,England Premier League,2025-2026,1903364,https://www.whoscored.com/matches/1903364/live/england-premier-league-2025-2026-nottingham-forest-bournemouth,May 2026,FT,Nottingham Forest,AFC Bournemouth,174,183,1,1,2026-05-24,https://d2zywfiolv4f83.cloudfront.net/img/teams/174.png,https://d2zywfiolv4f83.cloudfront.net/img/teams/183.png,38,38
252,2,10743,24533,England Premier League,2025-2026,1903367,https://www.whoscored.com/matches/1903367/live/england-premier-league-2025-2026-sunderland-chelsea,May 2026,FT,Sunderland,Chelsea,16,15,2,1,2026-05-24,https://d2zywfiolv4f83.cloudfront.net/img/teams/16.png,https://d2zywfiolv4f83.cloudfront.net/img/teams/15.png,38,38
252,2,10743,24533,England Premier League,2025-2026,1903370,https://www.whoscored.com/matches/1903370/live/england-premier-league-2025-2026-tottenham-everton,May 2026,FT,Tottenham Hotspur,Everton,30,31,1,0,2026-05-24,https://d2zywfiolv4f83.cloudfront.net/img/teams/30.png,https://d2zywfiolv4f83.cloudfront.net/img/teams/31.png,38,38
252,2,10743,24533,England Premier League,2025-2026,1903373,https://www.whoscored.com/matches/1903373/live/england-premier-league-2025-2026-west-ham-leeds,May 2026,FT,West Ham United,Leeds United,29,19,3,0,2026-05-24,https://d2zywfiolv4f83.cloudfront.net/img/teams/29.png,https://d2zywfiolv4f83.cloudfront.net/img/teams/19.png,38,38
252,2,10743,24533,England Premier League,2025-2026,1903458,https://www.whoscored.com/matches/1903458/live/england-premier-league-2025-2026-brighton-manchester-united,May 2026,FT,Brighton & Hove Albion,Manchester United,211,32,0,3,2026-05-24,https://d2zywfiolv4f83.cloudfront.net/img/teams/211.png,https://d2zywfiolv4f83.cloudfront.net/img/teams/32.png,38,38
81,3,10720,24478,Germany Bundesliga,2025-2026,1908319,https://www.whoscored.com/matches/1908319/live/germany-bundesliga-2025-2026-bayern-munich-rb-leipzig,Aug 2025,FT,Bayern München,RB Leipzig,37,7614,6,0,2025-08-22,https://d2zywfiolv4f83.cloudfront.net/img/teams/37.png,https://d2zywfiolv4f83.cloudfront.net/img/teams/7614.png,1,1
81,3,10720,24478,Germany Bundesliga,2025-2026,1910600,https://www.whoscored.com/matches/1910600/live/germany-bundesliga-2025-2026-fc-heidenheim-wolfsburg,Aug 2025,FT,FC Heidenheim,Wolfsburg,4852,33,1,3,2025-08-23,https://d2zywfiolv4f83.cloudfront.net/img/teams/4852.png,https://d2zywfiolv4f83.cloudfront.net/img/teams/33.png,1,1
81,3,10720,24478,Germany Bundesliga,2025-2026,1910601,https://www.whoscored.com/matches/1910601/live/germany-bundesliga-2025-2026-bayer-leverkusen-hoffenheim,Aug 2025,FT,Bayer Leverkusen,Hoffenheim,36,1211,1,2,2025-08-23,https://d2zywfiolv4f83.cloudfront.net/img/teams/36.png,https://d2zywfiolv4f83.cloudfront.net/img/teams/1211.png,1,1
81,3,10720,24478,Germany Bundesliga,2025-2026,1910603,https://www.whoscored.com/matches/1910603/live/germany-bundesliga-2025-2026-union-berlin-vfb-stuttgart,Aug 2025,FT,Union Berlin,VfB Stuttgart,796,41,2,1,2025-08-23,https://d2zywfiolv4f83.cloudfront.net/img/teams/796.png,https://d2zywfiolv4f83.cloudfront.net/img/teams/41.png,1,1
81,3,10720,24478,Germany Bundesliga,2025-2026,1910604,https://www.whoscored.com/matches/1910604/live/germany-bundesliga-2025-2026-eintracht-frankfurt-werder-bremen,Aug 2025,FT,Eintracht Frankfurt,Werder Bremen,45,42,4,1,2025-08-23,https://d2zywfiolv4f83.cloudfront.net/img/teams/45.png,https://d2zywfiolv4f83.cloudfront.net/img/teams/42.png,1,1
81,3,10720,24478,Germany Bundesliga,2025-2026,1910605,https://www.whoscored.com/matches/1910605/live/germany-bundesliga-2025-2026-freiburg-augsburg,Aug 2025,FT,Freiburg,Augsburg,50,1730,1,3,2025-08-23,https://d2zywfiolv4f83.cloudfront.net/img/teams/50.png,https://d2zywfiolv4f83.cloudfront.net/img/teams/1730.png,1,1
81,3,10720,24478,Germany Bundesliga,2025-2026,1910599,https://www.whoscored.com/matches/1910599/live/germany-bundesliga-2025-2026-st-pauli-borussia-dortmund,Aug 2025,FT,St. Pauli,Borussia Dortmund,283,44,3,3,2025-08-23,https://d2zywfiolv4f83.cloudfront.net/img/teams/283.png,https://d2zywfiolv4f83.cloudfront.net/img/teams/44.png,1,1
81,3,10720,24478,Germany Bundesliga,2025-2026,1910598,https://www.whoscored.com/matches/1910598/live/germany-bundesliga-2025-2026-mainz-05-fc-koln,Aug 2025,FT,Mainz 05,1. FC Köln,219,282,0,1,2025-08-24,https://d2zywfiolv4f83.cloudfront.net/img/teams/219.png,https://d2zywfiolv4f83.cloudfront.net/img/teams/282.png,1,1
81,3,10720,24478,Germany Bundesliga,2025-2026,1910602,https://www.whoscored.com/matches/1910602/live/germany-bundesliga-2025-2026-borussia-m-gladbach-hamburger-sv,Aug 2025,FT,Borussia Mönchengladbach,Hamburger SV,134,38,0,0,2025-08-24,https://d2zywfiolv4f83.cloudfront.net/img/teams/134.png,https://d2zywfiolv4f83.cloudfront.net/img/teams/38.png,1,1
81,3,10720,24478,Germany Bundesliga,2025-2026,1910614,https://www.whoscored.com/matches/1910614/live/germany-bundesliga-2025-2026-hamburger-sv-st-pauli,Aug 2025,FT,Hamburger SV,St. Pauli,38,283,0,2,2025-08-29,https://d2zywfiolv4f83.cloudfront.net/img/teams/38.png,https://d2zywfiolv4f83.cloudfront.net/img/teams/283.png,2,2
81,3,10720,24478,Germany Bundesliga,2025-2026,1910612,https://www.whoscored.com/matches/1910612/live/germany-bundesliga-2025-2026-hoffenheim-eintracht-frankfurt,Aug 2025,FT,Hoffenheim,Eintracht Frankfurt,1211,45,1,3,2025-08-30,https://d2zywfiolv4f83.cloudfront.net/img/teams/1211.png,https://d2zywfiolv4f83.cloudfront.net/img/teams/45.png,2,2
81,3,10720,24478,Germany Bundesliga,2025-2026,1910607,https://www.whoscored.com/matches/1910607/live/germany-bundesliga-2025-2026-rb-leipzig-fc-heidenheim,Aug 2025,FT,RB Leipzig,FC Heidenheim,7614,4852,2,0,2025-08-30,https://d2zywfiolv4f83.cloudfront.net/img/teams/7614.png,https://d2zywfiolv4f83.cloudfront.net/img/teams/4852.png,2,2
81,3,10720,24478,Germany Bundesliga,2025-2026,1910608,https://www.whoscored.com/matches/1910608/live/germany-bundesliga-2025-2026-werder-bremen-bayer-leverkusen,Aug 2025,FT,Werder Bremen,Bayer Leverkusen,42,36,3,3,2025-08-30,https://d2zywfiolv4f83.cloudfront.net/img/teams/42.png,https://d2zywfiolv4f83.cloudfront.net/img/teams/36.png,2,2
81,3,10720,24478,Germany Bundesliga,2025-2026,1910609,https://www.whoscored.com/matches/1910609/live/germany-bundesliga-2025-2026-vfb-stuttgart-borussia-m-gladbach,Aug 2025,FT,VfB Stuttgart,Borussia Mönchengladbach,41,134,1,0,2025-08-30,https://d2zywfiolv4f83.cloudfront.net/img/teams/41.png,https://d2zywfiolv4f83.cloudfront.net/img/teams/134.png,2,2
81,3,10720,24478,Germany Bundesliga,2025-2026,1910611,https://www.whoscored.com/matches/1910611/live/germany-bundesliga-2025-2026-augsburg-bayern-munich,Aug 2025,FT,Augsburg,Bayern München,1730,37,2,3,2025-08-30,https://d2zywfiolv4f83.cloudfront.net/img/teams/1730.png,https://d2zywfiolv4f83.cloudfront.net/img/teams/37.png,2,2
81,3,10720,24478,Germany Bundesliga,2025-2026,1910610,https://www.whoscored.com/matches/1910610/live/germany-bundesliga-2025-2026-wolfsburg-mainz-05,Aug 2025,FT,Wolfsburg,Mainz 05,33,219,1,1,2025-08-31,https://d2zywfiolv4f83.cloudfront.net/img/teams/33.png,https://d2zywfiolv4f83.cloudfront.net/img/teams/219.png,2,2
81,3,10720,24478,Germany Bundesliga,2025-2026,1910606,https://www.whoscored.com/matches/1910606/live/germany-bundesliga-2025-2026-borussia-dortmund-union-berlin,Aug 2025,FT,Borussia Dortmund,Union Berlin,44,796,3,0,2025-08-31,https://d2zywfiolv4f83.cloudfront.net/img/teams/44.png,https://d2zywfiolv4f83.cloudfront.net/img/teams/796.png,2,2
81,3,10720,24478,Germany Bundesliga,2025-2026,1910613,https://www.whoscored.com/matches/1910613/live/germany-bundesliga-2025-2026-fc-koln-freiburg,Aug 2025,FT,1. FC Köln,Freiburg,282,50,4,1,2025-08-31,https://d2zywfiolv4f83.cloudfront.net/img/teams/282.png,https://d2zywfiolv4f83.cloudfront.net/img/teams/50.png,2,2
81,3,10720,24478,Germany Bundesliga,2025-2026,1910616,https://www.whoscored.com/matches/1910616/live/germany-bundesliga-2025-2026-bayer-leverkusen-eintracht-frankfurt,Sep 2025,FT,Bayer Leverkusen,Eintracht Frankfurt,36,45,3,1,2025-09-12,https://d2zywfiolv4f83.cloudfront.net/img/teams/36.png,https://d2zywfiolv4f83.cloudfront.net/img/teams/45.png,3,3
81,3,10720,24478,Germany Bundesliga,2025-2026,1910618,https://www.whoscored.com/matches/1910618/live/germany-bundesliga-2025-2026-freiburg-vfb-stuttgart,Sep 2025,FT,Freiburg,VfB Stuttgart,50,41,3,1,2025-09-13,https://d2zywfiolv4f83.cloudfront.net/img/teams/50.png,https://d2zywfiolv4f83.cloudfront.net/img/teams/41.png,3,3
81,3,10720,24478,Germany Bundesliga,2025-2026,1910619,https://www.whoscored.com/matches/1910619/live/germany-bundesliga-2025-2026-fc-heidenheim-borussia-dortmund,Sep 2025,FT,FC Heidenheim,Borussia Dortmund,4852,44,0,2,2025-09-13,https://d2zywfiolv4f83.cloudfront.net/img/teams/4852.png,https://d2zywfiolv4f83.cloudfront.net/img/teams/44.png,3,3
81,3,10720,24478,Germany Bundesliga,2025-2026,1910620,https://www.whoscored.com/matches/1910620/live/germany-bundesliga-2025-2026-mainz-05-rb-leipzig,Sep 2025,FT,Mainz 05,RB Leipzig,219,7614,0,1,2025-09-13,https://d2zywfiolv4f83.cloudfront.net/img/teams/219.png,https://d2zywfiolv4f83.cloudfront.net/img/teams/7614.png,3,3
81,3,10720,24478,Germany Bundesliga,2025-2026,1910622,https://www.whoscored.com/matches/1910622/live/germany-bundesliga-2025-2026-wolfsburg-fc-koln,Sep 2025,FT,Wolfsburg,1. FC Köln,33,282,3,3,2025-09-13,https://d2zywfiolv4f83.cloudfront.net/img/teams/33.png,https://d2zywfiolv4f83.cloudfront.net/img/teams/282.png,3,3
81,3,10720,24478,Germany Bundesliga,2025-2026,1910623,https://www.whoscored.com/matches/1910623/live/germany-bundesliga-2025-2026-union-berlin-hoffenheim,Sep 2025,FT,Union Berlin,Hoffenheim,796,1211,2,4,2025-09-13,https://d2zywfiolv4f83.cloudfront.net/img/teams/796.png,https://d2zywfiolv4f83.cloudfront.net/img/teams/1211.png,3,3
81,3,10720,24478,Germany Bundesliga,2025-2026,1910615,https://www.whoscored.com/matches/1910615/live/germany-bundesliga-2025-2026-bayern-munich-hamburger-sv,Sep 2025,FT,Bayern München,Hamburger SV,37,38,5,0,2025-09-13,https://d2zywfiolv4f83.cloudfront.net/img/teams/37.png,https://d2zywfiolv4f83.cloudfront.net/img/teams/38.png,3,3
81,3,10720,24478,Germany Bundesliga,2025-2026,1910617,https://www.whoscored.com/matches/1910617/live/germany-bundesliga-2025-2026-st-pauli-augsburg,Sep 2025,FT,St. Pauli,Augsburg,283,1730,2,1,2025-09-14,https://d2zywfiolv4f83.cloudfront.net/img/teams/283.png,https://d2zywfiolv4f83.cloudfront.net/img/teams/1730.png,3,3
81,3,10720,24478,Germany Bundesliga,2025-2026,1910621,https://www.whoscored.com/matches/1910621/live/germany-bundesliga-2025-2026-borussia-m-gladbach-werder-bremen,Sep 2025,FT,Borussia Mönchengladbach,Werder Bremen,134,42,0,4,2025-09-14,https://d2zywfiolv4f83.cloudfront.net/img/teams/134.png,https://d2zywfiolv4f83.cloudfront.net/img/teams/42.png,3,3
81,3,10720,24478,Germany Bundesliga,2025-2026,1910641,https://www.whoscored.com/matches/1910641/live/germany-bundesliga-2025-2026-vfb-stuttgart-st-pauli,Sep 2025,FT,VfB Stuttgart,St. Pauli,41,283,2,0,2025-09-19,https://d2zywfiolv4f83.cloudfront.net/img/teams/41.png,https://d2zywfiolv4f83.cloudfront.net/img/teams/283.png,4,4
81,3,10720,24478,Germany Bundesliga,2025-2026,1910643,https://www.whoscored.com/matches/1910643/live/germany-bundesliga-2025-2026-werder-bremen-freiburg,Sep 2025,FT,Werder Bremen,Freiburg,42,50,0,3,2025-09-20,https://d2zywfiolv4f83.cloudfront.net/img/teams/42.png,https://d2zywfiolv4f83.cloudfront.net/img/teams/50.png,4,4
81,3,10720,24478,Germany Bundesliga,2025-2026,1910627,https://www.whoscored.com/matches/1910627/live/germany-bundesliga-2025-2026-augsburg-mainz-05,Sep 2025,FT,Augsburg,Mainz 05,1730,219,1,4,2025-09-20,https://d2zywfiolv4f83.cloudfront.net/img/teams/1730.png,https://d2zywfiolv4f83.cloudfront.net/img/teams/219.png,4,4
81,3,10720,24478,Germany Bundesliga,2025-2026,1910635,https://www.whoscored.com/matches/1910635/live/germany-bundesliga-2025-2026-hamburger-sv-fc-heidenheim,Sep 2025,FT,Hamburger SV,FC Heidenheim,38,4852,2,1,2025-09-20,https://d2zywfiolv4f83.cloudfront.net/img/teams/38.png,https://d2zywfiolv4f83.cloudfront.net/img/teams/4852.png,4,4
81,3,10720,24478,Germany Bundesliga,2025-2026,1910637,https://www.whoscored.com/matches/1910637/live/germany-bundesliga-2025-2026-hoffenheim-bayern-munich,Sep 2025,FT,Hoffenheim,Bayern München,1211,37,1,4,2025-09-20,https://d2zywfiolv4f83.cloudfront.net/img/teams/1211.png,https://d2zywfiolv4f83.cloudfront.net/img/teams/37.png,4,4
81,3,10720,24478,Germany Bundesliga,2025-2026,1910639,https://www.whoscored.com/matches/1910639/live/germany-bundesliga-2025-2026-rb-leipzig-fc-koln,Sep 2025,FT,RB Leipzig,1. FC Köln,7614,282,3,1,2025-09-20,https://d2zywfiolv4f83.cloudfront.net/img/teams/7614.png,https://d2zywfiolv4f83.cloudfront.net/img/teams/282.png,4,4
81,3,10720,24478,Germany Bundesliga,2025-2026,1910633,https://www.whoscored.com/matches/1910633/live/germany-bundesliga-2025-2026-eintracht-frankfurt-union-berlin,Sep 2025,FT,Eintracht Frankfurt,Union Berlin,45,796,3,4,2025-09-21,https://d2zywfiolv4f83.cloudfront.net/img/teams/45.png,https://d2zywfiolv4f83.cloudfront.net/img/teams/796.png,4,4
81,3,10720,24478,Germany Bundesliga,2025-2026,1910629,https://www.whoscored.com/matches/1910629/live/germany-bundesliga-2025-2026-bayer-leverkusen-borussia-m-gladbach,Sep 2025,FT,Bayer Leverkusen,Borussia Mönchengladbach,36,134,1,1,2025-09-21,https://d2zywfiolv4f83.cloudfront.net/img/teams/36.png,https://d2zywfiolv4f83.cloudfront.net/img/teams/134.png,4,4
81,3,10720,24478,Germany Bundesliga,2025-2026,1910631,https://www.whoscored.com/matches/1910631/live/germany-bundesliga-2025-2026-borussia-dortmund-wolfsburg,Sep 2025,FT,Borussia Dortmund,Wolfsburg,44,33,1,0,2025-09-21,https://d2zywfiolv4f83.cloudfront.net/img/teams/44.png,https://d2zywfiolv4f83.cloudfront.net/img/teams/33.png,4,4
81,3,10720,24478,Germany Bundesliga,2025-2026,1910645,https://www.whoscored.com/matches/1910645/live/germany-bundesliga-2025-2026-bayern-munich-werder-bremen,Sep 2025,FT,Bayern München,Werder Bremen,37,42,4,0,2025-09-26,https://d2zywfiolv4f83.cloudfront.net/img/teams/37.png,https://d2zywfiolv4f83.cloudfront.net/img/teams/42.png,5,5
81,3,10720,24478,Germany Bundesliga,2025-2026,1910653,https://www.whoscored.com/matches/1910653/live/germany-bundesliga-2025-2026-fc-heidenheim-augsburg,Sep 2025,FT,FC Heidenheim,Augsburg,4852,1730,2,1,2025-09-27,https://d2zywfiolv4f83.cloudfront.net/img/teams/4852.png,https://d2zywfiolv4f83.cloudfront.net/img/teams/1730.png,5,5
81,3,10720,24478,Germany Bundesliga,2025-2026,1910655,https://www.whoscored.com/matches/1910655/live/germany-bundesliga-2025-2026-mainz-05-borussia-dortmund,Sep 2025,FT,Mainz 05,Borussia Dortmund,219,44,0,2,2025-09-27,https://d2zywfiolv4f83.cloudfront.net/img/teams/219.png,https://d2zywfiolv4f83.cloudfront.net/img/teams/44.png,5,5
81,3,10720,24478,Germany Bundesliga,2025-2026,1910657,https://www.whoscored.com/matches/1910657/live/germany-bundesliga-2025-2026-st-pauli-bayer-leverkusen,Sep 2025,FT,St. Pauli,Bayer Leverkusen,283,36,1,2,2025-09-27,https://d2zywfiolv4f83.cloudfront.net/img/teams/283.png,https://d2zywfiolv4f83.cloudfront.net/img/teams/36.png,5,5
81,3,10720,24478,Germany Bundesliga,2025-2026,1910661,https://www.whoscored.com/matches/1910661/live/germany-bundesliga-2025-2026-wolfsburg-rb-leipzig,Sep 2025,FT,Wolfsburg,RB Leipzig,33,7614,0,1,2025-09-27,https://d2zywfiolv4f83.cloudfront.net/img/teams/33.png,https://d2zywfiolv4f83.cloudfront.net/img/teams/7614.png,5,5
81,3,10720,24478,Germany Bundesliga,2025-2026,1910647,https://www.whoscored.com/matches/1910647/live/germany-bundesliga-2025-2026-borussia-m-gladbach-eintracht-frankfurt,Sep 2025,FT,Borussia Mönchengladbach,Eintracht Frankfurt,134,45,4,6,2025-09-27,https://d2zywfiolv4f83.cloudfront.net/img/teams/134.png,https://d2zywfiolv4f83.cloudfront.net/img/teams/45.png,5,5
81,3,10720,24478,Germany Bundesliga,2025-2026,1910651,https://www.whoscored.com/matches/1910651/live/germany-bundesliga-2025-2026-freiburg-hoffenheim,Sep 2025,FT,Freiburg,Hoffenheim,50,1211,1,1,2025-09-28,https://d2zywfiolv4f83.cloudfront.net/img/teams/50.png,https://d2zywfiolv4f83.cloudfront.net/img/teams/1211.png,5,5
81,3,10720,24478,Germany Bundesliga,2025-2026,1910649,https://www.whoscored.com/matches/1910649/live/germany-bundesliga-2025-2026-fc-koln-vfb-stuttgart,Sep 2025,FT,1. FC Köln,VfB Stuttgart,282,41,1,2,2025-09-28,https://d2zywfiolv4f83.cloudfront.net/img/teams/282.png,https://d2zywfiolv4f83.cloudfront.net/img/teams/41.png,5,5
81,3,10720,24478,Germany Bundesliga,2025-2026,1910659,https://www.whoscored.com/matches/1910659/live/germany-bundesliga-2025-2026-union-berlin-hamburger-sv,Sep 2025,FT,Union Berlin,Hamburger SV,796,38,0,0,2025-09-28,https://d2zywfiolv4f83.cloudfront.net/img/teams/796.png,https://d2zywfiolv4f83.cloudfront.net/img/teams/38.png,5,5
81,3,10720,24478,Germany Bundesliga,2025-2026,1910632,https://www.whoscored.com/matches/1910632/live/germany-bundesliga-2025-2026-hoffenheim-fc-koln,Oct 2025,FT,Hoffenheim,1. FC Köln,1211,282,0,1,2025-10-03,https://d2zywfiolv4f83.cloudfront.net/img/teams/1211.png,https://d2zywfiolv4f83.cloudfront.net/img/teams/282.png,6,6
81,3,10720,24478,Germany Bundesliga,2025-2026,1910663,https://www.whoscored.com/matches/1910663/live/germany-bundesliga-2025-2026-augsburg-wolfsburg,Oct 2025,FT,Augsburg,Wolfsburg,1730,33,3,1,2025-10-04,https://d2zywfiolv4f83.cloudfront.net/img/teams/1730.png,https://d2zywfiolv4f83.cloudfront.net/img/teams/33.png,6,6
81,3,10720,24478,Germany Bundesliga,2025-2026,1910668,https://www.whoscored.com/matches/1910668/live/germany-bundesliga-2025-2026-werder-bremen-st-pauli,Oct 2025,FT,Werder Bremen,St. Pauli,42,283,1,0,2025-10-04,https://d2zywfiolv4f83.cloudfront.net/img/teams/42.png,https://d2zywfiolv4f83.cloudfront.net/img/teams/283.png,6,6
81,3,10720,24478,Germany Bundesliga,2025-2026,1910624,https://www.whoscored.com/matches/1910624/live/germany-bundesliga-2025-2026-bayer-leverkusen-union-berlin,Oct 2025,FT,Bayer Leverkusen,Union Berlin,36,796,2,0,2025-10-04,https://d2zywfiolv4f83.cloudfront.net/img/teams/36.png,https://d2zywfiolv4f83.cloudfront.net/img/teams/796.png,6,6
81,3,10720,24478,Germany Bundesliga,2025-2026,1910626,https://www.whoscored.com/matches/1910626/live/germany-bundesliga-2025-2026-borussia-dortmund-rb-leipzig,Oct 2025,FT,Borussia Dortmund,RB Leipzig,44,7614,1,1,2025-10-04,https://d2zywfiolv4f83.cloudfront.net/img/teams/44.png,https://d2zywfiolv4f83.cloudfront.net/img/teams/7614.png,6,6
81,3,10720,24478,Germany Bundesliga,2025-2026,1910628,https://www.whoscored.com/matches/1910628/live/germany-bundesliga-2025-2026-eintracht-frankfurt-bayern-munich,Oct 2025,FT,Eintracht Frankfurt,Bayern München,45,37,0,3,2025-10-04,https://d2zywfiolv4f83.cloudfront.net/img/teams/45.png,https://d2zywfiolv4f83.cloudfront.net/img/teams/37.png,6,6
81,3,10720,24478,Germany Bundesliga,2025-2026,1910634,https://www.whoscored.com/matches/1910634/live/germany-bundesliga-2025-2026-vfb-stuttgart-fc-heidenheim,Oct 2025,FT,VfB Stuttgart,FC Heidenheim,41,4852,1,0,2025-10-05,https://d2zywfiolv4f83.cloudfront.net/img/teams/41.png,https://d2zywfiolv4f83.cloudfront.net/img/teams/4852.png,6,6
81,3,10720,24478,Germany Bundesliga,2025-2026,1910630,https://www.whoscored.com/matches/1910630/live/germany-bundesliga-2025-2026-hamburger-sv-mainz-05,Oct 2025,FT,Hamburger SV,Mainz 05,38,219,4,0,2025-10-05,https://d2zywfiolv4f83.cloudfront.net/img/teams/38.png,https://d2zywfiolv4f83.cloudfront.net/img/teams/219.png,6,6
81,3,10720,24478,Germany Bundesliga,2025-2026,1910625,https://www.whoscored.com/matches/1910625/live/germany-bundesliga-2025-2026-borussia-m-gladbach-freiburg,Oct 2025,FT,Borussia Mönchengladbach,Freiburg,134,50,0,0,2025-10-05,https://d2zywfiolv4f83.cloudfront.net/img/teams/134.png,https://d2zywfiolv4f83.cloudfront.net/img/teams/50.png,6,6
81,3,10720,24478,Germany Bundesliga,2025-2026,1910685,https://www.whoscored.com/matches/1910685/live/germany-bundesliga-2025-2026-union-berlin-borussia-m-gladbach,Oct 2025,FT,Union Berlin,Borussia Mönchengladbach,796,134,3,1,2025-10-17,https://d2zywfiolv4f83.cloudfront.net/img/teams/796.png,https://d2zywfiolv4f83.cloudfront.net/img/teams/134.png,7,7
81,3,10720,24478,Germany Bundesliga,2025-2026,1910687,https://www.whoscored.com/matches/1910687/live/germany-bundesliga-2025-2026-wolfsburg-vfb-stuttgart,Oct 2025,FT,Wolfsburg,VfB Stuttgart,33,41,0,3,2025-10-18,https://d2zywfiolv4f83.cloudfront.net/img/teams/33.png,https://d2zywfiolv4f83.cloudfront.net/img/teams/41.png,7,7
81,3,10720,24478,Germany Bundesliga,2025-2026,1910677,https://www.whoscored.com/matches/1910677/live/germany-bundesliga-2025-2026-fc-heidenheim-werder-bremen,Oct 2025,FT,FC Heidenheim,Werder Bremen,4852,42,2,2,2025-10-18,https://d2zywfiolv4f83.cloudfront.net/img/teams/4852.png,https://d2zywfiolv4f83.cloudfront.net/img/teams/42.png,7,7
81,3,10720,24478,Germany Bundesliga,2025-2026,1910679,https://www.whoscored.com/matches/1910679/live/germany-bundesliga-2025-2026-mainz-05-bayer-leverkusen,Oct 2025,FT,Mainz 05,Bayer Leverkusen,219,36,3,4,2025-10-18,https://d2zywfiolv4f83.cloudfront.net/img/teams/219.png,https://d2zywfiolv4f83.cloudfront.net/img/teams/36.png,7,7
81,3,10720,24478,Germany Bundesliga,2025-2026,1910681,https://www.whoscored.com/matches/1910681/live/germany-bundesliga-2025-2026-rb-leipzig-hamburger-sv,Oct 2025,FT,RB Leipzig,Hamburger SV,7614,38,2,1,2025-10-18,https://d2zywfiolv4f83.cloudfront.net/img/teams/7614.png,https://d2zywfiolv4f83.cloudfront.net/img/teams/38.png,7,7
81,3,10720,24478,Germany Bundesliga,2025-2026,1910672,https://www.whoscored.com/matches/1910672/live/germany-bundesliga-2025-2026-fc-koln-augsburg,Oct 2025,FT,1. FC Köln,Augsburg,282,1730,1,1,2025-10-18,https://d2zywfiolv4f83.cloudfront.net/img/teams/282.png,https://d2zywfiolv4f83.cloudfront.net/img/teams/1730.png,7,7
81,3,10720,24478,Germany Bundesliga,2025-2026,1910670,https://www.whoscored.com/matches/1910670/live/germany-bundesliga-2025-2026-bayern-munich-borussia-dortmund,Oct 2025,FT,Bayern München,Borussia Dortmund,37,44,2,1,2025-10-18,https://d2zywfiolv4f83.cloudfront.net/img/teams/37.png,https://d2zywfiolv4f83.cloudfront.net/img/teams/44.png,7,7
81,3,10720,24478,Germany Bundesliga,2025-2026,1910675,https://www.whoscored.com/matches/1910675/live/germany-bundesliga-2025-2026-freiburg-eintracht-frankfurt,Oct 2025,FT,Freiburg,Eintracht Frankfurt,50,45,2,2,2025-10-19,https://d2zywfiolv4f83.cloudfront.net/img/teams/50.png,https://d2zywfiolv4f83.cloudfront.net/img/teams/45.png,7,7
81,3,10720,24478,Germany Bundesliga,2025-2026,1910683,https://www.whoscored.com/matches/1910683/live/germany-bundesliga-2025-2026-st-pauli-hoffenheim,Oct 2025,FT,St. Pauli,Hoffenheim,283,1211,0,3,2025-10-19,https://d2zywfiolv4f83.cloudfront.net/img/teams/283.png,https://d2zywfiolv4f83.cloudfront.net/img/teams/1211.png,7,7
81,3,10720,24478,Germany Bundesliga,2025-2026,1910708,https://www.whoscored.com/matches/1910708/live/germany-bundesliga-2025-2026-werder-bremen-union-berlin,Oct 2025,FT,Werder Bremen,Union Berlin,42,796,1,0,2025-10-24,https://d2zywfiolv4f83.cloudfront.net/img/teams/42.png,https://d2zywfiolv4f83.cloudfront.net/img/teams/796.png,8,8
81,3,10720,24478,Germany Bundesliga,2025-2026,1910700,https://www.whoscored.com/matches/1910700/live/germany-bundesliga-2025-2026-eintracht-frankfurt-st-pauli,Oct 2025,FT,Eintracht Frankfurt,St. Pauli,45,283,2,0,2025-10-25,https://d2zywfiolv4f83.cloudfront.net/img/teams/45.png,https://d2zywfiolv4f83.cloudfront.net/img/teams/283.png,8,8
81,3,10720,24478,Germany Bundesliga,2025-2026,1910702,https://www.whoscored.com/matches/1910702/live/germany-bundesliga-2025-2026-hamburger-sv-wolfsburg,Oct 2025,FT,Hamburger SV,Wolfsburg,38,33,0,1,2025-10-25,https://d2zywfiolv4f83.cloudfront.net/img/teams/38.png,https://d2zywfiolv4f83.cloudfront.net/img/teams/33.png,8,8
81,3,10720,24478,Germany Bundesliga,2025-2026,1910704,https://www.whoscored.com/matches/1910704/live/germany-bundesliga-2025-2026-hoffenheim-fc-heidenheim,Oct 2025,FT,Hoffenheim,FC Heidenheim,1211,4852,3,1,2025-10-25,https://d2zywfiolv4f83.cloudfront.net/img/teams/1211.png,https://d2zywfiolv4f83.cloudfront.net/img/teams/4852.png,8,8
81,3,10720,24478,Germany Bundesliga,2025-2026,1910689,https://www.whoscored.com/matches/1910689/live/germany-bundesliga-2025-2026-augsburg-rb-leipzig,Oct 2025,FT,Augsburg,RB Leipzig,1730,7614,0,6,2025-10-25,https://d2zywfiolv4f83.cloudfront.net/img/teams/1730.png,https://d2zywfiolv4f83.cloudfront.net/img/teams/7614.png,8,8
81,3,10720,24478,Germany Bundesliga,2025-2026,1910696,https://www.whoscored.com/matches/1910696/live/germany-bundesliga-2025-2026-borussia-m-gladbach-bayern-munich,Oct 2025,FT,Borussia Mönchengladbach,Bayern München,134,37,0,3,2025-10-25,https://d2zywfiolv4f83.cloudfront.net/img/teams/134.png,https://d2zywfiolv4f83.cloudfront.net/img/teams/37.png,8,8
81,3,10720,24478,Germany Bundesliga,2025-2026,1910698,https://www.whoscored.com/matches/1910698/live/germany-bundesliga-2025-2026-borussia-dortmund-fc-koln,Oct 2025,FT,Borussia Dortmund,1. FC Köln,44,282,1,0,2025-10-25,https://d2zywfiolv4f83.cloudfront.net/img/teams/44.png,https://d2zywfiolv4f83.cloudfront.net/img/teams/282.png,8,8
81,3,10720,24478,Germany Bundesliga,2025-2026,1910693,https://www.whoscored.com/matches/1910693/live/germany-bundesliga-2025-2026-bayer-leverkusen-freiburg,Oct 2025,FT,Bayer Leverkusen,Freiburg,36,50,2,0,2025-10-26,https://d2zywfiolv4f83.cloudfront.net/img/teams/36.png,https://d2zywfiolv4f83.cloudfront.net/img/teams/50.png,8,8
81,3,10720,24478,Germany Bundesliga,2025-2026,1910706,https://www.whoscored.com/matches/1910706/live/germany-bundesliga-2025-2026-vfb-stuttgart-mainz-05,Oct 2025,FT,VfB Stuttgart,Mainz 05,41,219,2,1,2025-10-26,https://d2zywfiolv4f83.cloudfront.net/img/teams/41.png,https://d2zywfiolv4f83.cloudfront.net/img/teams/219.png,8,8
81,3,10720,24478,Germany Bundesliga,2025-2026,1910710,https://www.whoscored.com/matches/1910710/live/germany-bundesliga-2025-2026-augsburg-borussia-dortmund,Oct 2025,FT,Augsburg,Borussia Dortmund,1730,44,0,1,2025-10-31,https://d2zywfiolv4f83.cloudfront.net/img/teams/1730.png,https://d2zywfiolv4f83.cloudfront.net/img/teams/44.png,9,9
81,3,10720,24478,Germany Bundesliga,2025-2026,1910716,https://www.whoscored.com/matches/1910716/live/germany-bundesliga-2025-2026-fc-heidenheim-eintracht-frankfurt,Nov 2025,FT,FC Heidenheim,Eintracht Frankfurt,4852,45,1,1,2025-11-01,https://d2zywfiolv4f83.cloudfront.net/img/teams/4852.png,https://d2zywfiolv4f83.cloudfront.net/img/teams/45.png,9,9
81,3,10720,24478,Germany Bundesliga,2025-2026,1910718,https://www.whoscored.com/matches/1910718/live/germany-bundesliga-2025-2026-mainz-05-werder-bremen,Nov 2025,FT,Mainz 05,Werder Bremen,219,42,1,1,2025-11-01,https://d2zywfiolv4f83.cloudfront.net/img/teams/219.png,https://d2zywfiolv4f83.cloudfront.net/img/teams/42.png,9,9
81,3,10720,24478,Germany Bundesliga,2025-2026,1910720,https://www.whoscored.com/matches/1910720/live/germany-bundesliga-2025-2026-rb-leipzig-vfb-stuttgart,Nov 2025,FT,RB Leipzig,VfB Stuttgart,7614,41,3,1,2025-11-01,https://d2zywfiolv4f83.cloudfront.net/img/teams/7614.png,https://d2zywfiolv4f83.cloudfront.net/img/teams/41.png,9,9
81,3,10720,24478,Germany Bundesliga,2025-2026,1910722,https://www.whoscored.com/matches/1910722/live/germany-bundesliga-2025-2026-st-pauli-borussia-m-gladbach,Nov 2025,FT,St. Pauli,Borussia Mönchengladbach,283,134,0,4,2025-11-01,https://d2zywfiolv4f83.cloudfront.net/img/teams/283.png,https://d2zywfiolv4f83.cloudfront.net/img/teams/134.png,9,9
81,3,10720,24478,Germany Bundesliga,2025-2026,1910724,https://www.whoscored.com/matches/1910724/live/germany-bundesliga-2025-2026-union-berlin-freiburg,Nov 2025,FT,Union Berlin,Freiburg,796,50,0,0,2025-11-01,https://d2zywfiolv4f83.cloudfront.net/img/teams/796.png,https://d2zywfiolv4f83.cloudfront.net/img/teams/50.png,9,9
81,3,10720,24478,Germany Bundesliga,2025-2026,1910712,https://www.whoscored.com/matches/1910712/live/germany-bundesliga-2025-2026-bayern-munich-bayer-leverkusen,Nov 2025,FT,Bayern München,Bayer Leverkusen,37,36,3,0,2025-11-01,https://d2zywfiolv4f83.cloudfront.net/img/teams/37.png,https://d2zywfiolv4f83.cloudfront.net/img/teams/36.png,9,9
81,3,10720,24478,Germany Bundesliga,2025-2026,1910714,https://www.whoscored.com/matches/1910714/live/germany-bundesliga-2025-2026-fc-koln-hamburger-sv,Nov 2025,FT,1. FC Köln,Hamburger SV,282,38,4,1,2025-11-02,https://d2zywfiolv4f83.cloudfront.net/img/teams/282.png,https://d2zywfiolv4f83.cloudfront.net/img/teams/38.png,9,9
81,3,10720,24478,Germany Bundesliga,2025-2026,1910726,https://www.whoscored.com/matches/1910726/live/germany-bundesliga-2025-2026-wolfsburg-hoffenheim,Nov 2025,FT,Wolfsburg,Hoffenheim,33,1211,2,3,2025-11-02,https://d2zywfiolv4f83.cloudfront.net/img/teams/33.png,https://d2zywfiolv4f83.cloudfront.net/img/teams/1211.png,9,9
81,3,10720,24478,Germany Bundesliga,2025-2026,1910744,https://www.whoscored.com/matches/1910744/live/germany-bundesliga-2025-2026-werder-bremen-wolfsburg,Nov 2025,FT,Werder Bremen,Wolfsburg,42,33,2,1,2025-11-07,https://d2zywfiolv4f83.cloudfront.net/img/teams/42.png,https://d2zywfiolv4f83.cloudfront.net/img/teams/33.png,10,10
81,3,10720,24478,Germany Bundesliga,2025-2026,1910736,https://www.whoscored.com/matches/1910736/live/germany-bundesliga-2025-2026-hamburger-sv-borussia-dortmund,Nov 2025,FT,Hamburger SV,Borussia Dortmund,38,44,1,1,2025-11-08,https://d2zywfiolv4f83.cloudfront.net/img/teams/38.png,https://d2zywfiolv4f83.cloudfront.net/img/teams/44.png,10,10
81,3,10720,24478,Germany Bundesliga,2025-2026,1910738,https://www.whoscored.com/matches/1910738/live/germany-bundesliga-2025-2026-hoffenheim-rb-leipzig,Nov 2025,FT,Hoffenheim,RB Leipzig,1211,7614,3,1,2025-11-08,https://d2zywfiolv4f83.cloudfront.net/img/teams/1211.png,https://d2zywfiolv4f83.cloudfront.net/img/teams/7614.png,10,10
81,3,10720,24478,Germany Bundesliga,2025-2026,1910728,https://www.whoscored.com/matches/1910728/live/germany-bundesliga-2025-2026-bayer-leverkusen-fc-heidenheim,Nov 2025,FT,Bayer Leverkusen,FC Heidenheim,36,4852,6,0,2025-11-08,https://d2zywfiolv4f83.cloudfront.net/img/teams/36.png,https://d2zywfiolv4f83.cloudfront.net/img/teams/4852.png,10,10
81,3,10720,24478,Germany Bundesliga,2025-2026,1910742,https://www.whoscored.com/matches/1910742/live/germany-bundesliga-2025-2026-union-berlin-bayern-munich,Nov 2025,FT,Union Berlin,Bayern München,796,37,2,2,2025-11-08,https://d2zywfiolv4f83.cloudfront.net/img/teams/796.png,https://d2zywfiolv4f83.cloudfront.net/img/teams/37.png,10,10
81,3,10720,24478,Germany Bundesliga,2025-2026,1910730,https://www.whoscored.com/matches/1910730/live/germany-bundesliga-2025-2026-borussia-m-gladbach-fc-koln,Nov 2025,FT,Borussia Mönchengladbach,1. FC Köln,134,282,3,1,2025-11-08,https://d2zywfiolv4f83.cloudfront.net/img/teams/134.png,https://d2zywfiolv4f83.cloudfront.net/img/teams/282.png,10,10
81,3,10720,24478,Germany Bundesliga,2025-2026,1910734,https://www.whoscored.com/matches/1910734/live/germany-bundesliga-2025-2026-freiburg-st-pauli,Nov 2025,FT,Freiburg,St. Pauli,50,283,2,1,2025-11-09,https://d2zywfiolv4f83.cloudfront.net/img/teams/50.png,https://d2zywfiolv4f83.cloudfront.net/img/teams/283.png,10,10
81,3,10720,24478,Germany Bundesliga,2025-2026,1910740,https://www.whoscored.com/matches/1910740/live/germany-bundesliga-2025-2026-vfb-stuttgart-augsburg,Nov 2025,FT,VfB Stuttgart,Augsburg,41,1730,3,2,2025-11-09,https://d2zywfiolv4f83.cloudfront.net/img/teams/41.png,https://d2zywfiolv4f83.cloudfront.net/img/teams/1730.png,10,10
81,3,10720,24478,Germany Bundesliga,2025-2026,1910732,https://www.whoscored.com/matches/1910732/live/germany-bundesliga-2025-2026-eintracht-frankfurt-mainz-05,Nov 2025,FT,Eintracht Frankfurt,Mainz 05,45,219,1,0,2025-11-09,https://d2zywfiolv4f83.cloudfront.net/img/teams/45.png,https://d2zywfiolv4f83.cloudfront.net/img/teams/219.png,10,10
81,3,10720,24478,Germany Bundesliga,2025-2026,1910756,https://www.whoscored.com/matches/1910756/live/germany-bundesliga-2025-2026-mainz-05-hoffenheim,Nov 2025,FT,Mainz 05,Hoffenheim,219,1211,1,1,2025-11-21,https://d2zywfiolv4f83.cloudfront.net/img/teams/219.png,https://d2zywfiolv4f83.cloudfront.net/img/teams/1211.png,11,11
81,3,10720,24478,Germany Bundesliga,2025-2026,1910761,https://www.whoscored.com/matches/1910761/live/germany-bundesliga-2025-2026-wolfsburg-bayer-leverkusen,Nov 2025,FT,Wolfsburg,Bayer Leverkusen,33,36,1,3,2025-11-22,https://d2zywfiolv4f83.cloudfront.net/img/teams/33.png,https://d2zywfiolv4f83.cloudfront.net/img/teams/36.png,11,11
81,3,10720,24478,Germany Bundesliga,2025-2026,1910754,https://www.whoscored.com/matches/1910754/live/germany-bundesliga-2025-2026-fc-heidenheim-borussia-m-gladbach,Nov 2025,FT,FC Heidenheim,Borussia Mönchengladbach,4852,134,0,3,2025-11-22,https://d2zywfiolv4f83.cloudfront.net/img/teams/4852.png,https://d2zywfiolv4f83.cloudfront.net/img/teams/134.png,11,11
81,3,10720,24478,Germany Bundesliga,2025-2026,1910746,https://www.whoscored.com/matches/1910746/live/germany-bundesliga-2025-2026-augsburg-hamburger-sv,Nov 2025,FT,Augsburg,Hamburger SV,1730,38,1,0,2025-11-22,https://d2zywfiolv4f83.cloudfront.net/img/teams/1730.png,https://d2zywfiolv4f83.cloudfront.net/img/teams/38.png,11,11
81,3,10720,24478,Germany Bundesliga,2025-2026,1910748,https://www.whoscored.com/matches/1910748/live/germany-bundesliga-2025-2026-bayern-munich-freiburg,Nov 2025,FT,Bayern München,Freiburg,37,50,6,2,2025-11-22,https://d2zywfiolv4f83.cloudfront.net/img/teams/37.png,https://d2zywfiolv4f83.cloudfront.net/img/teams/50.png,11,11
81,3,10720,24478,Germany Bundesliga,2025-2026,1910750,https://www.whoscored.com/matches/1910750/live/germany-bundesliga-2025-2026-borussia-dortmund-vfb-stuttgart,Nov 2025,FT,Borussia Dortmund,VfB Stuttgart,44,41,3,3,2025-11-22,https://d2zywfiolv4f83.cloudfront.net/img/teams/44.png,https://d2zywfiolv4f83.cloudfront.net/img/teams/41.png,11,11
81,3,10720,24478,Germany Bundesliga,2025-2026,1910752,https://www.whoscored.com/matches/1910752/live/germany-bundesliga-2025-2026-fc-koln-eintracht-frankfurt,Nov 2025,FT,1. FC Köln,Eintracht Frankfurt,282,45,3,4,2025-11-22,https://d2zywfiolv4f83.cloudfront.net/img/teams/282.png,https://d2zywfiolv4f83.cloudfront.net/img/teams/45.png,11,11
81,3,10720,24478,Germany Bundesliga,2025-2026,1910758,https://www.whoscored.com/matches/1910758/live/germany-bundesliga-2025-2026-rb-leipzig-werder-bremen,Nov 2025,FT,RB Leipzig,Werder Bremen,7614,42,2,0,2025-11-23,https://d2zywfiolv4f83.cloudfront.net/img/teams/7614.png,https://d2zywfiolv4f83.cloudfront.net/img/teams/42.png,11,11
81,3,10720,24478,Germany Bundesliga,2025-2026,1910759,https://www.whoscored.com/matches/1910759/live/germany-bundesliga-2025-2026-st-pauli-union-berlin,Nov 2025,FT,St. Pauli,Union Berlin,283,796,0,1,2025-11-23,https://d2zywfiolv4f83.cloudfront.net/img/teams/283.png,https://d2zywfiolv4f83.cloudfront.net/img/teams/796.png,11,11
81,3,10720,24478,Germany Bundesliga,2025-2026,1910767,https://www.whoscored.com/matches/1910767/live/germany-bundesliga-2025-2026-borussia-m-gladbach-rb-leipzig,Nov 2025,FT,Borussia Mönchengladbach,RB Leipzig,134,7614,0,0,2025-11-28,https://d2zywfiolv4f83.cloudfront.net/img/teams/134.png,https://d2zywfiolv4f83.cloudfront.net/img/teams/7614.png,12,12
81,3,10720,24478,Germany Bundesliga,2025-2026,1910774,https://www.whoscored.com/matches/1910774/live/germany-bundesliga-2025-2026-hoffenheim-augsburg,Nov 2025,FT,Hoffenheim,Augsburg,1211,1730,3,0,2025-11-29,https://d2zywfiolv4f83.cloudfront.net/img/teams/1211.png,https://d2zywfiolv4f83.cloudfront.net/img/teams/1730.png,12,12
81,3,10720,24478,Germany Bundesliga,2025-2026,1910776,https://www.whoscored.com/matches/1910776/live/germany-bundesliga-2025-2026-union-berlin-fc-heidenheim,Nov 2025,FT,Union Berlin,FC Heidenheim,796,4852,1,2,2025-11-29,https://d2zywfiolv4f83.cloudfront.net/img/teams/796.png,https://d2zywfiolv4f83.cloudfront.net/img/teams/4852.png,12,12
81,3,10720,24478,Germany Bundesliga,2025-2026,1910778,https://www.whoscored.com/matches/1910778/live/germany-bundesliga-2025-2026-werder-bremen-fc-koln,Nov 2025,FT,Werder Bremen,1. FC Köln,42,282,1,1,2025-11-29,https://d2zywfiolv4f83.cloudfront.net/img/teams/42.png,https://d2zywfiolv4f83.cloudfront.net/img/teams/282.png,12,12
81,3,10720,24478,Germany Bundesliga,2025-2026,1910765,https://www.whoscored.com/matches/1910765/live/germany-bundesliga-2025-2026-bayern-munich-st-pauli,Nov 2025,FT,Bayern München,St. Pauli,37,283,3,1,2025-11-29,https://d2zywfiolv4f83.cloudfront.net/img/teams/37.png,https://d2zywfiolv4f83.cloudfront.net/img/teams/283.png,12,12
81,3,10720,24478,Germany Bundesliga,2025-2026,1910763,https://www.whoscored.com/matches/1910763/live/germany-bundesliga-2025-2026-bayer-leverkusen-borussia-dortmund,Nov 2025,FT,Bayer Leverkusen,Borussia Dortmund,36,44,1,2,2025-11-29,https://d2zywfiolv4f83.cloudfront.net/img/teams/36.png,https://d2zywfiolv4f83.cloudfront.net/img/teams/44.png,12,12
81,3,10720,24478,Germany Bundesliga,2025-2026,1910772,https://www.whoscored.com/matches/1910772/live/germany-bundesliga-2025-2026-hamburger-sv-vfb-stuttgart,Nov 2025,FT,Hamburger SV,VfB Stuttgart,38,41,2,1,2025-11-30,https://d2zywfiolv4f83.cloudfront.net/img/teams/38.png,https://d2zywfiolv4f83.cloudfront.net/img/teams/41.png,12,12
81,3,10720,24478,Germany Bundesliga,2025-2026,1910769,https://www.whoscored.com/matches/1910769/live/germany-bundesliga-2025-2026-eintracht-frankfurt-wolfsburg,Nov 2025,FT,Eintracht Frankfurt,Wolfsburg,45,33,1,1,2025-11-30,https://d2zywfiolv4f83.cloudfront.net/img/teams/45.png,https://d2zywfiolv4f83.cloudfront.net/img/teams/33.png,12,12
81,3,10720,24478,Germany Bundesliga,2025-2026,1910771,https://www.whoscored.com/matches/1910771/live/germany-bundesliga-2025-2026-freiburg-mainz-05,Nov 2025,FT,Freiburg,Mainz 05,50,219,4,0,2025-11-30,https://d2zywfiolv4f83.cloudfront.net/img/teams/50.png,https://d2zywfiolv4f83.cloudfront.net/img/teams/219.png,12,12
81,3,10720,24478,Germany Bundesliga,2025-2026,1910791,https://www.whoscored.com/matches/1910791/live/germany-bundesliga-2025-2026-mainz-05-borussia-m-gladbach,Dec 2025,FT,Mainz 05,Borussia Mönchengladbach,219,134,0,1,2025-12-05,https://d2zywfiolv4f83.cloudfront.net/img/teams/219.png,https://d2zywfiolv4f83.cloudfront.net/img/teams/134.png,13,13
81,3,10720,24478,Germany Bundesliga,2025-2026,1910788,https://www.whoscored.com/matches/1910788/live/germany-bundesliga-2025-2026-fc-heidenheim-freiburg,Dec 2025,FT,FC Heidenheim,Freiburg,4852,50,2,1,2025-12-06,https://d2zywfiolv4f83.cloudfront.net/img/teams/4852.png,https://d2zywfiolv4f83.cloudfront.net/img/teams/50.png,13,13
81,3,10720,24478,Germany Bundesliga,2025-2026,1910780,https://www.whoscored.com/matches/1910780/live/germany-bundesliga-2025-2026-augsburg-bayer-leverkusen,Dec 2025,FT,Augsburg,Bayer Leverkusen,1730,36,2,0,2025-12-06,https://d2zywfiolv4f83.cloudfront.net/img/teams/1730.png,https://d2zywfiolv4f83.cloudfront.net/img/teams/36.png,13,13
81,3,10720,24478,Germany Bundesliga,2025-2026,1910784,https://www.whoscored.com/matches/1910784/live/germany-bundesliga-2025-2026-fc-koln-st-pauli,Dec 2025,FT,1. FC Köln,St. Pauli,282,283,1,1,2025-12-06,https://d2zywfiolv4f83.cloudfront.net/img/teams/282.png,https://d2zywfiolv4f83.cloudfront.net/img/teams/283.png,13,13
81,3,10720,24478,Germany Bundesliga,2025-2026,1910636,https://www.whoscored.com/matches/1910636/live/germany-bundesliga-2025-2026-vfb-stuttgart-bayern-munich,Dec 2025,FT,VfB Stuttgart,Bayern München,41,37,0,5,2025-12-06,https://d2zywfiolv4f83.cloudfront.net/img/teams/41.png,https://d2zywfiolv4f83.cloudfront.net/img/teams/37.png,13,13
81,3,10720,24478,Germany Bundesliga,2025-2026,1910638,https://www.whoscored.com/matches/1910638/live/germany-bundesliga-2025-2026-wolfsburg-union-berlin,Dec 2025,FT,Wolfsburg,Union Berlin,33,796,3,1,2025-12-06,https://d2zywfiolv4f83.cloudfront.net/img/teams/33.png,https://d2zywfiolv4f83.cloudfront.net/img/teams/796.png,13,13
81,3,10720,24478,Germany Bundesliga,2025-2026,1910793,https://www.whoscored.com/matches/1910793/live/germany-bundesliga-2025-2026-rb-leipzig-eintracht-frankfurt,Dec 2025,FT,RB Leipzig,Eintracht Frankfurt,7614,45,6,0,2025-12-06,https://d2zywfiolv4f83.cloudfront.net/img/teams/7614.png,https://d2zywfiolv4f83.cloudfront.net/img/teams/45.png,13,13
81,3,10720,24478,Germany Bundesliga,2025-2026,1910786,https://www.whoscored.com/matches/1910786/live/germany-bundesliga-2025-2026-hamburger-sv-werder-bremen,Dec 2025,FT,Hamburger SV,Werder Bremen,38,42,3,2,2025-12-07,https://d2zywfiolv4f83.cloudfront.net/img/teams/38.png,https://d2zywfiolv4f83.cloudfront.net/img/teams/42.png,13,13
81,3,10720,24478,Germany Bundesliga,2025-2026,1910783,https://www.whoscored.com/matches/1910783/live/germany-bundesliga-2025-2026-borussia-dortmund-hoffenheim,Dec 2025,FT,Borussia Dortmund,Hoffenheim,44,1211,2,0,2025-12-07,https://d2zywfiolv4f83.cloudfront.net/img/teams/44.png,https://d2zywfiolv4f83.cloudfront.net/img/teams/1211.png,13,13
81,3,10720,24478,Germany Bundesliga,2025-2026,1910654,https://www.whoscored.com/matches/1910654/live/germany-bundesliga-2025-2026-union-berlin-rb-leipzig,Dec 2025,FT,Union Berlin,RB Leipzig,796,7614,3,1,2025-12-12,https://d2zywfiolv4f83.cloudfront.net/img/teams/796.png,https://d2zywfiolv4f83.cloudfront.net/img/teams/7614.png,14,14
81,3,10720,24478,Germany Bundesliga,2025-2026,1910644,https://www.whoscored.com/matches/1910644/live/germany-bundesliga-2025-2026-borussia-m-gladbach-wolfsburg,Dec 2025,FT,Borussia Mönchengladbach,Wolfsburg,134,33,1,3,2025-12-13,https://d2zywfiolv4f83.cloudfront.net/img/teams/134.png,https://d2zywfiolv4f83.cloudfront.net/img/teams/33.png,14,14
81,3,10720,24478,Germany Bundesliga,2025-2026,1910646,https://www.whoscored.com/matches/1910646/live/germany-bundesliga-2025-2026-eintracht-frankfurt-augsburg,Dec 2025,FT,Eintracht Frankfurt,Augsburg,45,1730,1,0,2025-12-13,https://d2zywfiolv4f83.cloudfront.net/img/teams/45.png,https://d2zywfiolv4f83.cloudfront.net/img/teams/1730.png,14,14
81,3,10720,24478,Germany Bundesliga,2025-2026,1910650,https://www.whoscored.com/matches/1910650/live/germany-bundesliga-2025-2026-hoffenheim-hamburger-sv,Dec 2025,FT,Hoffenheim,Hamburger SV,1211,38,4,1,2025-12-13,https://d2zywfiolv4f83.cloudfront.net/img/teams/1211.png,https://d2zywfiolv4f83.cloudfront.net/img/teams/38.png,14,14
81,3,10720,24478,Germany Bundesliga,2025-2026,1910652,https://www.whoscored.com/matches/1910652/live/germany-bundesliga-2025-2026-st-pauli-fc-heidenheim,Dec 2025,FT,St. Pauli,FC Heidenheim,283,4852,2,1,2025-12-13,https://d2zywfiolv4f83.cloudfront.net/img/teams/283.png,https://d2zywfiolv4f83.cloudfront.net/img/teams/4852.png,14,14
81,3,10720,24478,Germany Bundesliga,2025-2026,1910640,https://www.whoscored.com/matches/1910640/live/germany-bundesliga-2025-2026-bayer-leverkusen-fc-koln,Dec 2025,FT,Bayer Leverkusen,1. FC Köln,36,282,2,0,2025-12-13,https://d2zywfiolv4f83.cloudfront.net/img/teams/36.png,https://d2zywfiolv4f83.cloudfront.net/img/teams/282.png,14,14
81,3,10720,24478,Germany Bundesliga,2025-2026,1910648,https://www.whoscored.com/matches/1910648/live/germany-bundesliga-2025-2026-freiburg-borussia-dortmund,Dec 2025,FT,Freiburg,Borussia Dortmund,50,44,1,1,2025-12-14,https://d2zywfiolv4f83.cloudfront.net/img/teams/50.png,https://d2zywfiolv4f83.cloudfront.net/img/teams/44.png,14,14
81,3,10720,24478,Germany Bundesliga,2025-2026,1910642,https://www.whoscored.com/matches/1910642/live/germany-bundesliga-2025-2026-bayern-munich-mainz-05,Dec 2025,FT,Bayern München,Mainz 05,37,219,2,2,2025-12-14,https://d2zywfiolv4f83.cloudfront.net/img/teams/37.png,https://d2zywfiolv4f83.cloudfront.net/img/teams/219.png,14,14
81,3,10720,24478,Germany Bundesliga,2025-2026,1910656,https://www.whoscored.com/matches/1910656/live/germany-bundesliga-2025-2026-werder-bremen-vfb-stuttgart,Dec 2025,FT,Werder Bremen,VfB Stuttgart,42,41,0,4,2025-12-14,https://d2zywfiolv4f83.cloudfront.net/img/teams/42.png,https://d2zywfiolv4f83.cloudfront.net/img/teams/41.png,14,14
81,3,10720,24478,Germany Bundesliga,2025-2026,1910660,https://www.whoscored.com/matches/1910660/live/germany-bundesliga-2025-2026-borussia-dortmund-borussia-m-gladbach,Dec 2025,FT,Borussia Dortmund,Borussia Mönchengladbach,44,134,2,0,2025-12-19,https://d2zywfiolv4f83.cloudfront.net/img/teams/44.png,https://d2zywfiolv4f83.cloudfront.net/img/teams/134.png,15,15
81,3,10720,24478,Germany Bundesliga,2025-2026,1910662,https://www.whoscored.com/matches/1910662/live/germany-bundesliga-2025-2026-fc-koln-union-berlin,Dec 2025,FT,1. FC Köln,Union Berlin,282,796,0,1,2025-12-20,https://d2zywfiolv4f83.cloudfront.net/img/teams/282.png,https://d2zywfiolv4f83.cloudfront.net/img/teams/796.png,15,15
81,3,10720,24478,Germany Bundesliga,2025-2026,1910664,https://www.whoscored.com/matches/1910664/live/germany-bundesliga-2025-2026-hamburger-sv-eintracht-frankfurt,Dec 2025,FT,Hamburger SV,Eintracht Frankfurt,38,45,1,1,2025-12-20,https://d2zywfiolv4f83.cloudfront.net/img/teams/38.png,https://d2zywfiolv4f83.cloudfront.net/img/teams/45.png,15,15
81,3,10720,24478,Germany Bundesliga,2025-2026,1910658,https://www.whoscored.com/matches/1910658/live/germany-bundesliga-2025-2026-augsburg-werder-bremen,Dec 2025,FT,Augsburg,Werder Bremen,1730,42,0,0,2025-12-20,https://d2zywfiolv4f83.cloudfront.net/img/teams/1730.png,https://d2zywfiolv4f83.cloudfront.net/img/teams/42.png,15,15
81,3,10720,24478,Germany Bundesliga,2025-2026,1910669,https://www.whoscored.com/matches/1910669/live/germany-bundesliga-2025-2026-vfb-stuttgart-hoffenheim,Dec 2025,FT,VfB Stuttgart,Hoffenheim,41,1211,0,0,2025-12-20,https://d2zywfiolv4f83.cloudfront.net/img/teams/41.png,https://d2zywfiolv4f83.cloudfront.net/img/teams/1211.png,15,15
81,3,10720,24478,Germany Bundesliga,2025-2026,1910671,https://www.whoscored.com/matches/1910671/live/germany-bundesliga-2025-2026-wolfsburg-freiburg,Dec 2025,FT,Wolfsburg,Freiburg,33,50,3,4,2025-12-20,https://d2zywfiolv4f83.cloudfront.net/img/teams/33.png,https://d2zywfiolv4f83.cloudfront.net/img/teams/50.png,15,15
81,3,10720,24478,Germany Bundesliga,2025-2026,1910667,https://www.whoscored.com/matches/1910667/live/germany-bundesliga-2025-2026-rb-leipzig-bayer-leverkusen,Dec 2025,FT,RB Leipzig,Bayer Leverkusen,7614,36,1,3,2025-12-20,https://d2zywfiolv4f83.cloudfront.net/img/teams/7614.png,https://d2zywfiolv4f83.cloudfront.net/img/teams/36.png,15,15
81,3,10720,24478,Germany Bundesliga,2025-2026,1910666,https://www.whoscored.com/matches/1910666/live/germany-bundesliga-2025-2026-mainz-05-st-pauli,Dec 2025,FT,Mainz 05,St. Pauli,219,283,0,0,2025-12-21,https://d2zywfiolv4f83.cloudfront.net/img/teams/219.png,https://d2zywfiolv4f83.cloudfront.net/img/teams/283.png,15,15
81,3,10720,24478,Germany Bundesliga,2025-2026,1910665,https://www.whoscored.com/matches/1910665/live/germany-bundesliga-2025-2026-fc-heidenheim-bayern-munich,Dec 2025,FT,FC Heidenheim,Bayern München,4852,37,0,4,2025-12-21,https://d2zywfiolv4f83.cloudfront.net/img/teams/4852.png,https://d2zywfiolv4f83.cloudfront.net/img/teams/37.png,15,15
81,3,10720,24478,Germany Bundesliga,2025-2026,1910678,https://www.whoscored.com/matches/1910678/live/germany-bundesliga-2025-2026-eintracht-frankfurt-borussia-dortmund,Jan 2026,FT,Eintracht Frankfurt,Borussia Dortmund,45,44,3,3,2026-01-09,https://d2zywfiolv4f83.cloudfront.net/img/teams/45.png,https://d2zywfiolv4f83.cloudfront.net/img/teams/44.png,16,16
81,3,10720,24478,Germany Bundesliga,2025-2026,1910680,https://www.whoscored.com/matches/1910680/live/germany-bundesliga-2025-2026-freiburg-hamburger-sv,Jan 2026,FT,Freiburg,Hamburger SV,50,38,2,1,2026-01-10,https://d2zywfiolv4f83.cloudfront.net/img/teams/50.png,https://d2zywfiolv4f83.cloudfront.net/img/teams/38.png,16,16
81,3,10720,24478,Germany Bundesliga,2025-2026,1910682,https://www.whoscored.com/matches/1910682/live/germany-bundesliga-2025-2026-fc-heidenheim-fc-koln,Jan 2026,FT,FC Heidenheim,1. FC Köln,4852,282,2,2,2026-01-10,https://d2zywfiolv4f83.cloudfront.net/img/teams/4852.png,https://d2zywfiolv4f83.cloudfront.net/img/teams/282.png,16,16
81,3,10720,24478,Germany Bundesliga,2025-2026,1910686,https://www.whoscored.com/matches/1910686/live/germany-bundesliga-2025-2026-union-berlin-mainz-05,Jan 2026,FT,Union Berlin,Mainz 05,796,219,2,2,2026-01-10,https://d2zywfiolv4f83.cloudfront.net/img/teams/796.png,https://d2zywfiolv4f83.cloudfront.net/img/teams/219.png,16,16
81,3,10720,24478,Germany Bundesliga,2025-2026,1910673,https://www.whoscored.com/matches/1910673/live/germany-bundesliga-2025-2026-bayer-leverkusen-vfb-stuttgart,Jan 2026,FT,Bayer Leverkusen,VfB Stuttgart,36,41,1,4,2026-01-10,https://d2zywfiolv4f83.cloudfront.net/img/teams/36.png,https://d2zywfiolv4f83.cloudfront.net/img/teams/41.png,16,16
81,3,10720,24478,Germany Bundesliga,2025-2026,1910676,https://www.whoscored.com/matches/1910676/live/germany-bundesliga-2025-2026-borussia-m-gladbach-augsburg,Jan 2026,FT,Borussia Mönchengladbach,Augsburg,134,1730,4,0,2026-01-11,https://d2zywfiolv4f83.cloudfront.net/img/teams/134.png,https://d2zywfiolv4f83.cloudfront.net/img/teams/1730.png,16,16
81,3,10720,24478,Germany Bundesliga,2025-2026,1910674,https://www.whoscored.com/matches/1910674/live/germany-bundesliga-2025-2026-bayern-munich-wolfsburg,Jan 2026,FT,Bayern München,Wolfsburg,37,33,8,1,2026-01-11,https://d2zywfiolv4f83.cloudfront.net/img/teams/37.png,https://d2zywfiolv4f83.cloudfront.net/img/teams/33.png,16,16
81,3,10720,24478,Germany Bundesliga,2025-2026,1910803,https://www.whoscored.com/matches/1910803/live/germany-bundesliga-2025-2026-vfb-stuttgart-eintracht-frankfurt,Jan 2026,FT,VfB Stuttgart,Eintracht Frankfurt,41,45,3,2,2026-01-13,https://d2zywfiolv4f83.cloudfront.net/img/teams/41.png,https://d2zywfiolv4f83.cloudfront.net/img/teams/45.png,17,17
81,3,10720,24478,Germany Bundesliga,2025-2026,1910801,https://www.whoscored.com/matches/1910801/live/germany-bundesliga-2025-2026-mainz-05-fc-heidenheim,Jan 2026,FT,Mainz 05,FC Heidenheim,219,4852,2,1,2026-01-13,https://d2zywfiolv4f83.cloudfront.net/img/teams/219.png,https://d2zywfiolv4f83.cloudfront.net/img/teams/4852.png,17,17
81,3,10720,24478,Germany Bundesliga,2025-2026,1910797,https://www.whoscored.com/matches/1910797/live/germany-bundesliga-2025-2026-borussia-dortmund-werder-bremen,Jan 2026,FT,Borussia Dortmund,Werder Bremen,44,42,3,0,2026-01-13,https://d2zywfiolv4f83.cloudfront.net/img/teams/44.png,https://d2zywfiolv4f83.cloudfront.net/img/teams/42.png,17,17
81,3,10720,24478,Germany Bundesliga,2025-2026,1910804,https://www.whoscored.com/matches/1910804/live/germany-bundesliga-2025-2026-wolfsburg-st-pauli,Jan 2026,FT,Wolfsburg,St. Pauli,33,283,2,1,2026-01-14,https://d2zywfiolv4f83.cloudfront.net/img/teams/33.png,https://d2zywfiolv4f83.cloudfront.net/img/teams/283.png,17,17
81,3,10720,24478,Germany Bundesliga,2025-2026,1910802,https://www.whoscored.com/matches/1910802/live/germany-bundesliga-2025-2026-rb-leipzig-freiburg,Jan 2026,FT,RB Leipzig,Freiburg,7614,50,2,0,2026-01-14,https://d2zywfiolv4f83.cloudfront.net/img/teams/7614.png,https://d2zywfiolv4f83.cloudfront.net/img/teams/50.png,17,17
81,3,10720,24478,Germany Bundesliga,2025-2026,1910798,https://www.whoscored.com/matches/1910798/live/germany-bundesliga-2025-2026-fc-koln-bayern-munich,Jan 2026,FT,1. FC Köln,Bayern München,282,37,1,3,2026-01-14,https://d2zywfiolv4f83.cloudfront.net/img/teams/282.png,https://d2zywfiolv4f83.cloudfront.net/img/teams/37.png,17,17
81,3,10720,24478,Germany Bundesliga,2025-2026,1910800,https://www.whoscored.com/matches/1910800/live/germany-bundesliga-2025-2026-hoffenheim-borussia-m-gladbach,Jan 2026,FT,Hoffenheim,Borussia Mönchengladbach,1211,134,5,1,2026-01-14,https://d2zywfiolv4f83.cloudfront.net/img/teams/1211.png,https://d2zywfiolv4f83.cloudfront.net/img/teams/134.png,17,17
81,3,10720,24478,Germany Bundesliga,2025-2026,1910690,https://www.whoscored.com/matches/1910690/live/germany-bundesliga-2025-2026-augsburg-union-berlin,Jan 2026,FT,Augsburg,Union Berlin,1730,796,1,1,2026-01-15,https://d2zywfiolv4f83.cloudfront.net/img/teams/1730.png,https://d2zywfiolv4f83.cloudfront.net/img/teams/796.png,17,17
81,3,10720,24478,Germany Bundesliga,2025-2026,1910812,https://www.whoscored.com/matches/1910812/live/germany-bundesliga-2025-2026-werder-bremen-eintracht-frankfurt,Jan 2026,FT,Werder Bremen,Eintracht Frankfurt,42,45,3,3,2026-01-16,https://d2zywfiolv4f83.cloudfront.net/img/teams/42.png,https://d2zywfiolv4f83.cloudfront.net/img/teams/45.png,18,18
81,3,10720,24478,Germany Bundesliga,2025-2026,1910813,https://www.whoscored.com/matches/1910813/live/germany-bundesliga-2025-2026-wolfsburg-fc-heidenheim,Jan 2026,FT,Wolfsburg,FC Heidenheim,33,4852,1,1,2026-01-17,https://d2zywfiolv4f83.cloudfront.net/img/teams/33.png,https://d2zywfiolv4f83.cloudfront.net/img/teams/4852.png,18,18
81,3,10720,24478,Germany Bundesliga,2025-2026,1910806,https://www.whoscored.com/matches/1910806/live/germany-bundesliga-2025-2026-borussia-dortmund-st-pauli,Jan 2026,FT,Borussia Dortmund,St. Pauli,44,283,3,2,2026-01-17,https://d2zywfiolv4f83.cloudfront.net/img/teams/44.png,https://d2zywfiolv4f83.cloudfront.net/img/teams/283.png,18,18
81,3,10720,24478,Germany Bundesliga,2025-2026,1910807,https://www.whoscored.com/matches/1910807/live/germany-bundesliga-2025-2026-fc-koln-mainz-05,Jan 2026,FT,1. FC Köln,Mainz 05,282,219,2,1,2026-01-17,https://d2zywfiolv4f83.cloudfront.net/img/teams/282.png,https://d2zywfiolv4f83.cloudfront.net/img/teams/219.png,18,18
81,3,10720,24478,Germany Bundesliga,2025-2026,1910808,https://www.whoscored.com/matches/1910808/live/germany-bundesliga-2025-2026-hamburger-sv-borussia-m-gladbach,Jan 2026,FT,Hamburger SV,Borussia Mönchengladbach,38,134,0,0,2026-01-17,https://d2zywfiolv4f83.cloudfront.net/img/teams/38.png,https://d2zywfiolv4f83.cloudfront.net/img/teams/134.png,18,18
81,3,10720,24478,Germany Bundesliga,2025-2026,1910809,https://www.whoscored.com/matches/1910809/live/germany-bundesliga-2025-2026-hoffenheim-bayer-leverkusen,Jan 2026,FT,Hoffenheim,Bayer Leverkusen,1211,36,1,0,2026-01-17,https://d2zywfiolv4f83.cloudfront.net/img/teams/1211.png,https://d2zywfiolv4f83.cloudfront.net/img/teams/36.png,18,18
81,3,10720,24478,Germany Bundesliga,2025-2026,1910810,https://www.whoscored.com/matches/1910810/live/germany-bundesliga-2025-2026-rb-leipzig-bayern-munich,Jan 2026,FT,RB Leipzig,Bayern München,7614,37,1,5,2026-01-17,https://d2zywfiolv4f83.cloudfront.net/img/teams/7614.png,https://d2zywfiolv4f83.cloudfront.net/img/teams/37.png,18,18
81,3,10720,24478,Germany Bundesliga,2025-2026,1910811,https://www.whoscored.com/matches/1910811/live/germany-bundesliga-2025-2026-vfb-stuttgart-union-berlin,Jan 2026,FT,VfB Stuttgart,Union Berlin,41,796,1,1,2026-01-18,https://d2zywfiolv4f83.cloudfront.net/img/teams/41.png,https://d2zywfiolv4f83.cloudfront.net/img/teams/796.png,18,18
81,3,10720,24478,Germany Bundesliga,2025-2026,1910805,https://www.whoscored.com/matches/1910805/live/germany-bundesliga-2025-2026-augsburg-freiburg,Jan 2026,FT,Augsburg,Freiburg,1730,50,2,2,2026-01-18,https://d2zywfiolv4f83.cloudfront.net/img/teams/1730.png,https://d2zywfiolv4f83.cloudfront.net/img/teams/50.png,18,18
81,3,10720,24478,Germany Bundesliga,2025-2026,1910821,https://www.whoscored.com/matches/1910821/live/germany-bundesliga-2025-2026-st-pauli-hamburger-sv,Jan 2026,FT,St. Pauli,Hamburger SV,283,38,0,0,2026-01-23,https://d2zywfiolv4f83.cloudfront.net/img/teams/283.png,https://d2zywfiolv4f83.cloudfront.net/img/teams/38.png,19,19
81,3,10720,24478,Germany Bundesliga,2025-2026,1910817,https://www.whoscored.com/matches/1910817/live/germany-bundesliga-2025-2026-eintracht-frankfurt-hoffenheim,Jan 2026,FT,Eintracht Frankfurt,Hoffenheim,45,1211,1,3,2026-01-24,https://d2zywfiolv4f83.cloudfront.net/img/teams/45.png,https://d2zywfiolv4f83.cloudfront.net/img/teams/1211.png,19,19
81,3,10720,24478,Germany Bundesliga,2025-2026,1910819,https://www.whoscored.com/matches/1910819/live/germany-bundesliga-2025-2026-fc-heidenheim-rb-leipzig,Jan 2026,FT,FC Heidenheim,RB Leipzig,4852,7614,0,3,2026-01-24,https://d2zywfiolv4f83.cloudfront.net/img/teams/4852.png,https://d2zywfiolv4f83.cloudfront.net/img/teams/7614.png,19,19
81,3,10720,24478,Germany Bundesliga,2025-2026,1910820,https://www.whoscored.com/matches/1910820/live/germany-bundesliga-2025-2026-mainz-05-wolfsburg,Jan 2026,FT,Mainz 05,Wolfsburg,219,33,3,1,2026-01-24,https://d2zywfiolv4f83.cloudfront.net/img/teams/219.png,https://d2zywfiolv4f83.cloudfront.net/img/teams/33.png,19,19
81,3,10720,24478,Germany Bundesliga,2025-2026,1910814,https://www.whoscored.com/matches/1910814/live/germany-bundesliga-2025-2026-bayer-leverkusen-werder-bremen,Jan 2026,FT,Bayer Leverkusen,Werder Bremen,36,42,1,0,2026-01-24,https://d2zywfiolv4f83.cloudfront.net/img/teams/36.png,https://d2zywfiolv4f83.cloudfront.net/img/teams/42.png,19,19
81,3,10720,24478,Germany Bundesliga,2025-2026,1910815,https://www.whoscored.com/matches/1910815/live/germany-bundesliga-2025-2026-bayern-munich-augsburg,Jan 2026,FT,Bayern München,Augsburg,37,1730,1,2,2026-01-24,https://d2zywfiolv4f83.cloudfront.net/img/teams/37.png,https://d2zywfiolv4f83.cloudfront.net/img/teams/1730.png,19,19
81,3,10720,24478,Germany Bundesliga,2025-2026,1910822,https://www.whoscored.com/matches/1910822/live/germany-bundesliga-2025-2026-union-berlin-borussia-dortmund,Jan 2026,FT,Union Berlin,Borussia Dortmund,796,44,0,3,2026-01-24,https://d2zywfiolv4f83.cloudfront.net/img/teams/796.png,https://d2zywfiolv4f83.cloudfront.net/img/teams/44.png,19,19
81,3,10720,24478,Germany Bundesliga,2025-2026,1910816,https://www.whoscored.com/matches/1910816/live/germany-bundesliga-2025-2026-borussia-m-gladbach-vfb-stuttgart,Jan 2026,FT,Borussia Mönchengladbach,VfB Stuttgart,134,41,0,3,2026-01-25,https://d2zywfiolv4f83.cloudfront.net/img/teams/134.png,https://d2zywfiolv4f83.cloudfront.net/img/teams/41.png,19,19
81,3,10720,24478,Germany Bundesliga,2025-2026,1910818,https://www.whoscored.com/matches/1910818/live/germany-bundesliga-2025-2026-freiburg-fc-koln,Jan 2026,FT,Freiburg,1. FC Köln,50,282,2,1,2026-01-25,https://d2zywfiolv4f83.cloudfront.net/img/teams/50.png,https://d2zywfiolv4f83.cloudfront.net/img/teams/282.png,19,19
81,3,10720,24478,Germany Bundesliga,2025-2026,1910688,https://www.whoscored.com/matches/1910688/live/germany-bundesliga-2025-2026-werder-bremen-hoffenheim,Jan 2026,FT,Werder Bremen,Hoffenheim,42,1211,0,2,2026-01-27,https://d2zywfiolv4f83.cloudfront.net/img/teams/42.png,https://d2zywfiolv4f83.cloudfront.net/img/teams/1211.png,16,16
81,3,10720,24478,Germany Bundesliga,2025-2026,1910684,https://www.whoscored.com/matches/1910684/live/germany-bundesliga-2025-2026-st-pauli-rb-leipzig,Jan 2026,FT,St. Pauli,RB Leipzig,283,7614,1,1,2026-01-27,https://d2zywfiolv4f83.cloudfront.net/img/teams/283.png,https://d2zywfiolv4f83.cloudfront.net/img/teams/7614.png,16,16
81,3,10720,24478,Germany Bundesliga,2025-2026,1910826,https://www.whoscored.com/matches/1910826/live/germany-bundesliga-2025-2026-fc-koln-wolfsburg,Jan 2026,FT,1. FC Köln,Wolfsburg,282,33,1,0,2026-01-30,https://d2zywfiolv4f83.cloudfront.net/img/teams/282.png,https://d2zywfiolv4f83.cloudfront.net/img/teams/33.png,20,20
81,3,10720,24478,Germany Bundesliga,2025-2026,1910828,https://www.whoscored.com/matches/1910828/live/germany-bundesliga-2025-2026-hoffenheim-union-berlin,Jan 2026,FT,Hoffenheim,Union Berlin,1211,796,3,1,2026-01-31,https://d2zywfiolv4f83.cloudfront.net/img/teams/1211.png,https://d2zywfiolv4f83.cloudfront.net/img/teams/796.png,20,20
81,3,10720,24478,Germany Bundesliga,2025-2026,1910829,https://www.whoscored.com/matches/1910829/live/germany-bundesliga-2025-2026-rb-leipzig-mainz-05,Jan 2026,FT,RB Leipzig,Mainz 05,7614,219,1,2,2026-01-31,https://d2zywfiolv4f83.cloudfront.net/img/teams/7614.png,https://d2zywfiolv4f83.cloudfront.net/img/teams/219.png,20,20
81,3,10720,24478,Germany Bundesliga,2025-2026,1910831,https://www.whoscored.com/matches/1910831/live/germany-bundesliga-2025-2026-werder-bremen-borussia-m-gladbach,Jan 2026,FT,Werder Bremen,Borussia Mönchengladbach,42,134,1,1,2026-01-31,https://d2zywfiolv4f83.cloudfront.net/img/teams/42.png,https://d2zywfiolv4f83.cloudfront.net/img/teams/134.png,20,20
81,3,10720,24478,Germany Bundesliga,2025-2026,1910823,https://www.whoscored.com/matches/1910823/live/germany-bundesliga-2025-2026-augsburg-st-pauli,Jan 2026,FT,Augsburg,St. Pauli,1730,283,2,1,2026-01-31,https://d2zywfiolv4f83.cloudfront.net/img/teams/1730.png,https://d2zywfiolv4f83.cloudfront.net/img/teams/283.png,20,20
81,3,10720,24478,Germany Bundesliga,2025-2026,1910825,https://www.whoscored.com/matches/1910825/live/germany-bundesliga-2025-2026-eintracht-frankfurt-bayer-leverkusen,Jan 2026,FT,Eintracht Frankfurt,Bayer Leverkusen,45,36,1,3,2026-01-31,https://d2zywfiolv4f83.cloudfront.net/img/teams/45.png,https://d2zywfiolv4f83.cloudfront.net/img/teams/36.png,20,20
81,3,10720,24478,Germany Bundesliga,2025-2026,1910827,https://www.whoscored.com/matches/1910827/live/germany-bundesliga-2025-2026-hamburger-sv-bayern-munich,Jan 2026,FT,Hamburger SV,Bayern München,38,37,2,2,2026-01-31,https://d2zywfiolv4f83.cloudfront.net/img/teams/38.png,https://d2zywfiolv4f83.cloudfront.net/img/teams/37.png,20,20
81,3,10720,24478,Germany Bundesliga,2025-2026,1910830,https://www.whoscored.com/matches/1910830/live/germany-bundesliga-2025-2026-vfb-stuttgart-freiburg,Feb 2026,FT,VfB Stuttgart,Freiburg,41,50,1,0,2026-02-01,https://d2zywfiolv4f83.cloudfront.net/img/teams/41.png,https://d2zywfiolv4f83.cloudfront.net/img/teams/50.png,20,20
81,3,10720,24478,Germany Bundesliga,2025-2026,1910824,https://www.whoscored.com/matches/1910824/live/germany-bundesliga-2025-2026-borussia-dortmund-fc-heidenheim,Feb 2026,FT,Borussia Dortmund,FC Heidenheim,44,4852,3,2,2026-02-01,https://d2zywfiolv4f83.cloudfront.net/img/teams/44.png,https://d2zywfiolv4f83.cloudfront.net/img/teams/4852.png,20,20
81,3,10720,24478,Germany Bundesliga,2025-2026,1910695,https://www.whoscored.com/matches/1910695/live/germany-bundesliga-2025-2026-union-berlin-eintracht-frankfurt,Feb 2026,FT,Union Berlin,Eintracht Frankfurt,796,45,1,1,2026-02-06,https://d2zywfiolv4f83.cloudfront.net/img/teams/796.png,https://d2zywfiolv4f83.cloudfront.net/img/teams/45.png,21,21
81,3,10720,24478,Germany Bundesliga,2025-2026,1910697,https://www.whoscored.com/matches/1910697/live/germany-bundesliga-2025-2026-wolfsburg-borussia-dortmund,Feb 2026,FT,Wolfsburg,Borussia Dortmund,33,44,1,2,2026-02-07,https://d2zywfiolv4f83.cloudfront.net/img/teams/33.png,https://d2zywfiolv4f83.cloudfront.net/img/teams/44.png,21,21
81,3,10720,24478,Germany Bundesliga,2025-2026,1910691,https://www.whoscored.com/matches/1910691/live/germany-bundesliga-2025-2026-fc-heidenheim-hamburger-sv,Feb 2026,FT,FC Heidenheim,Hamburger SV,4852,38,0,2,2026-02-07,https://d2zywfiolv4f83.cloudfront.net/img/teams/4852.png,https://d2zywfiolv4f83.cloudfront.net/img/teams/38.png,21,21
81,3,10720,24478,Germany Bundesliga,2025-2026,1910692,https://www.whoscored.com/matches/1910692/live/germany-bundesliga-2025-2026-mainz-05-augsburg,Feb 2026,FT,Mainz 05,Augsburg,219,1730,2,0,2026-02-07,https://d2zywfiolv4f83.cloudfront.net/img/teams/219.png,https://d2zywfiolv4f83.cloudfront.net/img/teams/1730.png,21,21
81,3,10720,24478,Germany Bundesliga,2025-2026,1910694,https://www.whoscored.com/matches/1910694/live/germany-bundesliga-2025-2026-st-pauli-vfb-stuttgart,Feb 2026,FT,St. Pauli,VfB Stuttgart,283,41,2,1,2026-02-07,https://d2zywfiolv4f83.cloudfront.net/img/teams/283.png,https://d2zywfiolv4f83.cloudfront.net/img/teams/41.png,21,21
81,3,10720,24478,Germany Bundesliga,2025-2026,1910835,https://www.whoscored.com/matches/1910835/live/germany-bundesliga-2025-2026-freiburg-werder-bremen,Feb 2026,FT,Freiburg,Werder Bremen,50,42,1,0,2026-02-07,https://d2zywfiolv4f83.cloudfront.net/img/teams/50.png,https://d2zywfiolv4f83.cloudfront.net/img/teams/42.png,21,21
81,3,10720,24478,Germany Bundesliga,2025-2026,1910833,https://www.whoscored.com/matches/1910833/live/germany-bundesliga-2025-2026-borussia-m-gladbach-bayer-leverkusen,Feb 2026,FT,Borussia Mönchengladbach,Bayer Leverkusen,134,36,1,1,2026-02-07,https://d2zywfiolv4f83.cloudfront.net/img/teams/134.png,https://d2zywfiolv4f83.cloudfront.net/img/teams/36.png,21,21
81,3,10720,24478,Germany Bundesliga,2025-2026,1910834,https://www.whoscored.com/matches/1910834/live/germany-bundesliga-2025-2026-fc-koln-rb-leipzig,Feb 2026,FT,1. FC Köln,RB Leipzig,282,7614,1,2,2026-02-08,https://d2zywfiolv4f83.cloudfront.net/img/teams/282.png,https://d2zywfiolv4f83.cloudfront.net/img/teams/7614.png,21,21
81,3,10720,24478,Germany Bundesliga,2025-2026,1910832,https://www.whoscored.com/matches/1910832/live/germany-bundesliga-2025-2026-bayern-munich-hoffenheim,Feb 2026,FT,Bayern München,Hoffenheim,37,1211,5,1,2026-02-08,https://d2zywfiolv4f83.cloudfront.net/img/teams/37.png,https://d2zywfiolv4f83.cloudfront.net/img/teams/1211.png,21,21
81,3,10720,24478,Germany Bundesliga,2025-2026,1910703,https://www.whoscored.com/matches/1910703/live/germany-bundesliga-2025-2026-borussia-dortmund-mainz-05,Feb 2026,FT,Borussia Dortmund,Mainz 05,44,219,4,0,2026-02-13,https://d2zywfiolv4f83.cloudfront.net/img/teams/44.png,https://d2zywfiolv4f83.cloudfront.net/img/teams/219.png,22,22
81,3,10720,24478,Germany Bundesliga,2025-2026,1910705,https://www.whoscored.com/matches/1910705/live/germany-bundesliga-2025-2026-eintracht-frankfurt-borussia-m-gladbach,Feb 2026,FT,Eintracht Frankfurt,Borussia Mönchengladbach,45,134,3,0,2026-02-14,https://d2zywfiolv4f83.cloudfront.net/img/teams/45.png,https://d2zywfiolv4f83.cloudfront.net/img/teams/134.png,22,22
81,3,10720,24478,Germany Bundesliga,2025-2026,1910707,https://www.whoscored.com/matches/1910707/live/germany-bundesliga-2025-2026-hamburger-sv-union-berlin,Feb 2026,FT,Hamburger SV,Union Berlin,38,796,3,2,2026-02-14,https://d2zywfiolv4f83.cloudfront.net/img/teams/38.png,https://d2zywfiolv4f83.cloudfront.net/img/teams/796.png,22,22
81,3,10720,24478,Germany Bundesliga,2025-2026,1910709,https://www.whoscored.com/matches/1910709/live/germany-bundesliga-2025-2026-hoffenheim-freiburg,Feb 2026,FT,Hoffenheim,Freiburg,1211,50,3,0,2026-02-14,https://d2zywfiolv4f83.cloudfront.net/img/teams/1211.png,https://d2zywfiolv4f83.cloudfront.net/img/teams/50.png,22,22
81,3,10720,24478,Germany Bundesliga,2025-2026,1910715,https://www.whoscored.com/matches/1910715/live/germany-bundesliga-2025-2026-werder-bremen-bayern-munich,Feb 2026,FT,Werder Bremen,Bayern München,42,37,0,3,2026-02-14,https://d2zywfiolv4f83.cloudfront.net/img/teams/42.png,https://d2zywfiolv4f83.cloudfront.net/img/teams/37.png,22,22
81,3,10720,24478,Germany Bundesliga,2025-2026,1910701,https://www.whoscored.com/matches/1910701/live/germany-bundesliga-2025-2026-bayer-leverkusen-st-pauli,Feb 2026,FT,Bayer Leverkusen,St. Pauli,36,283,4,0,2026-02-14,https://d2zywfiolv4f83.cloudfront.net/img/teams/36.png,https://d2zywfiolv4f83.cloudfront.net/img/teams/283.png,22,22
81,3,10720,24478,Germany Bundesliga,2025-2026,1910713,https://www.whoscored.com/matches/1910713/live/germany-bundesliga-2025-2026-vfb-stuttgart-fc-koln,Feb 2026,FT,VfB Stuttgart,1. FC Köln,41,282,3,1,2026-02-14,https://d2zywfiolv4f83.cloudfront.net/img/teams/41.png,https://d2zywfiolv4f83.cloudfront.net/img/teams/282.png,22,22
81,3,10720,24478,Germany Bundesliga,2025-2026,1910699,https://www.whoscored.com/matches/1910699/live/germany-bundesliga-2025-2026-augsburg-fc-heidenheim,Feb 2026,FT,Augsburg,FC Heidenheim,1730,4852,1,0,2026-02-15,https://d2zywfiolv4f83.cloudfront.net/img/teams/1730.png,https://d2zywfiolv4f83.cloudfront.net/img/teams/4852.png,22,22
81,3,10720,24478,Germany Bundesliga,2025-2026,1910711,https://www.whoscored.com/matches/1910711/live/germany-bundesliga-2025-2026-rb-leipzig-wolfsburg,Feb 2026,FT,RB Leipzig,Wolfsburg,7614,33,2,2,2026-02-15,https://d2zywfiolv4f83.cloudfront.net/img/teams/7614.png,https://d2zywfiolv4f83.cloudfront.net/img/teams/33.png,22,22
81,3,10720,24478,Germany Bundesliga,2025-2026,1910725,https://www.whoscored.com/matches/1910725/live/germany-bundesliga-2025-2026-mainz-05-hamburger-sv,Feb 2026,FT,Mainz 05,Hamburger SV,219,38,1,1,2026-02-20,https://d2zywfiolv4f83.cloudfront.net/img/teams/219.png,https://d2zywfiolv4f83.cloudfront.net/img/teams/38.png,23,23
81,3,10720,24478,Germany Bundesliga,2025-2026,1910717,https://www.whoscored.com/matches/1910717/live/germany-bundesliga-2025-2026-bayern-munich-eintracht-frankfurt,Feb 2026,FT,Bayern München,Eintracht Frankfurt,37,45,3,2,2026-02-21,https://d2zywfiolv4f83.cloudfront.net/img/teams/37.png,https://d2zywfiolv4f83.cloudfront.net/img/teams/45.png,23,23
81,3,10720,24478,Germany Bundesliga,2025-2026,1910719,https://www.whoscored.com/matches/1910719/live/germany-bundesliga-2025-2026-fc-koln-hoffenheim,Feb 2026,FT,1. FC Köln,Hoffenheim,282,1211,2,2,2026-02-21,https://d2zywfiolv4f83.cloudfront.net/img/teams/282.png,https://d2zywfiolv4f83.cloudfront.net/img/teams/1211.png,23,23
81,3,10720,24478,Germany Bundesliga,2025-2026,1910731,https://www.whoscored.com/matches/1910731/live/germany-bundesliga-2025-2026-union-berlin-bayer-leverkusen,Feb 2026,FT,Union Berlin,Bayer Leverkusen,796,36,1,0,2026-02-21,https://d2zywfiolv4f83.cloudfront.net/img/teams/796.png,https://d2zywfiolv4f83.cloudfront.net/img/teams/36.png,23,23
81,3,10720,24478,Germany Bundesliga,2025-2026,1910733,https://www.whoscored.com/matches/1910733/live/germany-bundesliga-2025-2026-wolfsburg-augsburg,Feb 2026,FT,Wolfsburg,Augsburg,33,1730,2,3,2026-02-21,https://d2zywfiolv4f83.cloudfront.net/img/teams/33.png,https://d2zywfiolv4f83.cloudfront.net/img/teams/1730.png,23,23
81,3,10720,24478,Germany Bundesliga,2025-2026,1910727,https://www.whoscored.com/matches/1910727/live/germany-bundesliga-2025-2026-rb-leipzig-borussia-dortmund,Feb 2026,FT,RB Leipzig,Borussia Dortmund,7614,44,2,2,2026-02-21,https://d2zywfiolv4f83.cloudfront.net/img/teams/7614.png,https://d2zywfiolv4f83.cloudfront.net/img/teams/44.png,23,23
81,3,10720,24478,Germany Bundesliga,2025-2026,1910721,https://www.whoscored.com/matches/1910721/live/germany-bundesliga-2025-2026-freiburg-borussia-m-gladbach,Feb 2026,FT,Freiburg,Borussia Mönchengladbach,50,134,2,1,2026-02-22,https://d2zywfiolv4f83.cloudfront.net/img/teams/50.png,https://d2zywfiolv4f83.cloudfront.net/img/teams/134.png,23,23
81,3,10720,24478,Germany Bundesliga,2025-2026,1910729,https://www.whoscored.com/matches/1910729/live/germany-bundesliga-2025-2026-st-pauli-werder-bremen,Feb 2026,FT,St. Pauli,Werder Bremen,283,42,2,1,2026-02-22,https://d2zywfiolv4f83.cloudfront.net/img/teams/283.png,https://d2zywfiolv4f83.cloudfront.net/img/teams/42.png,23,23
81,3,10720,24478,Germany Bundesliga,2025-2026,1910723,https://www.whoscored.com/matches/1910723/live/germany-bundesliga-2025-2026-fc-heidenheim-vfb-stuttgart,Feb 2026,FT,FC Heidenheim,VfB Stuttgart,4852,41,3,3,2026-02-22,https://d2zywfiolv4f83.cloudfront.net/img/teams/4852.png,https://d2zywfiolv4f83.cloudfront.net/img/teams/41.png,23,23
81,3,10720,24478,Germany Bundesliga,2025-2026,1910735,https://www.whoscored.com/matches/1910735/live/germany-bundesliga-2025-2026-augsburg-fc-koln,Feb 2026,FT,Augsburg,1. FC Köln,1730,282,2,0,2026-02-27,https://d2zywfiolv4f83.cloudfront.net/img/teams/1730.png,https://d2zywfiolv4f83.cloudfront.net/img/teams/282.png,24,24
81,3,10720,24478,Germany Bundesliga,2025-2026,1910737,https://www.whoscored.com/matches/1910737/live/germany-bundesliga-2025-2026-bayer-leverkusen-mainz-05,Feb 2026,FT,Bayer Leverkusen,Mainz 05,36,219,1,1,2026-02-28,https://d2zywfiolv4f83.cloudfront.net/img/teams/36.png,https://d2zywfiolv4f83.cloudfront.net/img/teams/219.png,24,24
81,3,10720,24478,Germany Bundesliga,2025-2026,1910739,https://www.whoscored.com/matches/1910739/live/germany-bundesliga-2025-2026-borussia-m-gladbach-union-berlin,Feb 2026,FT,Borussia Mönchengladbach,Union Berlin,134,796,1,0,2026-02-28,https://d2zywfiolv4f83.cloudfront.net/img/teams/134.png,https://d2zywfiolv4f83.cloudfront.net/img/teams/796.png,24,24
81,3,10720,24478,Germany Bundesliga,2025-2026,1910747,https://www.whoscored.com/matches/1910747/live/germany-bundesliga-2025-2026-hoffenheim-st-pauli,Feb 2026,FT,Hoffenheim,St. Pauli,1211,283,0,1,2026-02-28,https://d2zywfiolv4f83.cloudfront.net/img/teams/1211.png,https://d2zywfiolv4f83.cloudfront.net/img/teams/283.png,24,24
81,3,10720,24478,Germany Bundesliga,2025-2026,1910751,https://www.whoscored.com/matches/1910751/live/germany-bundesliga-2025-2026-werder-bremen-fc-heidenheim,Feb 2026,FT,Werder Bremen,FC Heidenheim,42,4852,2,0,2026-02-28,https://d2zywfiolv4f83.cloudfront.net/img/teams/42.png,https://d2zywfiolv4f83.cloudfront.net/img/teams/4852.png,24,24
81,3,10720,24478,Germany Bundesliga,2025-2026,1910741,https://www.whoscored.com/matches/1910741/live/germany-bundesliga-2025-2026-borussia-dortmund-bayern-munich,Feb 2026,FT,Borussia Dortmund,Bayern München,44,37,2,3,2026-02-28,https://d2zywfiolv4f83.cloudfront.net/img/teams/44.png,https://d2zywfiolv4f83.cloudfront.net/img/teams/37.png,24,24
81,3,10720,24478,Germany Bundesliga,2025-2026,1910749,https://www.whoscored.com/matches/1910749/live/germany-bundesliga-2025-2026-vfb-stuttgart-wolfsburg,Mar 2026,FT,VfB Stuttgart,Wolfsburg,41,33,4,0,2026-03-01,https://d2zywfiolv4f83.cloudfront.net/img/teams/41.png,https://d2zywfiolv4f83.cloudfront.net/img/teams/33.png,24,24
81,3,10720,24478,Germany Bundesliga,2025-2026,1910743,https://www.whoscored.com/matches/1910743/live/germany-bundesliga-2025-2026-eintracht-frankfurt-freiburg,Mar 2026,FT,Eintracht Frankfurt,Freiburg,45,50,2,0,2026-03-01,https://d2zywfiolv4f83.cloudfront.net/img/teams/45.png,https://d2zywfiolv4f83.cloudfront.net/img/teams/50.png,24,24
81,3,10720,24478,Germany Bundesliga,2025-2026,1910745,https://www.whoscored.com/matches/1910745/live/germany-bundesliga-2025-2026-hamburger-sv-rb-leipzig,Mar 2026,FT,Hamburger SV,RB Leipzig,38,7614,1,2,2026-03-01,https://d2zywfiolv4f83.cloudfront.net/img/teams/38.png,https://d2zywfiolv4f83.cloudfront.net/img/teams/7614.png,24,24
81,3,10720,24478,Germany Bundesliga,2025-2026,1910799,https://www.whoscored.com/matches/1910799/live/germany-bundesliga-2025-2026-hamburger-sv-bayer-leverkusen,Mar 2026,FT,Hamburger SV,Bayer Leverkusen,38,36,0,1,2026-03-04,https://d2zywfiolv4f83.cloudfront.net/img/teams/38.png,https://d2zywfiolv4f83.cloudfront.net/img/teams/36.png,17,17
81,3,10720,24478,Germany Bundesliga,2025-2026,1910753,https://www.whoscored.com/matches/1910753/live/germany-bundesliga-2025-2026-bayern-munich-borussia-m-gladbach,Mar 2026,FT,Bayern München,Borussia Mönchengladbach,37,134,4,1,2026-03-06,https://d2zywfiolv4f83.cloudfront.net/img/teams/37.png,https://d2zywfiolv4f83.cloudfront.net/img/teams/134.png,25,25
81,3,10720,24478,Germany Bundesliga,2025-2026,1910757,https://www.whoscored.com/matches/1910757/live/germany-bundesliga-2025-2026-freiburg-bayer-leverkusen,Mar 2026,FT,Freiburg,Bayer Leverkusen,50,36,3,3,2026-03-07,https://d2zywfiolv4f83.cloudfront.net/img/teams/50.png,https://d2zywfiolv4f83.cloudfront.net/img/teams/36.png,25,25
81,3,10720,24478,Germany Bundesliga,2025-2026,1910760,https://www.whoscored.com/matches/1910760/live/germany-bundesliga-2025-2026-fc-heidenheim-hoffenheim,Mar 2026,FT,FC Heidenheim,Hoffenheim,4852,1211,2,4,2026-03-07,https://d2zywfiolv4f83.cloudfront.net/img/teams/4852.png,https://d2zywfiolv4f83.cloudfront.net/img/teams/1211.png,25,25
81,3,10720,24478,Germany Bundesliga,2025-2026,1910762,https://www.whoscored.com/matches/1910762/live/germany-bundesliga-2025-2026-mainz-05-vfb-stuttgart,Mar 2026,FT,Mainz 05,VfB Stuttgart,219,41,2,2,2026-03-07,https://d2zywfiolv4f83.cloudfront.net/img/teams/219.png,https://d2zywfiolv4f83.cloudfront.net/img/teams/41.png,25,25
81,3,10720,24478,Germany Bundesliga,2025-2026,1910764,https://www.whoscored.com/matches/1910764/live/germany-bundesliga-2025-2026-rb-leipzig-augsburg,Mar 2026,FT,RB Leipzig,Augsburg,7614,1730,2,1,2026-03-07,https://d2zywfiolv4f83.cloudfront.net/img/teams/7614.png,https://d2zywfiolv4f83.cloudfront.net/img/teams/1730.png,25,25
81,3,10720,24478,Germany Bundesliga,2025-2026,1910770,https://www.whoscored.com/matches/1910770/live/germany-bundesliga-2025-2026-wolfsburg-hamburger-sv,Mar 2026,FT,Wolfsburg,Hamburger SV,33,38,1,2,2026-03-07,https://d2zywfiolv4f83.cloudfront.net/img/teams/33.png,https://d2zywfiolv4f83.cloudfront.net/img/teams/38.png,25,25
81,3,10720,24478,Germany Bundesliga,2025-2026,1910755,https://www.whoscored.com/matches/1910755/live/germany-bundesliga-2025-2026-fc-koln-borussia-dortmund,Mar 2026,FT,1. FC Köln,Borussia Dortmund,282,44,1,2,2026-03-07,https://d2zywfiolv4f83.cloudfront.net/img/teams/282.png,https://d2zywfiolv4f83.cloudfront.net/img/teams/44.png,25,25
81,3,10720,24478,Germany Bundesliga,2025-2026,1910766,https://www.whoscored.com/matches/1910766/live/germany-bundesliga-2025-2026-st-pauli-eintracht-frankfurt,Mar 2026,FT,St. Pauli,Eintracht Frankfurt,283,45,0,0,2026-03-08,https://d2zywfiolv4f83.cloudfront.net/img/teams/283.png,https://d2zywfiolv4f83.cloudfront.net/img/teams/45.png,25,25
81,3,10720,24478,Germany Bundesliga,2025-2026,1910768,https://www.whoscored.com/matches/1910768/live/germany-bundesliga-2025-2026-union-berlin-werder-bremen,Mar 2026,FT,Union Berlin,Werder Bremen,796,42,1,4,2026-03-08,https://d2zywfiolv4f83.cloudfront.net/img/teams/796.png,https://d2zywfiolv4f83.cloudfront.net/img/teams/42.png,25,25
81,3,10720,24478,Germany Bundesliga,2025-2026,1910775,https://www.whoscored.com/matches/1910775/live/germany-bundesliga-2025-2026-borussia-m-gladbach-st-pauli,Mar 2026,FT,Borussia Mönchengladbach,St. Pauli,134,283,2,0,2026-03-13,https://d2zywfiolv4f83.cloudfront.net/img/teams/134.png,https://d2zywfiolv4f83.cloudfront.net/img/teams/283.png,26,26
81,3,10720,24478,Germany Bundesliga,2025-2026,1910777,https://www.whoscored.com/matches/1910777/live/germany-bundesliga-2025-2026-borussia-dortmund-augsburg,Mar 2026,FT,Borussia Dortmund,Augsburg,44,1730,2,0,2026-03-14,https://d2zywfiolv4f83.cloudfront.net/img/teams/44.png,https://d2zywfiolv4f83.cloudfront.net/img/teams/1730.png,26,26
81,3,10720,24478,Germany Bundesliga,2025-2026,1910779,https://www.whoscored.com/matches/1910779/live/germany-bundesliga-2025-2026-eintracht-frankfurt-fc-heidenheim,Mar 2026,FT,Eintracht Frankfurt,FC Heidenheim,45,4852,1,0,2026-03-14,https://d2zywfiolv4f83.cloudfront.net/img/teams/45.png,https://d2zywfiolv4f83.cloudfront.net/img/teams/4852.png,26,26
81,3,10720,24478,Germany Bundesliga,2025-2026,1910773,https://www.whoscored.com/matches/1910773/live/germany-bundesliga-2025-2026-bayer-leverkusen-bayern-munich,Mar 2026,FT,Bayer Leverkusen,Bayern München,36,37,1,1,2026-03-14,https://d2zywfiolv4f83.cloudfront.net/img/teams/36.png,https://d2zywfiolv4f83.cloudfront.net/img/teams/37.png,26,26
81,3,10720,24478,Germany Bundesliga,2025-2026,1910785,https://www.whoscored.com/matches/1910785/live/germany-bundesliga-2025-2026-hoffenheim-wolfsburg,Mar 2026,FT,Hoffenheim,Wolfsburg,1211,33,1,1,2026-03-14,https://d2zywfiolv4f83.cloudfront.net/img/teams/1211.png,https://d2zywfiolv4f83.cloudfront.net/img/teams/33.png,26,26
81,3,10720,24478,Germany Bundesliga,2025-2026,1910782,https://www.whoscored.com/matches/1910782/live/germany-bundesliga-2025-2026-hamburger-sv-fc-koln,Mar 2026,FT,Hamburger SV,1. FC Köln,38,282,1,1,2026-03-14,https://d2zywfiolv4f83.cloudfront.net/img/teams/38.png,https://d2zywfiolv4f83.cloudfront.net/img/teams/282.png,26,26
81,3,10720,24478,Germany Bundesliga,2025-2026,1910789,https://www.whoscored.com/matches/1910789/live/germany-bundesliga-2025-2026-werder-bremen-mainz-05,Mar 2026,FT,Werder Bremen,Mainz 05,42,219,0,2,2026-03-15,https://d2zywfiolv4f83.cloudfront.net/img/teams/42.png,https://d2zywfiolv4f83.cloudfront.net/img/teams/219.png,26,26
81,3,10720,24478,Germany Bundesliga,2025-2026,1910781,https://www.whoscored.com/matches/1910781/live/germany-bundesliga-2025-2026-freiburg-union-berlin,Mar 2026,FT,Freiburg,Union Berlin,50,796,0,1,2026-03-15,https://d2zywfiolv4f83.cloudfront.net/img/teams/50.png,https://d2zywfiolv4f83.cloudfront.net/img/teams/796.png,26,26
81,3,10720,24478,Germany Bundesliga,2025-2026,1910787,https://www.whoscored.com/matches/1910787/live/germany-bundesliga-2025-2026-vfb-stuttgart-rb-leipzig,Mar 2026,FT,VfB Stuttgart,RB Leipzig,41,7614,1,0,2026-03-15,https://d2zywfiolv4f83.cloudfront.net/img/teams/41.png,https://d2zywfiolv4f83.cloudfront.net/img/teams/7614.png,26,26
81,3,10720,24478,Germany Bundesliga,2025-2026,1910837,https://www.whoscored.com/matches/1910837/live/germany-bundesliga-2025-2026-rb-leipzig-hoffenheim,Mar 2026,FT,RB Leipzig,Hoffenheim,7614,1211,5,0,2026-03-20,https://d2zywfiolv4f83.cloudfront.net/img/teams/7614.png,https://d2zywfiolv4f83.cloudfront.net/img/teams/1211.png,27,27
81,3,10720,24478,Germany Bundesliga,2025-2026,1910839,https://www.whoscored.com/matches/1910839/live/germany-bundesliga-2025-2026-wolfsburg-werder-bremen,Mar 2026,FT,Wolfsburg,Werder Bremen,33,42,0,1,2026-03-21,https://d2zywfiolv4f83.cloudfront.net/img/teams/33.png,https://d2zywfiolv4f83.cloudfront.net/img/teams/42.png,27,27
81,3,10720,24478,Germany Bundesliga,2025-2026,1910795,https://www.whoscored.com/matches/1910795/live/germany-bundesliga-2025-2026-fc-koln-borussia-m-gladbach,Mar 2026,FT,1. FC Köln,Borussia Mönchengladbach,282,134,3,3,2026-03-21,https://d2zywfiolv4f83.cloudfront.net/img/teams/282.png,https://d2zywfiolv4f83.cloudfront.net/img/teams/134.png,27,27
81,3,10720,24478,Germany Bundesliga,2025-2026,1910796,https://www.whoscored.com/matches/1910796/live/germany-bundesliga-2025-2026-fc-heidenheim-bayer-leverkusen,Mar 2026,FT,FC Heidenheim,Bayer Leverkusen,4852,36,3,3,2026-03-21,https://d2zywfiolv4f83.cloudfront.net/img/teams/4852.png,https://d2zywfiolv4f83.cloudfront.net/img/teams/36.png,27,27
81,3,10720,24478,Germany Bundesliga,2025-2026,1910792,https://www.whoscored.com/matches/1910792/live/germany-bundesliga-2025-2026-bayern-munich-union-berlin,Mar 2026,FT,Bayern München,Union Berlin,37,796,4,0,2026-03-21,https://d2zywfiolv4f83.cloudfront.net/img/teams/37.png,https://d2zywfiolv4f83.cloudfront.net/img/teams/796.png,27,27
81,3,10720,24478,Germany Bundesliga,2025-2026,1910794,https://www.whoscored.com/matches/1910794/live/germany-bundesliga-2025-2026-borussia-dortmund-hamburger-sv,Mar 2026,FT,Borussia Dortmund,Hamburger SV,44,38,3,2,2026-03-21,https://d2zywfiolv4f83.cloudfront.net/img/teams/44.png,https://d2zywfiolv4f83.cloudfront.net/img/teams/38.png,27,27
81,3,10720,24478,Germany Bundesliga,2025-2026,1910836,https://www.whoscored.com/matches/1910836/live/germany-bundesliga-2025-2026-mainz-05-eintracht-frankfurt,Mar 2026,FT,Mainz 05,Eintracht Frankfurt,219,45,2,1,2026-03-22,https://d2zywfiolv4f83.cloudfront.net/img/teams/219.png,https://d2zywfiolv4f83.cloudfront.net/img/teams/45.png,27,27
81,3,10720,24478,Germany Bundesliga,2025-2026,1910838,https://www.whoscored.com/matches/1910838/live/germany-bundesliga-2025-2026-st-pauli-freiburg,Mar 2026,FT,St. Pauli,Freiburg,283,50,1,2,2026-03-22,https://d2zywfiolv4f83.cloudfront.net/img/teams/283.png,https://d2zywfiolv4f83.cloudfront.net/img/teams/50.png,27,27
81,3,10720,24478,Germany Bundesliga,2025-2026,1910790,https://www.whoscored.com/matches/1910790/live/germany-bundesliga-2025-2026-augsburg-vfb-stuttgart,Mar 2026,FT,Augsburg,VfB Stuttgart,1730,41,2,5,2026-03-22,https://d2zywfiolv4f83.cloudfront.net/img/teams/1730.png,https://d2zywfiolv4f83.cloudfront.net/img/teams/41.png,27,27
81,3,10720,24478,Germany Bundesliga,2025-2026,1910843,https://www.whoscored.com/matches/1910843/live/germany-bundesliga-2025-2026-freiburg-bayern-munich,Apr 2026,FT,Freiburg,Bayern München,50,37,2,3,2026-04-04,https://d2zywfiolv4f83.cloudfront.net/img/teams/50.png,https://d2zywfiolv4f83.cloudfront.net/img/teams/37.png,28,28
81,3,10720,24478,Germany Bundesliga,2025-2026,1910844,https://www.whoscored.com/matches/1910844/live/germany-bundesliga-2025-2026-hamburger-sv-augsburg,Apr 2026,FT,Hamburger SV,Augsburg,38,1730,1,1,2026-04-04,https://d2zywfiolv4f83.cloudfront.net/img/teams/38.png,https://d2zywfiolv4f83.cloudfront.net/img/teams/1730.png,28,28
81,3,10720,24478,Germany Bundesliga,2025-2026,1910845,https://www.whoscored.com/matches/1910845/live/germany-bundesliga-2025-2026-hoffenheim-mainz-05,Apr 2026,FT,Hoffenheim,Mainz 05,1211,219,1,2,2026-04-04,https://d2zywfiolv4f83.cloudfront.net/img/teams/1211.png,https://d2zywfiolv4f83.cloudfront.net/img/teams/219.png,28,28
81,3,10720,24478,Germany Bundesliga,2025-2026,1910848,https://www.whoscored.com/matches/1910848/live/germany-bundesliga-2025-2026-werder-bremen-rb-leipzig,Apr 2026,FT,Werder Bremen,RB Leipzig,42,7614,1,2,2026-04-04,https://d2zywfiolv4f83.cloudfront.net/img/teams/42.png,https://d2zywfiolv4f83.cloudfront.net/img/teams/7614.png,28,28
81,3,10720,24478,Germany Bundesliga,2025-2026,1910840,https://www.whoscored.com/matches/1910840/live/germany-bundesliga-2025-2026-bayer-leverkusen-wolfsburg,Apr 2026,FT,Bayer Leverkusen,Wolfsburg,36,33,6,3,2026-04-04,https://d2zywfiolv4f83.cloudfront.net/img/teams/36.png,https://d2zywfiolv4f83.cloudfront.net/img/teams/33.png,28,28
81,3,10720,24478,Germany Bundesliga,2025-2026,1910841,https://www.whoscored.com/matches/1910841/live/germany-bundesliga-2025-2026-borussia-m-gladbach-fc-heidenheim,Apr 2026,FT,Borussia Mönchengladbach,FC Heidenheim,134,4852,2,2,2026-04-04,https://d2zywfiolv4f83.cloudfront.net/img/teams/134.png,https://d2zywfiolv4f83.cloudfront.net/img/teams/4852.png,28,28
81,3,10720,24478,Germany Bundesliga,2025-2026,1910846,https://www.whoscored.com/matches/1910846/live/germany-bundesliga-2025-2026-vfb-stuttgart-borussia-dortmund,Apr 2026,FT,VfB Stuttgart,Borussia Dortmund,41,44,0,2,2026-04-04,https://d2zywfiolv4f83.cloudfront.net/img/teams/41.png,https://d2zywfiolv4f83.cloudfront.net/img/teams/44.png,28,28
81,3,10720,24478,Germany Bundesliga,2025-2026,1910847,https://www.whoscored.com/matches/1910847/live/germany-bundesliga-2025-2026-union-berlin-st-pauli,Apr 2026,FT,Union Berlin,St. Pauli,796,283,1,1,2026-04-05,https://d2zywfiolv4f83.cloudfront.net/img/teams/796.png,https://d2zywfiolv4f83.cloudfront.net/img/teams/283.png,28,28
81,3,10720,24478,Germany Bundesliga,2025-2026,1910842,https://www.whoscored.com/matches/1910842/live/germany-bundesliga-2025-2026-eintracht-frankfurt-fc-koln,Apr 2026,FT,Eintracht Frankfurt,1. FC Köln,45,282,2,2,2026-04-05,https://d2zywfiolv4f83.cloudfront.net/img/teams/45.png,https://d2zywfiolv4f83.cloudfront.net/img/teams/282.png,28,28
81,3,10720,24478,Germany Bundesliga,2025-2026,1910849,https://www.whoscored.com/matches/1910849/live/germany-bundesliga-2025-2026-augsburg-hoffenheim,Apr 2026,FT,Augsburg,Hoffenheim,1730,1211,2,2,2026-04-10,https://d2zywfiolv4f83.cloudfront.net/img/teams/1730.png,https://d2zywfiolv4f83.cloudfront.net/img/teams/1211.png,29,29
81,3,10720,24478,Germany Bundesliga,2025-2026,1910850,https://www.whoscored.com/matches/1910850/live/germany-bundesliga-2025-2026-borussia-dortmund-bayer-leverkusen,Apr 2026,FT,Borussia Dortmund,Bayer Leverkusen,44,36,0,1,2026-04-11,https://d2zywfiolv4f83.cloudfront.net/img/teams/44.png,https://d2zywfiolv4f83.cloudfront.net/img/teams/36.png,29,29
81,3,10720,24478,Germany Bundesliga,2025-2026,1910852,https://www.whoscored.com/matches/1910852/live/germany-bundesliga-2025-2026-fc-heidenheim-union-berlin,Apr 2026,FT,FC Heidenheim,Union Berlin,4852,796,3,1,2026-04-11,https://d2zywfiolv4f83.cloudfront.net/img/teams/4852.png,https://d2zywfiolv4f83.cloudfront.net/img/teams/796.png,29,29
81,3,10720,24478,Germany Bundesliga,2025-2026,1910857,https://www.whoscored.com/matches/1910857/live/germany-bundesliga-2025-2026-wolfsburg-eintracht-frankfurt,Apr 2026,FT,Wolfsburg,Eintracht Frankfurt,33,45,1,2,2026-04-11,https://d2zywfiolv4f83.cloudfront.net/img/teams/33.png,https://d2zywfiolv4f83.cloudfront.net/img/teams/45.png,29,29
81,3,10720,24478,Germany Bundesliga,2025-2026,1910854,https://www.whoscored.com/matches/1910854/live/germany-bundesliga-2025-2026-rb-leipzig-borussia-m-gladbach,Apr 2026,FT,RB Leipzig,Borussia Mönchengladbach,7614,134,1,0,2026-04-11,https://d2zywfiolv4f83.cloudfront.net/img/teams/7614.png,https://d2zywfiolv4f83.cloudfront.net/img/teams/134.png,29,29
81,3,10720,24478,Germany Bundesliga,2025-2026,1910855,https://www.whoscored.com/matches/1910855/live/germany-bundesliga-2025-2026-st-pauli-bayern-munich,Apr 2026,FT,St. Pauli,Bayern München,283,37,0,5,2026-04-11,https://d2zywfiolv4f83.cloudfront.net/img/teams/283.png,https://d2zywfiolv4f83.cloudfront.net/img/teams/37.png,29,29
81,3,10720,24478,Germany Bundesliga,2025-2026,1910851,https://www.whoscored.com/matches/1910851/live/germany-bundesliga-2025-2026-fc-koln-werder-bremen,Apr 2026,FT,1. FC Köln,Werder Bremen,282,42,3,1,2026-04-12,https://d2zywfiolv4f83.cloudfront.net/img/teams/282.png,https://d2zywfiolv4f83.cloudfront.net/img/teams/42.png,29,29
81,3,10720,24478,Germany Bundesliga,2025-2026,1910856,https://www.whoscored.com/matches/1910856/live/germany-bundesliga-2025-2026-vfb-stuttgart-hamburger-sv,Apr 2026,FT,VfB Stuttgart,Hamburger SV,41,38,4,0,2026-04-12,https://d2zywfiolv4f83.cloudfront.net/img/teams/41.png,https://d2zywfiolv4f83.cloudfront.net/img/teams/38.png,29,29
81,3,10720,24478,Germany Bundesliga,2025-2026,1910853,https://www.whoscored.com/matches/1910853/live/germany-bundesliga-2025-2026-mainz-05-freiburg,Apr 2026,FT,Mainz 05,Freiburg,219,50,0,1,2026-04-12,https://d2zywfiolv4f83.cloudfront.net/img/teams/219.png,https://d2zywfiolv4f83.cloudfront.net/img/teams/50.png,29,29
81,3,10720,24478,Germany Bundesliga,2025-2026,1910864,https://www.whoscored.com/matches/1910864/live/germany-bundesliga-2025-2026-st-pauli-fc-koln,Apr 2026,FT,St. Pauli,1. FC Köln,283,282,1,1,2026-04-17,https://d2zywfiolv4f83.cloudfront.net/img/teams/283.png,https://d2zywfiolv4f83.cloudfront.net/img/teams/282.png,30,30
81,3,10720,24478,Germany Bundesliga,2025-2026,1910865,https://www.whoscored.com/matches/1910865/live/germany-bundesliga-2025-2026-union-berlin-wolfsburg,Apr 2026,FT,Union Berlin,Wolfsburg,796,33,1,2,2026-04-18,https://d2zywfiolv4f83.cloudfront.net/img/teams/796.png,https://d2zywfiolv4f83.cloudfront.net/img/teams/33.png,30,30
81,3,10720,24478,Germany Bundesliga,2025-2026,1910866,https://www.whoscored.com/matches/1910866/live/germany-bundesliga-2025-2026-werder-bremen-hamburger-sv,Apr 2026,FT,Werder Bremen,Hamburger SV,42,38,3,1,2026-04-18,https://d2zywfiolv4f83.cloudfront.net/img/teams/42.png,https://d2zywfiolv4f83.cloudfront.net/img/teams/38.png,30,30
81,3,10720,24478,Germany Bundesliga,2025-2026,1910863,https://www.whoscored.com/matches/1910863/live/germany-bundesliga-2025-2026-hoffenheim-borussia-dortmund,Apr 2026,FT,Hoffenheim,Borussia Dortmund,1211,44,2,1,2026-04-18,https://d2zywfiolv4f83.cloudfront.net/img/teams/1211.png,https://d2zywfiolv4f83.cloudfront.net/img/teams/44.png,30,30
81,3,10720,24478,Germany Bundesliga,2025-2026,1910858,https://www.whoscored.com/matches/1910858/live/germany-bundesliga-2025-2026-bayer-leverkusen-augsburg,Apr 2026,FT,Bayer Leverkusen,Augsburg,36,1730,1,2,2026-04-18,https://d2zywfiolv4f83.cloudfront.net/img/teams/36.png,https://d2zywfiolv4f83.cloudfront.net/img/teams/1730.png,30,30
81,3,10720,24478,Germany Bundesliga,2025-2026,1910861,https://www.whoscored.com/matches/1910861/live/germany-bundesliga-2025-2026-eintracht-frankfurt-rb-leipzig,Apr 2026,FT,Eintracht Frankfurt,RB Leipzig,45,7614,1,3,2026-04-18,https://d2zywfiolv4f83.cloudfront.net/img/teams/45.png,https://d2zywfiolv4f83.cloudfront.net/img/teams/7614.png,30,30
81,3,10720,24478,Germany Bundesliga,2025-2026,1910862,https://www.whoscored.com/matches/1910862/live/germany-bundesliga-2025-2026-freiburg-fc-heidenheim,Apr 2026,FT,Freiburg,FC Heidenheim,50,4852,2,1,2026-04-19,https://d2zywfiolv4f83.cloudfront.net/img/teams/50.png,https://d2zywfiolv4f83.cloudfront.net/img/teams/4852.png,30,30
81,3,10720,24478,Germany Bundesliga,2025-2026,1910859,https://www.whoscored.com/matches/1910859/live/germany-bundesliga-2025-2026-bayern-munich-vfb-stuttgart,Apr 2026,FT,Bayern München,VfB Stuttgart,37,41,4,2,2026-04-19,https://d2zywfiolv4f83.cloudfront.net/img/teams/37.png,https://d2zywfiolv4f83.cloudfront.net/img/teams/41.png,30,30
81,3,10720,24478,Germany Bundesliga,2025-2026,1910860,https://www.whoscored.com/matches/1910860/live/germany-bundesliga-2025-2026-borussia-m-gladbach-mainz-05,Apr 2026,FT,Borussia Mönchengladbach,Mainz 05,134,219,1,1,2026-04-19,https://d2zywfiolv4f83.cloudfront.net/img/teams/134.png,https://d2zywfiolv4f83.cloudfront.net/img/teams/219.png,30,30
81,3,10720,24478,Germany Bundesliga,2025-2026,1910873,https://www.whoscored.com/matches/1910873/live/germany-bundesliga-2025-2026-rb-leipzig-union-berlin,Apr 2026,FT,RB Leipzig,Union Berlin,7614,796,3,1,2026-04-24,https://d2zywfiolv4f83.cloudfront.net/img/teams/7614.png,https://d2zywfiolv4f83.cloudfront.net/img/teams/796.png,31,31
81,3,10720,24478,Germany Bundesliga,2025-2026,1910875,https://www.whoscored.com/matches/1910875/live/germany-bundesliga-2025-2026-wolfsburg-borussia-m-gladbach,Apr 2026,FT,Wolfsburg,Borussia Mönchengladbach,33,134,0,0,2026-04-25,https://d2zywfiolv4f83.cloudfront.net/img/teams/33.png,https://d2zywfiolv4f83.cloudfront.net/img/teams/134.png,31,31
81,3,10720,24478,Germany Bundesliga,2025-2026,1910869,https://www.whoscored.com/matches/1910869/live/germany-bundesliga-2025-2026-fc-koln-bayer-leverkusen,Apr 2026,FT,1. FC Köln,Bayer Leverkusen,282,36,1,2,2026-04-25,https://d2zywfiolv4f83.cloudfront.net/img/teams/282.png,https://d2zywfiolv4f83.cloudfront.net/img/teams/36.png,31,31
81,3,10720,24478,Germany Bundesliga,2025-2026,1910871,https://www.whoscored.com/matches/1910871/live/germany-bundesliga-2025-2026-fc-heidenheim-st-pauli,Apr 2026,FT,FC Heidenheim,St. Pauli,4852,283,2,0,2026-04-25,https://d2zywfiolv4f83.cloudfront.net/img/teams/4852.png,https://d2zywfiolv4f83.cloudfront.net/img/teams/283.png,31,31
81,3,10720,24478,Germany Bundesliga,2025-2026,1910872,https://www.whoscored.com/matches/1910872/live/germany-bundesliga-2025-2026-mainz-05-bayern-munich,Apr 2026,FT,Mainz 05,Bayern München,219,37,3,4,2026-04-25,https://d2zywfiolv4f83.cloudfront.net/img/teams/219.png,https://d2zywfiolv4f83.cloudfront.net/img/teams/37.png,31,31
81,3,10720,24478,Germany Bundesliga,2025-2026,1910867,https://www.whoscored.com/matches/1910867/live/germany-bundesliga-2025-2026-augsburg-eintracht-frankfurt,Apr 2026,FT,Augsburg,Eintracht Frankfurt,1730,45,1,1,2026-04-25,https://d2zywfiolv4f83.cloudfront.net/img/teams/1730.png,https://d2zywfiolv4f83.cloudfront.net/img/teams/45.png,31,31
81,3,10720,24478,Germany Bundesliga,2025-2026,1910870,https://www.whoscored.com/matches/1910870/live/germany-bundesliga-2025-2026-hamburger-sv-hoffenheim,Apr 2026,FT,Hamburger SV,Hoffenheim,38,1211,1,2,2026-04-25,https://d2zywfiolv4f83.cloudfront.net/img/teams/38.png,https://d2zywfiolv4f83.cloudfront.net/img/teams/1211.png,31,31
81,3,10720,24478,Germany Bundesliga,2025-2026,1910874,https://www.whoscored.com/matches/1910874/live/germany-bundesliga-2025-2026-vfb-stuttgart-werder-bremen,Apr 2026,FT,VfB Stuttgart,Werder Bremen,41,42,1,1,2026-04-26,https://d2zywfiolv4f83.cloudfront.net/img/teams/41.png,https://d2zywfiolv4f83.cloudfront.net/img/teams/42.png,31,31
81,3,10720,24478,Germany Bundesliga,2025-2026,1910868,https://www.whoscored.com/matches/1910868/live/germany-bundesliga-2025-2026-borussia-dortmund-freiburg,Apr 2026,FT,Borussia Dortmund,Freiburg,44,50,4,0,2026-04-26,https://d2zywfiolv4f83.cloudfront.net/img/teams/44.png,https://d2zywfiolv4f83.cloudfront.net/img/teams/50.png,31,31
81,3,10720,24478,Germany Bundesliga,2025-2026,1910877,https://www.whoscored.com/matches/1910877/live/germany-bundesliga-2025-2026-bayern-munich-fc-heidenheim,May 2026,FT,Bayern München,FC Heidenheim,37,4852,3,3,2026-05-02,https://d2zywfiolv4f83.cloudfront.net/img/teams/37.png,https://d2zywfiolv4f83.cloudfront.net/img/teams/4852.png,32,32
81,3,10720,24478,Germany Bundesliga,2025-2026,1910879,https://www.whoscored.com/matches/1910879/live/germany-bundesliga-2025-2026-eintracht-frankfurt-hamburger-sv,May 2026,FT,Eintracht Frankfurt,Hamburger SV,45,38,1,2,2026-05-02,https://d2zywfiolv4f83.cloudfront.net/img/teams/45.png,https://d2zywfiolv4f83.cloudfront.net/img/teams/38.png,32,32
81,3,10720,24478,Germany Bundesliga,2025-2026,1910881,https://www.whoscored.com/matches/1910881/live/germany-bundesliga-2025-2026-hoffenheim-vfb-stuttgart,May 2026,FT,Hoffenheim,VfB Stuttgart,1211,41,3,3,2026-05-02,https://d2zywfiolv4f83.cloudfront.net/img/teams/1211.png,https://d2zywfiolv4f83.cloudfront.net/img/teams/41.png,32,32
81,3,10720,24478,Germany Bundesliga,2025-2026,1910883,https://www.whoscored.com/matches/1910883/live/germany-bundesliga-2025-2026-union-berlin-fc-koln,May 2026,FT,Union Berlin,1. FC Köln,796,282,2,2,2026-05-02,https://d2zywfiolv4f83.cloudfront.net/img/teams/796.png,https://d2zywfiolv4f83.cloudfront.net/img/teams/282.png,32,32
81,3,10720,24478,Germany Bundesliga,2025-2026,1910884,https://www.whoscored.com/matches/1910884/live/germany-bundesliga-2025-2026-werder-bremen-augsburg,May 2026,FT,Werder Bremen,Augsburg,42,1730,1,3,2026-05-02,https://d2zywfiolv4f83.cloudfront.net/img/teams/42.png,https://d2zywfiolv4f83.cloudfront.net/img/teams/1730.png,32,32
81,3,10720,24478,Germany Bundesliga,2025-2026,1910876,https://www.whoscored.com/matches/1910876/live/germany-bundesliga-2025-2026-bayer-leverkusen-rb-leipzig,May 2026,FT,Bayer Leverkusen,RB Leipzig,36,7614,4,1,2026-05-02,https://d2zywfiolv4f83.cloudfront.net/img/teams/36.png,https://d2zywfiolv4f83.cloudfront.net/img/teams/7614.png,32,32
81,3,10720,24478,Germany Bundesliga,2025-2026,1910882,https://www.whoscored.com/matches/1910882/live/germany-bundesliga-2025-2026-st-pauli-mainz-05,May 2026,FT,St. Pauli,Mainz 05,283,219,1,2,2026-05-03,https://d2zywfiolv4f83.cloudfront.net/img/teams/283.png,https://d2zywfiolv4f83.cloudfront.net/img/teams/219.png,32,32
81,3,10720,24478,Germany Bundesliga,2025-2026,1910878,https://www.whoscored.com/matches/1910878/live/germany-bundesliga-2025-2026-borussia-m-gladbach-borussia-dortmund,May 2026,FT,Borussia Mönchengladbach,Borussia Dortmund,134,44,1,0,2026-05-03,https://d2zywfiolv4f83.cloudfront.net/img/teams/134.png,https://d2zywfiolv4f83.cloudfront.net/img/teams/44.png,32,32
81,3,10720,24478,Germany Bundesliga,2025-2026,1910880,https://www.whoscored.com/matches/1910880/live/germany-bundesliga-2025-2026-freiburg-wolfsburg,May 2026,FT,Freiburg,Wolfsburg,50,33,1,1,2026-05-03,https://d2zywfiolv4f83.cloudfront.net/img/teams/50.png,https://d2zywfiolv4f83.cloudfront.net/img/teams/33.png,32,32
81,3,10720,24478,Germany Bundesliga,2025-2026,1910886,https://www.whoscored.com/matches/1910886/live/germany-bundesliga-2025-2026-borussia-dortmund-eintracht-frankfurt,May 2026,FT,Borussia Dortmund,Eintracht Frankfurt,44,45,3,2,2026-05-08,https://d2zywfiolv4f83.cloudfront.net/img/teams/44.png,https://d2zywfiolv4f83.cloudfront.net/img/teams/45.png,33,33
81,3,10720,24478,Germany Bundesliga,2025-2026,1910889,https://www.whoscored.com/matches/1910889/live/germany-bundesliga-2025-2026-hoffenheim-werder-bremen,May 2026,FT,Hoffenheim,Werder Bremen,1211,42,1,0,2026-05-09,https://d2zywfiolv4f83.cloudfront.net/img/teams/1211.png,https://d2zywfiolv4f83.cloudfront.net/img/teams/42.png,33,33
81,3,10720,24478,Germany Bundesliga,2025-2026,1910885,https://www.whoscored.com/matches/1910885/live/germany-bundesliga-2025-2026-augsburg-borussia-m-gladbach,May 2026,FT,Augsburg,Borussia Mönchengladbach,1730,134,3,1,2026-05-09,https://d2zywfiolv4f83.cloudfront.net/img/teams/1730.png,https://d2zywfiolv4f83.cloudfront.net/img/teams/134.png,33,33
81,3,10720,24478,Germany Bundesliga,2025-2026,1910891,https://www.whoscored.com/matches/1910891/live/germany-bundesliga-2025-2026-rb-leipzig-st-pauli,May 2026,FT,RB Leipzig,St. Pauli,7614,283,2,1,2026-05-09,https://d2zywfiolv4f83.cloudfront.net/img/teams/7614.png,https://d2zywfiolv4f83.cloudfront.net/img/teams/283.png,33,33
81,3,10720,24478,Germany Bundesliga,2025-2026,1910892,https://www.whoscored.com/matches/1910892/live/germany-bundesliga-2025-2026-vfb-stuttgart-bayer-leverkusen,May 2026,FT,VfB Stuttgart,Bayer Leverkusen,41,36,3,1,2026-05-09,https://d2zywfiolv4f83.cloudfront.net/img/teams/41.png,https://d2zywfiolv4f83.cloudfront.net/img/teams/36.png,33,33
81,3,10720,24478,Germany Bundesliga,2025-2026,1910893,https://www.whoscored.com/matches/1910893/live/germany-bundesliga-2025-2026-wolfsburg-bayern-munich,May 2026,FT,Wolfsburg,Bayern München,33,37,0,1,2026-05-09,https://d2zywfiolv4f83.cloudfront.net/img/teams/33.png,https://d2zywfiolv4f83.cloudfront.net/img/teams/37.png,33,33
81,3,10720,24478,Germany Bundesliga,2025-2026,1910888,https://www.whoscored.com/matches/1910888/live/germany-bundesliga-2025-2026-hamburger-sv-freiburg,May 2026,FT,Hamburger SV,Freiburg,38,50,3,2,2026-05-10,https://d2zywfiolv4f83.cloudfront.net/img/teams/38.png,https://d2zywfiolv4f83.cloudfront.net/img/teams/50.png,33,33
81,3,10720,24478,Germany Bundesliga,2025-2026,1910887,https://www.whoscored.com/matches/1910887/live/germany-bundesliga-2025-2026-fc-koln-fc-heidenheim,May 2026,FT,1. FC Köln,FC Heidenheim,282,4852,1,3,2026-05-10,https://d2zywfiolv4f83.cloudfront.net/img/teams/282.png,https://d2zywfiolv4f83.cloudfront.net/img/teams/4852.png,33,33
81,3,10720,24478,Germany Bundesliga,2025-2026,1910890,https://www.whoscored.com/matches/1910890/live/germany-bundesliga-2025-2026-mainz-05-union-berlin,May 2026,FT,Mainz 05,Union Berlin,219,796,1,3,2026-05-10,https://d2zywfiolv4f83.cloudfront.net/img/teams/219.png,https://d2zywfiolv4f83.cloudfront.net/img/teams/796.png,33,33
81,3,10720,24478,Germany Bundesliga,2025-2026,1910894,https://www.whoscored.com/matches/1910894/live/germany-bundesliga-2025-2026-bayer-leverkusen-hamburger-sv,May 2026,FT,Bayer Leverkusen,Hamburger SV,36,38,1,1,2026-05-16,https://d2zywfiolv4f83.cloudfront.net/img/teams/36.png,https://d2zywfiolv4f83.cloudfront.net/img/teams/38.png,34,34
81,3,10720,24478,Germany Bundesliga,2025-2026,1910895,https://www.whoscored.com/matches/1910895/live/germany-bundesliga-2025-2026-bayern-munich-fc-koln,May 2026,FT,Bayern München,1. FC Köln,37,282,5,1,2026-05-16,https://d2zywfiolv4f83.cloudfront.net/img/teams/37.png,https://d2zywfiolv4f83.cloudfront.net/img/teams/282.png,34,34
81,3,10720,24478,Germany Bundesliga,2025-2026,1910896,https://www.whoscored.com/matches/1910896/live/germany-bundesliga-2025-2026-borussia-m-gladbach-hoffenheim,May 2026,FT,Borussia Mönchengladbach,Hoffenheim,134,1211,4,0,2026-05-16,https://d2zywfiolv4f83.cloudfront.net/img/teams/134.png,https://d2zywfiolv4f83.cloudfront.net/img/teams/1211.png,34,34
81,3,10720,24478,Germany Bundesliga,2025-2026,1910897,https://www.whoscored.com/matches/1910897/live/germany-bundesliga-2025-2026-eintracht-frankfurt-vfb-stuttgart,May 2026,FT,Eintracht Frankfurt,VfB Stuttgart,45,41,2,2,2026-05-16,https://d2zywfiolv4f83.cloudfront.net/img/teams/45.png,https://d2zywfiolv4f83.cloudfront.net/img/teams/41.png,34,34
81,3,10720,24478,Germany Bundesliga,2025-2026,1910898,https://www.whoscored.com/matches/1910898/live/germany-bundesliga-2025-2026-freiburg-rb-leipzig,May 2026,FT,Freiburg,RB Leipzig,50,7614,4,1,2026-05-16,https://d2zywfiolv4f83.cloudfront.net/img/teams/50.png,https://d2zywfiolv4f83.cloudfront.net/img/teams/7614.png,34,34
81,3,10720,24478,Germany Bundesliga,2025-2026,1910899,https://www.whoscored.com/matches/1910899/live/germany-bundesliga-2025-2026-fc-heidenheim-mainz-05,May 2026,FT,FC Heidenheim,Mainz 05,4852,219,0,2,2026-05-16,https://d2zywfiolv4f83.cloudfront.net/img/teams/4852.png,https://d2zywfiolv4f83.cloudfront.net/img/teams/219.png,34,34
81,3,10720,24478,Germany Bundesliga,2025-2026,1910900,https://www.whoscored.com/matches/1910900/live/germany-bundesliga-2025-2026-st-pauli-wolfsburg,May 2026,FT,St. Pauli,Wolfsburg,283,33,1,3,2026-05-16,https://d2zywfiolv4f83.cloudfront.net/img/teams/283.png,https://d2zywfiolv4f83.cloudfront.net/img/teams/33.png,34,34
81,3,10720,24478,Germany Bundesliga,2025-2026,1910901,https://www.whoscored.com/matches/1910901/live/germany-bundesliga-2025-2026-union-berlin-augsburg,May 2026,FT,Union Berlin,Augsburg,796,1730,4,0,2026-05-16,https://d2zywfiolv4f83.cloudfront.net/img/teams/796.png,https://d2zywfiolv4f83.cloudfront.net/img/teams/1730.png,34,34
81,3,10720,24478,Germany Bundesliga,2025-2026,1910902,https://www.whoscored.com/matches/1910902/live/germany-bundesliga-2025-2026-werder-bremen-borussia-dortmund,May 2026,FT,Werder Bremen,Borussia Dortmund,42,44,0,2,2026-05-16,https://d2zywfiolv4f83.cloudfront.net/img/teams/42.png,https://d2zywfiolv4f83.cloudfront.net/img/teams/44.png,34,34
108,5,10732,24500,Italy Serie A,2025-2026,1901064,https://www.whoscored.com/matches/1901064/live/italy-serie-a-2025-2026-genoa-lecce,Aug 2025,FT,Genoa,Lecce,278,79,0,0,2025-08-23,https://d2zywfiolv4f83.cloudfront.net/img/teams/278.png,https://d2zywfiolv4f83.cloudfront.net/img/teams/79.png,1,1
108,5,10732,24500,Italy Serie A,2025-2026,1901069,https://www.whoscored.com/matches/1901069/live/italy-serie-a-2025-2026-sassuolo-napoli,Aug 2025,FT,Sassuolo,Napoli,2889,276,0,2,2025-08-23,https://d2zywfiolv4f83.cloudfront.net/img/teams/2889.png,https://d2zywfiolv4f83.cloudfront.net/img/teams/276.png,1,1
108,5,10732,24500,Italy Serie A,2025-2026,1901067,https://www.whoscored.com/matches/1901067/live/italy-serie-a-2025-2026-ac-milan-cremonese,Aug 2025,FT,Milan,Cremonese,80,2731,1,2,2025-08-23,https://d2zywfiolv4f83.cloudfront.net/img/teams/80.png,https://d2zywfiolv4f83.cloudfront.net/img/teams/2731.png,1,1
108,5,10732,24500,Italy Serie A,2025-2026,1901068,https://www.whoscored.com/matches/1901068/live/italy-serie-a-2025-2026-roma-bologna,Aug 2025,FT,Roma,Bologna,84,71,1,0,2025-08-23,https://d2zywfiolv4f83.cloudfront.net/img/teams/84.png,https://d2zywfiolv4f83.cloudfront.net/img/teams/71.png,1,1
108,5,10732,24500,Italy Serie A,2025-2026,1901062,https://www.whoscored.com/matches/1901062/live/italy-serie-a-2025-2026-cagliari-fiorentina,Aug 2025,FT,Cagliari,Fiorentina,78,73,1,1,2025-08-24,https://d2zywfiolv4f83.cloudfront.net/img/teams/78.png,https://d2zywfiolv4f83.cloudfront.net/img/teams/73.png,1,1
108,5,10732,24500,Italy Serie A,2025-2026,1901063,https://www.whoscored.com/matches/1901063/live/italy-serie-a-2025-2026-como-lazio,Aug 2025,FT,Como,Lazio,1290,77,2,0,2025-08-24,https://d2zywfiolv4f83.cloudfront.net/img/teams/1290.png,https://d2zywfiolv4f83.cloudfront.net/img/teams/77.png,1,1
108,5,10732,24500,Italy Serie A,2025-2026,1901061,https://www.whoscored.com/matches/1901061/live/italy-serie-a-2025-2026-atalanta-pisa,Aug 2025,FT,Atalanta,Pisa,300,777,1,1,2025-08-24,https://d2zywfiolv4f83.cloudfront.net/img/teams/300.png,https://d2zywfiolv4f83.cloudfront.net/img/teams/777.png,1,1
108,5,10732,24500,Italy Serie A,2025-2026,1901066,https://www.whoscored.com/matches/1901066/live/italy-serie-a-2025-2026-juventus-parma-calcio-1913,Aug 2025,FT,Juventus,Parma,87,24341,2,0,2025-08-24,https://d2zywfiolv4f83.cloudfront.net/img/teams/87.png,https://d2zywfiolv4f83.cloudfront.net/img/teams/24341.png,1,1
108,5,10732,24500,Italy Serie A,2025-2026,1901070,https://www.whoscored.com/matches/1901070/live/italy-serie-a-2025-2026-udinese-verona,Aug 2025,FT,Udinese,Hellas Verona,86,76,1,1,2025-08-25,https://d2zywfiolv4f83.cloudfront.net/img/teams/86.png,https://d2zywfiolv4f83.cloudfront.net/img/teams/76.png,1,1
108,5,10732,24500,Italy Serie A,2025-2026,1901065,https://www.whoscored.com/matches/1901065/live/italy-serie-a-2025-2026-inter-torino,Aug 2025,FT,Inter,Torino,75,72,5,0,2025-08-25,https://d2zywfiolv4f83.cloudfront.net/img/teams/75.png,https://d2zywfiolv4f83.cloudfront.net/img/teams/72.png,1,1
108,5,10732,24500,Italy Serie A,2025-2026,1901072,https://www.whoscored.com/matches/1901072/live/italy-serie-a-2025-2026-cremonese-sassuolo,Aug 2025,FT,Cremonese,Sassuolo,2731,2889,3,2,2025-08-29,https://d2zywfiolv4f83.cloudfront.net/img/teams/2731.png,https://d2zywfiolv4f83.cloudfront.net/img/teams/2889.png,2,2
108,5,10732,24500,Italy Serie A,2025-2026,1901076,https://www.whoscored.com/matches/1901076/live/italy-serie-a-2025-2026-lecce-ac-milan,Aug 2025,FT,Lecce,Milan,79,80,0,2,2025-08-29,https://d2zywfiolv4f83.cloudfront.net/img/teams/79.png,https://d2zywfiolv4f83.cloudfront.net/img/teams/80.png,2,2
108,5,10732,24500,Italy Serie A,2025-2026,1901071,https://www.whoscored.com/matches/1901071/live/italy-serie-a-2025-2026-bologna-como,Aug 2025,FT,Bologna,Como,71,1290,1,0,2025-08-30,https://d2zywfiolv4f83.cloudfront.net/img/teams/71.png,https://d2zywfiolv4f83.cloudfront.net/img/teams/1290.png,2,2
108,5,10732,24500,Italy Serie A,2025-2026,1901078,https://www.whoscored.com/matches/1901078/live/italy-serie-a-2025-2026-parma-calcio-1913-atalanta,Aug 2025,FT,Parma,Atalanta,24341,300,1,1,2025-08-30,https://d2zywfiolv4f83.cloudfront.net/img/teams/24341.png,https://d2zywfiolv4f83.cloudfront.net/img/teams/300.png,2,2
108,5,10732,24500,Italy Serie A,2025-2026,1901079,https://www.whoscored.com/matches/1901079/live/italy-serie-a-2025-2026-pisa-roma,Aug 2025,FT,Pisa,Roma,777,84,0,1,2025-08-30,https://d2zywfiolv4f83.cloudfront.net/img/teams/777.png,https://d2zywfiolv4f83.cloudfront.net/img/teams/84.png,2,2
108,5,10732,24500,Italy Serie A,2025-2026,1901077,https://www.whoscored.com/matches/1901077/live/italy-serie-a-2025-2026-napoli-cagliari,Aug 2025,FT,Napoli,Cagliari,276,78,1,0,2025-08-30,https://d2zywfiolv4f83.cloudfront.net/img/teams/276.png,https://d2zywfiolv4f83.cloudfront.net/img/teams/78.png,2,2
108,5,10732,24500,Italy Serie A,2025-2026,1901073,https://www.whoscored.com/matches/1901073/live/italy-serie-a-2025-2026-genoa-juventus,Aug 2025,FT,Genoa,Juventus,278,87,0,1,2025-08-31,https://d2zywfiolv4f83.cloudfront.net/img/teams/278.png,https://d2zywfiolv4f83.cloudfront.net/img/teams/87.png,2,2
108,5,10732,24500,Italy Serie A,2025-2026,1901080,https://www.whoscored.com/matches/1901080/live/italy-serie-a-2025-2026-torino-fiorentina,Aug 2025,FT,Torino,Fiorentina,72,73,0,0,2025-08-31,https://d2zywfiolv4f83.cloudfront.net/img/teams/72.png,https://d2zywfiolv4f83.cloudfront.net/img/teams/73.png,2,2
108,5,10732,24500,Italy Serie A,2025-2026,1901074,https://www.whoscored.com/matches/1901074/live/italy-serie-a-2025-2026-inter-udinese,Aug 2025,FT,Inter,Udinese,75,86,1,2,2025-08-31,https://d2zywfiolv4f83.cloudfront.net/img/teams/75.png,https://d2zywfiolv4f83.cloudfront.net/img/teams/86.png,2,2
108,5,10732,24500,Italy Serie A,2025-2026,1901075,https://www.whoscored.com/matches/1901075/live/italy-serie-a-2025-2026-lazio-verona,Aug 2025,FT,Lazio,Hellas Verona,77,76,4,0,2025-08-31,https://d2zywfiolv4f83.cloudfront.net/img/teams/77.png,https://d2zywfiolv4f83.cloudfront.net/img/teams/76.png,2,2
108,5,10732,24500,Italy Serie A,2025-2026,1901082,https://www.whoscored.com/matches/1901082/live/italy-serie-a-2025-2026-cagliari-parma-calcio-1913,Sep 2025,FT,Cagliari,Parma,78,24341,2,0,2025-09-13,https://d2zywfiolv4f83.cloudfront.net/img/teams/78.png,https://d2zywfiolv4f83.cloudfront.net/img/teams/24341.png,3,3
108,5,10732,24500,Italy Serie A,2025-2026,1901085,https://www.whoscored.com/matches/1901085/live/italy-serie-a-2025-2026-juventus-inter,Sep 2025,FT,Juventus,Inter,87,75,4,3,2025-09-13,https://d2zywfiolv4f83.cloudfront.net/img/teams/87.png,https://d2zywfiolv4f83.cloudfront.net/img/teams/75.png,3,3
108,5,10732,24500,Italy Serie A,2025-2026,1901084,https://www.whoscored.com/matches/1901084/live/italy-serie-a-2025-2026-fiorentina-napoli,Sep 2025,FT,Fiorentina,Napoli,73,276,1,3,2025-09-13,https://d2zywfiolv4f83.cloudfront.net/img/teams/73.png,https://d2zywfiolv4f83.cloudfront.net/img/teams/276.png,3,3
108,5,10732,24500,Italy Serie A,2025-2026,1901088,https://www.whoscored.com/matches/1901088/live/italy-serie-a-2025-2026-roma-torino,Sep 2025,FT,Roma,Torino,84,72,0,1,2025-09-14,https://d2zywfiolv4f83.cloudfront.net/img/teams/84.png,https://d2zywfiolv4f83.cloudfront.net/img/teams/72.png,3,3
108,5,10732,24500,Italy Serie A,2025-2026,1901087,https://www.whoscored.com/matches/1901087/live/italy-serie-a-2025-2026-pisa-udinese,Sep 2025,FT,Pisa,Udinese,777,86,0,1,2025-09-14,https://d2zywfiolv4f83.cloudfront.net/img/teams/777.png,https://d2zywfiolv4f83.cloudfront.net/img/teams/86.png,3,3
108,5,10732,24500,Italy Serie A,2025-2026,1901081,https://www.whoscored.com/matches/1901081/live/italy-serie-a-2025-2026-atalanta-lecce,Sep 2025,FT,Atalanta,Lecce,300,79,4,1,2025-09-14,https://d2zywfiolv4f83.cloudfront.net/img/teams/300.png,https://d2zywfiolv4f83.cloudfront.net/img/teams/79.png,3,3
108,5,10732,24500,Italy Serie A,2025-2026,1901089,https://www.whoscored.com/matches/1901089/live/italy-serie-a-2025-2026-sassuolo-lazio,Sep 2025,FT,Sassuolo,Lazio,2889,77,1,0,2025-09-14,https://d2zywfiolv4f83.cloudfront.net/img/teams/2889.png,https://d2zywfiolv4f83.cloudfront.net/img/teams/77.png,3,3
108,5,10732,24500,Italy Serie A,2025-2026,1901086,https://www.whoscored.com/matches/1901086/live/italy-serie-a-2025-2026-ac-milan-bologna,Sep 2025,FT,Milan,Bologna,80,71,1,0,2025-09-14,https://d2zywfiolv4f83.cloudfront.net/img/teams/80.png,https://d2zywfiolv4f83.cloudfront.net/img/teams/71.png,3,3
108,5,10732,24500,Italy Serie A,2025-2026,1901090,https://www.whoscored.com/matches/1901090/live/italy-serie-a-2025-2026-verona-cremonese,Sep 2025,FT,Hellas Verona,Cremonese,76,2731,0,0,2025-09-15,https://d2zywfiolv4f83.cloudfront.net/img/teams/76.png,https://d2zywfiolv4f83.cloudfront.net/img/teams/2731.png,3,3
108,5,10732,24500,Italy Serie A,2025-2026,1901083,https://www.whoscored.com/matches/1901083/live/italy-serie-a-2025-2026-como-genoa,Sep 2025,FT,Como,Genoa,1290,278,1,1,2025-09-15,https://d2zywfiolv4f83.cloudfront.net/img/teams/1290.png,https://d2zywfiolv4f83.cloudfront.net/img/teams/278.png,3,3
108,5,10732,24500,Italy Serie A,2025-2026,1901108,https://www.whoscored.com/matches/1901108/live/italy-serie-a-2025-2026-lecce-cagliari,Sep 2025,FT,Lecce,Cagliari,79,78,1,2,2025-09-19,https://d2zywfiolv4f83.cloudfront.net/img/teams/79.png,https://d2zywfiolv4f83.cloudfront.net/img/teams/78.png,4,4
108,5,10732,24500,Italy Serie A,2025-2026,1901100,https://www.whoscored.com/matches/1901100/live/italy-serie-a-2025-2026-bologna-genoa,Sep 2025,FT,Bologna,Genoa,71,278,2,1,2025-09-20,https://d2zywfiolv4f83.cloudfront.net/img/teams/71.png,https://d2zywfiolv4f83.cloudfront.net/img/teams/278.png,4,4
108,5,10732,24500,Italy Serie A,2025-2026,1901098,https://www.whoscored.com/matches/1901098/live/italy-serie-a-2025-2026-verona-juventus,Sep 2025,FT,Hellas Verona,Juventus,76,87,1,1,2025-09-20,https://d2zywfiolv4f83.cloudfront.net/img/teams/76.png,https://d2zywfiolv4f83.cloudfront.net/img/teams/87.png,4,4
108,5,10732,24500,Italy Serie A,2025-2026,1901095,https://www.whoscored.com/matches/1901095/live/italy-serie-a-2025-2026-udinese-ac-milan,Sep 2025,FT,Udinese,Milan,86,80,0,3,2025-09-20,https://d2zywfiolv4f83.cloudfront.net/img/teams/86.png,https://d2zywfiolv4f83.cloudfront.net/img/teams/80.png,4,4
108,5,10732,24500,Italy Serie A,2025-2026,1901106,https://www.whoscored.com/matches/1901106/live/italy-serie-a-2025-2026-lazio-roma,Sep 2025,FT,Lazio,Roma,77,84,0,1,2025-09-21,https://d2zywfiolv4f83.cloudfront.net/img/teams/77.png,https://d2zywfiolv4f83.cloudfront.net/img/teams/84.png,4,4
108,5,10732,24500,Italy Serie A,2025-2026,1901101,https://www.whoscored.com/matches/1901101/live/italy-serie-a-2025-2026-cremonese-parma-calcio-1913,Sep 2025,FT,Cremonese,Parma,2731,24341,0,0,2025-09-21,https://d2zywfiolv4f83.cloudfront.net/img/teams/2731.png,https://d2zywfiolv4f83.cloudfront.net/img/teams/24341.png,4,4
108,5,10732,24500,Italy Serie A,2025-2026,1901092,https://www.whoscored.com/matches/1901092/live/italy-serie-a-2025-2026-torino-atalanta,Sep 2025,FT,Torino,Atalanta,72,300,0,3,2025-09-21,https://d2zywfiolv4f83.cloudfront.net/img/teams/72.png,https://d2zywfiolv4f83.cloudfront.net/img/teams/300.png,4,4
108,5,10732,24500,Italy Serie A,2025-2026,1901103,https://www.whoscored.com/matches/1901103/live/italy-serie-a-2025-2026-fiorentina-como,Sep 2025,FT,Fiorentina,Como,73,1290,1,2,2025-09-21,https://d2zywfiolv4f83.cloudfront.net/img/teams/73.png,https://d2zywfiolv4f83.cloudfront.net/img/teams/1290.png,4,4
108,5,10732,24500,Italy Serie A,2025-2026,1901104,https://www.whoscored.com/matches/1901104/live/italy-serie-a-2025-2026-inter-sassuolo,Sep 2025,FT,Inter,Sassuolo,75,2889,2,1,2025-09-21,https://d2zywfiolv4f83.cloudfront.net/img/teams/75.png,https://d2zywfiolv4f83.cloudfront.net/img/teams/2889.png,4,4
108,5,10732,24500,Italy Serie A,2025-2026,1901110,https://www.whoscored.com/matches/1901110/live/italy-serie-a-2025-2026-napoli-pisa,Sep 2025,FT,Napoli,Pisa,276,777,3,2,2025-09-22,https://d2zywfiolv4f83.cloudfront.net/img/teams/276.png,https://d2zywfiolv4f83.cloudfront.net/img/teams/777.png,4,4
108,5,10732,24500,Italy Serie A,2025-2026,1901114,https://www.whoscored.com/matches/1901114/live/italy-serie-a-2025-2026-como-cremonese,Sep 2025,FT,Como,Cremonese,1290,2731,1,1,2025-09-27,https://d2zywfiolv4f83.cloudfront.net/img/teams/1290.png,https://d2zywfiolv4f83.cloudfront.net/img/teams/2731.png,5,5
108,5,10732,24500,Italy Serie A,2025-2026,1901118,https://www.whoscored.com/matches/1901118/live/italy-serie-a-2025-2026-juventus-atalanta,Sep 2025,FT,Juventus,Atalanta,87,300,1,1,2025-09-27,https://d2zywfiolv4f83.cloudfront.net/img/teams/87.png,https://d2zywfiolv4f83.cloudfront.net/img/teams/300.png,5,5
108,5,10732,24500,Italy Serie A,2025-2026,1901112,https://www.whoscored.com/matches/1901112/live/italy-serie-a-2025-2026-cagliari-inter,Sep 2025,FT,Cagliari,Inter,78,75,0,2,2025-09-27,https://d2zywfiolv4f83.cloudfront.net/img/teams/78.png,https://d2zywfiolv4f83.cloudfront.net/img/teams/75.png,5,5
108,5,10732,24500,Italy Serie A,2025-2026,1901131,https://www.whoscored.com/matches/1901131/live/italy-serie-a-2025-2026-sassuolo-udinese,Sep 2025,FT,Sassuolo,Udinese,2889,86,3,1,2025-09-28,https://d2zywfiolv4f83.cloudfront.net/img/teams/2889.png,https://d2zywfiolv4f83.cloudfront.net/img/teams/86.png,5,5
108,5,10732,24500,Italy Serie A,2025-2026,1901127,https://www.whoscored.com/matches/1901127/live/italy-serie-a-2025-2026-pisa-fiorentina,Sep 2025,FT,Pisa,Fiorentina,777,73,0,0,2025-09-28,https://d2zywfiolv4f83.cloudfront.net/img/teams/777.png,https://d2zywfiolv4f83.cloudfront.net/img/teams/73.png,5,5
108,5,10732,24500,Italy Serie A,2025-2026,1901129,https://www.whoscored.com/matches/1901129/live/italy-serie-a-2025-2026-roma-verona,Sep 2025,FT,Roma,Hellas Verona,84,76,2,0,2025-09-28,https://d2zywfiolv4f83.cloudfront.net/img/teams/84.png,https://d2zywfiolv4f83.cloudfront.net/img/teams/76.png,5,5
108,5,10732,24500,Italy Serie A,2025-2026,1901121,https://www.whoscored.com/matches/1901121/live/italy-serie-a-2025-2026-lecce-bologna,Sep 2025,FT,Lecce,Bologna,79,71,2,2,2025-09-28,https://d2zywfiolv4f83.cloudfront.net/img/teams/79.png,https://d2zywfiolv4f83.cloudfront.net/img/teams/71.png,5,5
108,5,10732,24500,Italy Serie A,2025-2026,1901123,https://www.whoscored.com/matches/1901123/live/italy-serie-a-2025-2026-ac-milan-napoli,Sep 2025,FT,Milan,Napoli,80,276,2,1,2025-09-28,https://d2zywfiolv4f83.cloudfront.net/img/teams/80.png,https://d2zywfiolv4f83.cloudfront.net/img/teams/276.png,5,5
108,5,10732,24500,Italy Serie A,2025-2026,1901125,https://www.whoscored.com/matches/1901125/live/italy-serie-a-2025-2026-parma-calcio-1913-torino,Sep 2025,FT,Parma,Torino,24341,72,2,1,2025-09-29,https://d2zywfiolv4f83.cloudfront.net/img/teams/24341.png,https://d2zywfiolv4f83.cloudfront.net/img/teams/72.png,5,5
108,5,10732,24500,Italy Serie A,2025-2026,1901116,https://www.whoscored.com/matches/1901116/live/italy-serie-a-2025-2026-genoa-lazio,Sep 2025,FT,Genoa,Lazio,278,77,0,3,2025-09-29,https://d2zywfiolv4f83.cloudfront.net/img/teams/278.png,https://d2zywfiolv4f83.cloudfront.net/img/teams/77.png,5,5
108,5,10732,24500,Italy Serie A,2025-2026,1901151,https://www.whoscored.com/matches/1901151/live/italy-serie-a-2025-2026-verona-sassuolo,Oct 2025,FT,Hellas Verona,Sassuolo,76,2889,0,1,2025-10-03,https://d2zywfiolv4f83.cloudfront.net/img/teams/76.png,https://d2zywfiolv4f83.cloudfront.net/img/teams/2889.png,6,6
108,5,10732,24500,Italy Serie A,2025-2026,1901147,https://www.whoscored.com/matches/1901147/live/italy-serie-a-2025-2026-parma-calcio-1913-lecce,Oct 2025,FT,Parma,Lecce,24341,79,0,1,2025-10-04,https://d2zywfiolv4f83.cloudfront.net/img/teams/24341.png,https://d2zywfiolv4f83.cloudfront.net/img/teams/79.png,6,6
108,5,10732,24500,Italy Serie A,2025-2026,1901143,https://www.whoscored.com/matches/1901143/live/italy-serie-a-2025-2026-lazio-torino,Oct 2025,FT,Lazio,Torino,77,72,3,3,2025-10-04,https://d2zywfiolv4f83.cloudfront.net/img/teams/77.png,https://d2zywfiolv4f83.cloudfront.net/img/teams/72.png,6,6
108,5,10732,24500,Italy Serie A,2025-2026,1901139,https://www.whoscored.com/matches/1901139/live/italy-serie-a-2025-2026-inter-cremonese,Oct 2025,FT,Inter,Cremonese,75,2731,4,1,2025-10-04,https://d2zywfiolv4f83.cloudfront.net/img/teams/75.png,https://d2zywfiolv4f83.cloudfront.net/img/teams/2731.png,6,6
108,5,10732,24500,Italy Serie A,2025-2026,1901133,https://www.whoscored.com/matches/1901133/live/italy-serie-a-2025-2026-atalanta-como,Oct 2025,FT,Atalanta,Como,300,1290,1,1,2025-10-04,https://d2zywfiolv4f83.cloudfront.net/img/teams/300.png,https://d2zywfiolv4f83.cloudfront.net/img/teams/1290.png,6,6
108,5,10732,24500,Italy Serie A,2025-2026,1901149,https://www.whoscored.com/matches/1901149/live/italy-serie-a-2025-2026-udinese-cagliari,Oct 2025,FT,Udinese,Cagliari,86,78,1,1,2025-10-05,https://d2zywfiolv4f83.cloudfront.net/img/teams/86.png,https://d2zywfiolv4f83.cloudfront.net/img/teams/78.png,6,6
108,5,10732,24500,Italy Serie A,2025-2026,1901135,https://www.whoscored.com/matches/1901135/live/italy-serie-a-2025-2026-bologna-pisa,Oct 2025,FT,Bologna,Pisa,71,777,4,0,2025-10-05,https://d2zywfiolv4f83.cloudfront.net/img/teams/71.png,https://d2zywfiolv4f83.cloudfront.net/img/teams/777.png,6,6
108,5,10732,24500,Italy Serie A,2025-2026,1901137,https://www.whoscored.com/matches/1901137/live/italy-serie-a-2025-2026-fiorentina-roma,Oct 2025,FT,Fiorentina,Roma,73,84,1,2,2025-10-05,https://d2zywfiolv4f83.cloudfront.net/img/teams/73.png,https://d2zywfiolv4f83.cloudfront.net/img/teams/84.png,6,6
108,5,10732,24500,Italy Serie A,2025-2026,1901145,https://www.whoscored.com/matches/1901145/live/italy-serie-a-2025-2026-napoli-genoa,Oct 2025,FT,Napoli,Genoa,276,278,2,1,2025-10-05,https://d2zywfiolv4f83.cloudfront.net/img/teams/276.png,https://d2zywfiolv4f83.cloudfront.net/img/teams/278.png,6,6
108,5,10732,24500,Italy Serie A,2025-2026,1901141,https://www.whoscored.com/matches/1901141/live/italy-serie-a-2025-2026-juventus-ac-milan,Oct 2025,FT,Juventus,Milan,87,80,0,0,2025-10-05,https://d2zywfiolv4f83.cloudfront.net/img/teams/87.png,https://d2zywfiolv4f83.cloudfront.net/img/teams/80.png,6,6
108,5,10732,24500,Italy Serie A,2025-2026,1901099,https://www.whoscored.com/matches/1901099/live/italy-serie-a-2025-2026-pisa-verona,Oct 2025,FT,Pisa,Hellas Verona,777,76,0,0,2025-10-18,https://d2zywfiolv4f83.cloudfront.net/img/teams/777.png,https://d2zywfiolv4f83.cloudfront.net/img/teams/76.png,7,7
108,5,10732,24500,Italy Serie A,2025-2026,1901096,https://www.whoscored.com/matches/1901096/live/italy-serie-a-2025-2026-lecce-sassuolo,Oct 2025,FT,Lecce,Sassuolo,79,2889,0,0,2025-10-18,https://d2zywfiolv4f83.cloudfront.net/img/teams/79.png,https://d2zywfiolv4f83.cloudfront.net/img/teams/2889.png,7,7
108,5,10732,24500,Italy Serie A,2025-2026,1901161,https://www.whoscored.com/matches/1901161/live/italy-serie-a-2025-2026-torino-napoli,Oct 2025,FT,Torino,Napoli,72,276,1,0,2025-10-18,https://d2zywfiolv4f83.cloudfront.net/img/teams/72.png,https://d2zywfiolv4f83.cloudfront.net/img/teams/276.png,7,7
108,5,10732,24500,Italy Serie A,2025-2026,1901102,https://www.whoscored.com/matches/1901102/live/italy-serie-a-2025-2026-roma-inter,Oct 2025,FT,Roma,Inter,84,75,0,1,2025-10-18,https://d2zywfiolv4f83.cloudfront.net/img/teams/84.png,https://d2zywfiolv4f83.cloudfront.net/img/teams/75.png,7,7
108,5,10732,24500,Italy Serie A,2025-2026,1901091,https://www.whoscored.com/matches/1901091/live/italy-serie-a-2025-2026-como-juventus,Oct 2025,FT,Como,Juventus,1290,87,2,0,2025-10-19,https://d2zywfiolv4f83.cloudfront.net/img/teams/1290.png,https://d2zywfiolv4f83.cloudfront.net/img/teams/87.png,7,7
108,5,10732,24500,Italy Serie A,2025-2026,1901094,https://www.whoscored.com/matches/1901094/live/italy-serie-a-2025-2026-genoa-parma-calcio-1913,Oct 2025,FT,Genoa,Parma,278,24341,0,0,2025-10-19,https://d2zywfiolv4f83.cloudfront.net/img/teams/278.png,https://d2zywfiolv4f83.cloudfront.net/img/teams/24341.png,7,7
108,5,10732,24500,Italy Serie A,2025-2026,1901155,https://www.whoscored.com/matches/1901155/live/italy-serie-a-2025-2026-cagliari-bologna,Oct 2025,FT,Cagliari,Bologna,78,71,0,2,2025-10-19,https://d2zywfiolv4f83.cloudfront.net/img/teams/78.png,https://d2zywfiolv4f83.cloudfront.net/img/teams/71.png,7,7
108,5,10732,24500,Italy Serie A,2025-2026,1901153,https://www.whoscored.com/matches/1901153/live/italy-serie-a-2025-2026-atalanta-lazio,Oct 2025,FT,Atalanta,Lazio,300,77,0,0,2025-10-19,https://d2zywfiolv4f83.cloudfront.net/img/teams/300.png,https://d2zywfiolv4f83.cloudfront.net/img/teams/77.png,7,7
108,5,10732,24500,Italy Serie A,2025-2026,1901097,https://www.whoscored.com/matches/1901097/live/italy-serie-a-2025-2026-ac-milan-fiorentina,Oct 2025,FT,Milan,Fiorentina,80,73,2,1,2025-10-19,https://d2zywfiolv4f83.cloudfront.net/img/teams/80.png,https://d2zywfiolv4f83.cloudfront.net/img/teams/73.png,7,7
108,5,10732,24500,Italy Serie A,2025-2026,1901093,https://www.whoscored.com/matches/1901093/live/italy-serie-a-2025-2026-cremonese-udinese,Oct 2025,FT,Cremonese,Udinese,2731,86,1,1,2025-10-20,https://d2zywfiolv4f83.cloudfront.net/img/teams/2731.png,https://d2zywfiolv4f83.cloudfront.net/img/teams/86.png,7,7
108,5,10732,24500,Italy Serie A,2025-2026,1901174,https://www.whoscored.com/matches/1901174/live/italy-serie-a-2025-2026-ac-milan-pisa,Oct 2025,FT,Milan,Pisa,80,777,2,2,2025-10-24,https://d2zywfiolv4f83.cloudfront.net/img/teams/80.png,https://d2zywfiolv4f83.cloudfront.net/img/teams/777.png,8,8
108,5,10732,24500,Italy Serie A,2025-2026,1901163,https://www.whoscored.com/matches/1901163/live/italy-serie-a-2025-2026-udinese-lecce,Oct 2025,FT,Udinese,Lecce,86,79,3,2,2025-10-25,https://d2zywfiolv4f83.cloudfront.net/img/teams/86.png,https://d2zywfiolv4f83.cloudfront.net/img/teams/79.png,8,8
108,5,10732,24500,Italy Serie A,2025-2026,1901178,https://www.whoscored.com/matches/1901178/live/italy-serie-a-2025-2026-parma-calcio-1913-como,Oct 2025,FT,Parma,Como,24341,1290,0,0,2025-10-25,https://d2zywfiolv4f83.cloudfront.net/img/teams/24341.png,https://d2zywfiolv4f83.cloudfront.net/img/teams/1290.png,8,8
108,5,10732,24500,Italy Serie A,2025-2026,1901176,https://www.whoscored.com/matches/1901176/live/italy-serie-a-2025-2026-napoli-inter,Oct 2025,FT,Napoli,Inter,276,75,3,1,2025-10-25,https://d2zywfiolv4f83.cloudfront.net/img/teams/276.png,https://d2zywfiolv4f83.cloudfront.net/img/teams/75.png,8,8
108,5,10732,24500,Italy Serie A,2025-2026,1901168,https://www.whoscored.com/matches/1901168/live/italy-serie-a-2025-2026-cremonese-atalanta,Oct 2025,FT,Cremonese,Atalanta,2731,300,1,1,2025-10-25,https://d2zywfiolv4f83.cloudfront.net/img/teams/2731.png,https://d2zywfiolv4f83.cloudfront.net/img/teams/300.png,8,8
108,5,10732,24500,Italy Serie A,2025-2026,1901182,https://www.whoscored.com/matches/1901182/live/italy-serie-a-2025-2026-torino-genoa,Oct 2025,FT,Torino,Genoa,72,278,2,1,2025-10-26,https://d2zywfiolv4f83.cloudfront.net/img/teams/72.png,https://d2zywfiolv4f83.cloudfront.net/img/teams/278.png,8,8
108,5,10732,24500,Italy Serie A,2025-2026,1901180,https://www.whoscored.com/matches/1901180/live/italy-serie-a-2025-2026-sassuolo-roma,Oct 2025,FT,Sassuolo,Roma,2889,84,0,1,2025-10-26,https://d2zywfiolv4f83.cloudfront.net/img/teams/2889.png,https://d2zywfiolv4f83.cloudfront.net/img/teams/84.png,8,8
108,5,10732,24500,Italy Serie A,2025-2026,1901166,https://www.whoscored.com/matches/1901166/live/italy-serie-a-2025-2026-verona-cagliari,Oct 2025,FT,Hellas Verona,Cagliari,76,78,2,2,2025-10-26,https://d2zywfiolv4f83.cloudfront.net/img/teams/76.png,https://d2zywfiolv4f83.cloudfront.net/img/teams/78.png,8,8
108,5,10732,24500,Italy Serie A,2025-2026,1901170,https://www.whoscored.com/matches/1901170/live/italy-serie-a-2025-2026-fiorentina-bologna,Oct 2025,FT,Fiorentina,Bologna,73,71,2,2,2025-10-26,https://d2zywfiolv4f83.cloudfront.net/img/teams/73.png,https://d2zywfiolv4f83.cloudfront.net/img/teams/71.png,8,8
108,5,10732,24500,Italy Serie A,2025-2026,1901172,https://www.whoscored.com/matches/1901172/live/italy-serie-a-2025-2026-lazio-juventus,Oct 2025,FT,Lazio,Juventus,77,87,1,0,2025-10-26,https://d2zywfiolv4f83.cloudfront.net/img/teams/77.png,https://d2zywfiolv4f83.cloudfront.net/img/teams/87.png,8,8
108,5,10732,24500,Italy Serie A,2025-2026,1901198,https://www.whoscored.com/matches/1901198/live/italy-serie-a-2025-2026-lecce-napoli,Oct 2025,FT,Lecce,Napoli,79,276,0,1,2025-10-28,https://d2zywfiolv4f83.cloudfront.net/img/teams/79.png,https://d2zywfiolv4f83.cloudfront.net/img/teams/276.png,9,9
108,5,10732,24500,Italy Serie A,2025-2026,1901184,https://www.whoscored.com/matches/1901184/live/italy-serie-a-2025-2026-atalanta-ac-milan,Oct 2025,FT,Atalanta,Milan,300,80,1,1,2025-10-28,https://d2zywfiolv4f83.cloudfront.net/img/teams/300.png,https://d2zywfiolv4f83.cloudfront.net/img/teams/80.png,9,9
108,5,10732,24500,Italy Serie A,2025-2026,1901190,https://www.whoscored.com/matches/1901190/live/italy-serie-a-2025-2026-como-verona,Oct 2025,FT,Como,Hellas Verona,1290,76,3,1,2025-10-29,https://d2zywfiolv4f83.cloudfront.net/img/teams/1290.png,https://d2zywfiolv4f83.cloudfront.net/img/teams/76.png,9,9
108,5,10732,24500,Italy Serie A,2025-2026,1901196,https://www.whoscored.com/matches/1901196/live/italy-serie-a-2025-2026-juventus-udinese,Oct 2025,FT,Juventus,Udinese,87,86,3,1,2025-10-29,https://d2zywfiolv4f83.cloudfront.net/img/teams/87.png,https://d2zywfiolv4f83.cloudfront.net/img/teams/86.png,9,9
108,5,10732,24500,Italy Serie A,2025-2026,1901202,https://www.whoscored.com/matches/1901202/live/italy-serie-a-2025-2026-roma-parma-calcio-1913,Oct 2025,FT,Roma,Parma,84,24341,2,1,2025-10-29,https://d2zywfiolv4f83.cloudfront.net/img/teams/84.png,https://d2zywfiolv4f83.cloudfront.net/img/teams/24341.png,9,9
108,5,10732,24500,Italy Serie A,2025-2026,1901192,https://www.whoscored.com/matches/1901192/live/italy-serie-a-2025-2026-genoa-cremonese,Oct 2025,FT,Genoa,Cremonese,278,2731,0,2,2025-10-29,https://d2zywfiolv4f83.cloudfront.net/img/teams/278.png,https://d2zywfiolv4f83.cloudfront.net/img/teams/2731.png,9,9
108,5,10732,24500,Italy Serie A,2025-2026,1901194,https://www.whoscored.com/matches/1901194/live/italy-serie-a-2025-2026-inter-fiorentina,Oct 2025,FT,Inter,Fiorentina,75,73,3,0,2025-10-29,https://d2zywfiolv4f83.cloudfront.net/img/teams/75.png,https://d2zywfiolv4f83.cloudfront.net/img/teams/73.png,9,9
108,5,10732,24500,Italy Serie A,2025-2026,1901186,https://www.whoscored.com/matches/1901186/live/italy-serie-a-2025-2026-bologna-torino,Oct 2025,FT,Bologna,Torino,71,72,0,0,2025-10-29,https://d2zywfiolv4f83.cloudfront.net/img/teams/71.png,https://d2zywfiolv4f83.cloudfront.net/img/teams/72.png,9,9
108,5,10732,24500,Italy Serie A,2025-2026,1901188,https://www.whoscored.com/matches/1901188/live/italy-serie-a-2025-2026-cagliari-sassuolo,Oct 2025,FT,Cagliari,Sassuolo,78,2889,1,2,2025-10-30,https://d2zywfiolv4f83.cloudfront.net/img/teams/78.png,https://d2zywfiolv4f83.cloudfront.net/img/teams/2889.png,9,9
108,5,10732,24500,Italy Serie A,2025-2026,1901200,https://www.whoscored.com/matches/1901200/live/italy-serie-a-2025-2026-pisa-lazio,Oct 2025,FT,Pisa,Lazio,777,77,0,0,2025-10-30,https://d2zywfiolv4f83.cloudfront.net/img/teams/777.png,https://d2zywfiolv4f83.cloudfront.net/img/teams/77.png,9,9
108,5,10732,24500,Italy Serie A,2025-2026,1901220,https://www.whoscored.com/matches/1901220/live/italy-serie-a-2025-2026-udinese-atalanta,Nov 2025,FT,Udinese,Atalanta,86,300,1,0,2025-11-01,https://d2zywfiolv4f83.cloudfront.net/img/teams/86.png,https://d2zywfiolv4f83.cloudfront.net/img/teams/300.png,10,10
108,5,10732,24500,Italy Serie A,2025-2026,1901212,https://www.whoscored.com/matches/1901212/live/italy-serie-a-2025-2026-napoli-como,Nov 2025,FT,Napoli,Como,276,1290,0,0,2025-11-01,https://d2zywfiolv4f83.cloudfront.net/img/teams/276.png,https://d2zywfiolv4f83.cloudfront.net/img/teams/1290.png,10,10
108,5,10732,24500,Italy Serie A,2025-2026,1901204,https://www.whoscored.com/matches/1901204/live/italy-serie-a-2025-2026-cremonese-juventus,Nov 2025,FT,Cremonese,Juventus,2731,87,1,2,2025-11-01,https://d2zywfiolv4f83.cloudfront.net/img/teams/2731.png,https://d2zywfiolv4f83.cloudfront.net/img/teams/87.png,10,10
108,5,10732,24500,Italy Serie A,2025-2026,1901222,https://www.whoscored.com/matches/1901222/live/italy-serie-a-2025-2026-verona-inter,Nov 2025,FT,Hellas Verona,Inter,76,75,1,2,2025-11-02,https://d2zywfiolv4f83.cloudfront.net/img/teams/76.png,https://d2zywfiolv4f83.cloudfront.net/img/teams/75.png,10,10
108,5,10732,24500,Italy Serie A,2025-2026,1901206,https://www.whoscored.com/matches/1901206/live/italy-serie-a-2025-2026-fiorentina-lecce,Nov 2025,FT,Fiorentina,Lecce,73,79,0,1,2025-11-02,https://d2zywfiolv4f83.cloudfront.net/img/teams/73.png,https://d2zywfiolv4f83.cloudfront.net/img/teams/79.png,10,10
108,5,10732,24500,Italy Serie A,2025-2026,1901218,https://www.whoscored.com/matches/1901218/live/italy-serie-a-2025-2026-torino-pisa,Nov 2025,FT,Torino,Pisa,72,777,2,2,2025-11-02,https://d2zywfiolv4f83.cloudfront.net/img/teams/72.png,https://d2zywfiolv4f83.cloudfront.net/img/teams/777.png,10,10
108,5,10732,24500,Italy Serie A,2025-2026,1901214,https://www.whoscored.com/matches/1901214/live/italy-serie-a-2025-2026-parma-calcio-1913-bologna,Nov 2025,FT,Parma,Bologna,24341,71,1,3,2025-11-02,https://d2zywfiolv4f83.cloudfront.net/img/teams/24341.png,https://d2zywfiolv4f83.cloudfront.net/img/teams/71.png,10,10
108,5,10732,24500,Italy Serie A,2025-2026,1901210,https://www.whoscored.com/matches/1901210/live/italy-serie-a-2025-2026-ac-milan-roma,Nov 2025,FT,Milan,Roma,80,84,1,0,2025-11-02,https://d2zywfiolv4f83.cloudfront.net/img/teams/80.png,https://d2zywfiolv4f83.cloudfront.net/img/teams/84.png,10,10
108,5,10732,24500,Italy Serie A,2025-2026,1901216,https://www.whoscored.com/matches/1901216/live/italy-serie-a-2025-2026-sassuolo-genoa,Nov 2025,FT,Sassuolo,Genoa,2889,278,1,2,2025-11-03,https://d2zywfiolv4f83.cloudfront.net/img/teams/2889.png,https://d2zywfiolv4f83.cloudfront.net/img/teams/278.png,10,10
108,5,10732,24500,Italy Serie A,2025-2026,1901208,https://www.whoscored.com/matches/1901208/live/italy-serie-a-2025-2026-lazio-cagliari,Nov 2025,FT,Lazio,Cagliari,77,78,2,0,2025-11-03,https://d2zywfiolv4f83.cloudfront.net/img/teams/77.png,https://d2zywfiolv4f83.cloudfront.net/img/teams/78.png,10,10
108,5,10732,24500,Italy Serie A,2025-2026,1901240,https://www.whoscored.com/matches/1901240/live/italy-serie-a-2025-2026-pisa-cremonese,Nov 2025,FT,Pisa,Cremonese,777,2731,1,0,2025-11-07,https://d2zywfiolv4f83.cloudfront.net/img/teams/777.png,https://d2zywfiolv4f83.cloudfront.net/img/teams/2731.png,11,11
108,5,10732,24500,Italy Serie A,2025-2026,1901236,https://www.whoscored.com/matches/1901236/live/italy-serie-a-2025-2026-lecce-verona,Nov 2025,FT,Lecce,Hellas Verona,79,76,0,0,2025-11-08,https://d2zywfiolv4f83.cloudfront.net/img/teams/79.png,https://d2zywfiolv4f83.cloudfront.net/img/teams/76.png,11,11
108,5,10732,24500,Italy Serie A,2025-2026,1901228,https://www.whoscored.com/matches/1901228/live/italy-serie-a-2025-2026-como-cagliari,Nov 2025,FT,Como,Cagliari,1290,78,0,0,2025-11-08,https://d2zywfiolv4f83.cloudfront.net/img/teams/1290.png,https://d2zywfiolv4f83.cloudfront.net/img/teams/78.png,11,11
108,5,10732,24500,Italy Serie A,2025-2026,1901234,https://www.whoscored.com/matches/1901234/live/italy-serie-a-2025-2026-juventus-torino,Nov 2025,FT,Juventus,Torino,87,72,0,0,2025-11-08,https://d2zywfiolv4f83.cloudfront.net/img/teams/87.png,https://d2zywfiolv4f83.cloudfront.net/img/teams/72.png,11,11
108,5,10732,24500,Italy Serie A,2025-2026,1901238,https://www.whoscored.com/matches/1901238/live/italy-serie-a-2025-2026-parma-calcio-1913-ac-milan,Nov 2025,FT,Parma,Milan,24341,80,2,2,2025-11-08,https://d2zywfiolv4f83.cloudfront.net/img/teams/24341.png,https://d2zywfiolv4f83.cloudfront.net/img/teams/80.png,11,11
108,5,10732,24500,Italy Serie A,2025-2026,1901224,https://www.whoscored.com/matches/1901224/live/italy-serie-a-2025-2026-atalanta-sassuolo,Nov 2025,FT,Atalanta,Sassuolo,300,2889,0,3,2025-11-09,https://d2zywfiolv4f83.cloudfront.net/img/teams/300.png,https://d2zywfiolv4f83.cloudfront.net/img/teams/2889.png,11,11
108,5,10732,24500,Italy Serie A,2025-2026,1901226,https://www.whoscored.com/matches/1901226/live/italy-serie-a-2025-2026-bologna-napoli,Nov 2025,FT,Bologna,Napoli,71,276,2,0,2025-11-09,https://d2zywfiolv4f83.cloudfront.net/img/teams/71.png,https://d2zywfiolv4f83.cloudfront.net/img/teams/276.png,11,11
108,5,10732,24500,Italy Serie A,2025-2026,1901230,https://www.whoscored.com/matches/1901230/live/italy-serie-a-2025-2026-genoa-fiorentina,Nov 2025,FT,Genoa,Fiorentina,278,73,2,2,2025-11-09,https://d2zywfiolv4f83.cloudfront.net/img/teams/278.png,https://d2zywfiolv4f83.cloudfront.net/img/teams/73.png,11,11
108,5,10732,24500,Italy Serie A,2025-2026,1901242,https://www.whoscored.com/matches/1901242/live/italy-serie-a-2025-2026-roma-udinese,Nov 2025,FT,Roma,Udinese,84,86,2,0,2025-11-09,https://d2zywfiolv4f83.cloudfront.net/img/teams/84.png,https://d2zywfiolv4f83.cloudfront.net/img/teams/86.png,11,11
108,5,10732,24500,Italy Serie A,2025-2026,1901232,https://www.whoscored.com/matches/1901232/live/italy-serie-a-2025-2026-inter-lazio,Nov 2025,FT,Inter,Lazio,75,77,2,0,2025-11-09,https://d2zywfiolv4f83.cloudfront.net/img/teams/75.png,https://d2zywfiolv4f83.cloudfront.net/img/teams/77.png,11,11
108,5,10732,24500,Italy Serie A,2025-2026,1901246,https://www.whoscored.com/matches/1901246/live/italy-serie-a-2025-2026-cagliari-genoa,Nov 2025,FT,Cagliari,Genoa,78,278,3,3,2025-11-22,https://d2zywfiolv4f83.cloudfront.net/img/teams/78.png,https://d2zywfiolv4f83.cloudfront.net/img/teams/278.png,12,12
108,5,10732,24500,Italy Serie A,2025-2026,1901262,https://www.whoscored.com/matches/1901262/live/italy-serie-a-2025-2026-udinese-bologna,Nov 2025,FT,Udinese,Bologna,86,71,0,3,2025-11-22,https://d2zywfiolv4f83.cloudfront.net/img/teams/86.png,https://d2zywfiolv4f83.cloudfront.net/img/teams/71.png,12,12
108,5,10732,24500,Italy Serie A,2025-2026,1901250,https://www.whoscored.com/matches/1901250/live/italy-serie-a-2025-2026-fiorentina-juventus,Nov 2025,FT,Fiorentina,Juventus,73,87,1,1,2025-11-22,https://d2zywfiolv4f83.cloudfront.net/img/teams/73.png,https://d2zywfiolv4f83.cloudfront.net/img/teams/87.png,12,12
108,5,10732,24500,Italy Serie A,2025-2026,1901256,https://www.whoscored.com/matches/1901256/live/italy-serie-a-2025-2026-napoli-atalanta,Nov 2025,FT,Napoli,Atalanta,276,300,3,1,2025-11-22,https://d2zywfiolv4f83.cloudfront.net/img/teams/276.png,https://d2zywfiolv4f83.cloudfront.net/img/teams/300.png,12,12
108,5,10732,24500,Italy Serie A,2025-2026,1901244,https://www.whoscored.com/matches/1901244/live/italy-serie-a-2025-2026-verona-parma-calcio-1913,Nov 2025,FT,Hellas Verona,Parma,76,24341,1,2,2025-11-23,https://d2zywfiolv4f83.cloudfront.net/img/teams/76.png,https://d2zywfiolv4f83.cloudfront.net/img/teams/24341.png,12,12
108,5,10732,24500,Italy Serie A,2025-2026,1901248,https://www.whoscored.com/matches/1901248/live/italy-serie-a-2025-2026-cremonese-roma,Nov 2025,FT,Cremonese,Roma,2731,84,1,3,2025-11-23,https://d2zywfiolv4f83.cloudfront.net/img/teams/2731.png,https://d2zywfiolv4f83.cloudfront.net/img/teams/84.png,12,12
108,5,10732,24500,Italy Serie A,2025-2026,1901254,https://www.whoscored.com/matches/1901254/live/italy-serie-a-2025-2026-lazio-lecce,Nov 2025,FT,Lazio,Lecce,77,79,2,0,2025-11-23,https://d2zywfiolv4f83.cloudfront.net/img/teams/77.png,https://d2zywfiolv4f83.cloudfront.net/img/teams/79.png,12,12
108,5,10732,24500,Italy Serie A,2025-2026,1901252,https://www.whoscored.com/matches/1901252/live/italy-serie-a-2025-2026-inter-ac-milan,Nov 2025,FT,Inter,Milan,75,80,0,1,2025-11-23,https://d2zywfiolv4f83.cloudfront.net/img/teams/75.png,https://d2zywfiolv4f83.cloudfront.net/img/teams/80.png,12,12
108,5,10732,24500,Italy Serie A,2025-2026,1901260,https://www.whoscored.com/matches/1901260/live/italy-serie-a-2025-2026-torino-como,Nov 2025,FT,Torino,Como,72,1290,1,5,2025-11-24,https://d2zywfiolv4f83.cloudfront.net/img/teams/72.png,https://d2zywfiolv4f83.cloudfront.net/img/teams/1290.png,12,12
108,5,10732,24500,Italy Serie A,2025-2026,1901258,https://www.whoscored.com/matches/1901258/live/italy-serie-a-2025-2026-sassuolo-pisa,Nov 2025,FT,Sassuolo,Pisa,2889,777,2,2,2025-11-24,https://d2zywfiolv4f83.cloudfront.net/img/teams/2889.png,https://d2zywfiolv4f83.cloudfront.net/img/teams/777.png,12,12
108,5,10732,24500,Italy Serie A,2025-2026,1901268,https://www.whoscored.com/matches/1901268/live/italy-serie-a-2025-2026-como-sassuolo,Nov 2025,FT,Como,Sassuolo,1290,2889,2,0,2025-11-28,https://d2zywfiolv4f83.cloudfront.net/img/teams/1290.png,https://d2zywfiolv4f83.cloudfront.net/img/teams/2889.png,13,13
108,5,10732,24500,Italy Serie A,2025-2026,1901270,https://www.whoscored.com/matches/1901270/live/italy-serie-a-2025-2026-genoa-verona,Nov 2025,FT,Genoa,Hellas Verona,278,76,2,1,2025-11-29,https://d2zywfiolv4f83.cloudfront.net/img/teams/278.png,https://d2zywfiolv4f83.cloudfront.net/img/teams/76.png,13,13
108,5,10732,24500,Italy Serie A,2025-2026,1901278,https://www.whoscored.com/matches/1901278/live/italy-serie-a-2025-2026-parma-calcio-1913-udinese,Nov 2025,FT,Parma,Udinese,24341,86,0,2,2025-11-29,https://d2zywfiolv4f83.cloudfront.net/img/teams/24341.png,https://d2zywfiolv4f83.cloudfront.net/img/teams/86.png,13,13
108,5,10732,24500,Italy Serie A,2025-2026,1901272,https://www.whoscored.com/matches/1901272/live/italy-serie-a-2025-2026-juventus-cagliari,Nov 2025,FT,Juventus,Cagliari,87,78,2,1,2025-11-29,https://d2zywfiolv4f83.cloudfront.net/img/teams/87.png,https://d2zywfiolv4f83.cloudfront.net/img/teams/78.png,13,13
108,5,10732,24500,Italy Serie A,2025-2026,1901276,https://www.whoscored.com/matches/1901276/live/italy-serie-a-2025-2026-ac-milan-lazio,Nov 2025,FT,Milan,Lazio,80,77,1,0,2025-11-29,https://d2zywfiolv4f83.cloudfront.net/img/teams/80.png,https://d2zywfiolv4f83.cloudfront.net/img/teams/77.png,13,13
108,5,10732,24500,Italy Serie A,2025-2026,1901274,https://www.whoscored.com/matches/1901274/live/italy-serie-a-2025-2026-lecce-torino,Nov 2025,FT,Lecce,Torino,79,72,2,1,2025-11-30,https://d2zywfiolv4f83.cloudfront.net/img/teams/79.png,https://d2zywfiolv4f83.cloudfront.net/img/teams/72.png,13,13
108,5,10732,24500,Italy Serie A,2025-2026,1901280,https://www.whoscored.com/matches/1901280/live/italy-serie-a-2025-2026-pisa-inter,Nov 2025,FT,Pisa,Inter,777,75,0,2,2025-11-30,https://d2zywfiolv4f83.cloudfront.net/img/teams/777.png,https://d2zywfiolv4f83.cloudfront.net/img/teams/75.png,13,13
108,5,10732,24500,Italy Serie A,2025-2026,1901264,https://www.whoscored.com/matches/1901264/live/italy-serie-a-2025-2026-atalanta-fiorentina,Nov 2025,FT,Atalanta,Fiorentina,300,73,2,0,2025-11-30,https://d2zywfiolv4f83.cloudfront.net/img/teams/300.png,https://d2zywfiolv4f83.cloudfront.net/img/teams/73.png,13,13
108,5,10732,24500,Italy Serie A,2025-2026,1901281,https://www.whoscored.com/matches/1901281/live/italy-serie-a-2025-2026-roma-napoli,Nov 2025,FT,Roma,Napoli,84,276,0,1,2025-11-30,https://d2zywfiolv4f83.cloudfront.net/img/teams/84.png,https://d2zywfiolv4f83.cloudfront.net/img/teams/276.png,13,13
108,5,10732,24500,Italy Serie A,2025-2026,1901266,https://www.whoscored.com/matches/1901266/live/italy-serie-a-2025-2026-bologna-cremonese,Dec 2025,FT,Bologna,Cremonese,71,2731,1,3,2025-12-01,https://d2zywfiolv4f83.cloudfront.net/img/teams/71.png,https://d2zywfiolv4f83.cloudfront.net/img/teams/2731.png,13,13
108,5,10732,24500,Italy Serie A,2025-2026,1901288,https://www.whoscored.com/matches/1901288/live/italy-serie-a-2025-2026-sassuolo-fiorentina,Dec 2025,FT,Sassuolo,Fiorentina,2889,73,3,1,2025-12-06,https://d2zywfiolv4f83.cloudfront.net/img/teams/2889.png,https://d2zywfiolv4f83.cloudfront.net/img/teams/73.png,14,14
108,5,10732,24500,Italy Serie A,2025-2026,1901284,https://www.whoscored.com/matches/1901284/live/italy-serie-a-2025-2026-inter-como,Dec 2025,FT,Inter,Como,75,1290,4,0,2025-12-06,https://d2zywfiolv4f83.cloudfront.net/img/teams/75.png,https://d2zywfiolv4f83.cloudfront.net/img/teams/1290.png,14,14
108,5,10732,24500,Italy Serie A,2025-2026,1901291,https://www.whoscored.com/matches/1901291/live/italy-serie-a-2025-2026-verona-atalanta,Dec 2025,FT,Hellas Verona,Atalanta,76,300,3,1,2025-12-06,https://d2zywfiolv4f83.cloudfront.net/img/teams/76.png,https://d2zywfiolv4f83.cloudfront.net/img/teams/300.png,14,14
108,5,10732,24500,Italy Serie A,2025-2026,1901283,https://www.whoscored.com/matches/1901283/live/italy-serie-a-2025-2026-cremonese-lecce,Dec 2025,FT,Cremonese,Lecce,2731,79,2,0,2025-12-07,https://d2zywfiolv4f83.cloudfront.net/img/teams/2731.png,https://d2zywfiolv4f83.cloudfront.net/img/teams/79.png,14,14
108,5,10732,24500,Italy Serie A,2025-2026,1901282,https://www.whoscored.com/matches/1901282/live/italy-serie-a-2025-2026-cagliari-roma,Dec 2025,FT,Cagliari,Roma,78,84,1,0,2025-12-07,https://d2zywfiolv4f83.cloudfront.net/img/teams/78.png,https://d2zywfiolv4f83.cloudfront.net/img/teams/84.png,14,14
108,5,10732,24500,Italy Serie A,2025-2026,1901285,https://www.whoscored.com/matches/1901285/live/italy-serie-a-2025-2026-lazio-bologna,Dec 2025,FT,Lazio,Bologna,77,71,1,1,2025-12-07,https://d2zywfiolv4f83.cloudfront.net/img/teams/77.png,https://d2zywfiolv4f83.cloudfront.net/img/teams/71.png,14,14
108,5,10732,24500,Italy Serie A,2025-2026,1901286,https://www.whoscored.com/matches/1901286/live/italy-serie-a-2025-2026-napoli-juventus,Dec 2025,FT,Napoli,Juventus,276,87,2,1,2025-12-07,https://d2zywfiolv4f83.cloudfront.net/img/teams/276.png,https://d2zywfiolv4f83.cloudfront.net/img/teams/87.png,14,14
108,5,10732,24500,Italy Serie A,2025-2026,1901287,https://www.whoscored.com/matches/1901287/live/italy-serie-a-2025-2026-pisa-parma-calcio-1913,Dec 2025,FT,Pisa,Parma,777,24341,0,1,2025-12-08,https://d2zywfiolv4f83.cloudfront.net/img/teams/777.png,https://d2zywfiolv4f83.cloudfront.net/img/teams/24341.png,14,14
108,5,10732,24500,Italy Serie A,2025-2026,1901290,https://www.whoscored.com/matches/1901290/live/italy-serie-a-2025-2026-udinese-genoa,Dec 2025,FT,Udinese,Genoa,86,278,1,2,2025-12-08,https://d2zywfiolv4f83.cloudfront.net/img/teams/86.png,https://d2zywfiolv4f83.cloudfront.net/img/teams/278.png,14,14
108,5,10732,24500,Italy Serie A,2025-2026,1901289,https://www.whoscored.com/matches/1901289/live/italy-serie-a-2025-2026-torino-ac-milan,Dec 2025,FT,Torino,Milan,72,80,2,3,2025-12-08,https://d2zywfiolv4f83.cloudfront.net/img/teams/72.png,https://d2zywfiolv4f83.cloudfront.net/img/teams/80.png,14,14
108,5,10732,24500,Italy Serie A,2025-2026,1901296,https://www.whoscored.com/matches/1901296/live/italy-serie-a-2025-2026-lecce-pisa,Dec 2025,FT,Lecce,Pisa,79,777,1,0,2025-12-12,https://d2zywfiolv4f83.cloudfront.net/img/teams/79.png,https://d2zywfiolv4f83.cloudfront.net/img/teams/777.png,15,15
108,5,10732,24500,Italy Serie A,2025-2026,1901300,https://www.whoscored.com/matches/1901300/live/italy-serie-a-2025-2026-torino-cremonese,Dec 2025,FT,Torino,Cremonese,72,2731,1,0,2025-12-13,https://d2zywfiolv4f83.cloudfront.net/img/teams/72.png,https://d2zywfiolv4f83.cloudfront.net/img/teams/2731.png,15,15
108,5,10732,24500,Italy Serie A,2025-2026,1901298,https://www.whoscored.com/matches/1901298/live/italy-serie-a-2025-2026-parma-calcio-1913-lazio,Dec 2025,FT,Parma,Lazio,24341,77,0,1,2025-12-13,https://d2zywfiolv4f83.cloudfront.net/img/teams/24341.png,https://d2zywfiolv4f83.cloudfront.net/img/teams/77.png,15,15
108,5,10732,24500,Italy Serie A,2025-2026,1901292,https://www.whoscored.com/matches/1901292/live/italy-serie-a-2025-2026-atalanta-cagliari,Dec 2025,FT,Atalanta,Cagliari,300,78,2,1,2025-12-13,https://d2zywfiolv4f83.cloudfront.net/img/teams/300.png,https://d2zywfiolv4f83.cloudfront.net/img/teams/78.png,15,15
108,5,10732,24500,Italy Serie A,2025-2026,1901297,https://www.whoscored.com/matches/1901297/live/italy-serie-a-2025-2026-ac-milan-sassuolo,Dec 2025,FT,Milan,Sassuolo,80,2889,2,2,2025-12-14,https://d2zywfiolv4f83.cloudfront.net/img/teams/80.png,https://d2zywfiolv4f83.cloudfront.net/img/teams/2889.png,15,15
108,5,10732,24500,Italy Serie A,2025-2026,1901301,https://www.whoscored.com/matches/1901301/live/italy-serie-a-2025-2026-udinese-napoli,Dec 2025,FT,Udinese,Napoli,86,276,1,0,2025-12-14,https://d2zywfiolv4f83.cloudfront.net/img/teams/86.png,https://d2zywfiolv4f83.cloudfront.net/img/teams/276.png,15,15
108,5,10732,24500,Italy Serie A,2025-2026,1901294,https://www.whoscored.com/matches/1901294/live/italy-serie-a-2025-2026-fiorentina-verona,Dec 2025,FT,Fiorentina,Hellas Verona,73,76,1,2,2025-12-14,https://d2zywfiolv4f83.cloudfront.net/img/teams/73.png,https://d2zywfiolv4f83.cloudfront.net/img/teams/76.png,15,15
108,5,10732,24500,Italy Serie A,2025-2026,1901295,https://www.whoscored.com/matches/1901295/live/italy-serie-a-2025-2026-genoa-inter,Dec 2025,FT,Genoa,Inter,278,75,1,2,2025-12-14,https://d2zywfiolv4f83.cloudfront.net/img/teams/278.png,https://d2zywfiolv4f83.cloudfront.net/img/teams/75.png,15,15
108,5,10732,24500,Italy Serie A,2025-2026,1901293,https://www.whoscored.com/matches/1901293/live/italy-serie-a-2025-2026-bologna-juventus,Dec 2025,FT,Bologna,Juventus,71,87,0,1,2025-12-14,https://d2zywfiolv4f83.cloudfront.net/img/teams/71.png,https://d2zywfiolv4f83.cloudfront.net/img/teams/87.png,15,15
108,5,10732,24500,Italy Serie A,2025-2026,1901299,https://www.whoscored.com/matches/1901299/live/italy-serie-a-2025-2026-roma-como,Dec 2025,FT,Roma,Como,84,1290,1,0,2025-12-15,https://d2zywfiolv4f83.cloudfront.net/img/teams/84.png,https://d2zywfiolv4f83.cloudfront.net/img/teams/1290.png,15,15
108,5,10732,24500,Italy Serie A,2025-2026,1901308,https://www.whoscored.com/matches/1901308/live/italy-serie-a-2025-2026-lazio-cremonese,Dec 2025,FT,Lazio,Cremonese,77,2731,0,0,2025-12-20,https://d2zywfiolv4f83.cloudfront.net/img/teams/77.png,https://d2zywfiolv4f83.cloudfront.net/img/teams/2731.png,16,16
108,5,10732,24500,Italy Serie A,2025-2026,1901307,https://www.whoscored.com/matches/1901307/live/italy-serie-a-2025-2026-juventus-roma,Dec 2025,FT,Juventus,Roma,87,84,2,1,2025-12-20,https://d2zywfiolv4f83.cloudfront.net/img/teams/87.png,https://d2zywfiolv4f83.cloudfront.net/img/teams/84.png,16,16
108,5,10732,24500,Italy Serie A,2025-2026,1901302,https://www.whoscored.com/matches/1901302/live/italy-serie-a-2025-2026-cagliari-pisa,Dec 2025,FT,Cagliari,Pisa,78,777,2,2,2025-12-21,https://d2zywfiolv4f83.cloudfront.net/img/teams/78.png,https://d2zywfiolv4f83.cloudfront.net/img/teams/777.png,16,16
108,5,10732,24500,Italy Serie A,2025-2026,1901310,https://www.whoscored.com/matches/1901310/live/italy-serie-a-2025-2026-sassuolo-torino,Dec 2025,FT,Sassuolo,Torino,2889,72,0,1,2025-12-21,https://d2zywfiolv4f83.cloudfront.net/img/teams/2889.png,https://d2zywfiolv4f83.cloudfront.net/img/teams/72.png,16,16
108,5,10732,24500,Italy Serie A,2025-2026,1901304,https://www.whoscored.com/matches/1901304/live/italy-serie-a-2025-2026-fiorentina-udinese,Dec 2025,FT,Fiorentina,Udinese,73,86,5,1,2025-12-21,https://d2zywfiolv4f83.cloudfront.net/img/teams/73.png,https://d2zywfiolv4f83.cloudfront.net/img/teams/86.png,16,16
108,5,10732,24500,Italy Serie A,2025-2026,1901305,https://www.whoscored.com/matches/1901305/live/italy-serie-a-2025-2026-genoa-atalanta,Dec 2025,FT,Genoa,Atalanta,278,300,0,1,2025-12-21,https://d2zywfiolv4f83.cloudfront.net/img/teams/278.png,https://d2zywfiolv4f83.cloudfront.net/img/teams/300.png,16,16
108,5,10732,24500,Italy Serie A,2025-2026,1901316,https://www.whoscored.com/matches/1901316/live/italy-serie-a-2025-2026-parma-calcio-1913-fiorentina,Dec 2025,FT,Parma,Fiorentina,24341,73,1,0,2025-12-27,https://d2zywfiolv4f83.cloudfront.net/img/teams/24341.png,https://d2zywfiolv4f83.cloudfront.net/img/teams/73.png,17,17
108,5,10732,24500,Italy Serie A,2025-2026,1901314,https://www.whoscored.com/matches/1901314/live/italy-serie-a-2025-2026-lecce-como,Dec 2025,FT,Lecce,Como,79,1290,0,3,2025-12-27,https://d2zywfiolv4f83.cloudfront.net/img/teams/79.png,https://d2zywfiolv4f83.cloudfront.net/img/teams/1290.png,17,17
108,5,10732,24500,Italy Serie A,2025-2026,1901319,https://www.whoscored.com/matches/1901319/live/italy-serie-a-2025-2026-torino-cagliari,Dec 2025,FT,Torino,Cagliari,72,78,1,2,2025-12-27,https://d2zywfiolv4f83.cloudfront.net/img/teams/72.png,https://d2zywfiolv4f83.cloudfront.net/img/teams/78.png,17,17
108,5,10732,24500,Italy Serie A,2025-2026,1901320,https://www.whoscored.com/matches/1901320/live/italy-serie-a-2025-2026-udinese-lazio,Dec 2025,FT,Udinese,Lazio,86,77,1,1,2025-12-27,https://d2zywfiolv4f83.cloudfront.net/img/teams/86.png,https://d2zywfiolv4f83.cloudfront.net/img/teams/77.png,17,17
108,5,10732,24500,Italy Serie A,2025-2026,1901317,https://www.whoscored.com/matches/1901317/live/italy-serie-a-2025-2026-pisa-juventus,Dec 2025,FT,Pisa,Juventus,777,87,0,2,2025-12-27,https://d2zywfiolv4f83.cloudfront.net/img/teams/777.png,https://d2zywfiolv4f83.cloudfront.net/img/teams/87.png,17,17
108,5,10732,24500,Italy Serie A,2025-2026,1901315,https://www.whoscored.com/matches/1901315/live/italy-serie-a-2025-2026-ac-milan-verona,Dec 2025,FT,Milan,Hellas Verona,80,76,3,0,2025-12-28,https://d2zywfiolv4f83.cloudfront.net/img/teams/80.png,https://d2zywfiolv4f83.cloudfront.net/img/teams/76.png,17,17
108,5,10732,24500,Italy Serie A,2025-2026,1901313,https://www.whoscored.com/matches/1901313/live/italy-serie-a-2025-2026-cremonese-napoli,Dec 2025,FT,Cremonese,Napoli,2731,276,0,2,2025-12-28,https://d2zywfiolv4f83.cloudfront.net/img/teams/2731.png,https://d2zywfiolv4f83.cloudfront.net/img/teams/276.png,17,17
108,5,10732,24500,Italy Serie A,2025-2026,1901312,https://www.whoscored.com/matches/1901312/live/italy-serie-a-2025-2026-bologna-sassuolo,Dec 2025,FT,Bologna,Sassuolo,71,2889,1,1,2025-12-28,https://d2zywfiolv4f83.cloudfront.net/img/teams/71.png,https://d2zywfiolv4f83.cloudfront.net/img/teams/2889.png,17,17
108,5,10732,24500,Italy Serie A,2025-2026,1901321,https://www.whoscored.com/matches/1901321/live/italy-serie-a-2025-2026-atalanta-inter,Dec 2025,FT,Atalanta,Inter,300,75,0,1,2025-12-28,https://d2zywfiolv4f83.cloudfront.net/img/teams/300.png,https://d2zywfiolv4f83.cloudfront.net/img/teams/75.png,17,17
108,5,10732,24500,Italy Serie A,2025-2026,1901318,https://www.whoscored.com/matches/1901318/live/italy-serie-a-2025-2026-roma-genoa,Dec 2025,FT,Roma,Genoa,84,278,3,1,2025-12-29,https://d2zywfiolv4f83.cloudfront.net/img/teams/84.png,https://d2zywfiolv4f83.cloudfront.net/img/teams/278.png,17,17
108,5,10732,24500,Italy Serie A,2025-2026,1901323,https://www.whoscored.com/matches/1901323/live/italy-serie-a-2025-2026-cagliari-ac-milan,Jan 2026,FT,Cagliari,Milan,78,80,0,1,2026-01-02,https://d2zywfiolv4f83.cloudfront.net/img/teams/78.png,https://d2zywfiolv4f83.cloudfront.net/img/teams/80.png,18,18
108,5,10732,24500,Italy Serie A,2025-2026,1901324,https://www.whoscored.com/matches/1901324/live/italy-serie-a-2025-2026-como-udinese,Jan 2026,FT,Como,Udinese,1290,86,1,0,2026-01-03,https://d2zywfiolv4f83.cloudfront.net/img/teams/1290.png,https://d2zywfiolv4f83.cloudfront.net/img/teams/86.png,18,18
108,5,10732,24500,Italy Serie A,2025-2026,1901326,https://www.whoscored.com/matches/1901326/live/italy-serie-a-2025-2026-genoa-pisa,Jan 2026,FT,Genoa,Pisa,278,777,1,1,2026-01-03,https://d2zywfiolv4f83.cloudfront.net/img/teams/278.png,https://d2zywfiolv4f83.cloudfront.net/img/teams/777.png,18,18
108,5,10732,24500,Italy Serie A,2025-2026,1901330,https://www.whoscored.com/matches/1901330/live/italy-serie-a-2025-2026-sassuolo-parma-calcio-1913,Jan 2026,FT,Sassuolo,Parma,2889,24341,1,1,2026-01-03,https://d2zywfiolv4f83.cloudfront.net/img/teams/2889.png,https://d2zywfiolv4f83.cloudfront.net/img/teams/24341.png,18,18
108,5,10732,24500,Italy Serie A,2025-2026,1901328,https://www.whoscored.com/matches/1901328/live/italy-serie-a-2025-2026-juventus-lecce,Jan 2026,FT,Juventus,Lecce,87,79,1,1,2026-01-03,https://d2zywfiolv4f83.cloudfront.net/img/teams/87.png,https://d2zywfiolv4f83.cloudfront.net/img/teams/79.png,18,18
108,5,10732,24500,Italy Serie A,2025-2026,1901322,https://www.whoscored.com/matches/1901322/live/italy-serie-a-2025-2026-atalanta-roma,Jan 2026,FT,Atalanta,Roma,300,84,1,0,2026-01-03,https://d2zywfiolv4f83.cloudfront.net/img/teams/300.png,https://d2zywfiolv4f83.cloudfront.net/img/teams/84.png,18,18
108,5,10732,24500,Italy Serie A,2025-2026,1901329,https://www.whoscored.com/matches/1901329/live/italy-serie-a-2025-2026-lazio-napoli,Jan 2026,FT,Lazio,Napoli,77,276,0,2,2026-01-04,https://d2zywfiolv4f83.cloudfront.net/img/teams/77.png,https://d2zywfiolv4f83.cloudfront.net/img/teams/276.png,18,18
108,5,10732,24500,Italy Serie A,2025-2026,1901325,https://www.whoscored.com/matches/1901325/live/italy-serie-a-2025-2026-fiorentina-cremonese,Jan 2026,FT,Fiorentina,Cremonese,73,2731,1,0,2026-01-04,https://d2zywfiolv4f83.cloudfront.net/img/teams/73.png,https://d2zywfiolv4f83.cloudfront.net/img/teams/2731.png,18,18
108,5,10732,24500,Italy Serie A,2025-2026,1901331,https://www.whoscored.com/matches/1901331/live/italy-serie-a-2025-2026-verona-torino,Jan 2026,FT,Hellas Verona,Torino,76,72,0,3,2026-01-04,https://d2zywfiolv4f83.cloudfront.net/img/teams/76.png,https://d2zywfiolv4f83.cloudfront.net/img/teams/72.png,18,18
108,5,10732,24500,Italy Serie A,2025-2026,1901327,https://www.whoscored.com/matches/1901327/live/italy-serie-a-2025-2026-inter-bologna,Jan 2026,FT,Inter,Bologna,75,71,3,1,2026-01-04,https://d2zywfiolv4f83.cloudfront.net/img/teams/75.png,https://d2zywfiolv4f83.cloudfront.net/img/teams/71.png,18,18
108,5,10732,24500,Italy Serie A,2025-2026,1901339,https://www.whoscored.com/matches/1901339/live/italy-serie-a-2025-2026-pisa-como,Jan 2026,FT,Pisa,Como,777,1290,0,3,2026-01-06,https://d2zywfiolv4f83.cloudfront.net/img/teams/777.png,https://d2zywfiolv4f83.cloudfront.net/img/teams/1290.png,19,19
108,5,10732,24500,Italy Serie A,2025-2026,1901335,https://www.whoscored.com/matches/1901335/live/italy-serie-a-2025-2026-lecce-roma,Jan 2026,FT,Lecce,Roma,79,84,0,2,2026-01-06,https://d2zywfiolv4f83.cloudfront.net/img/teams/79.png,https://d2zywfiolv4f83.cloudfront.net/img/teams/84.png,19,19
108,5,10732,24500,Italy Serie A,2025-2026,1901340,https://www.whoscored.com/matches/1901340/live/italy-serie-a-2025-2026-sassuolo-juventus,Jan 2026,FT,Sassuolo,Juventus,2889,87,0,3,2026-01-06,https://d2zywfiolv4f83.cloudfront.net/img/teams/2889.png,https://d2zywfiolv4f83.cloudfront.net/img/teams/87.png,19,19
108,5,10732,24500,Italy Serie A,2025-2026,1901337,https://www.whoscored.com/matches/1901337/live/italy-serie-a-2025-2026-napoli-verona,Jan 2026,FT,Napoli,Hellas Verona,276,76,2,2,2026-01-07,https://d2zywfiolv4f83.cloudfront.net/img/teams/276.png,https://d2zywfiolv4f83.cloudfront.net/img/teams/76.png,19,19
108,5,10732,24500,Italy Serie A,2025-2026,1901332,https://www.whoscored.com/matches/1901332/live/italy-serie-a-2025-2026-bologna-atalanta,Jan 2026,FT,Bologna,Atalanta,71,300,0,2,2026-01-07,https://d2zywfiolv4f83.cloudfront.net/img/teams/71.png,https://d2zywfiolv4f83.cloudfront.net/img/teams/300.png,19,19
108,5,10732,24500,Italy Serie A,2025-2026,1901338,https://www.whoscored.com/matches/1901338/live/italy-serie-a-2025-2026-parma-calcio-1913-inter,Jan 2026,FT,Parma,Inter,24341,75,0,2,2026-01-07,https://d2zywfiolv4f83.cloudfront.net/img/teams/24341.png,https://d2zywfiolv4f83.cloudfront.net/img/teams/75.png,19,19
108,5,10732,24500,Italy Serie A,2025-2026,1901341,https://www.whoscored.com/matches/1901341/live/italy-serie-a-2025-2026-torino-udinese,Jan 2026,FT,Torino,Udinese,72,86,1,2,2026-01-07,https://d2zywfiolv4f83.cloudfront.net/img/teams/72.png,https://d2zywfiolv4f83.cloudfront.net/img/teams/86.png,19,19
108,5,10732,24500,Italy Serie A,2025-2026,1901334,https://www.whoscored.com/matches/1901334/live/italy-serie-a-2025-2026-lazio-fiorentina,Jan 2026,FT,Lazio,Fiorentina,77,73,2,2,2026-01-07,https://d2zywfiolv4f83.cloudfront.net/img/teams/77.png,https://d2zywfiolv4f83.cloudfront.net/img/teams/73.png,19,19
108,5,10732,24500,Italy Serie A,2025-2026,1901333,https://www.whoscored.com/matches/1901333/live/italy-serie-a-2025-2026-cremonese-cagliari,Jan 2026,FT,Cremonese,Cagliari,2731,78,2,2,2026-01-08,https://d2zywfiolv4f83.cloudfront.net/img/teams/2731.png,https://d2zywfiolv4f83.cloudfront.net/img/teams/78.png,19,19
108,5,10732,24500,Italy Serie A,2025-2026,1901336,https://www.whoscored.com/matches/1901336/live/italy-serie-a-2025-2026-ac-milan-genoa,Jan 2026,FT,Milan,Genoa,80,278,1,1,2026-01-08,https://d2zywfiolv4f83.cloudfront.net/img/teams/80.png,https://d2zywfiolv4f83.cloudfront.net/img/teams/278.png,19,19
108,5,10732,24500,Italy Serie A,2025-2026,1901343,https://www.whoscored.com/matches/1901343/live/italy-serie-a-2025-2026-como-bologna,Jan 2026,FT,Como,Bologna,1290,71,1,1,2026-01-10,https://d2zywfiolv4f83.cloudfront.net/img/teams/1290.png,https://d2zywfiolv4f83.cloudfront.net/img/teams/71.png,20,20
108,5,10732,24500,Italy Serie A,2025-2026,1901350,https://www.whoscored.com/matches/1901350/live/italy-serie-a-2025-2026-udinese-pisa,Jan 2026,FT,Udinese,Pisa,86,777,2,2,2026-01-10,https://d2zywfiolv4f83.cloudfront.net/img/teams/86.png,https://d2zywfiolv4f83.cloudfront.net/img/teams/777.png,20,20
108,5,10732,24500,Italy Serie A,2025-2026,1901349,https://www.whoscored.com/matches/1901349/live/italy-serie-a-2025-2026-roma-sassuolo,Jan 2026,FT,Roma,Sassuolo,84,2889,2,0,2026-01-10,https://d2zywfiolv4f83.cloudfront.net/img/teams/84.png,https://d2zywfiolv4f83.cloudfront.net/img/teams/2889.png,20,20
108,5,10732,24500,Italy Serie A,2025-2026,1901342,https://www.whoscored.com/matches/1901342/live/italy-serie-a-2025-2026-atalanta-torino,Jan 2026,FT,Atalanta,Torino,300,72,2,0,2026-01-10,https://d2zywfiolv4f83.cloudfront.net/img/teams/300.png,https://d2zywfiolv4f83.cloudfront.net/img/teams/72.png,20,20
108,5,10732,24500,Italy Serie A,2025-2026,1901348,https://www.whoscored.com/matches/1901348/live/italy-serie-a-2025-2026-lecce-parma-calcio-1913,Jan 2026,FT,Lecce,Parma,79,24341,1,2,2026-01-11,https://d2zywfiolv4f83.cloudfront.net/img/teams/79.png,https://d2zywfiolv4f83.cloudfront.net/img/teams/24341.png,20,20
108,5,10732,24500,Italy Serie A,2025-2026,1901344,https://www.whoscored.com/matches/1901344/live/italy-serie-a-2025-2026-fiorentina-ac-milan,Jan 2026,FT,Fiorentina,Milan,73,80,1,1,2026-01-11,https://d2zywfiolv4f83.cloudfront.net/img/teams/73.png,https://d2zywfiolv4f83.cloudfront.net/img/teams/80.png,20,20
108,5,10732,24500,Italy Serie A,2025-2026,1901351,https://www.whoscored.com/matches/1901351/live/italy-serie-a-2025-2026-verona-lazio,Jan 2026,FT,Hellas Verona,Lazio,76,77,0,1,2026-01-11,https://d2zywfiolv4f83.cloudfront.net/img/teams/76.png,https://d2zywfiolv4f83.cloudfront.net/img/teams/77.png,20,20
108,5,10732,24500,Italy Serie A,2025-2026,1901346,https://www.whoscored.com/matches/1901346/live/italy-serie-a-2025-2026-inter-napoli,Jan 2026,FT,Inter,Napoli,75,276,2,2,2026-01-11,https://d2zywfiolv4f83.cloudfront.net/img/teams/75.png,https://d2zywfiolv4f83.cloudfront.net/img/teams/276.png,20,20
108,5,10732,24500,Italy Serie A,2025-2026,1901345,https://www.whoscored.com/matches/1901345/live/italy-serie-a-2025-2026-genoa-cagliari,Jan 2026,FT,Genoa,Cagliari,278,78,3,0,2026-01-12,https://d2zywfiolv4f83.cloudfront.net/img/teams/278.png,https://d2zywfiolv4f83.cloudfront.net/img/teams/78.png,20,20
108,5,10732,24500,Italy Serie A,2025-2026,1901347,https://www.whoscored.com/matches/1901347/live/italy-serie-a-2025-2026-juventus-cremonese,Jan 2026,FT,Juventus,Cremonese,87,2731,5,0,2026-01-12,https://d2zywfiolv4f83.cloudfront.net/img/teams/87.png,https://d2zywfiolv4f83.cloudfront.net/img/teams/2731.png,20,20
108,5,10732,24500,Italy Serie A,2025-2026,1901309,https://www.whoscored.com/matches/1901309/live/italy-serie-a-2025-2026-napoli-parma-calcio-1913,Jan 2026,FT,Napoli,Parma,276,24341,0,0,2026-01-14,https://d2zywfiolv4f83.cloudfront.net/img/teams/276.png,https://d2zywfiolv4f83.cloudfront.net/img/teams/24341.png,16,16
108,5,10732,24500,Italy Serie A,2025-2026,1901306,https://www.whoscored.com/matches/1901306/live/italy-serie-a-2025-2026-inter-lecce,Jan 2026,FT,Inter,Lecce,75,79,1,0,2026-01-14,https://d2zywfiolv4f83.cloudfront.net/img/teams/75.png,https://d2zywfiolv4f83.cloudfront.net/img/teams/79.png,16,16
108,5,10732,24500,Italy Serie A,2025-2026,1901311,https://www.whoscored.com/matches/1901311/live/italy-serie-a-2025-2026-verona-bologna,Jan 2026,FT,Hellas Verona,Bologna,76,71,2,3,2026-01-15,https://d2zywfiolv4f83.cloudfront.net/img/teams/76.png,https://d2zywfiolv4f83.cloudfront.net/img/teams/71.png,16,16
108,5,10732,24500,Italy Serie A,2025-2026,1901303,https://www.whoscored.com/matches/1901303/live/italy-serie-a-2025-2026-como-ac-milan,Jan 2026,FT,Como,Milan,1290,80,1,3,2026-01-15,https://d2zywfiolv4f83.cloudfront.net/img/teams/1290.png,https://d2zywfiolv4f83.cloudfront.net/img/teams/80.png,16,16
108,5,10732,24500,Italy Serie A,2025-2026,1901105,https://www.whoscored.com/matches/1901105/live/italy-serie-a-2025-2026-pisa-atalanta,Jan 2026,FT,Pisa,Atalanta,777,300,1,1,2026-01-16,https://d2zywfiolv4f83.cloudfront.net/img/teams/777.png,https://d2zywfiolv4f83.cloudfront.net/img/teams/300.png,21,21
108,5,10732,24500,Italy Serie A,2025-2026,1901109,https://www.whoscored.com/matches/1901109/live/italy-serie-a-2025-2026-udinese-inter,Jan 2026,FT,Udinese,Inter,86,75,0,1,2026-01-17,https://d2zywfiolv4f83.cloudfront.net/img/teams/86.png,https://d2zywfiolv4f83.cloudfront.net/img/teams/75.png,21,21
108,5,10732,24500,Italy Serie A,2025-2026,1901355,https://www.whoscored.com/matches/1901355/live/italy-serie-a-2025-2026-napoli-sassuolo,Jan 2026,FT,Napoli,Sassuolo,276,2889,1,0,2026-01-17,https://d2zywfiolv4f83.cloudfront.net/img/teams/276.png,https://d2zywfiolv4f83.cloudfront.net/img/teams/2889.png,21,21
108,5,10732,24500,Italy Serie A,2025-2026,1901113,https://www.whoscored.com/matches/1901113/live/italy-serie-a-2025-2026-cagliari-juventus,Jan 2026,FT,Cagliari,Juventus,78,87,1,0,2026-01-17,https://d2zywfiolv4f83.cloudfront.net/img/teams/78.png,https://d2zywfiolv4f83.cloudfront.net/img/teams/87.png,21,21
108,5,10732,24500,Italy Serie A,2025-2026,1901356,https://www.whoscored.com/matches/1901356/live/italy-serie-a-2025-2026-parma-calcio-1913-genoa,Jan 2026,FT,Parma,Genoa,24341,278,0,0,2026-01-18,https://d2zywfiolv4f83.cloudfront.net/img/teams/24341.png,https://d2zywfiolv4f83.cloudfront.net/img/teams/278.png,21,21
108,5,10732,24500,Italy Serie A,2025-2026,1901111,https://www.whoscored.com/matches/1901111/live/italy-serie-a-2025-2026-bologna-fiorentina,Jan 2026,FT,Bologna,Fiorentina,71,73,1,2,2026-01-18,https://d2zywfiolv4f83.cloudfront.net/img/teams/71.png,https://d2zywfiolv4f83.cloudfront.net/img/teams/73.png,21,21
108,5,10732,24500,Italy Serie A,2025-2026,1901107,https://www.whoscored.com/matches/1901107/live/italy-serie-a-2025-2026-torino-roma,Jan 2026,FT,Torino,Roma,72,84,0,2,2026-01-18,https://d2zywfiolv4f83.cloudfront.net/img/teams/72.png,https://d2zywfiolv4f83.cloudfront.net/img/teams/84.png,21,21
108,5,10732,24500,Italy Serie A,2025-2026,1901354,https://www.whoscored.com/matches/1901354/live/italy-serie-a-2025-2026-ac-milan-lecce,Jan 2026,FT,Milan,Lecce,80,79,1,0,2026-01-18,https://d2zywfiolv4f83.cloudfront.net/img/teams/80.png,https://d2zywfiolv4f83.cloudfront.net/img/teams/79.png,21,21
108,5,10732,24500,Italy Serie A,2025-2026,1901352,https://www.whoscored.com/matches/1901352/live/italy-serie-a-2025-2026-cremonese-verona,Jan 2026,FT,Cremonese,Hellas Verona,2731,76,0,0,2026-01-19,https://d2zywfiolv4f83.cloudfront.net/img/teams/2731.png,https://d2zywfiolv4f83.cloudfront.net/img/teams/76.png,21,21
108,5,10732,24500,Italy Serie A,2025-2026,1901353,https://www.whoscored.com/matches/1901353/live/italy-serie-a-2025-2026-lazio-como,Jan 2026,FT,Lazio,Como,77,1290,0,3,2026-01-19,https://d2zywfiolv4f83.cloudfront.net/img/teams/77.png,https://d2zywfiolv4f83.cloudfront.net/img/teams/1290.png,21,21
108,5,10732,24500,Italy Serie A,2025-2026,1901122,https://www.whoscored.com/matches/1901122/live/italy-serie-a-2025-2026-inter-pisa,Jan 2026,FT,Inter,Pisa,75,777,6,2,2026-01-23,https://d2zywfiolv4f83.cloudfront.net/img/teams/75.png,https://d2zywfiolv4f83.cloudfront.net/img/teams/777.png,22,22
108,5,10732,24500,Italy Serie A,2025-2026,1901117,https://www.whoscored.com/matches/1901117/live/italy-serie-a-2025-2026-como-torino,Jan 2026,FT,Como,Torino,1290,72,6,0,2026-01-24,https://d2zywfiolv4f83.cloudfront.net/img/teams/1290.png,https://d2zywfiolv4f83.cloudfront.net/img/teams/72.png,22,22
108,5,10732,24500,Italy Serie A,2025-2026,1901119,https://www.whoscored.com/matches/1901119/live/italy-serie-a-2025-2026-fiorentina-cagliari,Jan 2026,FT,Fiorentina,Cagliari,73,78,1,2,2026-01-24,https://d2zywfiolv4f83.cloudfront.net/img/teams/73.png,https://d2zywfiolv4f83.cloudfront.net/img/teams/78.png,22,22
108,5,10732,24500,Italy Serie A,2025-2026,1901126,https://www.whoscored.com/matches/1901126/live/italy-serie-a-2025-2026-lecce-lazio,Jan 2026,FT,Lecce,Lazio,79,77,0,0,2026-01-24,https://d2zywfiolv4f83.cloudfront.net/img/teams/79.png,https://d2zywfiolv4f83.cloudfront.net/img/teams/77.png,22,22
108,5,10732,24500,Italy Serie A,2025-2026,1901130,https://www.whoscored.com/matches/1901130/live/italy-serie-a-2025-2026-sassuolo-cremonese,Jan 2026,FT,Sassuolo,Cremonese,2889,2731,1,0,2026-01-25,https://d2zywfiolv4f83.cloudfront.net/img/teams/2889.png,https://d2zywfiolv4f83.cloudfront.net/img/teams/2731.png,22,22
108,5,10732,24500,Italy Serie A,2025-2026,1901120,https://www.whoscored.com/matches/1901120/live/italy-serie-a-2025-2026-genoa-bologna,Jan 2026,FT,Genoa,Bologna,278,71,3,2,2026-01-25,https://d2zywfiolv4f83.cloudfront.net/img/teams/278.png,https://d2zywfiolv4f83.cloudfront.net/img/teams/71.png,22,22
108,5,10732,24500,Italy Serie A,2025-2026,1901115,https://www.whoscored.com/matches/1901115/live/italy-serie-a-2025-2026-atalanta-parma-calcio-1913,Jan 2026,FT,Atalanta,Parma,300,24341,4,0,2026-01-25,https://d2zywfiolv4f83.cloudfront.net/img/teams/300.png,https://d2zywfiolv4f83.cloudfront.net/img/teams/24341.png,22,22
108,5,10732,24500,Italy Serie A,2025-2026,1901124,https://www.whoscored.com/matches/1901124/live/italy-serie-a-2025-2026-juventus-napoli,Jan 2026,FT,Juventus,Napoli,87,276,3,0,2026-01-25,https://d2zywfiolv4f83.cloudfront.net/img/teams/87.png,https://d2zywfiolv4f83.cloudfront.net/img/teams/276.png,22,22
108,5,10732,24500,Italy Serie A,2025-2026,1901128,https://www.whoscored.com/matches/1901128/live/italy-serie-a-2025-2026-roma-ac-milan,Jan 2026,FT,Roma,Milan,84,80,1,1,2026-01-25,https://d2zywfiolv4f83.cloudfront.net/img/teams/84.png,https://d2zywfiolv4f83.cloudfront.net/img/teams/80.png,22,22
108,5,10732,24500,Italy Serie A,2025-2026,1901132,https://www.whoscored.com/matches/1901132/live/italy-serie-a-2025-2026-verona-udinese,Jan 2026,FT,Hellas Verona,Udinese,76,86,1,3,2026-01-26,https://d2zywfiolv4f83.cloudfront.net/img/teams/76.png,https://d2zywfiolv4f83.cloudfront.net/img/teams/86.png,22,22
108,5,10732,24500,Italy Serie A,2025-2026,1901142,https://www.whoscored.com/matches/1901142/live/italy-serie-a-2025-2026-lazio-genoa,Jan 2026,FT,Lazio,Genoa,77,278,3,2,2026-01-30,https://d2zywfiolv4f83.cloudfront.net/img/teams/77.png,https://d2zywfiolv4f83.cloudfront.net/img/teams/278.png,23,23
108,5,10732,24500,Italy Serie A,2025-2026,1901148,https://www.whoscored.com/matches/1901148/live/italy-serie-a-2025-2026-pisa-sassuolo,Jan 2026,FT,Pisa,Sassuolo,777,2889,1,3,2026-01-31,https://d2zywfiolv4f83.cloudfront.net/img/teams/777.png,https://d2zywfiolv4f83.cloudfront.net/img/teams/2889.png,23,23
108,5,10732,24500,Italy Serie A,2025-2026,1901144,https://www.whoscored.com/matches/1901144/live/italy-serie-a-2025-2026-napoli-fiorentina,Jan 2026,FT,Napoli,Fiorentina,276,73,2,1,2026-01-31,https://d2zywfiolv4f83.cloudfront.net/img/teams/276.png,https://d2zywfiolv4f83.cloudfront.net/img/teams/73.png,23,23
108,5,10732,24500,Italy Serie A,2025-2026,1901136,https://www.whoscored.com/matches/1901136/live/italy-serie-a-2025-2026-cagliari-verona,Jan 2026,FT,Cagliari,Hellas Verona,78,76,4,0,2026-01-31,https://d2zywfiolv4f83.cloudfront.net/img/teams/78.png,https://d2zywfiolv4f83.cloudfront.net/img/teams/76.png,23,23
108,5,10732,24500,Italy Serie A,2025-2026,1901150,https://www.whoscored.com/matches/1901150/live/italy-serie-a-2025-2026-torino-lecce,Feb 2026,FT,Torino,Lecce,72,79,1,0,2026-02-01,https://d2zywfiolv4f83.cloudfront.net/img/teams/72.png,https://d2zywfiolv4f83.cloudfront.net/img/teams/79.png,23,23
108,5,10732,24500,Italy Serie A,2025-2026,1901138,https://www.whoscored.com/matches/1901138/live/italy-serie-a-2025-2026-como-atalanta,Feb 2026,FT,Como,Atalanta,1290,300,0,0,2026-02-01,https://d2zywfiolv4f83.cloudfront.net/img/teams/1290.png,https://d2zywfiolv4f83.cloudfront.net/img/teams/300.png,23,23
108,5,10732,24500,Italy Serie A,2025-2026,1901140,https://www.whoscored.com/matches/1901140/live/italy-serie-a-2025-2026-cremonese-inter,Feb 2026,FT,Cremonese,Inter,2731,75,0,2,2026-02-01,https://d2zywfiolv4f83.cloudfront.net/img/teams/2731.png,https://d2zywfiolv4f83.cloudfront.net/img/teams/75.png,23,23
108,5,10732,24500,Italy Serie A,2025-2026,1901146,https://www.whoscored.com/matches/1901146/live/italy-serie-a-2025-2026-parma-calcio-1913-juventus,Feb 2026,FT,Parma,Juventus,24341,87,1,4,2026-02-01,https://d2zywfiolv4f83.cloudfront.net/img/teams/24341.png,https://d2zywfiolv4f83.cloudfront.net/img/teams/87.png,23,23
108,5,10732,24500,Italy Serie A,2025-2026,1901152,https://www.whoscored.com/matches/1901152/live/italy-serie-a-2025-2026-udinese-roma,Feb 2026,FT,Udinese,Roma,86,84,1,0,2026-02-02,https://d2zywfiolv4f83.cloudfront.net/img/teams/86.png,https://d2zywfiolv4f83.cloudfront.net/img/teams/84.png,23,23
108,5,10732,24500,Italy Serie A,2025-2026,1901134,https://www.whoscored.com/matches/1901134/live/italy-serie-a-2025-2026-bologna-ac-milan,Feb 2026,FT,Bologna,Milan,71,80,0,3,2026-02-03,https://d2zywfiolv4f83.cloudfront.net/img/teams/71.png,https://d2zywfiolv4f83.cloudfront.net/img/teams/80.png,23,23
108,5,10732,24500,Italy Serie A,2025-2026,1901154,https://www.whoscored.com/matches/1901154/live/italy-serie-a-2025-2026-verona-pisa,Feb 2026,FT,Hellas Verona,Pisa,76,777,0,0,2026-02-06,https://d2zywfiolv4f83.cloudfront.net/img/teams/76.png,https://d2zywfiolv4f83.cloudfront.net/img/teams/777.png,24,24
108,5,10732,24500,Italy Serie A,2025-2026,1901162,https://www.whoscored.com/matches/1901162/live/italy-serie-a-2025-2026-genoa-napoli,Feb 2026,FT,Genoa,Napoli,278,276,2,3,2026-02-07,https://d2zywfiolv4f83.cloudfront.net/img/teams/278.png,https://d2zywfiolv4f83.cloudfront.net/img/teams/276.png,24,24
108,5,10732,24500,Italy Serie A,2025-2026,1901160,https://www.whoscored.com/matches/1901160/live/italy-serie-a-2025-2026-fiorentina-torino,Feb 2026,FT,Fiorentina,Torino,73,72,2,2,2026-02-07,https://d2zywfiolv4f83.cloudfront.net/img/teams/73.png,https://d2zywfiolv4f83.cloudfront.net/img/teams/72.png,24,24
108,5,10732,24500,Italy Serie A,2025-2026,1901159,https://www.whoscored.com/matches/1901159/live/italy-serie-a-2025-2026-bologna-parma-calcio-1913,Feb 2026,FT,Bologna,Parma,71,24341,0,1,2026-02-08,https://d2zywfiolv4f83.cloudfront.net/img/teams/71.png,https://d2zywfiolv4f83.cloudfront.net/img/teams/24341.png,24,24
108,5,10732,24500,Italy Serie A,2025-2026,1901357,https://www.whoscored.com/matches/1901357/live/italy-serie-a-2025-2026-lecce-udinese,Feb 2026,FT,Lecce,Udinese,79,86,2,1,2026-02-08,https://d2zywfiolv4f83.cloudfront.net/img/teams/79.png,https://d2zywfiolv4f83.cloudfront.net/img/teams/86.png,24,24
108,5,10732,24500,Italy Serie A,2025-2026,1901156,https://www.whoscored.com/matches/1901156/live/italy-serie-a-2025-2026-sassuolo-inter,Feb 2026,FT,Sassuolo,Inter,2889,75,0,5,2026-02-08,https://d2zywfiolv4f83.cloudfront.net/img/teams/2889.png,https://d2zywfiolv4f83.cloudfront.net/img/teams/75.png,24,24
108,5,10732,24500,Italy Serie A,2025-2026,1901164,https://www.whoscored.com/matches/1901164/live/italy-serie-a-2025-2026-juventus-lazio,Feb 2026,FT,Juventus,Lazio,87,77,2,2,2026-02-08,https://d2zywfiolv4f83.cloudfront.net/img/teams/87.png,https://d2zywfiolv4f83.cloudfront.net/img/teams/77.png,24,24
108,5,10732,24500,Italy Serie A,2025-2026,1901158,https://www.whoscored.com/matches/1901158/live/italy-serie-a-2025-2026-atalanta-cremonese,Feb 2026,FT,Atalanta,Cremonese,300,2731,2,1,2026-02-09,https://d2zywfiolv4f83.cloudfront.net/img/teams/300.png,https://d2zywfiolv4f83.cloudfront.net/img/teams/2731.png,24,24
108,5,10732,24500,Italy Serie A,2025-2026,1901157,https://www.whoscored.com/matches/1901157/live/italy-serie-a-2025-2026-roma-cagliari,Feb 2026,FT,Roma,Cagliari,84,78,2,0,2026-02-09,https://d2zywfiolv4f83.cloudfront.net/img/teams/84.png,https://d2zywfiolv4f83.cloudfront.net/img/teams/78.png,24,24
108,5,10732,24500,Italy Serie A,2025-2026,1901366,https://www.whoscored.com/matches/1901366/live/italy-serie-a-2025-2026-pisa-ac-milan,Feb 2026,FT,Pisa,Milan,777,80,1,2,2026-02-13,https://d2zywfiolv4f83.cloudfront.net/img/teams/777.png,https://d2zywfiolv4f83.cloudfront.net/img/teams/80.png,25,25
108,5,10732,24500,Italy Serie A,2025-2026,1901360,https://www.whoscored.com/matches/1901360/live/italy-serie-a-2025-2026-como-fiorentina,Feb 2026,FT,Como,Fiorentina,1290,73,1,2,2026-02-14,https://d2zywfiolv4f83.cloudfront.net/img/teams/1290.png,https://d2zywfiolv4f83.cloudfront.net/img/teams/73.png,25,25
108,5,10732,24500,Italy Serie A,2025-2026,1901363,https://www.whoscored.com/matches/1901363/live/italy-serie-a-2025-2026-lazio-atalanta,Feb 2026,FT,Lazio,Atalanta,77,300,0,2,2026-02-14,https://d2zywfiolv4f83.cloudfront.net/img/teams/77.png,https://d2zywfiolv4f83.cloudfront.net/img/teams/300.png,25,25
108,5,10732,24500,Italy Serie A,2025-2026,1901362,https://www.whoscored.com/matches/1901362/live/italy-serie-a-2025-2026-inter-juventus,Feb 2026,FT,Inter,Juventus,75,87,3,2,2026-02-14,https://d2zywfiolv4f83.cloudfront.net/img/teams/75.png,https://d2zywfiolv4f83.cloudfront.net/img/teams/87.png,25,25
108,5,10732,24500,Italy Serie A,2025-2026,1901368,https://www.whoscored.com/matches/1901368/live/italy-serie-a-2025-2026-udinese-sassuolo,Feb 2026,FT,Udinese,Sassuolo,86,2889,1,2,2026-02-15,https://d2zywfiolv4f83.cloudfront.net/img/teams/86.png,https://d2zywfiolv4f83.cloudfront.net/img/teams/2889.png,25,25
108,5,10732,24500,Italy Serie A,2025-2026,1901361,https://www.whoscored.com/matches/1901361/live/italy-serie-a-2025-2026-cremonese-genoa,Feb 2026,FT,Cremonese,Genoa,2731,278,0,0,2026-02-15,https://d2zywfiolv4f83.cloudfront.net/img/teams/2731.png,https://d2zywfiolv4f83.cloudfront.net/img/teams/278.png,25,25
108,5,10732,24500,Italy Serie A,2025-2026,1901365,https://www.whoscored.com/matches/1901365/live/italy-serie-a-2025-2026-parma-calcio-1913-verona,Feb 2026,FT,Parma,Hellas Verona,24341,76,2,1,2026-02-15,https://d2zywfiolv4f83.cloudfront.net/img/teams/24341.png,https://d2zywfiolv4f83.cloudfront.net/img/teams/76.png,25,25
108,5,10732,24500,Italy Serie A,2025-2026,1901367,https://www.whoscored.com/matches/1901367/live/italy-serie-a-2025-2026-torino-bologna,Feb 2026,FT,Torino,Bologna,72,71,1,2,2026-02-15,https://d2zywfiolv4f83.cloudfront.net/img/teams/72.png,https://d2zywfiolv4f83.cloudfront.net/img/teams/71.png,25,25
108,5,10732,24500,Italy Serie A,2025-2026,1901364,https://www.whoscored.com/matches/1901364/live/italy-serie-a-2025-2026-napoli-roma,Feb 2026,FT,Napoli,Roma,276,84,2,2,2026-02-15,https://d2zywfiolv4f83.cloudfront.net/img/teams/276.png,https://d2zywfiolv4f83.cloudfront.net/img/teams/84.png,25,25
108,5,10732,24500,Italy Serie A,2025-2026,1901359,https://www.whoscored.com/matches/1901359/live/italy-serie-a-2025-2026-cagliari-lecce,Feb 2026,FT,Cagliari,Lecce,78,79,0,2,2026-02-16,https://d2zywfiolv4f83.cloudfront.net/img/teams/78.png,https://d2zywfiolv4f83.cloudfront.net/img/teams/79.png,25,25
108,5,10732,24500,Italy Serie A,2025-2026,1901358,https://www.whoscored.com/matches/1901358/live/italy-serie-a-2025-2026-ac-milan-como,Feb 2026,FT,Milan,Como,80,1290,1,1,2026-02-18,https://d2zywfiolv4f83.cloudfront.net/img/teams/80.png,https://d2zywfiolv4f83.cloudfront.net/img/teams/1290.png,24,24
108,5,10732,24500,Italy Serie A,2025-2026,1901378,https://www.whoscored.com/matches/1901378/live/italy-serie-a-2025-2026-sassuolo-verona,Feb 2026,FT,Sassuolo,Hellas Verona,2889,76,3,0,2026-02-20,https://d2zywfiolv4f83.cloudfront.net/img/teams/2889.png,https://d2zywfiolv4f83.cloudfront.net/img/teams/76.png,26,26
108,5,10732,24500,Italy Serie A,2025-2026,1901374,https://www.whoscored.com/matches/1901374/live/italy-serie-a-2025-2026-juventus-como,Feb 2026,FT,Juventus,Como,87,1290,0,2,2026-02-21,https://d2zywfiolv4f83.cloudfront.net/img/teams/87.png,https://d2zywfiolv4f83.cloudfront.net/img/teams/1290.png,26,26
108,5,10732,24500,Italy Serie A,2025-2026,1901375,https://www.whoscored.com/matches/1901375/live/italy-serie-a-2025-2026-lecce-inter,Feb 2026,FT,Lecce,Inter,79,75,0,2,2026-02-21,https://d2zywfiolv4f83.cloudfront.net/img/teams/79.png,https://d2zywfiolv4f83.cloudfront.net/img/teams/75.png,26,26
108,5,10732,24500,Italy Serie A,2025-2026,1901371,https://www.whoscored.com/matches/1901371/live/italy-serie-a-2025-2026-cagliari-lazio,Feb 2026,FT,Cagliari,Lazio,78,77,0,0,2026-02-21,https://d2zywfiolv4f83.cloudfront.net/img/teams/78.png,https://d2zywfiolv4f83.cloudfront.net/img/teams/77.png,26,26
108,5,10732,24500,Italy Serie A,2025-2026,1901373,https://www.whoscored.com/matches/1901373/live/italy-serie-a-2025-2026-genoa-torino,Feb 2026,FT,Genoa,Torino,278,72,3,0,2026-02-22,https://d2zywfiolv4f83.cloudfront.net/img/teams/278.png,https://d2zywfiolv4f83.cloudfront.net/img/teams/72.png,26,26
108,5,10732,24500,Italy Serie A,2025-2026,1901369,https://www.whoscored.com/matches/1901369/live/italy-serie-a-2025-2026-atalanta-napoli,Feb 2026,FT,Atalanta,Napoli,300,276,2,1,2026-02-22,https://d2zywfiolv4f83.cloudfront.net/img/teams/300.png,https://d2zywfiolv4f83.cloudfront.net/img/teams/276.png,26,26
108,5,10732,24500,Italy Serie A,2025-2026,1901376,https://www.whoscored.com/matches/1901376/live/italy-serie-a-2025-2026-ac-milan-parma-calcio-1913,Feb 2026,FT,Milan,Parma,80,24341,0,1,2026-02-22,https://d2zywfiolv4f83.cloudfront.net/img/teams/80.png,https://d2zywfiolv4f83.cloudfront.net/img/teams/24341.png,26,26
108,5,10732,24500,Italy Serie A,2025-2026,1901377,https://www.whoscored.com/matches/1901377/live/italy-serie-a-2025-2026-roma-cremonese,Feb 2026,FT,Roma,Cremonese,84,2731,3,0,2026-02-22,https://d2zywfiolv4f83.cloudfront.net/img/teams/84.png,https://d2zywfiolv4f83.cloudfront.net/img/teams/2731.png,26,26
108,5,10732,24500,Italy Serie A,2025-2026,1901372,https://www.whoscored.com/matches/1901372/live/italy-serie-a-2025-2026-fiorentina-pisa,Feb 2026,FT,Fiorentina,Pisa,73,777,1,0,2026-02-23,https://d2zywfiolv4f83.cloudfront.net/img/teams/73.png,https://d2zywfiolv4f83.cloudfront.net/img/teams/777.png,26,26
108,5,10732,24500,Italy Serie A,2025-2026,1901370,https://www.whoscored.com/matches/1901370/live/italy-serie-a-2025-2026-bologna-udinese,Feb 2026,FT,Bologna,Udinese,71,86,1,0,2026-02-23,https://d2zywfiolv4f83.cloudfront.net/img/teams/71.png,https://d2zywfiolv4f83.cloudfront.net/img/teams/86.png,26,26
108,5,10732,24500,Italy Serie A,2025-2026,1901381,https://www.whoscored.com/matches/1901381/live/italy-serie-a-2025-2026-parma-calcio-1913-cagliari,Feb 2026,FT,Parma,Cagliari,24341,78,1,1,2026-02-27,https://d2zywfiolv4f83.cloudfront.net/img/teams/24341.png,https://d2zywfiolv4f83.cloudfront.net/img/teams/78.png,27,27
108,5,10732,24500,Italy Serie A,2025-2026,1901388,https://www.whoscored.com/matches/1901388/live/italy-serie-a-2025-2026-como-lecce,Feb 2026,FT,Como,Lecce,1290,79,3,1,2026-02-28,https://d2zywfiolv4f83.cloudfront.net/img/teams/1290.png,https://d2zywfiolv4f83.cloudfront.net/img/teams/79.png,27,27
108,5,10732,24500,Italy Serie A,2025-2026,1901384,https://www.whoscored.com/matches/1901384/live/italy-serie-a-2025-2026-verona-napoli,Feb 2026,FT,Hellas Verona,Napoli,76,276,1,2,2026-02-28,https://d2zywfiolv4f83.cloudfront.net/img/teams/76.png,https://d2zywfiolv4f83.cloudfront.net/img/teams/276.png,27,27
108,5,10732,24500,Italy Serie A,2025-2026,1901380,https://www.whoscored.com/matches/1901380/live/italy-serie-a-2025-2026-inter-genoa,Feb 2026,FT,Inter,Genoa,75,278,2,0,2026-02-28,https://d2zywfiolv4f83.cloudfront.net/img/teams/75.png,https://d2zywfiolv4f83.cloudfront.net/img/teams/278.png,27,27
108,5,10732,24500,Italy Serie A,2025-2026,1901379,https://www.whoscored.com/matches/1901379/live/italy-serie-a-2025-2026-cremonese-ac-milan,Mar 2026,FT,Cremonese,Milan,2731,80,0,2,2026-03-01,https://d2zywfiolv4f83.cloudfront.net/img/teams/2731.png,https://d2zywfiolv4f83.cloudfront.net/img/teams/80.png,27,27
108,5,10732,24500,Italy Serie A,2025-2026,1901387,https://www.whoscored.com/matches/1901387/live/italy-serie-a-2025-2026-sassuolo-atalanta,Mar 2026,FT,Sassuolo,Atalanta,2889,300,2,1,2026-03-01,https://d2zywfiolv4f83.cloudfront.net/img/teams/2889.png,https://d2zywfiolv4f83.cloudfront.net/img/teams/300.png,27,27
108,5,10732,24500,Italy Serie A,2025-2026,1901386,https://www.whoscored.com/matches/1901386/live/italy-serie-a-2025-2026-torino-lazio,Mar 2026,FT,Torino,Lazio,72,77,2,0,2026-03-01,https://d2zywfiolv4f83.cloudfront.net/img/teams/72.png,https://d2zywfiolv4f83.cloudfront.net/img/teams/77.png,27,27
108,5,10732,24500,Italy Serie A,2025-2026,1901383,https://www.whoscored.com/matches/1901383/live/italy-serie-a-2025-2026-roma-juventus,Mar 2026,FT,Roma,Juventus,84,87,3,3,2026-03-01,https://d2zywfiolv4f83.cloudfront.net/img/teams/84.png,https://d2zywfiolv4f83.cloudfront.net/img/teams/87.png,27,27
108,5,10732,24500,Italy Serie A,2025-2026,1901382,https://www.whoscored.com/matches/1901382/live/italy-serie-a-2025-2026-pisa-bologna,Mar 2026,FT,Pisa,Bologna,777,71,0,1,2026-03-02,https://d2zywfiolv4f83.cloudfront.net/img/teams/777.png,https://d2zywfiolv4f83.cloudfront.net/img/teams/71.png,27,27
108,5,10732,24500,Italy Serie A,2025-2026,1901385,https://www.whoscored.com/matches/1901385/live/italy-serie-a-2025-2026-udinese-fiorentina,Mar 2026,FT,Udinese,Fiorentina,86,73,3,0,2026-03-02,https://d2zywfiolv4f83.cloudfront.net/img/teams/86.png,https://d2zywfiolv4f83.cloudfront.net/img/teams/73.png,27,27
108,5,10732,24500,Italy Serie A,2025-2026,1901389,https://www.whoscored.com/matches/1901389/live/italy-serie-a-2025-2026-napoli-torino,Mar 2026,FT,Napoli,Torino,276,72,2,1,2026-03-06,https://d2zywfiolv4f83.cloudfront.net/img/teams/276.png,https://d2zywfiolv4f83.cloudfront.net/img/teams/72.png,28,28
108,5,10732,24500,Italy Serie A,2025-2026,1901391,https://www.whoscored.com/matches/1901391/live/italy-serie-a-2025-2026-cagliari-como,Mar 2026,FT,Cagliari,Como,78,1290,1,2,2026-03-07,https://d2zywfiolv4f83.cloudfront.net/img/teams/78.png,https://d2zywfiolv4f83.cloudfront.net/img/teams/1290.png,28,28
108,5,10732,24500,Italy Serie A,2025-2026,1901390,https://www.whoscored.com/matches/1901390/live/italy-serie-a-2025-2026-atalanta-udinese,Mar 2026,FT,Atalanta,Udinese,300,86,2,2,2026-03-07,https://d2zywfiolv4f83.cloudfront.net/img/teams/300.png,https://d2zywfiolv4f83.cloudfront.net/img/teams/86.png,28,28
108,5,10732,24500,Italy Serie A,2025-2026,1901394,https://www.whoscored.com/matches/1901394/live/italy-serie-a-2025-2026-juventus-pisa,Mar 2026,FT,Juventus,Pisa,87,777,4,0,2026-03-07,https://d2zywfiolv4f83.cloudfront.net/img/teams/87.png,https://d2zywfiolv4f83.cloudfront.net/img/teams/777.png,28,28
108,5,10732,24500,Italy Serie A,2025-2026,1901396,https://www.whoscored.com/matches/1901396/live/italy-serie-a-2025-2026-lecce-cremonese,Mar 2026,FT,Lecce,Cremonese,79,2731,2,1,2026-03-08,https://d2zywfiolv4f83.cloudfront.net/img/teams/79.png,https://d2zywfiolv4f83.cloudfront.net/img/teams/2731.png,28,28
108,5,10732,24500,Italy Serie A,2025-2026,1901392,https://www.whoscored.com/matches/1901392/live/italy-serie-a-2025-2026-fiorentina-parma-calcio-1913,Mar 2026,FT,Fiorentina,Parma,73,24341,0,0,2026-03-08,https://d2zywfiolv4f83.cloudfront.net/img/teams/73.png,https://d2zywfiolv4f83.cloudfront.net/img/teams/24341.png,28,28
108,5,10732,24500,Italy Serie A,2025-2026,1901398,https://www.whoscored.com/matches/1901398/live/italy-serie-a-2025-2026-bologna-verona,Mar 2026,FT,Bologna,Hellas Verona,71,76,1,2,2026-03-08,https://d2zywfiolv4f83.cloudfront.net/img/teams/71.png,https://d2zywfiolv4f83.cloudfront.net/img/teams/76.png,28,28
108,5,10732,24500,Italy Serie A,2025-2026,1901393,https://www.whoscored.com/matches/1901393/live/italy-serie-a-2025-2026-genoa-roma,Mar 2026,FT,Genoa,Roma,278,84,2,1,2026-03-08,https://d2zywfiolv4f83.cloudfront.net/img/teams/278.png,https://d2zywfiolv4f83.cloudfront.net/img/teams/84.png,28,28
108,5,10732,24500,Italy Serie A,2025-2026,1901397,https://www.whoscored.com/matches/1901397/live/italy-serie-a-2025-2026-ac-milan-inter,Mar 2026,FT,Milan,Inter,80,75,1,0,2026-03-08,https://d2zywfiolv4f83.cloudfront.net/img/teams/80.png,https://d2zywfiolv4f83.cloudfront.net/img/teams/75.png,28,28
108,5,10732,24500,Italy Serie A,2025-2026,1901395,https://www.whoscored.com/matches/1901395/live/italy-serie-a-2025-2026-lazio-sassuolo,Mar 2026,FT,Lazio,Sassuolo,77,2889,2,1,2026-03-09,https://d2zywfiolv4f83.cloudfront.net/img/teams/77.png,https://d2zywfiolv4f83.cloudfront.net/img/teams/2889.png,28,28
108,5,10732,24500,Italy Serie A,2025-2026,1901177,https://www.whoscored.com/matches/1901177/live/italy-serie-a-2025-2026-torino-parma-calcio-1913,Mar 2026,FT,Torino,Parma,72,24341,4,1,2026-03-13,https://d2zywfiolv4f83.cloudfront.net/img/teams/72.png,https://d2zywfiolv4f83.cloudfront.net/img/teams/24341.png,29,29
108,5,10732,24500,Italy Serie A,2025-2026,1901167,https://www.whoscored.com/matches/1901167/live/italy-serie-a-2025-2026-inter-atalanta,Mar 2026,FT,Inter,Atalanta,75,300,1,1,2026-03-14,https://d2zywfiolv4f83.cloudfront.net/img/teams/75.png,https://d2zywfiolv4f83.cloudfront.net/img/teams/300.png,29,29
108,5,10732,24500,Italy Serie A,2025-2026,1901171,https://www.whoscored.com/matches/1901171/live/italy-serie-a-2025-2026-napoli-lecce,Mar 2026,FT,Napoli,Lecce,276,79,2,1,2026-03-14,https://d2zywfiolv4f83.cloudfront.net/img/teams/276.png,https://d2zywfiolv4f83.cloudfront.net/img/teams/79.png,29,29
108,5,10732,24500,Italy Serie A,2025-2026,1901179,https://www.whoscored.com/matches/1901179/live/italy-serie-a-2025-2026-udinese-juventus,Mar 2026,FT,Udinese,Juventus,86,87,0,1,2026-03-14,https://d2zywfiolv4f83.cloudfront.net/img/teams/86.png,https://d2zywfiolv4f83.cloudfront.net/img/teams/87.png,29,29
108,5,10732,24500,Italy Serie A,2025-2026,1901181,https://www.whoscored.com/matches/1901181/live/italy-serie-a-2025-2026-verona-genoa,Mar 2026,FT,Hellas Verona,Genoa,76,278,0,2,2026-03-15,https://d2zywfiolv4f83.cloudfront.net/img/teams/76.png,https://d2zywfiolv4f83.cloudfront.net/img/teams/278.png,29,29
108,5,10732,24500,Italy Serie A,2025-2026,1901173,https://www.whoscored.com/matches/1901173/live/italy-serie-a-2025-2026-pisa-cagliari,Mar 2026,FT,Pisa,Cagliari,777,78,3,1,2026-03-15,https://d2zywfiolv4f83.cloudfront.net/img/teams/777.png,https://d2zywfiolv4f83.cloudfront.net/img/teams/78.png,29,29
108,5,10732,24500,Italy Serie A,2025-2026,1901175,https://www.whoscored.com/matches/1901175/live/italy-serie-a-2025-2026-sassuolo-bologna,Mar 2026,FT,Sassuolo,Bologna,2889,71,0,1,2026-03-15,https://d2zywfiolv4f83.cloudfront.net/img/teams/2889.png,https://d2zywfiolv4f83.cloudfront.net/img/teams/71.png,29,29
108,5,10732,24500,Italy Serie A,2025-2026,1901399,https://www.whoscored.com/matches/1901399/live/italy-serie-a-2025-2026-como-roma,Mar 2026,FT,Como,Roma,1290,84,2,1,2026-03-15,https://d2zywfiolv4f83.cloudfront.net/img/teams/1290.png,https://d2zywfiolv4f83.cloudfront.net/img/teams/84.png,29,29
108,5,10732,24500,Italy Serie A,2025-2026,1901169,https://www.whoscored.com/matches/1901169/live/italy-serie-a-2025-2026-lazio-ac-milan,Mar 2026,FT,Lazio,Milan,77,80,1,0,2026-03-15,https://d2zywfiolv4f83.cloudfront.net/img/teams/77.png,https://d2zywfiolv4f83.cloudfront.net/img/teams/80.png,29,29
108,5,10732,24500,Italy Serie A,2025-2026,1901165,https://www.whoscored.com/matches/1901165/live/italy-serie-a-2025-2026-cremonese-fiorentina,Mar 2026,FT,Cremonese,Fiorentina,2731,73,1,4,2026-03-16,https://d2zywfiolv4f83.cloudfront.net/img/teams/2731.png,https://d2zywfiolv4f83.cloudfront.net/img/teams/73.png,29,29
108,5,10732,24500,Italy Serie A,2025-2026,1901187,https://www.whoscored.com/matches/1901187/live/italy-serie-a-2025-2026-cagliari-napoli,Mar 2026,FT,Cagliari,Napoli,78,276,0,1,2026-03-20,https://d2zywfiolv4f83.cloudfront.net/img/teams/78.png,https://d2zywfiolv4f83.cloudfront.net/img/teams/276.png,30,30
108,5,10732,24500,Italy Serie A,2025-2026,1901193,https://www.whoscored.com/matches/1901193/live/italy-serie-a-2025-2026-genoa-udinese,Mar 2026,FT,Genoa,Udinese,278,86,0,2,2026-03-20,https://d2zywfiolv4f83.cloudfront.net/img/teams/278.png,https://d2zywfiolv4f83.cloudfront.net/img/teams/86.png,30,30
108,5,10732,24500,Italy Serie A,2025-2026,1901199,https://www.whoscored.com/matches/1901199/live/italy-serie-a-2025-2026-parma-calcio-1913-cremonese,Mar 2026,FT,Parma,Cremonese,24341,2731,0,2,2026-03-21,https://d2zywfiolv4f83.cloudfront.net/img/teams/24341.png,https://d2zywfiolv4f83.cloudfront.net/img/teams/2731.png,30,30
108,5,10732,24500,Italy Serie A,2025-2026,1901197,https://www.whoscored.com/matches/1901197/live/italy-serie-a-2025-2026-ac-milan-torino,Mar 2026,FT,Milan,Torino,80,72,3,2,2026-03-21,https://d2zywfiolv4f83.cloudfront.net/img/teams/80.png,https://d2zywfiolv4f83.cloudfront.net/img/teams/72.png,30,30
108,5,10732,24500,Italy Serie A,2025-2026,1901195,https://www.whoscored.com/matches/1901195/live/italy-serie-a-2025-2026-juventus-sassuolo,Mar 2026,FT,Juventus,Sassuolo,87,2889,1,1,2026-03-21,https://d2zywfiolv4f83.cloudfront.net/img/teams/87.png,https://d2zywfiolv4f83.cloudfront.net/img/teams/2889.png,30,30
108,5,10732,24500,Italy Serie A,2025-2026,1901189,https://www.whoscored.com/matches/1901189/live/italy-serie-a-2025-2026-como-pisa,Mar 2026,FT,Como,Pisa,1290,777,5,0,2026-03-22,https://d2zywfiolv4f83.cloudfront.net/img/teams/1290.png,https://d2zywfiolv4f83.cloudfront.net/img/teams/777.png,30,30
108,5,10732,24500,Italy Serie A,2025-2026,1901183,https://www.whoscored.com/matches/1901183/live/italy-serie-a-2025-2026-atalanta-verona,Mar 2026,FT,Atalanta,Hellas Verona,300,76,1,0,2026-03-22,https://d2zywfiolv4f83.cloudfront.net/img/teams/300.png,https://d2zywfiolv4f83.cloudfront.net/img/teams/76.png,30,30
108,5,10732,24500,Italy Serie A,2025-2026,1901185,https://www.whoscored.com/matches/1901185/live/italy-serie-a-2025-2026-bologna-lazio,Mar 2026,FT,Bologna,Lazio,71,77,0,2,2026-03-22,https://d2zywfiolv4f83.cloudfront.net/img/teams/71.png,https://d2zywfiolv4f83.cloudfront.net/img/teams/77.png,30,30
108,5,10732,24500,Italy Serie A,2025-2026,1901201,https://www.whoscored.com/matches/1901201/live/italy-serie-a-2025-2026-roma-lecce,Mar 2026,FT,Roma,Lecce,84,79,1,0,2026-03-22,https://d2zywfiolv4f83.cloudfront.net/img/teams/84.png,https://d2zywfiolv4f83.cloudfront.net/img/teams/79.png,30,30
108,5,10732,24500,Italy Serie A,2025-2026,1901191,https://www.whoscored.com/matches/1901191/live/italy-serie-a-2025-2026-fiorentina-inter,Mar 2026,FT,Fiorentina,Inter,73,75,1,1,2026-03-22,https://d2zywfiolv4f83.cloudfront.net/img/teams/73.png,https://d2zywfiolv4f83.cloudfront.net/img/teams/75.png,30,30
108,5,10732,24500,Italy Serie A,2025-2026,1901217,https://www.whoscored.com/matches/1901217/live/italy-serie-a-2025-2026-sassuolo-cagliari,Apr 2026,FT,Sassuolo,Cagliari,2889,78,2,1,2026-04-04,https://d2zywfiolv4f83.cloudfront.net/img/teams/2889.png,https://d2zywfiolv4f83.cloudfront.net/img/teams/78.png,31,31
108,5,10732,24500,Italy Serie A,2025-2026,1901221,https://www.whoscored.com/matches/1901221/live/italy-serie-a-2025-2026-verona-fiorentina,Apr 2026,FT,Hellas Verona,Fiorentina,76,73,0,1,2026-04-04,https://d2zywfiolv4f83.cloudfront.net/img/teams/76.png,https://d2zywfiolv4f83.cloudfront.net/img/teams/73.png,31,31
108,5,10732,24500,Italy Serie A,2025-2026,1901209,https://www.whoscored.com/matches/1901209/live/italy-serie-a-2025-2026-lazio-parma-calcio-1913,Apr 2026,FT,Lazio,Parma,77,24341,1,1,2026-04-04,https://d2zywfiolv4f83.cloudfront.net/img/teams/77.png,https://d2zywfiolv4f83.cloudfront.net/img/teams/24341.png,31,31
108,5,10732,24500,Italy Serie A,2025-2026,1901203,https://www.whoscored.com/matches/1901203/live/italy-serie-a-2025-2026-cremonese-bologna,Apr 2026,FT,Cremonese,Bologna,2731,71,1,2,2026-04-05,https://d2zywfiolv4f83.cloudfront.net/img/teams/2731.png,https://d2zywfiolv4f83.cloudfront.net/img/teams/71.png,31,31
108,5,10732,24500,Italy Serie A,2025-2026,1901215,https://www.whoscored.com/matches/1901215/live/italy-serie-a-2025-2026-pisa-torino,Apr 2026,FT,Pisa,Torino,777,72,0,1,2026-04-05,https://d2zywfiolv4f83.cloudfront.net/img/teams/777.png,https://d2zywfiolv4f83.cloudfront.net/img/teams/72.png,31,31
108,5,10732,24500,Italy Serie A,2025-2026,1901205,https://www.whoscored.com/matches/1901205/live/italy-serie-a-2025-2026-inter-roma,Apr 2026,FT,Inter,Roma,75,84,5,2,2026-04-05,https://d2zywfiolv4f83.cloudfront.net/img/teams/75.png,https://d2zywfiolv4f83.cloudfront.net/img/teams/84.png,31,31
108,5,10732,24500,Italy Serie A,2025-2026,1901219,https://www.whoscored.com/matches/1901219/live/italy-serie-a-2025-2026-udinese-como,Apr 2026,FT,Udinese,Como,86,1290,0,0,2026-04-06,https://d2zywfiolv4f83.cloudfront.net/img/teams/86.png,https://d2zywfiolv4f83.cloudfront.net/img/teams/1290.png,31,31
108,5,10732,24500,Italy Serie A,2025-2026,1901211,https://www.whoscored.com/matches/1901211/live/italy-serie-a-2025-2026-lecce-atalanta,Apr 2026,FT,Lecce,Atalanta,79,300,0,3,2026-04-06,https://d2zywfiolv4f83.cloudfront.net/img/teams/79.png,https://d2zywfiolv4f83.cloudfront.net/img/teams/300.png,31,31
108,5,10732,24500,Italy Serie A,2025-2026,1901207,https://www.whoscored.com/matches/1901207/live/italy-serie-a-2025-2026-juventus-genoa,Apr 2026,FT,Juventus,Genoa,87,278,2,0,2026-04-06,https://d2zywfiolv4f83.cloudfront.net/img/teams/87.png,https://d2zywfiolv4f83.cloudfront.net/img/teams/278.png,31,31
108,5,10732,24500,Italy Serie A,2025-2026,1901213,https://www.whoscored.com/matches/1901213/live/italy-serie-a-2025-2026-napoli-ac-milan,Apr 2026,FT,Napoli,Milan,276,80,1,0,2026-04-06,https://d2zywfiolv4f83.cloudfront.net/img/teams/276.png,https://d2zywfiolv4f83.cloudfront.net/img/teams/80.png,31,31
108,5,10732,24500,Italy Serie A,2025-2026,1901239,https://www.whoscored.com/matches/1901239/live/italy-serie-a-2025-2026-roma-pisa,Apr 2026,FT,Roma,Pisa,84,777,3,0,2026-04-10,https://d2zywfiolv4f83.cloudfront.net/img/teams/84.png,https://d2zywfiolv4f83.cloudfront.net/img/teams/777.png,32,32
108,5,10732,24500,Italy Serie A,2025-2026,1901241,https://www.whoscored.com/matches/1901241/live/italy-serie-a-2025-2026-torino-verona,Apr 2026,FT,Torino,Hellas Verona,72,76,2,1,2026-04-11,https://d2zywfiolv4f83.cloudfront.net/img/teams/72.png,https://d2zywfiolv4f83.cloudfront.net/img/teams/76.png,32,32
108,5,10732,24500,Italy Serie A,2025-2026,1901227,https://www.whoscored.com/matches/1901227/live/italy-serie-a-2025-2026-cagliari-cremonese,Apr 2026,FT,Cagliari,Cremonese,78,2731,1,0,2026-04-11,https://d2zywfiolv4f83.cloudfront.net/img/teams/78.png,https://d2zywfiolv4f83.cloudfront.net/img/teams/2731.png,32,32
108,5,10732,24500,Italy Serie A,2025-2026,1901235,https://www.whoscored.com/matches/1901235/live/italy-serie-a-2025-2026-ac-milan-udinese,Apr 2026,FT,Milan,Udinese,80,86,0,3,2026-04-11,https://d2zywfiolv4f83.cloudfront.net/img/teams/80.png,https://d2zywfiolv4f83.cloudfront.net/img/teams/86.png,32,32
108,5,10732,24500,Italy Serie A,2025-2026,1901223,https://www.whoscored.com/matches/1901223/live/italy-serie-a-2025-2026-atalanta-juventus,Apr 2026,FT,Atalanta,Juventus,300,87,0,1,2026-04-11,https://d2zywfiolv4f83.cloudfront.net/img/teams/300.png,https://d2zywfiolv4f83.cloudfront.net/img/teams/87.png,32,32
108,5,10732,24500,Italy Serie A,2025-2026,1901233,https://www.whoscored.com/matches/1901233/live/italy-serie-a-2025-2026-genoa-sassuolo,Apr 2026,FT,Genoa,Sassuolo,278,2889,2,1,2026-04-12,https://d2zywfiolv4f83.cloudfront.net/img/teams/278.png,https://d2zywfiolv4f83.cloudfront.net/img/teams/2889.png,32,32
108,5,10732,24500,Italy Serie A,2025-2026,1901237,https://www.whoscored.com/matches/1901237/live/italy-serie-a-2025-2026-parma-calcio-1913-napoli,Apr 2026,FT,Parma,Napoli,24341,276,1,1,2026-04-12,https://d2zywfiolv4f83.cloudfront.net/img/teams/24341.png,https://d2zywfiolv4f83.cloudfront.net/img/teams/276.png,32,32
108,5,10732,24500,Italy Serie A,2025-2026,1901225,https://www.whoscored.com/matches/1901225/live/italy-serie-a-2025-2026-bologna-lecce,Apr 2026,FT,Bologna,Lecce,71,79,2,0,2026-04-12,https://d2zywfiolv4f83.cloudfront.net/img/teams/71.png,https://d2zywfiolv4f83.cloudfront.net/img/teams/79.png,32,32
108,5,10732,24500,Italy Serie A,2025-2026,1901229,https://www.whoscored.com/matches/1901229/live/italy-serie-a-2025-2026-como-inter,Apr 2026,FT,Como,Inter,1290,75,3,4,2026-04-12,https://d2zywfiolv4f83.cloudfront.net/img/teams/1290.png,https://d2zywfiolv4f83.cloudfront.net/img/teams/75.png,32,32
108,5,10732,24500,Italy Serie A,2025-2026,1901231,https://www.whoscored.com/matches/1901231/live/italy-serie-a-2025-2026-fiorentina-lazio,Apr 2026,FT,Fiorentina,Lazio,73,77,1,0,2026-04-13,https://d2zywfiolv4f83.cloudfront.net/img/teams/73.png,https://d2zywfiolv4f83.cloudfront.net/img/teams/77.png,32,32
108,5,10732,24500,Italy Serie A,2025-2026,1901255,https://www.whoscored.com/matches/1901255/live/italy-serie-a-2025-2026-sassuolo-como,Apr 2026,FT,Sassuolo,Como,2889,1290,2,1,2026-04-17,https://d2zywfiolv4f83.cloudfront.net/img/teams/2889.png,https://d2zywfiolv4f83.cloudfront.net/img/teams/1290.png,33,33
108,5,10732,24500,Italy Serie A,2025-2026,1901243,https://www.whoscored.com/matches/1901243/live/italy-serie-a-2025-2026-inter-cagliari,Apr 2026,FT,Inter,Cagliari,75,78,3,0,2026-04-17,https://d2zywfiolv4f83.cloudfront.net/img/teams/75.png,https://d2zywfiolv4f83.cloudfront.net/img/teams/78.png,33,33
108,5,10732,24500,Italy Serie A,2025-2026,1901257,https://www.whoscored.com/matches/1901257/live/italy-serie-a-2025-2026-udinese-parma-calcio-1913,Apr 2026,FT,Udinese,Parma,86,24341,0,1,2026-04-18,https://d2zywfiolv4f83.cloudfront.net/img/teams/86.png,https://d2zywfiolv4f83.cloudfront.net/img/teams/24341.png,33,33
108,5,10732,24500,Italy Serie A,2025-2026,1901249,https://www.whoscored.com/matches/1901249/live/italy-serie-a-2025-2026-napoli-lazio,Apr 2026,FT,Napoli,Lazio,276,77,0,2,2026-04-18,https://d2zywfiolv4f83.cloudfront.net/img/teams/276.png,https://d2zywfiolv4f83.cloudfront.net/img/teams/77.png,33,33
108,5,10732,24500,Italy Serie A,2025-2026,1901253,https://www.whoscored.com/matches/1901253/live/italy-serie-a-2025-2026-roma-atalanta,Apr 2026,FT,Roma,Atalanta,84,300,1,1,2026-04-18,https://d2zywfiolv4f83.cloudfront.net/img/teams/84.png,https://d2zywfiolv4f83.cloudfront.net/img/teams/300.png,33,33
108,5,10732,24500,Italy Serie A,2025-2026,1901261,https://www.whoscored.com/matches/1901261/live/italy-serie-a-2025-2026-cremonese-torino,Apr 2026,FT,Cremonese,Torino,2731,72,0,0,2026-04-19,https://d2zywfiolv4f83.cloudfront.net/img/teams/2731.png,https://d2zywfiolv4f83.cloudfront.net/img/teams/72.png,33,33
108,5,10732,24500,Italy Serie A,2025-2026,1901259,https://www.whoscored.com/matches/1901259/live/italy-serie-a-2025-2026-verona-ac-milan,Apr 2026,FT,Hellas Verona,Milan,76,80,0,1,2026-04-19,https://d2zywfiolv4f83.cloudfront.net/img/teams/76.png,https://d2zywfiolv4f83.cloudfront.net/img/teams/80.png,33,33
108,5,10732,24500,Italy Serie A,2025-2026,1901251,https://www.whoscored.com/matches/1901251/live/italy-serie-a-2025-2026-pisa-genoa,Apr 2026,FT,Pisa,Genoa,777,278,1,2,2026-04-19,https://d2zywfiolv4f83.cloudfront.net/img/teams/777.png,https://d2zywfiolv4f83.cloudfront.net/img/teams/278.png,33,33
108,5,10732,24500,Italy Serie A,2025-2026,1901245,https://www.whoscored.com/matches/1901245/live/italy-serie-a-2025-2026-juventus-bologna,Apr 2026,FT,Juventus,Bologna,87,71,2,0,2026-04-19,https://d2zywfiolv4f83.cloudfront.net/img/teams/87.png,https://d2zywfiolv4f83.cloudfront.net/img/teams/71.png,33,33
108,5,10732,24500,Italy Serie A,2025-2026,1901247,https://www.whoscored.com/matches/1901247/live/italy-serie-a-2025-2026-lecce-fiorentina,Apr 2026,FT,Lecce,Fiorentina,79,73,1,1,2026-04-20,https://d2zywfiolv4f83.cloudfront.net/img/teams/79.png,https://d2zywfiolv4f83.cloudfront.net/img/teams/73.png,33,33
108,5,10732,24500,Italy Serie A,2025-2026,1901275,https://www.whoscored.com/matches/1901275/live/italy-serie-a-2025-2026-napoli-cremonese,Apr 2026,FT,Napoli,Cremonese,276,2731,4,0,2026-04-24,https://d2zywfiolv4f83.cloudfront.net/img/teams/276.png,https://d2zywfiolv4f83.cloudfront.net/img/teams/2731.png,34,34
108,5,10732,24500,Italy Serie A,2025-2026,1901277,https://www.whoscored.com/matches/1901277/live/italy-serie-a-2025-2026-parma-calcio-1913-pisa,Apr 2026,FT,Parma,Pisa,24341,777,1,0,2026-04-25,https://d2zywfiolv4f83.cloudfront.net/img/teams/24341.png,https://d2zywfiolv4f83.cloudfront.net/img/teams/777.png,34,34
108,5,10732,24500,Italy Serie A,2025-2026,1901263,https://www.whoscored.com/matches/1901263/live/italy-serie-a-2025-2026-bologna-roma,Apr 2026,FT,Bologna,Roma,71,84,0,2,2026-04-25,https://d2zywfiolv4f83.cloudfront.net/img/teams/71.png,https://d2zywfiolv4f83.cloudfront.net/img/teams/84.png,34,34
108,5,10732,24500,Italy Serie A,2025-2026,1901400,https://www.whoscored.com/matches/1901400/live/italy-serie-a-2025-2026-verona-lecce,Apr 2026,FT,Hellas Verona,Lecce,76,79,0,0,2026-04-25,https://d2zywfiolv4f83.cloudfront.net/img/teams/76.png,https://d2zywfiolv4f83.cloudfront.net/img/teams/79.png,34,34
108,5,10732,24500,Italy Serie A,2025-2026,1901267,https://www.whoscored.com/matches/1901267/live/italy-serie-a-2025-2026-fiorentina-sassuolo,Apr 2026,FT,Fiorentina,Sassuolo,73,2889,0,0,2026-04-26,https://d2zywfiolv4f83.cloudfront.net/img/teams/73.png,https://d2zywfiolv4f83.cloudfront.net/img/teams/2889.png,34,34
108,5,10732,24500,Italy Serie A,2025-2026,1901269,https://www.whoscored.com/matches/1901269/live/italy-serie-a-2025-2026-genoa-como,Apr 2026,FT,Genoa,Como,278,1290,0,2,2026-04-26,https://d2zywfiolv4f83.cloudfront.net/img/teams/278.png,https://d2zywfiolv4f83.cloudfront.net/img/teams/1290.png,34,34
108,5,10732,24500,Italy Serie A,2025-2026,1901279,https://www.whoscored.com/matches/1901279/live/italy-serie-a-2025-2026-torino-inter,Apr 2026,FT,Torino,Inter,72,75,2,2,2026-04-26,https://d2zywfiolv4f83.cloudfront.net/img/teams/72.png,https://d2zywfiolv4f83.cloudfront.net/img/teams/75.png,34,34
108,5,10732,24500,Italy Serie A,2025-2026,1901273,https://www.whoscored.com/matches/1901273/live/italy-serie-a-2025-2026-ac-milan-juventus,Apr 2026,FT,Milan,Juventus,80,87,0,0,2026-04-26,https://d2zywfiolv4f83.cloudfront.net/img/teams/80.png,https://d2zywfiolv4f83.cloudfront.net/img/teams/87.png,34,34
108,5,10732,24500,Italy Serie A,2025-2026,1901265,https://www.whoscored.com/matches/1901265/live/italy-serie-a-2025-2026-cagliari-atalanta,Apr 2026,FT,Cagliari,Atalanta,78,300,3,2,2026-04-27,https://d2zywfiolv4f83.cloudfront.net/img/teams/78.png,https://d2zywfiolv4f83.cloudfront.net/img/teams/300.png,34,34
108,5,10732,24500,Italy Serie A,2025-2026,1901271,https://www.whoscored.com/matches/1901271/live/italy-serie-a-2025-2026-lazio-udinese,Apr 2026,FT,Lazio,Udinese,77,86,3,3,2026-04-27,https://d2zywfiolv4f83.cloudfront.net/img/teams/77.png,https://d2zywfiolv4f83.cloudfront.net/img/teams/86.png,34,34
108,5,10732,24500,Italy Serie A,2025-2026,1901407,https://www.whoscored.com/matches/1901407/live/italy-serie-a-2025-2026-pisa-lecce,May 2026,FT,Pisa,Lecce,777,79,1,2,2026-05-01,https://d2zywfiolv4f83.cloudfront.net/img/teams/777.png,https://d2zywfiolv4f83.cloudfront.net/img/teams/79.png,35,35
108,5,10732,24500,Italy Serie A,2025-2026,1901410,https://www.whoscored.com/matches/1901410/live/italy-serie-a-2025-2026-udinese-torino,May 2026,FT,Udinese,Torino,86,72,2,0,2026-05-02,https://d2zywfiolv4f83.cloudfront.net/img/teams/86.png,https://d2zywfiolv4f83.cloudfront.net/img/teams/72.png,35,35
108,5,10732,24500,Italy Serie A,2025-2026,1901403,https://www.whoscored.com/matches/1901403/live/italy-serie-a-2025-2026-como-napoli,May 2026,FT,Como,Napoli,1290,276,0,0,2026-05-02,https://d2zywfiolv4f83.cloudfront.net/img/teams/1290.png,https://d2zywfiolv4f83.cloudfront.net/img/teams/276.png,35,35
108,5,10732,24500,Italy Serie A,2025-2026,1901401,https://www.whoscored.com/matches/1901401/live/italy-serie-a-2025-2026-atalanta-genoa,May 2026,FT,Atalanta,Genoa,300,278,0,0,2026-05-02,https://d2zywfiolv4f83.cloudfront.net/img/teams/300.png,https://d2zywfiolv4f83.cloudfront.net/img/teams/278.png,35,35
108,5,10732,24500,Italy Serie A,2025-2026,1901402,https://www.whoscored.com/matches/1901402/live/italy-serie-a-2025-2026-bologna-cagliari,May 2026,FT,Bologna,Cagliari,71,78,0,0,2026-05-03,https://d2zywfiolv4f83.cloudfront.net/img/teams/71.png,https://d2zywfiolv4f83.cloudfront.net/img/teams/78.png,35,35
108,5,10732,24500,Italy Serie A,2025-2026,1901409,https://www.whoscored.com/matches/1901409/live/italy-serie-a-2025-2026-sassuolo-ac-milan,May 2026,FT,Sassuolo,Milan,2889,80,2,0,2026-05-03,https://d2zywfiolv4f83.cloudfront.net/img/teams/2889.png,https://d2zywfiolv4f83.cloudfront.net/img/teams/80.png,35,35
108,5,10732,24500,Italy Serie A,2025-2026,1901406,https://www.whoscored.com/matches/1901406/live/italy-serie-a-2025-2026-juventus-verona,May 2026,FT,Juventus,Hellas Verona,87,76,1,1,2026-05-03,https://d2zywfiolv4f83.cloudfront.net/img/teams/87.png,https://d2zywfiolv4f83.cloudfront.net/img/teams/76.png,35,35
108,5,10732,24500,Italy Serie A,2025-2026,1901405,https://www.whoscored.com/matches/1901405/live/italy-serie-a-2025-2026-inter-parma-calcio-1913,May 2026,FT,Inter,Parma,75,24341,2,0,2026-05-03,https://d2zywfiolv4f83.cloudfront.net/img/teams/75.png,https://d2zywfiolv4f83.cloudfront.net/img/teams/24341.png,35,35
108,5,10732,24500,Italy Serie A,2025-2026,1901404,https://www.whoscored.com/matches/1901404/live/italy-serie-a-2025-2026-cremonese-lazio,May 2026,FT,Cremonese,Lazio,2731,77,1,2,2026-05-04,https://d2zywfiolv4f83.cloudfront.net/img/teams/2731.png,https://d2zywfiolv4f83.cloudfront.net/img/teams/77.png,35,35
108,5,10732,24500,Italy Serie A,2025-2026,1901408,https://www.whoscored.com/matches/1901408/live/italy-serie-a-2025-2026-roma-fiorentina,May 2026,FT,Roma,Fiorentina,84,73,4,0,2026-05-04,https://d2zywfiolv4f83.cloudfront.net/img/teams/84.png,https://d2zywfiolv4f83.cloudfront.net/img/teams/73.png,35,35
108,5,10732,24500,Italy Serie A,2025-2026,1901420,https://www.whoscored.com/matches/1901420/live/italy-serie-a-2025-2026-torino-sassuolo,May 2026,FT,Torino,Sassuolo,72,2889,2,1,2026-05-08,https://d2zywfiolv4f83.cloudfront.net/img/teams/72.png,https://d2zywfiolv4f83.cloudfront.net/img/teams/2889.png,36,36
108,5,10732,24500,Italy Serie A,2025-2026,1901412,https://www.whoscored.com/matches/1901412/live/italy-serie-a-2025-2026-cagliari-udinese,May 2026,FT,Cagliari,Udinese,78,86,0,2,2026-05-09,https://d2zywfiolv4f83.cloudfront.net/img/teams/78.png,https://d2zywfiolv4f83.cloudfront.net/img/teams/86.png,36,36
108,5,10732,24500,Italy Serie A,2025-2026,1901415,https://www.whoscored.com/matches/1901415/live/italy-serie-a-2025-2026-lazio-inter,May 2026,FT,Lazio,Inter,77,75,0,3,2026-05-09,https://d2zywfiolv4f83.cloudfront.net/img/teams/77.png,https://d2zywfiolv4f83.cloudfront.net/img/teams/75.png,36,36
108,5,10732,24500,Italy Serie A,2025-2026,1901416,https://www.whoscored.com/matches/1901416/live/italy-serie-a-2025-2026-lecce-juventus,May 2026,FT,Lecce,Juventus,79,87,0,1,2026-05-09,https://d2zywfiolv4f83.cloudfront.net/img/teams/79.png,https://d2zywfiolv4f83.cloudfront.net/img/teams/87.png,36,36
108,5,10732,24500,Italy Serie A,2025-2026,1901411,https://www.whoscored.com/matches/1901411/live/italy-serie-a-2025-2026-verona-como,May 2026,FT,Hellas Verona,Como,76,1290,0,1,2026-05-10,https://d2zywfiolv4f83.cloudfront.net/img/teams/76.png,https://d2zywfiolv4f83.cloudfront.net/img/teams/1290.png,36,36
108,5,10732,24500,Italy Serie A,2025-2026,1901413,https://www.whoscored.com/matches/1901413/live/italy-serie-a-2025-2026-cremonese-pisa,May 2026,FT,Cremonese,Pisa,2731,777,3,0,2026-05-10,https://d2zywfiolv4f83.cloudfront.net/img/teams/2731.png,https://d2zywfiolv4f83.cloudfront.net/img/teams/777.png,36,36
108,5,10732,24500,Italy Serie A,2025-2026,1901414,https://www.whoscored.com/matches/1901414/live/italy-serie-a-2025-2026-fiorentina-genoa,May 2026,FT,Fiorentina,Genoa,73,278,0,0,2026-05-10,https://d2zywfiolv4f83.cloudfront.net/img/teams/73.png,https://d2zywfiolv4f83.cloudfront.net/img/teams/278.png,36,36
108,5,10732,24500,Italy Serie A,2025-2026,1901419,https://www.whoscored.com/matches/1901419/live/italy-serie-a-2025-2026-parma-calcio-1913-roma,May 2026,FT,Parma,Roma,24341,84,2,3,2026-05-10,https://d2zywfiolv4f83.cloudfront.net/img/teams/24341.png,https://d2zywfiolv4f83.cloudfront.net/img/teams/84.png,36,36
108,5,10732,24500,Italy Serie A,2025-2026,1901417,https://www.whoscored.com/matches/1901417/live/italy-serie-a-2025-2026-ac-milan-atalanta,May 2026,FT,Milan,Atalanta,80,300,2,3,2026-05-10,https://d2zywfiolv4f83.cloudfront.net/img/teams/80.png,https://d2zywfiolv4f83.cloudfront.net/img/teams/300.png,36,36
108,5,10732,24500,Italy Serie A,2025-2026,1901418,https://www.whoscored.com/matches/1901418/live/italy-serie-a-2025-2026-napoli-bologna,May 2026,FT,Napoli,Bologna,276,71,2,3,2026-05-11,https://d2zywfiolv4f83.cloudfront.net/img/teams/276.png,https://d2zywfiolv4f83.cloudfront.net/img/teams/71.png,36,36
108,5,10732,24500,Italy Serie A,2025-2026,1901426,https://www.whoscored.com/matches/1901426/live/italy-serie-a-2025-2026-juventus-fiorentina,May 2026,FT,Juventus,Fiorentina,87,73,0,2,2026-05-17,https://d2zywfiolv4f83.cloudfront.net/img/teams/87.png,https://d2zywfiolv4f83.cloudfront.net/img/teams/73.png,37,37
108,5,10732,24500,Italy Serie A,2025-2026,1901427,https://www.whoscored.com/matches/1901427/live/italy-serie-a-2025-2026-pisa-napoli,May 2026,FT,Pisa,Napoli,777,276,0,3,2026-05-17,https://d2zywfiolv4f83.cloudfront.net/img/teams/777.png,https://d2zywfiolv4f83.cloudfront.net/img/teams/276.png,37,37
108,5,10732,24500,Italy Serie A,2025-2026,1901428,https://www.whoscored.com/matches/1901428/live/italy-serie-a-2025-2026-roma-lazio,May 2026,FT,Roma,Lazio,84,77,2,0,2026-05-17,https://d2zywfiolv4f83.cloudfront.net/img/teams/84.png,https://d2zywfiolv4f83.cloudfront.net/img/teams/77.png,37,37
108,5,10732,24500,Italy Serie A,2025-2026,1901423,https://www.whoscored.com/matches/1901423/live/italy-serie-a-2025-2026-como-parma-calcio-1913,May 2026,FT,Como,Parma,1290,24341,1,0,2026-05-17,https://d2zywfiolv4f83.cloudfront.net/img/teams/1290.png,https://d2zywfiolv4f83.cloudfront.net/img/teams/24341.png,37,37
108,5,10732,24500,Italy Serie A,2025-2026,1901424,https://www.whoscored.com/matches/1901424/live/italy-serie-a-2025-2026-genoa-ac-milan,May 2026,FT,Genoa,Milan,278,80,1,2,2026-05-17,https://d2zywfiolv4f83.cloudfront.net/img/teams/278.png,https://d2zywfiolv4f83.cloudfront.net/img/teams/80.png,37,37
108,5,10732,24500,Italy Serie A,2025-2026,1901425,https://www.whoscored.com/matches/1901425/live/italy-serie-a-2025-2026-inter-verona,May 2026,FT,Inter,Hellas Verona,75,76,1,1,2026-05-17,https://d2zywfiolv4f83.cloudfront.net/img/teams/75.png,https://d2zywfiolv4f83.cloudfront.net/img/teams/76.png,37,37
108,5,10732,24500,Italy Serie A,2025-2026,1901421,https://www.whoscored.com/matches/1901421/live/italy-serie-a-2025-2026-atalanta-bologna,May 2026,FT,Atalanta,Bologna,300,71,0,1,2026-05-17,https://d2zywfiolv4f83.cloudfront.net/img/teams/300.png,https://d2zywfiolv4f83.cloudfront.net/img/teams/71.png,37,37
108,5,10732,24500,Italy Serie A,2025-2026,1901422,https://www.whoscored.com/matches/1901422/live/italy-serie-a-2025-2026-cagliari-torino,May 2026,FT,Cagliari,Torino,78,72,2,1,2026-05-17,https://d2zywfiolv4f83.cloudfront.net/img/teams/78.png,https://d2zywfiolv4f83.cloudfront.net/img/teams/72.png,37,37
108,5,10732,24500,Italy Serie A,2025-2026,1901429,https://www.whoscored.com/matches/1901429/live/italy-serie-a-2025-2026-sassuolo-lecce,May 2026,FT,Sassuolo,Lecce,2889,79,2,3,2026-05-17,https://d2zywfiolv4f83.cloudfront.net/img/teams/2889.png,https://d2zywfiolv4f83.cloudfront.net/img/teams/79.png,37,37
108,5,10732,24500,Italy Serie A,2025-2026,1901430,https://www.whoscored.com/matches/1901430/live/italy-serie-a-2025-2026-udinese-cremonese,May 2026,FT,Udinese,Cremonese,86,2731,0,1,2026-05-17,https://d2zywfiolv4f83.cloudfront.net/img/teams/86.png,https://d2zywfiolv4f83.cloudfront.net/img/teams/2731.png,37,37
108,5,10732,24500,Italy Serie A,2025-2026,1901433,https://www.whoscored.com/matches/1901433/live/italy-serie-a-2025-2026-fiorentina-atalanta,May 2026,FT,Fiorentina,Atalanta,73,300,1,1,2026-05-22,https://d2zywfiolv4f83.cloudfront.net/img/teams/73.png,https://d2zywfiolv4f83.cloudfront.net/img/teams/300.png,38,38
108,5,10732,24500,Italy Serie A,2025-2026,1901431,https://www.whoscored.com/matches/1901431/live/italy-serie-a-2025-2026-bologna-inter,May 2026,FT,Bologna,Inter,71,75,3,3,2026-05-23,https://d2zywfiolv4f83.cloudfront.net/img/teams/71.png,https://d2zywfiolv4f83.cloudfront.net/img/teams/75.png,38,38
108,5,10732,24500,Italy Serie A,2025-2026,1901434,https://www.whoscored.com/matches/1901434/live/italy-serie-a-2025-2026-lazio-pisa,May 2026,FT,Lazio,Pisa,77,777,2,1,2026-05-23,https://d2zywfiolv4f83.cloudfront.net/img/teams/77.png,https://d2zywfiolv4f83.cloudfront.net/img/teams/777.png,38,38
108,5,10732,24500,Italy Serie A,2025-2026,1901438,https://www.whoscored.com/matches/1901438/live/italy-serie-a-2025-2026-parma-calcio-1913-sassuolo,May 2026,FT,Parma,Sassuolo,24341,2889,1,0,2026-05-24,https://d2zywfiolv4f83.cloudfront.net/img/teams/24341.png,https://d2zywfiolv4f83.cloudfront.net/img/teams/2889.png,38,38
108,5,10732,24500,Italy Serie A,2025-2026,1901437,https://www.whoscored.com/matches/1901437/live/italy-serie-a-2025-2026-napoli-udinese,May 2026,FT,Napoli,Udinese,276,86,1,0,2026-05-24,https://d2zywfiolv4f83.cloudfront.net/img/teams/276.png,https://d2zywfiolv4f83.cloudfront.net/img/teams/86.png,38,38
108,5,10732,24500,Italy Serie A,2025-2026,1901440,https://www.whoscored.com/matches/1901440/live/italy-serie-a-2025-2026-verona-roma,May 2026,FT,Hellas Verona,Roma,76,84,0,2,2026-05-24,https://d2zywfiolv4f83.cloudfront.net/img/teams/76.png,https://d2zywfiolv4f83.cloudfront.net/img/teams/84.png,38,38
108,5,10732,24500,Italy Serie A,2025-2026,1901435,https://www.whoscored.com/matches/1901435/live/italy-serie-a-2025-2026-lecce-genoa,May 2026,FT,Lecce,Genoa,79,278,1,0,2026-05-24,https://d2zywfiolv4f83.cloudfront.net/img/teams/79.png,https://d2zywfiolv4f83.cloudfront.net/img/teams/278.png,38,38
108,5,10732,24500,Italy Serie A,2025-2026,1901436,https://www.whoscored.com/matches/1901436/live/italy-serie-a-2025-2026-ac-milan-cagliari,May 2026,FT,Milan,Cagliari,80,78,1,2,2026-05-24,https://d2zywfiolv4f83.cloudfront.net/img/teams/80.png,https://d2zywfiolv4f83.cloudfront.net/img/teams/78.png,38,38
108,5,10732,24500,Italy Serie A,2025-2026,1901432,https://www.whoscored.com/matches/1901432/live/italy-serie-a-2025-2026-cremonese-como,May 2026,FT,Cremonese,Como,2731,1290,1,4,2026-05-24,https://d2zywfiolv4f83.cloudfront.net/img/teams/2731.png,https://d2zywfiolv4f83.cloudfront.net/img/teams/1290.png,38,38
108,5,10732,24500,Italy Serie A,2025-2026,1901439,https://www.whoscored.com/matches/1901439/live/italy-serie-a-2025-2026-torino-juventus,May 2026,FT,Torino,Juventus,72,87,2,2,2026-05-24,https://d2zywfiolv4f83.cloudfront.net/img/teams/72.png,https://d2zywfiolv4f83.cloudfront.net/img/teams/87.png,38,38
74,22,10792,24609,France Ligue 1,2025-2026,1911273,https://www.whoscored.com/matches/1911273/live/france-ligue-1-2025-2026-rennes-marseille,Aug 2025,FT,Rennes,Marseille,313,249,1,0,2025-08-15,https://d2zywfiolv4f83.cloudfront.net/img/teams/313.png,https://d2zywfiolv4f83.cloudfront.net/img/teams/249.png,1,1
74,22,10792,24609,France Ligue 1,2025-2026,1911284,https://www.whoscored.com/matches/1911284/live/france-ligue-1-2025-2026-lens-lyon,Aug 2025,FT,Lens,Lyon,309,228,0,1,2025-08-16,https://d2zywfiolv4f83.cloudfront.net/img/teams/309.png,https://d2zywfiolv4f83.cloudfront.net/img/teams/228.png,1,1
74,22,10792,24609,France Ligue 1,2025-2026,1911290,https://www.whoscored.com/matches/1911290/live/france-ligue-1-2025-2026-monaco-le-havre,Aug 2025,FT,Monaco,Le Havre,248,217,3,1,2025-08-16,https://d2zywfiolv4f83.cloudfront.net/img/teams/248.png,https://d2zywfiolv4f83.cloudfront.net/img/teams/217.png,1,1
74,22,10792,24609,France Ligue 1,2025-2026,1911296,https://www.whoscored.com/matches/1911296/live/france-ligue-1-2025-2026-nice-toulouse,Aug 2025,FT,Nice,Toulouse,613,246,0,1,2025-08-16,https://d2zywfiolv4f83.cloudfront.net/img/teams/613.png,https://d2zywfiolv4f83.cloudfront.net/img/teams/246.png,1,1
74,22,10792,24609,France Ligue 1,2025-2026,1911281,https://www.whoscored.com/matches/1911281/live/france-ligue-1-2025-2026-brest-lille,Aug 2025,FT,Brest,Lille,2332,607,3,3,2025-08-17,https://d2zywfiolv4f83.cloudfront.net/img/teams/2332.png,https://d2zywfiolv4f83.cloudfront.net/img/teams/607.png,1,1
74,22,10792,24609,France Ligue 1,2025-2026,1911287,https://www.whoscored.com/matches/1911287/live/france-ligue-1-2025-2026-metz-strasbourg,Aug 2025,FT,Metz,Strasbourg,314,148,0,1,2025-08-17,https://d2zywfiolv4f83.cloudfront.net/img/teams/314.png,https://d2zywfiolv4f83.cloudfront.net/img/teams/148.png,1,1
74,22,10792,24609,France Ligue 1,2025-2026,1911275,https://www.whoscored.com/matches/1911275/live/france-ligue-1-2025-2026-angers-paris-fc,Aug 2025,FT,Angers,Paris FC,614,2832,1,0,2025-08-17,https://d2zywfiolv4f83.cloudfront.net/img/teams/614.png,https://d2zywfiolv4f83.cloudfront.net/img/teams/2832.png,1,1
74,22,10792,24609,France Ligue 1,2025-2026,1911278,https://www.whoscored.com/matches/1911278/live/france-ligue-1-2025-2026-auxerre-lorient,Aug 2025,FT,Auxerre,Lorient,308,146,1,0,2025-08-17,https://d2zywfiolv4f83.cloudfront.net/img/teams/308.png,https://d2zywfiolv4f83.cloudfront.net/img/teams/146.png,1,1
74,22,10792,24609,France Ligue 1,2025-2026,1911293,https://www.whoscored.com/matches/1911293/live/france-ligue-1-2025-2026-nantes-paris-saint-germain,Aug 2025,FT,Nantes,Paris Saint-Germain,302,304,0,1,2025-08-17,https://d2zywfiolv4f83.cloudfront.net/img/teams/302.png,https://d2zywfiolv4f83.cloudfront.net/img/teams/304.png,1,1
74,22,10792,24609,France Ligue 1,2025-2026,1911280,https://www.whoscored.com/matches/1911280/live/france-ligue-1-2025-2026-paris-saint-germain-angers,Aug 2025,FT,Paris Saint-Germain,Angers,304,614,1,0,2025-08-22,https://d2zywfiolv4f83.cloudfront.net/img/teams/304.png,https://d2zywfiolv4f83.cloudfront.net/img/teams/614.png,2,2
74,22,10792,24609,France Ligue 1,2025-2026,1911274,https://www.whoscored.com/matches/1911274/live/france-ligue-1-2025-2026-marseille-paris-fc,Aug 2025,FT,Marseille,Paris FC,249,2832,5,2,2025-08-23,https://d2zywfiolv4f83.cloudfront.net/img/teams/249.png,https://d2zywfiolv4f83.cloudfront.net/img/teams/2832.png,2,2
74,22,10792,24609,France Ligue 1,2025-2026,1911277,https://www.whoscored.com/matches/1911277/live/france-ligue-1-2025-2026-nice-auxerre,Aug 2025,FT,Nice,Auxerre,613,308,3,1,2025-08-23,https://d2zywfiolv4f83.cloudfront.net/img/teams/613.png,https://d2zywfiolv4f83.cloudfront.net/img/teams/308.png,2,2
74,22,10792,24609,France Ligue 1,2025-2026,1911285,https://www.whoscored.com/matches/1911285/live/france-ligue-1-2025-2026-lyon-metz,Aug 2025,FT,Lyon,Metz,228,314,3,0,2025-08-23,https://d2zywfiolv4f83.cloudfront.net/img/teams/228.png,https://d2zywfiolv4f83.cloudfront.net/img/teams/314.png,2,2
74,22,10792,24609,France Ligue 1,2025-2026,1911282,https://www.whoscored.com/matches/1911282/live/france-ligue-1-2025-2026-lorient-rennes,Aug 2025,FT,Lorient,Rennes,146,313,4,0,2025-08-24,https://d2zywfiolv4f83.cloudfront.net/img/teams/146.png,https://d2zywfiolv4f83.cloudfront.net/img/teams/313.png,2,2
74,22,10792,24609,France Ligue 1,2025-2026,1911283,https://www.whoscored.com/matches/1911283/live/france-ligue-1-2025-2026-strasbourg-nantes,Aug 2025,FT,Strasbourg,Nantes,148,302,1,0,2025-08-24,https://d2zywfiolv4f83.cloudfront.net/img/teams/148.png,https://d2zywfiolv4f83.cloudfront.net/img/teams/302.png,2,2
74,22,10792,24609,France Ligue 1,2025-2026,1911286,https://www.whoscored.com/matches/1911286/live/france-ligue-1-2025-2026-toulouse-brest,Aug 2025,FT,Toulouse,Brest,246,2332,2,0,2025-08-24,https://d2zywfiolv4f83.cloudfront.net/img/teams/246.png,https://d2zywfiolv4f83.cloudfront.net/img/teams/2332.png,2,2
74,22,10792,24609,France Ligue 1,2025-2026,1911276,https://www.whoscored.com/matches/1911276/live/france-ligue-1-2025-2026-le-havre-lens,Aug 2025,FT,Le Havre,Lens,217,309,1,2,2025-08-24,https://d2zywfiolv4f83.cloudfront.net/img/teams/217.png,https://d2zywfiolv4f83.cloudfront.net/img/teams/309.png,2,2
74,22,10792,24609,France Ligue 1,2025-2026,1911279,https://www.whoscored.com/matches/1911279/live/france-ligue-1-2025-2026-lille-monaco,Aug 2025,FT,Lille,Monaco,607,248,1,0,2025-08-24,https://d2zywfiolv4f83.cloudfront.net/img/teams/607.png,https://d2zywfiolv4f83.cloudfront.net/img/teams/248.png,2,2
74,22,10792,24609,France Ligue 1,2025-2026,1911295,https://www.whoscored.com/matches/1911295/live/france-ligue-1-2025-2026-lens-brest,Aug 2025,FT,Lens,Brest,309,2332,3,1,2025-08-29,https://d2zywfiolv4f83.cloudfront.net/img/teams/309.png,https://d2zywfiolv4f83.cloudfront.net/img/teams/2332.png,3,3
74,22,10792,24609,France Ligue 1,2025-2026,1911310,https://www.whoscored.com/matches/1911310/live/france-ligue-1-2025-2026-lorient-lille,Aug 2025,FT,Lorient,Lille,146,607,1,7,2025-08-30,https://d2zywfiolv4f83.cloudfront.net/img/teams/146.png,https://d2zywfiolv4f83.cloudfront.net/img/teams/607.png,3,3
74,22,10792,24609,France Ligue 1,2025-2026,1911321,https://www.whoscored.com/matches/1911321/live/france-ligue-1-2025-2026-nantes-auxerre,Aug 2025,FT,Nantes,Auxerre,302,308,1,0,2025-08-30,https://d2zywfiolv4f83.cloudfront.net/img/teams/302.png,https://d2zywfiolv4f83.cloudfront.net/img/teams/308.png,3,3
74,22,10792,24609,France Ligue 1,2025-2026,1911328,https://www.whoscored.com/matches/1911328/live/france-ligue-1-2025-2026-toulouse-paris-saint-germain,Aug 2025,FT,Toulouse,Paris Saint-Germain,246,304,3,6,2025-08-30,https://d2zywfiolv4f83.cloudfront.net/img/teams/246.png,https://d2zywfiolv4f83.cloudfront.net/img/teams/304.png,3,3
74,22,10792,24609,France Ligue 1,2025-2026,1911289,https://www.whoscored.com/matches/1911289/live/france-ligue-1-2025-2026-angers-rennes,Aug 2025,FT,Angers,Rennes,614,313,1,1,2025-08-31,https://d2zywfiolv4f83.cloudfront.net/img/teams/614.png,https://d2zywfiolv4f83.cloudfront.net/img/teams/313.png,3,3
74,22,10792,24609,France Ligue 1,2025-2026,1911292,https://www.whoscored.com/matches/1911292/live/france-ligue-1-2025-2026-le-havre-nice,Aug 2025,FT,Le Havre,Nice,217,613,3,1,2025-08-31,https://d2zywfiolv4f83.cloudfront.net/img/teams/217.png,https://d2zywfiolv4f83.cloudfront.net/img/teams/613.png,3,3
74,22,10792,24609,France Ligue 1,2025-2026,1911318,https://www.whoscored.com/matches/1911318/live/france-ligue-1-2025-2026-monaco-strasbourg,Aug 2025,FT,Monaco,Strasbourg,248,148,3,2,2025-08-31,https://d2zywfiolv4f83.cloudfront.net/img/teams/248.png,https://d2zywfiolv4f83.cloudfront.net/img/teams/148.png,3,3
74,22,10792,24609,France Ligue 1,2025-2026,1911324,https://www.whoscored.com/matches/1911324/live/france-ligue-1-2025-2026-paris-fc-metz,Aug 2025,FT,Paris FC,Metz,2832,314,3,2,2025-08-31,https://d2zywfiolv4f83.cloudfront.net/img/teams/2832.png,https://d2zywfiolv4f83.cloudfront.net/img/teams/314.png,3,3
74,22,10792,24609,France Ligue 1,2025-2026,1911315,https://www.whoscored.com/matches/1911315/live/france-ligue-1-2025-2026-lyon-marseille,Aug 2025,FT,Lyon,Marseille,228,249,1,0,2025-08-31,https://d2zywfiolv4f83.cloudfront.net/img/teams/228.png,https://d2zywfiolv4f83.cloudfront.net/img/teams/249.png,3,3
74,22,10792,24609,France Ligue 1,2025-2026,1911339,https://www.whoscored.com/matches/1911339/live/france-ligue-1-2025-2026-marseille-lorient,Sep 2025,FT,Marseille,Lorient,249,146,4,0,2025-09-12,https://d2zywfiolv4f83.cloudfront.net/img/teams/249.png,https://d2zywfiolv4f83.cloudfront.net/img/teams/146.png,4,4
74,22,10792,24609,France Ligue 1,2025-2026,1911346,https://www.whoscored.com/matches/1911346/live/france-ligue-1-2025-2026-nice-nantes,Sep 2025,FT,Nice,Nantes,613,302,1,0,2025-09-13,https://d2zywfiolv4f83.cloudfront.net/img/teams/613.png,https://d2zywfiolv4f83.cloudfront.net/img/teams/302.png,4,4
74,22,10792,24609,France Ligue 1,2025-2026,1911330,https://www.whoscored.com/matches/1911330/live/france-ligue-1-2025-2026-auxerre-monaco,Sep 2025,FT,Auxerre,Monaco,308,248,1,2,2025-09-13,https://d2zywfiolv4f83.cloudfront.net/img/teams/308.png,https://d2zywfiolv4f83.cloudfront.net/img/teams/248.png,4,4
74,22,10792,24609,France Ligue 1,2025-2026,1911336,https://www.whoscored.com/matches/1911336/live/france-ligue-1-2025-2026-lille-toulouse,Sep 2025,FT,Lille,Toulouse,607,246,2,1,2025-09-14,https://d2zywfiolv4f83.cloudfront.net/img/teams/607.png,https://d2zywfiolv4f83.cloudfront.net/img/teams/246.png,4,4
74,22,10792,24609,France Ligue 1,2025-2026,1911352,https://www.whoscored.com/matches/1911352/live/france-ligue-1-2025-2026-strasbourg-le-havre,Sep 2025,FT,Strasbourg,Le Havre,148,217,1,0,2025-09-14,https://d2zywfiolv4f83.cloudfront.net/img/teams/148.png,https://d2zywfiolv4f83.cloudfront.net/img/teams/217.png,4,4
74,22,10792,24609,France Ligue 1,2025-2026,1911333,https://www.whoscored.com/matches/1911333/live/france-ligue-1-2025-2026-brest-paris-fc,Sep 2025,FT,Brest,Paris FC,2332,2832,1,2,2025-09-14,https://d2zywfiolv4f83.cloudfront.net/img/teams/2332.png,https://d2zywfiolv4f83.cloudfront.net/img/teams/2832.png,4,4
74,22,10792,24609,France Ligue 1,2025-2026,1911348,https://www.whoscored.com/matches/1911348/live/france-ligue-1-2025-2026-paris-saint-germain-lens,Sep 2025,FT,Paris Saint-Germain,Lens,304,309,2,0,2025-09-14,https://d2zywfiolv4f83.cloudfront.net/img/teams/304.png,https://d2zywfiolv4f83.cloudfront.net/img/teams/309.png,4,4
74,22,10792,24609,France Ligue 1,2025-2026,1911343,https://www.whoscored.com/matches/1911343/live/france-ligue-1-2025-2026-metz-angers,Sep 2025,FT,Metz,Angers,314,614,1,1,2025-09-14,https://d2zywfiolv4f83.cloudfront.net/img/teams/314.png,https://d2zywfiolv4f83.cloudfront.net/img/teams/614.png,4,4
74,22,10792,24609,France Ligue 1,2025-2026,1911350,https://www.whoscored.com/matches/1911350/live/france-ligue-1-2025-2026-rennes-lyon,Sep 2025,FT,Rennes,Lyon,313,228,3,1,2025-09-14,https://d2zywfiolv4f83.cloudfront.net/img/teams/313.png,https://d2zywfiolv4f83.cloudfront.net/img/teams/228.png,4,4
74,22,10792,24609,France Ligue 1,2025-2026,1911362,https://www.whoscored.com/matches/1911362/live/france-ligue-1-2025-2026-lyon-angers,Sep 2025,FT,Lyon,Angers,228,614,1,0,2025-09-19,https://d2zywfiolv4f83.cloudfront.net/img/teams/228.png,https://d2zywfiolv4f83.cloudfront.net/img/teams/614.png,5,5
74,22,10792,24609,France Ligue 1,2025-2026,1911368,https://www.whoscored.com/matches/1911368/live/france-ligue-1-2025-2026-nantes-rennes,Sep 2025,FT,Nantes,Rennes,302,313,2,2,2025-09-20,https://d2zywfiolv4f83.cloudfront.net/img/teams/302.png,https://d2zywfiolv4f83.cloudfront.net/img/teams/313.png,5,5
74,22,10792,24609,France Ligue 1,2025-2026,1911356,https://www.whoscored.com/matches/1911356/live/france-ligue-1-2025-2026-brest-nice,Sep 2025,FT,Brest,Nice,2332,613,4,1,2025-09-20,https://d2zywfiolv4f83.cloudfront.net/img/teams/2332.png,https://d2zywfiolv4f83.cloudfront.net/img/teams/613.png,5,5
74,22,10792,24609,France Ligue 1,2025-2026,1911360,https://www.whoscored.com/matches/1911360/live/france-ligue-1-2025-2026-lens-lille,Sep 2025,FT,Lens,Lille,309,607,3,0,2025-09-20,https://d2zywfiolv4f83.cloudfront.net/img/teams/309.png,https://d2zywfiolv4f83.cloudfront.net/img/teams/607.png,5,5
74,22,10792,24609,France Ligue 1,2025-2026,1911370,https://www.whoscored.com/matches/1911370/live/france-ligue-1-2025-2026-paris-fc-strasbourg,Sep 2025,FT,Paris FC,Strasbourg,2832,148,2,3,2025-09-21,https://d2zywfiolv4f83.cloudfront.net/img/teams/2832.png,https://d2zywfiolv4f83.cloudfront.net/img/teams/148.png,5,5
74,22,10792,24609,France Ligue 1,2025-2026,1911366,https://www.whoscored.com/matches/1911366/live/france-ligue-1-2025-2026-monaco-metz,Sep 2025,FT,Monaco,Metz,248,314,5,2,2025-09-21,https://d2zywfiolv4f83.cloudfront.net/img/teams/248.png,https://d2zywfiolv4f83.cloudfront.net/img/teams/314.png,5,5
74,22,10792,24609,France Ligue 1,2025-2026,1911358,https://www.whoscored.com/matches/1911358/live/france-ligue-1-2025-2026-le-havre-lorient,Sep 2025,FT,Le Havre,Lorient,217,146,1,1,2025-09-21,https://d2zywfiolv4f83.cloudfront.net/img/teams/217.png,https://d2zywfiolv4f83.cloudfront.net/img/teams/146.png,5,5
74,22,10792,24609,France Ligue 1,2025-2026,1911354,https://www.whoscored.com/matches/1911354/live/france-ligue-1-2025-2026-auxerre-toulouse,Sep 2025,FT,Auxerre,Toulouse,308,246,1,0,2025-09-21,https://d2zywfiolv4f83.cloudfront.net/img/teams/308.png,https://d2zywfiolv4f83.cloudfront.net/img/teams/246.png,5,5
74,22,10792,24609,France Ligue 1,2025-2026,1911364,https://www.whoscored.com/matches/1911364/live/france-ligue-1-2025-2026-marseille-paris-saint-germain,Sep 2025,FT,Marseille,Paris Saint-Germain,249,304,1,0,2025-09-22,https://d2zywfiolv4f83.cloudfront.net/img/teams/249.png,https://d2zywfiolv4f83.cloudfront.net/img/teams/304.png,5,5
74,22,10792,24609,France Ligue 1,2025-2026,1911297,https://www.whoscored.com/matches/1911297/live/france-ligue-1-2025-2026-strasbourg-marseille,Sep 2025,FT,Strasbourg,Marseille,148,249,1,2,2025-09-26,https://d2zywfiolv4f83.cloudfront.net/img/teams/148.png,https://d2zywfiolv4f83.cloudfront.net/img/teams/249.png,6,6
74,22,10792,24609,France Ligue 1,2025-2026,1911376,https://www.whoscored.com/matches/1911376/live/france-ligue-1-2025-2026-lorient-monaco,Sep 2025,FT,Lorient,Monaco,146,248,3,1,2025-09-27,https://d2zywfiolv4f83.cloudfront.net/img/teams/146.png,https://d2zywfiolv4f83.cloudfront.net/img/teams/248.png,6,6
74,22,10792,24609,France Ligue 1,2025-2026,1911299,https://www.whoscored.com/matches/1911299/live/france-ligue-1-2025-2026-toulouse-nantes,Sep 2025,FT,Toulouse,Nantes,246,302,2,2,2025-09-27,https://d2zywfiolv4f83.cloudfront.net/img/teams/246.png,https://d2zywfiolv4f83.cloudfront.net/img/teams/302.png,6,6
74,22,10792,24609,France Ligue 1,2025-2026,1911291,https://www.whoscored.com/matches/1911291/live/france-ligue-1-2025-2026-paris-saint-germain-auxerre,Sep 2025,FT,Paris Saint-Germain,Auxerre,304,308,2,0,2025-09-27,https://d2zywfiolv4f83.cloudfront.net/img/teams/304.png,https://d2zywfiolv4f83.cloudfront.net/img/teams/308.png,6,6
74,22,10792,24609,France Ligue 1,2025-2026,1911288,https://www.whoscored.com/matches/1911288/live/france-ligue-1-2025-2026-nice-paris-fc,Sep 2025,FT,Nice,Paris FC,613,2832,1,1,2025-09-28,https://d2zywfiolv4f83.cloudfront.net/img/teams/613.png,https://d2zywfiolv4f83.cloudfront.net/img/teams/2832.png,6,6
74,22,10792,24609,France Ligue 1,2025-2026,1911378,https://www.whoscored.com/matches/1911378/live/france-ligue-1-2025-2026-metz-le-havre,Sep 2025,FT,Metz,Le Havre,314,217,0,0,2025-09-28,https://d2zywfiolv4f83.cloudfront.net/img/teams/314.png,https://d2zywfiolv4f83.cloudfront.net/img/teams/217.png,6,6
74,22,10792,24609,France Ligue 1,2025-2026,1911372,https://www.whoscored.com/matches/1911372/live/france-ligue-1-2025-2026-angers-brest,Sep 2025,FT,Angers,Brest,614,2332,0,2,2025-09-28,https://d2zywfiolv4f83.cloudfront.net/img/teams/614.png,https://d2zywfiolv4f83.cloudfront.net/img/teams/2332.png,6,6
74,22,10792,24609,France Ligue 1,2025-2026,1911374,https://www.whoscored.com/matches/1911374/live/france-ligue-1-2025-2026-lille-lyon,Sep 2025,FT,Lille,Lyon,607,228,0,1,2025-09-28,https://d2zywfiolv4f83.cloudfront.net/img/teams/607.png,https://d2zywfiolv4f83.cloudfront.net/img/teams/228.png,6,6
74,22,10792,24609,France Ligue 1,2025-2026,1911294,https://www.whoscored.com/matches/1911294/live/france-ligue-1-2025-2026-rennes-lens,Sep 2025,FT,Rennes,Lens,313,309,0,0,2025-09-28,https://d2zywfiolv4f83.cloudfront.net/img/teams/313.png,https://d2zywfiolv4f83.cloudfront.net/img/teams/309.png,6,6
74,22,10792,24609,France Ligue 1,2025-2026,1911317,https://www.whoscored.com/matches/1911317/live/france-ligue-1-2025-2026-paris-fc-lorient,Oct 2025,FT,Paris FC,Lorient,2832,146,2,0,2025-10-03,https://d2zywfiolv4f83.cloudfront.net/img/teams/2832.png,https://d2zywfiolv4f83.cloudfront.net/img/teams/146.png,7,7
74,22,10792,24609,France Ligue 1,2025-2026,1911312,https://www.whoscored.com/matches/1911312/live/france-ligue-1-2025-2026-metz-marseille,Oct 2025,FT,Metz,Marseille,314,249,0,3,2025-10-04,https://d2zywfiolv4f83.cloudfront.net/img/teams/314.png,https://d2zywfiolv4f83.cloudfront.net/img/teams/249.png,7,7
74,22,10792,24609,France Ligue 1,2025-2026,1911303,https://www.whoscored.com/matches/1911303/live/france-ligue-1-2025-2026-brest-nantes,Oct 2025,FT,Brest,Nantes,2332,302,0,0,2025-10-04,https://d2zywfiolv4f83.cloudfront.net/img/teams/2332.png,https://d2zywfiolv4f83.cloudfront.net/img/teams/302.png,7,7
74,22,10792,24609,France Ligue 1,2025-2026,1911301,https://www.whoscored.com/matches/1911301/live/france-ligue-1-2025-2026-auxerre-lens,Oct 2025,FT,Auxerre,Lens,308,309,1,2,2025-10-04,https://d2zywfiolv4f83.cloudfront.net/img/teams/308.png,https://d2zywfiolv4f83.cloudfront.net/img/teams/309.png,7,7
74,22,10792,24609,France Ligue 1,2025-2026,1911309,https://www.whoscored.com/matches/1911309/live/france-ligue-1-2025-2026-lyon-toulouse,Oct 2025,FT,Lyon,Toulouse,228,246,1,2,2025-10-05,https://d2zywfiolv4f83.cloudfront.net/img/teams/228.png,https://d2zywfiolv4f83.cloudfront.net/img/teams/246.png,7,7
74,22,10792,24609,France Ligue 1,2025-2026,1911314,https://www.whoscored.com/matches/1911314/live/france-ligue-1-2025-2026-monaco-nice,Oct 2025,FT,Monaco,Nice,248,613,2,2,2025-10-05,https://d2zywfiolv4f83.cloudfront.net/img/teams/248.png,https://d2zywfiolv4f83.cloudfront.net/img/teams/613.png,7,7
74,22,10792,24609,France Ligue 1,2025-2026,1911305,https://www.whoscored.com/matches/1911305/live/france-ligue-1-2025-2026-le-havre-rennes,Oct 2025,FT,Le Havre,Rennes,217,313,2,2,2025-10-05,https://d2zywfiolv4f83.cloudfront.net/img/teams/217.png,https://d2zywfiolv4f83.cloudfront.net/img/teams/313.png,7,7
74,22,10792,24609,France Ligue 1,2025-2026,1911320,https://www.whoscored.com/matches/1911320/live/france-ligue-1-2025-2026-strasbourg-angers,Oct 2025,FT,Strasbourg,Angers,148,614,5,0,2025-10-05,https://d2zywfiolv4f83.cloudfront.net/img/teams/148.png,https://d2zywfiolv4f83.cloudfront.net/img/teams/614.png,7,7
74,22,10792,24609,France Ligue 1,2025-2026,1911307,https://www.whoscored.com/matches/1911307/live/france-ligue-1-2025-2026-lille-paris-saint-germain,Oct 2025,FT,Lille,Paris Saint-Germain,607,304,1,1,2025-10-05,https://d2zywfiolv4f83.cloudfront.net/img/teams/607.png,https://d2zywfiolv4f83.cloudfront.net/img/teams/304.png,7,7
74,22,10792,24609,France Ligue 1,2025-2026,1911341,https://www.whoscored.com/matches/1911341/live/france-ligue-1-2025-2026-paris-saint-germain-strasbourg,Oct 2025,FT,Paris Saint-Germain,Strasbourg,304,148,3,3,2025-10-17,https://d2zywfiolv4f83.cloudfront.net/img/teams/304.png,https://d2zywfiolv4f83.cloudfront.net/img/teams/148.png,8,8
74,22,10792,24609,France Ligue 1,2025-2026,1911338,https://www.whoscored.com/matches/1911338/live/france-ligue-1-2025-2026-nice-lyon,Oct 2025,FT,Nice,Lyon,613,228,3,2,2025-10-18,https://d2zywfiolv4f83.cloudfront.net/img/teams/613.png,https://d2zywfiolv4f83.cloudfront.net/img/teams/228.png,8,8
74,22,10792,24609,France Ligue 1,2025-2026,1911323,https://www.whoscored.com/matches/1911323/live/france-ligue-1-2025-2026-angers-monaco,Oct 2025,FT,Angers,Monaco,614,248,1,1,2025-10-18,https://d2zywfiolv4f83.cloudfront.net/img/teams/614.png,https://d2zywfiolv4f83.cloudfront.net/img/teams/248.png,8,8
74,22,10792,24609,France Ligue 1,2025-2026,1911332,https://www.whoscored.com/matches/1911332/live/france-ligue-1-2025-2026-marseille-le-havre,Oct 2025,FT,Marseille,Le Havre,249,217,6,2,2025-10-18,https://d2zywfiolv4f83.cloudfront.net/img/teams/249.png,https://d2zywfiolv4f83.cloudfront.net/img/teams/217.png,8,8
74,22,10792,24609,France Ligue 1,2025-2026,1911326,https://www.whoscored.com/matches/1911326/live/france-ligue-1-2025-2026-lens-paris-fc,Oct 2025,FT,Lens,Paris FC,309,2832,2,1,2025-10-19,https://d2zywfiolv4f83.cloudfront.net/img/teams/309.png,https://d2zywfiolv4f83.cloudfront.net/img/teams/2832.png,8,8
74,22,10792,24609,France Ligue 1,2025-2026,1911329,https://www.whoscored.com/matches/1911329/live/france-ligue-1-2025-2026-lorient-brest,Oct 2025,FT,Lorient,Brest,146,2332,3,3,2025-10-19,https://d2zywfiolv4f83.cloudfront.net/img/teams/146.png,https://d2zywfiolv4f83.cloudfront.net/img/teams/2332.png,8,8
74,22,10792,24609,France Ligue 1,2025-2026,1911298,https://www.whoscored.com/matches/1911298/live/france-ligue-1-2025-2026-toulouse-metz,Oct 2025,FT,Toulouse,Metz,246,314,4,0,2025-10-19,https://d2zywfiolv4f83.cloudfront.net/img/teams/246.png,https://d2zywfiolv4f83.cloudfront.net/img/teams/314.png,8,8
74,22,10792,24609,France Ligue 1,2025-2026,1911344,https://www.whoscored.com/matches/1911344/live/france-ligue-1-2025-2026-rennes-auxerre,Oct 2025,FT,Rennes,Auxerre,313,308,2,2,2025-10-19,https://d2zywfiolv4f83.cloudfront.net/img/teams/313.png,https://d2zywfiolv4f83.cloudfront.net/img/teams/308.png,8,8
74,22,10792,24609,France Ligue 1,2025-2026,1911335,https://www.whoscored.com/matches/1911335/live/france-ligue-1-2025-2026-nantes-lille,Oct 2025,FT,Nantes,Lille,302,607,0,2,2025-10-19,https://d2zywfiolv4f83.cloudfront.net/img/teams/302.png,https://d2zywfiolv4f83.cloudfront.net/img/teams/607.png,8,8
74,22,10792,24609,France Ligue 1,2025-2026,1911316,https://www.whoscored.com/matches/1911316/live/france-ligue-1-2025-2026-paris-fc-nantes,Oct 2025,FT,Paris FC,Nantes,2832,302,1,2,2025-10-24,https://d2zywfiolv4f83.cloudfront.net/img/teams/2832.png,https://d2zywfiolv4f83.cloudfront.net/img/teams/302.png,9,9
74,22,10792,24609,France Ligue 1,2025-2026,1911304,https://www.whoscored.com/matches/1911304/live/france-ligue-1-2025-2026-brest-paris-saint-germain,Oct 2025,FT,Brest,Paris Saint-Germain,2332,304,0,3,2025-10-25,https://d2zywfiolv4f83.cloudfront.net/img/teams/2332.png,https://d2zywfiolv4f83.cloudfront.net/img/teams/304.png,9,9
74,22,10792,24609,France Ligue 1,2025-2026,1911313,https://www.whoscored.com/matches/1911313/live/france-ligue-1-2025-2026-monaco-toulouse,Oct 2025,FT,Monaco,Toulouse,248,246,1,0,2025-10-25,https://d2zywfiolv4f83.cloudfront.net/img/teams/248.png,https://d2zywfiolv4f83.cloudfront.net/img/teams/246.png,9,9
74,22,10792,24609,France Ligue 1,2025-2026,1911306,https://www.whoscored.com/matches/1911306/live/france-ligue-1-2025-2026-lens-marseille,Oct 2025,FT,Lens,Marseille,309,249,2,1,2025-10-25,https://d2zywfiolv4f83.cloudfront.net/img/teams/309.png,https://d2zywfiolv4f83.cloudfront.net/img/teams/249.png,9,9
74,22,10792,24609,France Ligue 1,2025-2026,1911308,https://www.whoscored.com/matches/1911308/live/france-ligue-1-2025-2026-lille-metz,Oct 2025,FT,Lille,Metz,607,314,6,1,2025-10-26,https://d2zywfiolv4f83.cloudfront.net/img/teams/607.png,https://d2zywfiolv4f83.cloudfront.net/img/teams/314.png,9,9
74,22,10792,24609,France Ligue 1,2025-2026,1911300,https://www.whoscored.com/matches/1911300/live/france-ligue-1-2025-2026-angers-lorient,Oct 2025,FT,Angers,Lorient,614,146,2,0,2025-10-26,https://d2zywfiolv4f83.cloudfront.net/img/teams/614.png,https://d2zywfiolv4f83.cloudfront.net/img/teams/146.png,9,9
74,22,10792,24609,France Ligue 1,2025-2026,1911302,https://www.whoscored.com/matches/1911302/live/france-ligue-1-2025-2026-auxerre-le-havre,Oct 2025,FT,Auxerre,Le Havre,308,217,0,1,2025-10-26,https://d2zywfiolv4f83.cloudfront.net/img/teams/308.png,https://d2zywfiolv4f83.cloudfront.net/img/teams/217.png,9,9
74,22,10792,24609,France Ligue 1,2025-2026,1911319,https://www.whoscored.com/matches/1911319/live/france-ligue-1-2025-2026-rennes-nice,Oct 2025,FT,Rennes,Nice,313,613,1,2,2025-10-26,https://d2zywfiolv4f83.cloudfront.net/img/teams/313.png,https://d2zywfiolv4f83.cloudfront.net/img/teams/613.png,9,9
74,22,10792,24609,France Ligue 1,2025-2026,1911311,https://www.whoscored.com/matches/1911311/live/france-ligue-1-2025-2026-lyon-strasbourg,Oct 2025,FT,Lyon,Strasbourg,228,148,2,1,2025-10-26,https://d2zywfiolv4f83.cloudfront.net/img/teams/228.png,https://d2zywfiolv4f83.cloudfront.net/img/teams/148.png,9,9
74,22,10792,24609,France Ligue 1,2025-2026,1911322,https://www.whoscored.com/matches/1911322/live/france-ligue-1-2025-2026-le-havre-brest,Oct 2025,FT,Le Havre,Brest,217,2332,1,0,2025-10-29,https://d2zywfiolv4f83.cloudfront.net/img/teams/217.png,https://d2zywfiolv4f83.cloudfront.net/img/teams/2332.png,10,10
74,22,10792,24609,France Ligue 1,2025-2026,1911325,https://www.whoscored.com/matches/1911325/live/france-ligue-1-2025-2026-lorient-paris-saint-germain,Oct 2025,FT,Lorient,Paris Saint-Germain,146,304,1,1,2025-10-29,https://d2zywfiolv4f83.cloudfront.net/img/teams/146.png,https://d2zywfiolv4f83.cloudfront.net/img/teams/304.png,10,10
74,22,10792,24609,France Ligue 1,2025-2026,1911337,https://www.whoscored.com/matches/1911337/live/france-ligue-1-2025-2026-nice-lille,Oct 2025,FT,Nice,Lille,613,607,2,0,2025-10-29,https://d2zywfiolv4f83.cloudfront.net/img/teams/613.png,https://d2zywfiolv4f83.cloudfront.net/img/teams/607.png,10,10
74,22,10792,24609,France Ligue 1,2025-2026,1911331,https://www.whoscored.com/matches/1911331/live/france-ligue-1-2025-2026-metz-lens,Oct 2025,FT,Metz,Lens,314,309,2,0,2025-10-29,https://d2zywfiolv4f83.cloudfront.net/img/teams/314.png,https://d2zywfiolv4f83.cloudfront.net/img/teams/309.png,10,10
74,22,10792,24609,France Ligue 1,2025-2026,1911334,https://www.whoscored.com/matches/1911334/live/france-ligue-1-2025-2026-nantes-monaco,Oct 2025,FT,Nantes,Monaco,302,248,3,5,2025-10-29,https://d2zywfiolv4f83.cloudfront.net/img/teams/302.png,https://d2zywfiolv4f83.cloudfront.net/img/teams/248.png,10,10
74,22,10792,24609,France Ligue 1,2025-2026,1911340,https://www.whoscored.com/matches/1911340/live/france-ligue-1-2025-2026-paris-fc-lyon,Oct 2025,FT,Paris FC,Lyon,2832,228,3,3,2025-10-29,https://d2zywfiolv4f83.cloudfront.net/img/teams/2832.png,https://d2zywfiolv4f83.cloudfront.net/img/teams/228.png,10,10
74,22,10792,24609,France Ligue 1,2025-2026,1911327,https://www.whoscored.com/matches/1911327/live/france-ligue-1-2025-2026-marseille-angers,Oct 2025,FT,Marseille,Angers,249,614,2,2,2025-10-29,https://d2zywfiolv4f83.cloudfront.net/img/teams/249.png,https://d2zywfiolv4f83.cloudfront.net/img/teams/614.png,10,10
74,22,10792,24609,France Ligue 1,2025-2026,1911345,https://www.whoscored.com/matches/1911345/live/france-ligue-1-2025-2026-toulouse-rennes,Oct 2025,FT,Toulouse,Rennes,246,313,2,2,2025-10-29,https://d2zywfiolv4f83.cloudfront.net/img/teams/246.png,https://d2zywfiolv4f83.cloudfront.net/img/teams/313.png,10,10
74,22,10792,24609,France Ligue 1,2025-2026,1911342,https://www.whoscored.com/matches/1911342/live/france-ligue-1-2025-2026-strasbourg-auxerre,Oct 2025,FT,Strasbourg,Auxerre,148,308,3,0,2025-10-29,https://d2zywfiolv4f83.cloudfront.net/img/teams/148.png,https://d2zywfiolv4f83.cloudfront.net/img/teams/308.png,10,10
74,22,10792,24609,France Ligue 1,2025-2026,1911359,https://www.whoscored.com/matches/1911359/live/france-ligue-1-2025-2026-paris-saint-germain-nice,Nov 2025,FT,Paris Saint-Germain,Nice,304,613,1,0,2025-11-01,https://d2zywfiolv4f83.cloudfront.net/img/teams/304.png,https://d2zywfiolv4f83.cloudfront.net/img/teams/613.png,11,11
74,22,10792,24609,France Ligue 1,2025-2026,1911355,https://www.whoscored.com/matches/1911355/live/france-ligue-1-2025-2026-monaco-paris-fc,Nov 2025,FT,Monaco,Paris FC,248,2832,0,1,2025-11-01,https://d2zywfiolv4f83.cloudfront.net/img/teams/248.png,https://d2zywfiolv4f83.cloudfront.net/img/teams/2832.png,11,11
74,22,10792,24609,France Ligue 1,2025-2026,1911347,https://www.whoscored.com/matches/1911347/live/france-ligue-1-2025-2026-auxerre-marseille,Nov 2025,FT,Auxerre,Marseille,308,249,0,1,2025-11-01,https://d2zywfiolv4f83.cloudfront.net/img/teams/308.png,https://d2zywfiolv4f83.cloudfront.net/img/teams/249.png,11,11
74,22,10792,24609,France Ligue 1,2025-2026,1911361,https://www.whoscored.com/matches/1911361/live/france-ligue-1-2025-2026-rennes-strasbourg,Nov 2025,FT,Rennes,Strasbourg,313,148,4,1,2025-11-02,https://d2zywfiolv4f83.cloudfront.net/img/teams/313.png,https://d2zywfiolv4f83.cloudfront.net/img/teams/148.png,11,11
74,22,10792,24609,France Ligue 1,2025-2026,1911363,https://www.whoscored.com/matches/1911363/live/france-ligue-1-2025-2026-toulouse-le-havre,Nov 2025,FT,Toulouse,Le Havre,246,217,0,0,2025-11-02,https://d2zywfiolv4f83.cloudfront.net/img/teams/246.png,https://d2zywfiolv4f83.cloudfront.net/img/teams/217.png,11,11
74,22,10792,24609,France Ligue 1,2025-2026,1911351,https://www.whoscored.com/matches/1911351/live/france-ligue-1-2025-2026-lens-lorient,Nov 2025,FT,Lens,Lorient,309,146,3,0,2025-11-02,https://d2zywfiolv4f83.cloudfront.net/img/teams/309.png,https://d2zywfiolv4f83.cloudfront.net/img/teams/146.png,11,11
74,22,10792,24609,France Ligue 1,2025-2026,1911353,https://www.whoscored.com/matches/1911353/live/france-ligue-1-2025-2026-lille-angers,Nov 2025,FT,Lille,Angers,607,614,1,0,2025-11-02,https://d2zywfiolv4f83.cloudfront.net/img/teams/607.png,https://d2zywfiolv4f83.cloudfront.net/img/teams/614.png,11,11
74,22,10792,24609,France Ligue 1,2025-2026,1911357,https://www.whoscored.com/matches/1911357/live/france-ligue-1-2025-2026-nantes-metz,Nov 2025,FT,Nantes,Metz,302,314,0,2,2025-11-02,https://d2zywfiolv4f83.cloudfront.net/img/teams/302.png,https://d2zywfiolv4f83.cloudfront.net/img/teams/314.png,11,11
74,22,10792,24609,France Ligue 1,2025-2026,1911349,https://www.whoscored.com/matches/1911349/live/france-ligue-1-2025-2026-brest-lyon,Nov 2025,FT,Brest,Lyon,2332,228,0,0,2025-11-02,https://d2zywfiolv4f83.cloudfront.net/img/teams/2332.png,https://d2zywfiolv4f83.cloudfront.net/img/teams/228.png,11,11
74,22,10792,24609,France Ligue 1,2025-2026,1911381,https://www.whoscored.com/matches/1911381/live/france-ligue-1-2025-2026-paris-fc-rennes,Nov 2025,FT,Paris FC,Rennes,2832,313,0,1,2025-11-07,https://d2zywfiolv4f83.cloudfront.net/img/teams/2832.png,https://d2zywfiolv4f83.cloudfront.net/img/teams/313.png,12,12
74,22,10792,24609,France Ligue 1,2025-2026,1911373,https://www.whoscored.com/matches/1911373/live/france-ligue-1-2025-2026-marseille-brest,Nov 2025,FT,Marseille,Brest,249,2332,3,0,2025-11-08,https://d2zywfiolv4f83.cloudfront.net/img/teams/249.png,https://d2zywfiolv4f83.cloudfront.net/img/teams/2332.png,12,12
74,22,10792,24609,France Ligue 1,2025-2026,1911367,https://www.whoscored.com/matches/1911367/live/france-ligue-1-2025-2026-le-havre-nantes,Nov 2025,FT,Le Havre,Nantes,217,302,1,1,2025-11-08,https://d2zywfiolv4f83.cloudfront.net/img/teams/217.png,https://d2zywfiolv4f83.cloudfront.net/img/teams/302.png,12,12
74,22,10792,24609,France Ligue 1,2025-2026,1911379,https://www.whoscored.com/matches/1911379/live/france-ligue-1-2025-2026-monaco-lens,Nov 2025,FT,Monaco,Lens,248,309,1,4,2025-11-08,https://d2zywfiolv4f83.cloudfront.net/img/teams/248.png,https://d2zywfiolv4f83.cloudfront.net/img/teams/309.png,12,12
74,22,10792,24609,France Ligue 1,2025-2026,1911369,https://www.whoscored.com/matches/1911369/live/france-ligue-1-2025-2026-lorient-toulouse,Nov 2025,FT,Lorient,Toulouse,146,246,1,1,2025-11-09,https://d2zywfiolv4f83.cloudfront.net/img/teams/146.png,https://d2zywfiolv4f83.cloudfront.net/img/teams/246.png,12,12
74,22,10792,24609,France Ligue 1,2025-2026,1911383,https://www.whoscored.com/matches/1911383/live/france-ligue-1-2025-2026-strasbourg-lille,Nov 2025,FT,Strasbourg,Lille,148,607,2,0,2025-11-09,https://d2zywfiolv4f83.cloudfront.net/img/teams/148.png,https://d2zywfiolv4f83.cloudfront.net/img/teams/607.png,12,12
74,22,10792,24609,France Ligue 1,2025-2026,1911365,https://www.whoscored.com/matches/1911365/live/france-ligue-1-2025-2026-angers-auxerre,Nov 2025,FT,Angers,Auxerre,614,308,2,0,2025-11-09,https://d2zywfiolv4f83.cloudfront.net/img/teams/614.png,https://d2zywfiolv4f83.cloudfront.net/img/teams/308.png,12,12
74,22,10792,24609,France Ligue 1,2025-2026,1911375,https://www.whoscored.com/matches/1911375/live/france-ligue-1-2025-2026-metz-nice,Nov 2025,FT,Metz,Nice,314,613,2,1,2025-11-09,https://d2zywfiolv4f83.cloudfront.net/img/teams/314.png,https://d2zywfiolv4f83.cloudfront.net/img/teams/613.png,12,12
74,22,10792,24609,France Ligue 1,2025-2026,1911371,https://www.whoscored.com/matches/1911371/live/france-ligue-1-2025-2026-lyon-paris-saint-germain,Nov 2025,FT,Lyon,Paris Saint-Germain,228,304,2,3,2025-11-09,https://d2zywfiolv4f83.cloudfront.net/img/teams/228.png,https://d2zywfiolv4f83.cloudfront.net/img/teams/304.png,12,12
74,22,10792,24609,France Ligue 1,2025-2026,1911395,https://www.whoscored.com/matches/1911395/live/france-ligue-1-2025-2026-nice-marseille,Nov 2025,FT,Nice,Marseille,613,249,1,5,2025-11-21,https://d2zywfiolv4f83.cloudfront.net/img/teams/613.png,https://d2zywfiolv4f83.cloudfront.net/img/teams/249.png,13,13
74,22,10792,24609,France Ligue 1,2025-2026,1911390,https://www.whoscored.com/matches/1911390/live/france-ligue-1-2025-2026-lens-strasbourg,Nov 2025,FT,Lens,Strasbourg,309,148,1,0,2025-11-22,https://d2zywfiolv4f83.cloudfront.net/img/teams/309.png,https://d2zywfiolv4f83.cloudfront.net/img/teams/148.png,13,13
74,22,10792,24609,France Ligue 1,2025-2026,1911400,https://www.whoscored.com/matches/1911400/live/france-ligue-1-2025-2026-rennes-monaco,Nov 2025,FT,Rennes,Monaco,313,248,4,1,2025-11-22,https://d2zywfiolv4f83.cloudfront.net/img/teams/313.png,https://d2zywfiolv4f83.cloudfront.net/img/teams/248.png,13,13
74,22,10792,24609,France Ligue 1,2025-2026,1911398,https://www.whoscored.com/matches/1911398/live/france-ligue-1-2025-2026-paris-saint-germain-le-havre,Nov 2025,FT,Paris Saint-Germain,Le Havre,304,217,3,0,2025-11-22,https://d2zywfiolv4f83.cloudfront.net/img/teams/304.png,https://d2zywfiolv4f83.cloudfront.net/img/teams/217.png,13,13
74,22,10792,24609,France Ligue 1,2025-2026,1911385,https://www.whoscored.com/matches/1911385/live/france-ligue-1-2025-2026-auxerre-lyon,Nov 2025,FT,Auxerre,Lyon,308,228,0,0,2025-11-23,https://d2zywfiolv4f83.cloudfront.net/img/teams/308.png,https://d2zywfiolv4f83.cloudfront.net/img/teams/228.png,13,13
74,22,10792,24609,France Ligue 1,2025-2026,1911387,https://www.whoscored.com/matches/1911387/live/france-ligue-1-2025-2026-brest-metz,Nov 2025,FT,Brest,Metz,2332,314,3,2,2025-11-23,https://d2zywfiolv4f83.cloudfront.net/img/teams/2332.png,https://d2zywfiolv4f83.cloudfront.net/img/teams/314.png,13,13
74,22,10792,24609,France Ligue 1,2025-2026,1911393,https://www.whoscored.com/matches/1911393/live/france-ligue-1-2025-2026-nantes-lorient,Nov 2025,FT,Nantes,Lorient,302,146,1,1,2025-11-23,https://d2zywfiolv4f83.cloudfront.net/img/teams/302.png,https://d2zywfiolv4f83.cloudfront.net/img/teams/146.png,13,13
74,22,10792,24609,France Ligue 1,2025-2026,1911401,https://www.whoscored.com/matches/1911401/live/france-ligue-1-2025-2026-toulouse-angers,Nov 2025,FT,Toulouse,Angers,246,614,0,1,2025-11-23,https://d2zywfiolv4f83.cloudfront.net/img/teams/246.png,https://d2zywfiolv4f83.cloudfront.net/img/teams/614.png,13,13
74,22,10792,24609,France Ligue 1,2025-2026,1911392,https://www.whoscored.com/matches/1911392/live/france-ligue-1-2025-2026-lille-paris-fc,Nov 2025,FT,Lille,Paris FC,607,2832,4,2,2025-11-23,https://d2zywfiolv4f83.cloudfront.net/img/teams/607.png,https://d2zywfiolv4f83.cloudfront.net/img/teams/2832.png,13,13
74,22,10792,24609,France Ligue 1,2025-2026,1911413,https://www.whoscored.com/matches/1911413/live/france-ligue-1-2025-2026-metz-rennes,Nov 2025,FT,Metz,Rennes,314,313,0,1,2025-11-28,https://d2zywfiolv4f83.cloudfront.net/img/teams/314.png,https://d2zywfiolv4f83.cloudfront.net/img/teams/313.png,14,14
74,22,10792,24609,France Ligue 1,2025-2026,1911415,https://www.whoscored.com/matches/1911415/live/france-ligue-1-2025-2026-monaco-paris-saint-germain,Nov 2025,FT,Monaco,Paris Saint-Germain,248,304,1,0,2025-11-29,https://d2zywfiolv4f83.cloudfront.net/img/teams/248.png,https://d2zywfiolv4f83.cloudfront.net/img/teams/304.png,14,14
74,22,10792,24609,France Ligue 1,2025-2026,1911417,https://www.whoscored.com/matches/1911417/live/france-ligue-1-2025-2026-paris-fc-auxerre,Nov 2025,FT,Paris FC,Auxerre,2832,308,1,1,2025-11-29,https://d2zywfiolv4f83.cloudfront.net/img/teams/2832.png,https://d2zywfiolv4f83.cloudfront.net/img/teams/308.png,14,14
74,22,10792,24609,France Ligue 1,2025-2026,1911411,https://www.whoscored.com/matches/1911411/live/france-ligue-1-2025-2026-marseille-toulouse,Nov 2025,FT,Marseille,Toulouse,249,246,2,2,2025-11-29,https://d2zywfiolv4f83.cloudfront.net/img/teams/249.png,https://d2zywfiolv4f83.cloudfront.net/img/teams/246.png,14,14
74,22,10792,24609,France Ligue 1,2025-2026,1911377,https://www.whoscored.com/matches/1911377/live/france-ligue-1-2025-2026-strasbourg-brest,Nov 2025,FT,Strasbourg,Brest,148,2332,1,2,2025-11-30,https://d2zywfiolv4f83.cloudfront.net/img/teams/148.png,https://d2zywfiolv4f83.cloudfront.net/img/teams/2332.png,14,14
74,22,10792,24609,France Ligue 1,2025-2026,1911403,https://www.whoscored.com/matches/1911403/live/france-ligue-1-2025-2026-angers-lens,Nov 2025,FT,Angers,Lens,614,309,1,2,2025-11-30,https://d2zywfiolv4f83.cloudfront.net/img/teams/614.png,https://d2zywfiolv4f83.cloudfront.net/img/teams/309.png,14,14
74,22,10792,24609,France Ligue 1,2025-2026,1911405,https://www.whoscored.com/matches/1911405/live/france-ligue-1-2025-2026-le-havre-lille,Nov 2025,FT,Le Havre,Lille,217,607,0,1,2025-11-30,https://d2zywfiolv4f83.cloudfront.net/img/teams/217.png,https://d2zywfiolv4f83.cloudfront.net/img/teams/607.png,14,14
74,22,10792,24609,France Ligue 1,2025-2026,1911407,https://www.whoscored.com/matches/1911407/live/france-ligue-1-2025-2026-lorient-nice,Nov 2025,FT,Lorient,Nice,146,613,3,1,2025-11-30,https://d2zywfiolv4f83.cloudfront.net/img/teams/146.png,https://d2zywfiolv4f83.cloudfront.net/img/teams/613.png,14,14
74,22,10792,24609,France Ligue 1,2025-2026,1911409,https://www.whoscored.com/matches/1911409/live/france-ligue-1-2025-2026-lyon-nantes,Nov 2025,FT,Lyon,Nantes,228,302,3,0,2025-11-30,https://d2zywfiolv4f83.cloudfront.net/img/teams/228.png,https://d2zywfiolv4f83.cloudfront.net/img/teams/302.png,14,14
74,22,10792,24609,France Ligue 1,2025-2026,1911382,https://www.whoscored.com/matches/1911382/live/france-ligue-1-2025-2026-brest-monaco,Dec 2025,FT,Brest,Monaco,2332,248,1,0,2025-12-05,https://d2zywfiolv4f83.cloudfront.net/img/teams/2332.png,https://d2zywfiolv4f83.cloudfront.net/img/teams/248.png,15,15
74,22,10792,24609,France Ligue 1,2025-2026,1911386,https://www.whoscored.com/matches/1911386/live/france-ligue-1-2025-2026-lille-marseille,Dec 2025,FT,Lille,Marseille,607,249,1,0,2025-12-05,https://d2zywfiolv4f83.cloudfront.net/img/teams/607.png,https://d2zywfiolv4f83.cloudfront.net/img/teams/249.png,15,15
74,22,10792,24609,France Ligue 1,2025-2026,1911389,https://www.whoscored.com/matches/1911389/live/france-ligue-1-2025-2026-nantes-lens,Dec 2025,FT,Nantes,Lens,302,309,1,2,2025-12-06,https://d2zywfiolv4f83.cloudfront.net/img/teams/302.png,https://d2zywfiolv4f83.cloudfront.net/img/teams/309.png,15,15
74,22,10792,24609,France Ligue 1,2025-2026,1911396,https://www.whoscored.com/matches/1911396/live/france-ligue-1-2025-2026-toulouse-strasbourg,Dec 2025,FT,Toulouse,Strasbourg,246,148,1,0,2025-12-06,https://d2zywfiolv4f83.cloudfront.net/img/teams/246.png,https://d2zywfiolv4f83.cloudfront.net/img/teams/148.png,15,15
74,22,10792,24609,France Ligue 1,2025-2026,1911394,https://www.whoscored.com/matches/1911394/live/france-ligue-1-2025-2026-paris-saint-germain-rennes,Dec 2025,FT,Paris Saint-Germain,Rennes,304,313,5,0,2025-12-06,https://d2zywfiolv4f83.cloudfront.net/img/teams/304.png,https://d2zywfiolv4f83.cloudfront.net/img/teams/313.png,15,15
74,22,10792,24609,France Ligue 1,2025-2026,1911391,https://www.whoscored.com/matches/1911391/live/france-ligue-1-2025-2026-nice-angers,Dec 2025,FT,Nice,Angers,613,614,0,1,2025-12-07,https://d2zywfiolv4f83.cloudfront.net/img/teams/613.png,https://d2zywfiolv4f83.cloudfront.net/img/teams/614.png,15,15
74,22,10792,24609,France Ligue 1,2025-2026,1911384,https://www.whoscored.com/matches/1911384/live/france-ligue-1-2025-2026-le-havre-paris-fc,Dec 2025,FT,Le Havre,Paris FC,217,2832,0,0,2025-12-07,https://d2zywfiolv4f83.cloudfront.net/img/teams/217.png,https://d2zywfiolv4f83.cloudfront.net/img/teams/2832.png,15,15
74,22,10792,24609,France Ligue 1,2025-2026,1911380,https://www.whoscored.com/matches/1911380/live/france-ligue-1-2025-2026-auxerre-metz,Dec 2025,FT,Auxerre,Metz,308,314,3,1,2025-12-07,https://d2zywfiolv4f83.cloudfront.net/img/teams/308.png,https://d2zywfiolv4f83.cloudfront.net/img/teams/314.png,15,15
74,22,10792,24609,France Ligue 1,2025-2026,1911388,https://www.whoscored.com/matches/1911388/live/france-ligue-1-2025-2026-lorient-lyon,Dec 2025,FT,Lorient,Lyon,146,228,1,0,2025-12-07,https://d2zywfiolv4f83.cloudfront.net/img/teams/146.png,https://d2zywfiolv4f83.cloudfront.net/img/teams/228.png,15,15
74,22,10792,24609,France Ligue 1,2025-2026,1911397,https://www.whoscored.com/matches/1911397/live/france-ligue-1-2025-2026-angers-nantes,Dec 2025,FT,Angers,Nantes,614,302,4,1,2025-12-12,https://d2zywfiolv4f83.cloudfront.net/img/teams/614.png,https://d2zywfiolv4f83.cloudfront.net/img/teams/302.png,16,16
74,22,10792,24609,France Ligue 1,2025-2026,1911412,https://www.whoscored.com/matches/1911412/live/france-ligue-1-2025-2026-rennes-brest,Dec 2025,FT,Rennes,Brest,313,2332,3,1,2025-12-13,https://d2zywfiolv4f83.cloudfront.net/img/teams/313.png,https://d2zywfiolv4f83.cloudfront.net/img/teams/2332.png,16,16
74,22,10792,24609,France Ligue 1,2025-2026,1911408,https://www.whoscored.com/matches/1911408/live/france-ligue-1-2025-2026-metz-paris-saint-germain,Dec 2025,FT,Metz,Paris Saint-Germain,314,304,2,3,2025-12-13,https://d2zywfiolv4f83.cloudfront.net/img/teams/314.png,https://d2zywfiolv4f83.cloudfront.net/img/teams/304.png,16,16
74,22,10792,24609,France Ligue 1,2025-2026,1911410,https://www.whoscored.com/matches/1911410/live/france-ligue-1-2025-2026-paris-fc-toulouse,Dec 2025,FT,Paris FC,Toulouse,2832,246,0,3,2025-12-13,https://d2zywfiolv4f83.cloudfront.net/img/teams/2832.png,https://d2zywfiolv4f83.cloudfront.net/img/teams/246.png,16,16
74,22,10792,24609,France Ligue 1,2025-2026,1911404,https://www.whoscored.com/matches/1911404/live/france-ligue-1-2025-2026-lyon-le-havre,Dec 2025,FT,Lyon,Le Havre,228,217,1,0,2025-12-14,https://d2zywfiolv4f83.cloudfront.net/img/teams/228.png,https://d2zywfiolv4f83.cloudfront.net/img/teams/217.png,16,16
74,22,10792,24609,France Ligue 1,2025-2026,1911399,https://www.whoscored.com/matches/1911399/live/france-ligue-1-2025-2026-auxerre-lille,Dec 2025,FT,Auxerre,Lille,308,607,3,4,2025-12-14,https://d2zywfiolv4f83.cloudfront.net/img/teams/308.png,https://d2zywfiolv4f83.cloudfront.net/img/teams/607.png,16,16
74,22,10792,24609,France Ligue 1,2025-2026,1911402,https://www.whoscored.com/matches/1911402/live/france-ligue-1-2025-2026-lens-nice,Dec 2025,FT,Lens,Nice,309,613,2,0,2025-12-14,https://d2zywfiolv4f83.cloudfront.net/img/teams/309.png,https://d2zywfiolv4f83.cloudfront.net/img/teams/613.png,16,16
74,22,10792,24609,France Ligue 1,2025-2026,1911414,https://www.whoscored.com/matches/1911414/live/france-ligue-1-2025-2026-strasbourg-lorient,Dec 2025,FT,Strasbourg,Lorient,148,146,0,0,2025-12-14,https://d2zywfiolv4f83.cloudfront.net/img/teams/148.png,https://d2zywfiolv4f83.cloudfront.net/img/teams/146.png,16,16
74,22,10792,24609,France Ligue 1,2025-2026,1911406,https://www.whoscored.com/matches/1911406/live/france-ligue-1-2025-2026-marseille-monaco,Dec 2025,FT,Marseille,Monaco,249,248,1,0,2025-12-14,https://d2zywfiolv4f83.cloudfront.net/img/teams/249.png,https://d2zywfiolv4f83.cloudfront.net/img/teams/248.png,16,16
74,22,10792,24609,France Ligue 1,2025-2026,1911425,https://www.whoscored.com/matches/1911425/live/france-ligue-1-2025-2026-toulouse-lens,Jan 2026,FT,Toulouse,Lens,246,309,0,3,2026-01-02,https://d2zywfiolv4f83.cloudfront.net/img/teams/246.png,https://d2zywfiolv4f83.cloudfront.net/img/teams/309.png,17,17
74,22,10792,24609,France Ligue 1,2025-2026,1911422,https://www.whoscored.com/matches/1911422/live/france-ligue-1-2025-2026-monaco-lyon,Jan 2026,FT,Monaco,Lyon,248,228,1,3,2026-01-03,https://d2zywfiolv4f83.cloudfront.net/img/teams/248.png,https://d2zywfiolv4f83.cloudfront.net/img/teams/228.png,17,17
74,22,10792,24609,France Ligue 1,2025-2026,1911423,https://www.whoscored.com/matches/1911423/live/france-ligue-1-2025-2026-nice-strasbourg,Jan 2026,FT,Nice,Strasbourg,613,148,1,1,2026-01-03,https://d2zywfiolv4f83.cloudfront.net/img/teams/613.png,https://d2zywfiolv4f83.cloudfront.net/img/teams/148.png,17,17
74,22,10792,24609,France Ligue 1,2025-2026,1911419,https://www.whoscored.com/matches/1911419/live/france-ligue-1-2025-2026-lille-rennes,Jan 2026,FT,Lille,Rennes,607,313,0,2,2026-01-03,https://d2zywfiolv4f83.cloudfront.net/img/teams/607.png,https://d2zywfiolv4f83.cloudfront.net/img/teams/313.png,17,17
74,22,10792,24609,France Ligue 1,2025-2026,1911421,https://www.whoscored.com/matches/1911421/live/france-ligue-1-2025-2026-marseille-nantes,Jan 2026,FT,Marseille,Nantes,249,302,0,2,2026-01-04,https://d2zywfiolv4f83.cloudfront.net/img/teams/249.png,https://d2zywfiolv4f83.cloudfront.net/img/teams/302.png,17,17
74,22,10792,24609,France Ligue 1,2025-2026,1911420,https://www.whoscored.com/matches/1911420/live/france-ligue-1-2025-2026-lorient-metz,Jan 2026,FT,Lorient,Metz,146,314,1,1,2026-01-04,https://d2zywfiolv4f83.cloudfront.net/img/teams/146.png,https://d2zywfiolv4f83.cloudfront.net/img/teams/314.png,17,17
74,22,10792,24609,France Ligue 1,2025-2026,1911416,https://www.whoscored.com/matches/1911416/live/france-ligue-1-2025-2026-brest-auxerre,Jan 2026,FT,Brest,Auxerre,2332,308,2,0,2026-01-04,https://d2zywfiolv4f83.cloudfront.net/img/teams/2332.png,https://d2zywfiolv4f83.cloudfront.net/img/teams/308.png,17,17
74,22,10792,24609,France Ligue 1,2025-2026,1911418,https://www.whoscored.com/matches/1911418/live/france-ligue-1-2025-2026-le-havre-angers,Jan 2026,FT,Le Havre,Angers,217,614,2,1,2026-01-04,https://d2zywfiolv4f83.cloudfront.net/img/teams/217.png,https://d2zywfiolv4f83.cloudfront.net/img/teams/614.png,17,17
74,22,10792,24609,France Ligue 1,2025-2026,1911424,https://www.whoscored.com/matches/1911424/live/france-ligue-1-2025-2026-paris-saint-germain-paris-fc,Jan 2026,FT,Paris Saint-Germain,Paris FC,304,2832,2,1,2026-01-04,https://d2zywfiolv4f83.cloudfront.net/img/teams/304.png,https://d2zywfiolv4f83.cloudfront.net/img/teams/2832.png,17,17
74,22,10792,24609,France Ligue 1,2025-2026,1911429,https://www.whoscored.com/matches/1911429/live/france-ligue-1-2025-2026-monaco-lorient,Jan 2026,FT,Monaco,Lorient,248,146,1,3,2026-01-16,https://d2zywfiolv4f83.cloudfront.net/img/teams/248.png,https://d2zywfiolv4f83.cloudfront.net/img/teams/146.png,18,18
74,22,10792,24609,France Ligue 1,2025-2026,1911431,https://www.whoscored.com/matches/1911431/live/france-ligue-1-2025-2026-paris-saint-germain-lille,Jan 2026,FT,Paris Saint-Germain,Lille,304,607,3,0,2026-01-16,https://d2zywfiolv4f83.cloudfront.net/img/teams/304.png,https://d2zywfiolv4f83.cloudfront.net/img/teams/607.png,18,18
74,22,10792,24609,France Ligue 1,2025-2026,1911427,https://www.whoscored.com/matches/1911427/live/france-ligue-1-2025-2026-lens-auxerre,Jan 2026,FT,Lens,Auxerre,309,308,1,0,2026-01-17,https://d2zywfiolv4f83.cloudfront.net/img/teams/309.png,https://d2zywfiolv4f83.cloudfront.net/img/teams/308.png,18,18
74,22,10792,24609,France Ligue 1,2025-2026,1911434,https://www.whoscored.com/matches/1911434/live/france-ligue-1-2025-2026-toulouse-nice,Jan 2026,FT,Toulouse,Nice,246,613,5,1,2026-01-17,https://d2zywfiolv4f83.cloudfront.net/img/teams/246.png,https://d2zywfiolv4f83.cloudfront.net/img/teams/613.png,18,18
74,22,10792,24609,France Ligue 1,2025-2026,1911426,https://www.whoscored.com/matches/1911426/live/france-ligue-1-2025-2026-angers-marseille,Jan 2026,FT,Angers,Marseille,614,249,2,5,2026-01-17,https://d2zywfiolv4f83.cloudfront.net/img/teams/614.png,https://d2zywfiolv4f83.cloudfront.net/img/teams/249.png,18,18
74,22,10792,24609,France Ligue 1,2025-2026,1911433,https://www.whoscored.com/matches/1911433/live/france-ligue-1-2025-2026-strasbourg-metz,Jan 2026,FT,Strasbourg,Metz,148,314,2,1,2026-01-18,https://d2zywfiolv4f83.cloudfront.net/img/teams/148.png,https://d2zywfiolv4f83.cloudfront.net/img/teams/314.png,18,18
74,22,10792,24609,France Ligue 1,2025-2026,1911432,https://www.whoscored.com/matches/1911432/live/france-ligue-1-2025-2026-rennes-le-havre,Jan 2026,FT,Rennes,Le Havre,313,217,1,1,2026-01-18,https://d2zywfiolv4f83.cloudfront.net/img/teams/313.png,https://d2zywfiolv4f83.cloudfront.net/img/teams/217.png,18,18
74,22,10792,24609,France Ligue 1,2025-2026,1911430,https://www.whoscored.com/matches/1911430/live/france-ligue-1-2025-2026-nantes-paris-fc,Jan 2026,FT,Nantes,Paris FC,302,2832,1,2,2026-01-18,https://d2zywfiolv4f83.cloudfront.net/img/teams/302.png,https://d2zywfiolv4f83.cloudfront.net/img/teams/2832.png,18,18
74,22,10792,24609,France Ligue 1,2025-2026,1911428,https://www.whoscored.com/matches/1911428/live/france-ligue-1-2025-2026-lyon-brest,Jan 2026,FT,Lyon,Brest,228,2332,2,1,2026-01-18,https://d2zywfiolv4f83.cloudfront.net/img/teams/228.png,https://d2zywfiolv4f83.cloudfront.net/img/teams/2332.png,18,18
74,22,10792,24609,France Ligue 1,2025-2026,1911435,https://www.whoscored.com/matches/1911435/live/france-ligue-1-2025-2026-auxerre-paris-saint-germain,Jan 2026,FT,Auxerre,Paris Saint-Germain,308,304,0,1,2026-01-23,https://d2zywfiolv4f83.cloudfront.net/img/teams/308.png,https://d2zywfiolv4f83.cloudfront.net/img/teams/304.png,19,19
74,22,10792,24609,France Ligue 1,2025-2026,1911443,https://www.whoscored.com/matches/1911443/live/france-ligue-1-2025-2026-rennes-lorient,Jan 2026,FT,Rennes,Lorient,313,146,0,2,2026-01-24,https://d2zywfiolv4f83.cloudfront.net/img/teams/313.png,https://d2zywfiolv4f83.cloudfront.net/img/teams/146.png,19,19
74,22,10792,24609,France Ligue 1,2025-2026,1911437,https://www.whoscored.com/matches/1911437/live/france-ligue-1-2025-2026-le-havre-monaco,Jan 2026,FT,Le Havre,Monaco,217,248,0,0,2026-01-24,https://d2zywfiolv4f83.cloudfront.net/img/teams/217.png,https://d2zywfiolv4f83.cloudfront.net/img/teams/248.png,19,19
74,22,10792,24609,France Ligue 1,2025-2026,1911439,https://www.whoscored.com/matches/1911439/live/france-ligue-1-2025-2026-marseille-lens,Jan 2026,FT,Marseille,Lens,249,309,3,1,2026-01-24,https://d2zywfiolv4f83.cloudfront.net/img/teams/249.png,https://d2zywfiolv4f83.cloudfront.net/img/teams/309.png,19,19
74,22,10792,24609,France Ligue 1,2025-2026,1911441,https://www.whoscored.com/matches/1911441/live/france-ligue-1-2025-2026-nantes-nice,Jan 2026,FT,Nantes,Nice,302,613,1,4,2026-01-25,https://d2zywfiolv4f83.cloudfront.net/img/teams/302.png,https://d2zywfiolv4f83.cloudfront.net/img/teams/613.png,19,19
74,22,10792,24609,France Ligue 1,2025-2026,1911442,https://www.whoscored.com/matches/1911442/live/france-ligue-1-2025-2026-paris-fc-angers,Jan 2026,FT,Paris FC,Angers,2832,614,0,0,2026-01-25,https://d2zywfiolv4f83.cloudfront.net/img/teams/2832.png,https://d2zywfiolv4f83.cloudfront.net/img/teams/614.png,19,19
74,22,10792,24609,France Ligue 1,2025-2026,1911440,https://www.whoscored.com/matches/1911440/live/france-ligue-1-2025-2026-metz-lyon,Jan 2026,FT,Metz,Lyon,314,228,2,5,2026-01-25,https://d2zywfiolv4f83.cloudfront.net/img/teams/314.png,https://d2zywfiolv4f83.cloudfront.net/img/teams/228.png,19,19
74,22,10792,24609,France Ligue 1,2025-2026,1911436,https://www.whoscored.com/matches/1911436/live/france-ligue-1-2025-2026-brest-toulouse,Jan 2026,FT,Brest,Toulouse,2332,246,0,2,2026-01-25,https://d2zywfiolv4f83.cloudfront.net/img/teams/2332.png,https://d2zywfiolv4f83.cloudfront.net/img/teams/246.png,19,19
74,22,10792,24609,France Ligue 1,2025-2026,1911438,https://www.whoscored.com/matches/1911438/live/france-ligue-1-2025-2026-lille-strasbourg,Jan 2026,FT,Lille,Strasbourg,607,148,1,4,2026-01-25,https://d2zywfiolv4f83.cloudfront.net/img/teams/607.png,https://d2zywfiolv4f83.cloudfront.net/img/teams/148.png,19,19
74,22,10792,24609,France Ligue 1,2025-2026,1911445,https://www.whoscored.com/matches/1911445/live/france-ligue-1-2025-2026-lens-le-havre,Jan 2026,FT,Lens,Le Havre,309,217,1,0,2026-01-30,https://d2zywfiolv4f83.cloudfront.net/img/teams/309.png,https://d2zywfiolv4f83.cloudfront.net/img/teams/217.png,20,20
74,22,10792,24609,France Ligue 1,2025-2026,1911450,https://www.whoscored.com/matches/1911450/live/france-ligue-1-2025-2026-paris-fc-marseille,Jan 2026,FT,Paris FC,Marseille,2832,249,2,2,2026-01-31,https://d2zywfiolv4f83.cloudfront.net/img/teams/2832.png,https://d2zywfiolv4f83.cloudfront.net/img/teams/249.png,20,20
74,22,10792,24609,France Ligue 1,2025-2026,1911446,https://www.whoscored.com/matches/1911446/live/france-ligue-1-2025-2026-lorient-nantes,Jan 2026,FT,Lorient,Nantes,146,302,2,1,2026-01-31,https://d2zywfiolv4f83.cloudfront.net/img/teams/146.png,https://d2zywfiolv4f83.cloudfront.net/img/teams/302.png,20,20
74,22,10792,24609,France Ligue 1,2025-2026,1911448,https://www.whoscored.com/matches/1911448/live/france-ligue-1-2025-2026-monaco-rennes,Jan 2026,FT,Monaco,Rennes,248,313,4,0,2026-01-31,https://d2zywfiolv4f83.cloudfront.net/img/teams/248.png,https://d2zywfiolv4f83.cloudfront.net/img/teams/313.png,20,20
74,22,10792,24609,France Ligue 1,2025-2026,1911447,https://www.whoscored.com/matches/1911447/live/france-ligue-1-2025-2026-lyon-lille,Feb 2026,FT,Lyon,Lille,228,607,1,0,2026-02-01,https://d2zywfiolv4f83.cloudfront.net/img/teams/228.png,https://d2zywfiolv4f83.cloudfront.net/img/teams/607.png,20,20
74,22,10792,24609,France Ligue 1,2025-2026,1911449,https://www.whoscored.com/matches/1911449/live/france-ligue-1-2025-2026-nice-brest,Feb 2026,FT,Nice,Brest,613,2332,2,2,2026-02-01,https://d2zywfiolv4f83.cloudfront.net/img/teams/613.png,https://d2zywfiolv4f83.cloudfront.net/img/teams/2332.png,20,20
74,22,10792,24609,France Ligue 1,2025-2026,1911452,https://www.whoscored.com/matches/1911452/live/france-ligue-1-2025-2026-toulouse-auxerre,Feb 2026,FT,Toulouse,Auxerre,246,308,0,0,2026-02-01,https://d2zywfiolv4f83.cloudfront.net/img/teams/246.png,https://d2zywfiolv4f83.cloudfront.net/img/teams/308.png,20,20
74,22,10792,24609,France Ligue 1,2025-2026,1911444,https://www.whoscored.com/matches/1911444/live/france-ligue-1-2025-2026-angers-metz,Feb 2026,FT,Angers,Metz,614,314,1,0,2026-02-01,https://d2zywfiolv4f83.cloudfront.net/img/teams/614.png,https://d2zywfiolv4f83.cloudfront.net/img/teams/314.png,20,20
74,22,10792,24609,France Ligue 1,2025-2026,1911451,https://www.whoscored.com/matches/1911451/live/france-ligue-1-2025-2026-strasbourg-paris-saint-germain,Feb 2026,FT,Strasbourg,Paris Saint-Germain,148,304,1,2,2026-02-01,https://d2zywfiolv4f83.cloudfront.net/img/teams/148.png,https://d2zywfiolv4f83.cloudfront.net/img/teams/304.png,20,20
74,22,10792,24609,France Ligue 1,2025-2026,1911458,https://www.whoscored.com/matches/1911458/live/france-ligue-1-2025-2026-metz-lille,Feb 2026,FT,Metz,Lille,314,607,0,0,2026-02-06,https://d2zywfiolv4f83.cloudfront.net/img/teams/314.png,https://d2zywfiolv4f83.cloudfront.net/img/teams/607.png,21,21
74,22,10792,24609,France Ligue 1,2025-2026,1911457,https://www.whoscored.com/matches/1911457/live/france-ligue-1-2025-2026-lens-rennes,Feb 2026,FT,Lens,Rennes,309,313,3,1,2026-02-07,https://d2zywfiolv4f83.cloudfront.net/img/teams/309.png,https://d2zywfiolv4f83.cloudfront.net/img/teams/313.png,21,21
74,22,10792,24609,France Ligue 1,2025-2026,1911455,https://www.whoscored.com/matches/1911455/live/france-ligue-1-2025-2026-brest-lorient,Feb 2026,FT,Brest,Lorient,2332,146,2,0,2026-02-07,https://d2zywfiolv4f83.cloudfront.net/img/teams/2332.png,https://d2zywfiolv4f83.cloudfront.net/img/teams/146.png,21,21
74,22,10792,24609,France Ligue 1,2025-2026,1911459,https://www.whoscored.com/matches/1911459/live/france-ligue-1-2025-2026-nantes-lyon,Feb 2026,FT,Nantes,Lyon,302,228,0,1,2026-02-07,https://d2zywfiolv4f83.cloudfront.net/img/teams/302.png,https://d2zywfiolv4f83.cloudfront.net/img/teams/228.png,21,21
74,22,10792,24609,France Ligue 1,2025-2026,1911460,https://www.whoscored.com/matches/1911460/live/france-ligue-1-2025-2026-nice-monaco,Feb 2026,FT,Nice,Monaco,613,248,0,0,2026-02-08,https://d2zywfiolv4f83.cloudfront.net/img/teams/613.png,https://d2zywfiolv4f83.cloudfront.net/img/teams/248.png,21,21
74,22,10792,24609,France Ligue 1,2025-2026,1911456,https://www.whoscored.com/matches/1911456/live/france-ligue-1-2025-2026-le-havre-strasbourg,Feb 2026,FT,Le Havre,Strasbourg,217,148,2,1,2026-02-08,https://d2zywfiolv4f83.cloudfront.net/img/teams/217.png,https://d2zywfiolv4f83.cloudfront.net/img/teams/148.png,21,21
74,22,10792,24609,France Ligue 1,2025-2026,1911453,https://www.whoscored.com/matches/1911453/live/france-ligue-1-2025-2026-angers-toulouse,Feb 2026,FT,Angers,Toulouse,614,246,1,0,2026-02-08,https://d2zywfiolv4f83.cloudfront.net/img/teams/614.png,https://d2zywfiolv4f83.cloudfront.net/img/teams/246.png,21,21
74,22,10792,24609,France Ligue 1,2025-2026,1911454,https://www.whoscored.com/matches/1911454/live/france-ligue-1-2025-2026-auxerre-paris-fc,Feb 2026,FT,Auxerre,Paris FC,308,2832,0,0,2026-02-08,https://d2zywfiolv4f83.cloudfront.net/img/teams/308.png,https://d2zywfiolv4f83.cloudfront.net/img/teams/2832.png,21,21
74,22,10792,24609,France Ligue 1,2025-2026,1911461,https://www.whoscored.com/matches/1911461/live/france-ligue-1-2025-2026-paris-saint-germain-marseille,Feb 2026,FT,Paris Saint-Germain,Marseille,304,249,5,0,2026-02-08,https://d2zywfiolv4f83.cloudfront.net/img/teams/304.png,https://d2zywfiolv4f83.cloudfront.net/img/teams/249.png,21,21
74,22,10792,24609,France Ligue 1,2025-2026,1911470,https://www.whoscored.com/matches/1911470/live/france-ligue-1-2025-2026-rennes-paris-saint-germain,Feb 2026,FT,Rennes,Paris Saint-Germain,313,304,3,1,2026-02-13,https://d2zywfiolv4f83.cloudfront.net/img/teams/313.png,https://d2zywfiolv4f83.cloudfront.net/img/teams/304.png,22,22
74,22,10792,24609,France Ligue 1,2025-2026,1911468,https://www.whoscored.com/matches/1911468/live/france-ligue-1-2025-2026-monaco-nantes,Feb 2026,FT,Monaco,Nantes,248,302,3,1,2026-02-13,https://d2zywfiolv4f83.cloudfront.net/img/teams/248.png,https://d2zywfiolv4f83.cloudfront.net/img/teams/302.png,22,22
74,22,10792,24609,France Ligue 1,2025-2026,1911466,https://www.whoscored.com/matches/1911466/live/france-ligue-1-2025-2026-marseille-strasbourg,Feb 2026,FT,Marseille,Strasbourg,249,148,2,2,2026-02-14,https://d2zywfiolv4f83.cloudfront.net/img/teams/249.png,https://d2zywfiolv4f83.cloudfront.net/img/teams/148.png,22,22
74,22,10792,24609,France Ligue 1,2025-2026,1911463,https://www.whoscored.com/matches/1911463/live/france-ligue-1-2025-2026-lille-brest,Feb 2026,FT,Lille,Brest,607,2332,1,1,2026-02-14,https://d2zywfiolv4f83.cloudfront.net/img/teams/607.png,https://d2zywfiolv4f83.cloudfront.net/img/teams/2332.png,22,22
74,22,10792,24609,France Ligue 1,2025-2026,1911469,https://www.whoscored.com/matches/1911469/live/france-ligue-1-2025-2026-paris-fc-lens,Feb 2026,FT,Paris FC,Lens,2832,309,0,5,2026-02-14,https://d2zywfiolv4f83.cloudfront.net/img/teams/2832.png,https://d2zywfiolv4f83.cloudfront.net/img/teams/309.png,22,22
74,22,10792,24609,France Ligue 1,2025-2026,1911462,https://www.whoscored.com/matches/1911462/live/france-ligue-1-2025-2026-le-havre-toulouse,Feb 2026,FT,Le Havre,Toulouse,217,246,2,1,2026-02-15,https://d2zywfiolv4f83.cloudfront.net/img/teams/217.png,https://d2zywfiolv4f83.cloudfront.net/img/teams/246.png,22,22
74,22,10792,24609,France Ligue 1,2025-2026,1911464,https://www.whoscored.com/matches/1911464/live/france-ligue-1-2025-2026-lorient-angers,Feb 2026,FT,Lorient,Angers,146,614,2,0,2026-02-15,https://d2zywfiolv4f83.cloudfront.net/img/teams/146.png,https://d2zywfiolv4f83.cloudfront.net/img/teams/614.png,22,22
74,22,10792,24609,France Ligue 1,2025-2026,1911467,https://www.whoscored.com/matches/1911467/live/france-ligue-1-2025-2026-metz-auxerre,Feb 2026,FT,Metz,Auxerre,314,308,1,3,2026-02-15,https://d2zywfiolv4f83.cloudfront.net/img/teams/314.png,https://d2zywfiolv4f83.cloudfront.net/img/teams/308.png,22,22
74,22,10792,24609,France Ligue 1,2025-2026,1911465,https://www.whoscored.com/matches/1911465/live/france-ligue-1-2025-2026-lyon-nice,Feb 2026,FT,Lyon,Nice,228,613,2,0,2026-02-15,https://d2zywfiolv4f83.cloudfront.net/img/teams/228.png,https://d2zywfiolv4f83.cloudfront.net/img/teams/613.png,22,22
74,22,10792,24609,France Ligue 1,2025-2026,1911473,https://www.whoscored.com/matches/1911473/live/france-ligue-1-2025-2026-brest-marseille,Feb 2026,FT,Brest,Marseille,2332,249,2,0,2026-02-20,https://d2zywfiolv4f83.cloudfront.net/img/teams/2332.png,https://d2zywfiolv4f83.cloudfront.net/img/teams/249.png,23,23
74,22,10792,24609,France Ligue 1,2025-2026,1911474,https://www.whoscored.com/matches/1911474/live/france-ligue-1-2025-2026-lens-monaco,Feb 2026,FT,Lens,Monaco,309,248,2,3,2026-02-21,https://d2zywfiolv4f83.cloudfront.net/img/teams/309.png,https://d2zywfiolv4f83.cloudfront.net/img/teams/248.png,23,23
74,22,10792,24609,France Ligue 1,2025-2026,1911479,https://www.whoscored.com/matches/1911479/live/france-ligue-1-2025-2026-toulouse-paris-fc,Feb 2026,FT,Toulouse,Paris FC,246,2832,1,1,2026-02-21,https://d2zywfiolv4f83.cloudfront.net/img/teams/246.png,https://d2zywfiolv4f83.cloudfront.net/img/teams/2832.png,23,23
74,22,10792,24609,France Ligue 1,2025-2026,1911477,https://www.whoscored.com/matches/1911477/live/france-ligue-1-2025-2026-paris-saint-germain-metz,Feb 2026,FT,Paris Saint-Germain,Metz,304,314,3,0,2026-02-21,https://d2zywfiolv4f83.cloudfront.net/img/teams/304.png,https://d2zywfiolv4f83.cloudfront.net/img/teams/314.png,23,23
74,22,10792,24609,France Ligue 1,2025-2026,1911472,https://www.whoscored.com/matches/1911472/live/france-ligue-1-2025-2026-auxerre-rennes,Feb 2026,FT,Auxerre,Rennes,308,313,0,3,2026-02-22,https://d2zywfiolv4f83.cloudfront.net/img/teams/308.png,https://d2zywfiolv4f83.cloudfront.net/img/teams/313.png,23,23
74,22,10792,24609,France Ligue 1,2025-2026,1911475,https://www.whoscored.com/matches/1911475/live/france-ligue-1-2025-2026-nantes-le-havre,Feb 2026,FT,Nantes,Le Havre,302,217,2,0,2026-02-22,https://d2zywfiolv4f83.cloudfront.net/img/teams/302.png,https://d2zywfiolv4f83.cloudfront.net/img/teams/217.png,23,23
74,22,10792,24609,France Ligue 1,2025-2026,1911476,https://www.whoscored.com/matches/1911476/live/france-ligue-1-2025-2026-nice-lorient,Feb 2026,FT,Nice,Lorient,613,146,3,3,2026-02-22,https://d2zywfiolv4f83.cloudfront.net/img/teams/613.png,https://d2zywfiolv4f83.cloudfront.net/img/teams/146.png,23,23
74,22,10792,24609,France Ligue 1,2025-2026,1911471,https://www.whoscored.com/matches/1911471/live/france-ligue-1-2025-2026-angers-lille,Feb 2026,FT,Angers,Lille,614,607,0,1,2026-02-22,https://d2zywfiolv4f83.cloudfront.net/img/teams/614.png,https://d2zywfiolv4f83.cloudfront.net/img/teams/607.png,23,23
74,22,10792,24609,France Ligue 1,2025-2026,1911478,https://www.whoscored.com/matches/1911478/live/france-ligue-1-2025-2026-strasbourg-lyon,Feb 2026,FT,Strasbourg,Lyon,148,228,3,1,2026-02-22,https://d2zywfiolv4f83.cloudfront.net/img/teams/148.png,https://d2zywfiolv4f83.cloudfront.net/img/teams/228.png,23,23
74,22,10792,24609,France Ligue 1,2025-2026,1911488,https://www.whoscored.com/matches/1911488/live/france-ligue-1-2025-2026-strasbourg-lens,Feb 2026,FT,Strasbourg,Lens,148,309,1,1,2026-02-27,https://d2zywfiolv4f83.cloudfront.net/img/teams/148.png,https://d2zywfiolv4f83.cloudfront.net/img/teams/309.png,24,24
74,22,10792,24609,France Ligue 1,2025-2026,1911487,https://www.whoscored.com/matches/1911487/live/france-ligue-1-2025-2026-rennes-toulouse,Feb 2026,FT,Rennes,Toulouse,313,246,1,0,2026-02-28,https://d2zywfiolv4f83.cloudfront.net/img/teams/313.png,https://d2zywfiolv4f83.cloudfront.net/img/teams/246.png,24,24
74,22,10792,24609,France Ligue 1,2025-2026,1911485,https://www.whoscored.com/matches/1911485/live/france-ligue-1-2025-2026-monaco-angers,Feb 2026,FT,Monaco,Angers,248,614,2,0,2026-02-28,https://d2zywfiolv4f83.cloudfront.net/img/teams/248.png,https://d2zywfiolv4f83.cloudfront.net/img/teams/614.png,24,24
74,22,10792,24609,France Ligue 1,2025-2026,1911480,https://www.whoscored.com/matches/1911480/live/france-ligue-1-2025-2026-le-havre-paris-saint-germain,Feb 2026,FT,Le Havre,Paris Saint-Germain,217,304,0,1,2026-02-28,https://d2zywfiolv4f83.cloudfront.net/img/teams/217.png,https://d2zywfiolv4f83.cloudfront.net/img/teams/304.png,24,24
74,22,10792,24609,France Ligue 1,2025-2026,1911486,https://www.whoscored.com/matches/1911486/live/france-ligue-1-2025-2026-paris-fc-nice,Mar 2026,FT,Paris FC,Nice,2832,613,1,0,2026-03-01,https://d2zywfiolv4f83.cloudfront.net/img/teams/2832.png,https://d2zywfiolv4f83.cloudfront.net/img/teams/613.png,24,24
74,22,10792,24609,France Ligue 1,2025-2026,1911481,https://www.whoscored.com/matches/1911481/live/france-ligue-1-2025-2026-lille-nantes,Mar 2026,FT,Lille,Nantes,607,302,1,0,2026-03-01,https://d2zywfiolv4f83.cloudfront.net/img/teams/607.png,https://d2zywfiolv4f83.cloudfront.net/img/teams/302.png,24,24
74,22,10792,24609,France Ligue 1,2025-2026,1911482,https://www.whoscored.com/matches/1911482/live/france-ligue-1-2025-2026-lorient-auxerre,Mar 2026,FT,Lorient,Auxerre,146,308,2,2,2026-03-01,https://d2zywfiolv4f83.cloudfront.net/img/teams/146.png,https://d2zywfiolv4f83.cloudfront.net/img/teams/308.png,24,24
74,22,10792,24609,France Ligue 1,2025-2026,1911484,https://www.whoscored.com/matches/1911484/live/france-ligue-1-2025-2026-metz-brest,Mar 2026,FT,Metz,Brest,314,2332,0,1,2026-03-01,https://d2zywfiolv4f83.cloudfront.net/img/teams/314.png,https://d2zywfiolv4f83.cloudfront.net/img/teams/2332.png,24,24
74,22,10792,24609,France Ligue 1,2025-2026,1911483,https://www.whoscored.com/matches/1911483/live/france-ligue-1-2025-2026-marseille-lyon,Mar 2026,FT,Marseille,Lyon,249,228,3,2,2026-03-01,https://d2zywfiolv4f83.cloudfront.net/img/teams/249.png,https://d2zywfiolv4f83.cloudfront.net/img/teams/228.png,24,24
74,22,10792,24609,France Ligue 1,2025-2026,1911496,https://www.whoscored.com/matches/1911496/live/france-ligue-1-2025-2026-paris-saint-germain-monaco,Mar 2026,FT,Paris Saint-Germain,Monaco,304,248,1,3,2026-03-06,https://d2zywfiolv4f83.cloudfront.net/img/teams/304.png,https://d2zywfiolv4f83.cloudfront.net/img/teams/248.png,25,25
74,22,10792,24609,France Ligue 1,2025-2026,1911494,https://www.whoscored.com/matches/1911494/live/france-ligue-1-2025-2026-nantes-angers,Mar 2026,FT,Nantes,Angers,302,614,0,1,2026-03-07,https://d2zywfiolv4f83.cloudfront.net/img/teams/302.png,https://d2zywfiolv4f83.cloudfront.net/img/teams/614.png,25,25
74,22,10792,24609,France Ligue 1,2025-2026,1911489,https://www.whoscored.com/matches/1911489/live/france-ligue-1-2025-2026-auxerre-strasbourg,Mar 2026,FT,Auxerre,Strasbourg,308,148,0,0,2026-03-07,https://d2zywfiolv4f83.cloudfront.net/img/teams/308.png,https://d2zywfiolv4f83.cloudfront.net/img/teams/148.png,25,25
74,22,10792,24609,France Ligue 1,2025-2026,1911497,https://www.whoscored.com/matches/1911497/live/france-ligue-1-2025-2026-toulouse-marseille,Mar 2026,FT,Toulouse,Marseille,246,249,0,1,2026-03-07,https://d2zywfiolv4f83.cloudfront.net/img/teams/246.png,https://d2zywfiolv4f83.cloudfront.net/img/teams/249.png,25,25
74,22,10792,24609,France Ligue 1,2025-2026,1911491,https://www.whoscored.com/matches/1911491/live/france-ligue-1-2025-2026-lens-metz,Mar 2026,FT,Lens,Metz,309,314,3,0,2026-03-08,https://d2zywfiolv4f83.cloudfront.net/img/teams/309.png,https://d2zywfiolv4f83.cloudfront.net/img/teams/314.png,25,25
74,22,10792,24609,France Ligue 1,2025-2026,1911492,https://www.whoscored.com/matches/1911492/live/france-ligue-1-2025-2026-lille-lorient,Mar 2026,FT,Lille,Lorient,607,146,1,1,2026-03-08,https://d2zywfiolv4f83.cloudfront.net/img/teams/607.png,https://d2zywfiolv4f83.cloudfront.net/img/teams/146.png,25,25
74,22,10792,24609,France Ligue 1,2025-2026,1911495,https://www.whoscored.com/matches/1911495/live/france-ligue-1-2025-2026-nice-rennes,Mar 2026,FT,Nice,Rennes,613,313,0,4,2026-03-08,https://d2zywfiolv4f83.cloudfront.net/img/teams/613.png,https://d2zywfiolv4f83.cloudfront.net/img/teams/313.png,25,25
74,22,10792,24609,France Ligue 1,2025-2026,1911490,https://www.whoscored.com/matches/1911490/live/france-ligue-1-2025-2026-brest-le-havre,Mar 2026,FT,Brest,Le Havre,2332,217,2,0,2026-03-08,https://d2zywfiolv4f83.cloudfront.net/img/teams/2332.png,https://d2zywfiolv4f83.cloudfront.net/img/teams/217.png,25,25
74,22,10792,24609,France Ligue 1,2025-2026,1911493,https://www.whoscored.com/matches/1911493/live/france-ligue-1-2025-2026-lyon-paris-fc,Mar 2026,FT,Lyon,Paris FC,228,2832,1,1,2026-03-08,https://d2zywfiolv4f83.cloudfront.net/img/teams/228.png,https://d2zywfiolv4f83.cloudfront.net/img/teams/2832.png,25,25
74,22,10792,24609,France Ligue 1,2025-2026,1911501,https://www.whoscored.com/matches/1911501/live/france-ligue-1-2025-2026-marseille-auxerre,Mar 2026,FT,Marseille,Auxerre,249,308,1,0,2026-03-13,https://d2zywfiolv4f83.cloudfront.net/img/teams/249.png,https://d2zywfiolv4f83.cloudfront.net/img/teams/308.png,26,26
74,22,10792,24609,France Ligue 1,2025-2026,1911500,https://www.whoscored.com/matches/1911500/live/france-ligue-1-2025-2026-lorient-lens,Mar 2026,FT,Lorient,Lens,146,309,2,1,2026-03-14,https://d2zywfiolv4f83.cloudfront.net/img/teams/146.png,https://d2zywfiolv4f83.cloudfront.net/img/teams/309.png,26,26
74,22,10792,24609,France Ligue 1,2025-2026,1911498,https://www.whoscored.com/matches/1911498/live/france-ligue-1-2025-2026-angers-nice,Mar 2026,FT,Angers,Nice,614,613,0,2,2026-03-14,https://d2zywfiolv4f83.cloudfront.net/img/teams/614.png,https://d2zywfiolv4f83.cloudfront.net/img/teams/613.png,26,26
74,22,10792,24609,France Ligue 1,2025-2026,1911503,https://www.whoscored.com/matches/1911503/live/france-ligue-1-2025-2026-monaco-brest,Mar 2026,FT,Monaco,Brest,248,2332,2,0,2026-03-14,https://d2zywfiolv4f83.cloudfront.net/img/teams/248.png,https://d2zywfiolv4f83.cloudfront.net/img/teams/2332.png,26,26
74,22,10792,24609,France Ligue 1,2025-2026,1911506,https://www.whoscored.com/matches/1911506/live/france-ligue-1-2025-2026-strasbourg-paris-fc,Mar 2026,FT,Strasbourg,Paris FC,148,2832,0,0,2026-03-15,https://d2zywfiolv4f83.cloudfront.net/img/teams/148.png,https://d2zywfiolv4f83.cloudfront.net/img/teams/2832.png,26,26
74,22,10792,24609,France Ligue 1,2025-2026,1911502,https://www.whoscored.com/matches/1911502/live/france-ligue-1-2025-2026-metz-toulouse,Mar 2026,FT,Metz,Toulouse,314,246,3,4,2026-03-15,https://d2zywfiolv4f83.cloudfront.net/img/teams/314.png,https://d2zywfiolv4f83.cloudfront.net/img/teams/246.png,26,26
74,22,10792,24609,France Ligue 1,2025-2026,1911499,https://www.whoscored.com/matches/1911499/live/france-ligue-1-2025-2026-le-havre-lyon,Mar 2026,FT,Le Havre,Lyon,217,228,0,0,2026-03-15,https://d2zywfiolv4f83.cloudfront.net/img/teams/217.png,https://d2zywfiolv4f83.cloudfront.net/img/teams/228.png,26,26
74,22,10792,24609,France Ligue 1,2025-2026,1911505,https://www.whoscored.com/matches/1911505/live/france-ligue-1-2025-2026-rennes-lille,Mar 2026,FT,Rennes,Lille,313,607,1,2,2026-03-15,https://d2zywfiolv4f83.cloudfront.net/img/teams/313.png,https://d2zywfiolv4f83.cloudfront.net/img/teams/607.png,26,26
74,22,10792,24609,France Ligue 1,2025-2026,1911508,https://www.whoscored.com/matches/1911508/live/france-ligue-1-2025-2026-lens-angers,Mar 2026,FT,Lens,Angers,309,614,5,1,2026-03-20,https://d2zywfiolv4f83.cloudfront.net/img/teams/309.png,https://d2zywfiolv4f83.cloudfront.net/img/teams/614.png,27,27
74,22,10792,24609,France Ligue 1,2025-2026,1911519,https://www.whoscored.com/matches/1911519/live/france-ligue-1-2025-2026-toulouse-lorient,Mar 2026,FT,Toulouse,Lorient,246,146,1,0,2026-03-21,https://d2zywfiolv4f83.cloudfront.net/img/teams/246.png,https://d2zywfiolv4f83.cloudfront.net/img/teams/146.png,27,27
74,22,10792,24609,France Ligue 1,2025-2026,1911507,https://www.whoscored.com/matches/1911507/live/france-ligue-1-2025-2026-auxerre-brest,Mar 2026,FT,Auxerre,Brest,308,2332,3,0,2026-03-21,https://d2zywfiolv4f83.cloudfront.net/img/teams/308.png,https://d2zywfiolv4f83.cloudfront.net/img/teams/2332.png,27,27
74,22,10792,24609,France Ligue 1,2025-2026,1911513,https://www.whoscored.com/matches/1911513/live/france-ligue-1-2025-2026-nice-paris-saint-germain,Mar 2026,FT,Nice,Paris Saint-Germain,613,304,0,4,2026-03-21,https://d2zywfiolv4f83.cloudfront.net/img/teams/613.png,https://d2zywfiolv4f83.cloudfront.net/img/teams/304.png,27,27
74,22,10792,24609,France Ligue 1,2025-2026,1911509,https://www.whoscored.com/matches/1911509/live/france-ligue-1-2025-2026-lyon-monaco,Mar 2026,FT,Lyon,Monaco,228,248,1,2,2026-03-22,https://d2zywfiolv4f83.cloudfront.net/img/teams/228.png,https://d2zywfiolv4f83.cloudfront.net/img/teams/248.png,27,27
74,22,10792,24609,France Ligue 1,2025-2026,1911510,https://www.whoscored.com/matches/1911510/live/france-ligue-1-2025-2026-marseille-lille,Mar 2026,FT,Marseille,Lille,249,607,1,2,2026-03-22,https://d2zywfiolv4f83.cloudfront.net/img/teams/249.png,https://d2zywfiolv4f83.cloudfront.net/img/teams/607.png,27,27
74,22,10792,24609,France Ligue 1,2025-2026,1911515,https://www.whoscored.com/matches/1911515/live/france-ligue-1-2025-2026-paris-fc-le-havre,Mar 2026,FT,Paris FC,Le Havre,2832,217,3,2,2026-03-22,https://d2zywfiolv4f83.cloudfront.net/img/teams/2832.png,https://d2zywfiolv4f83.cloudfront.net/img/teams/217.png,27,27
74,22,10792,24609,France Ligue 1,2025-2026,1911517,https://www.whoscored.com/matches/1911517/live/france-ligue-1-2025-2026-rennes-metz,Mar 2026,FT,Rennes,Metz,313,314,0,0,2026-03-22,https://d2zywfiolv4f83.cloudfront.net/img/teams/313.png,https://d2zywfiolv4f83.cloudfront.net/img/teams/314.png,27,27
74,22,10792,24609,France Ligue 1,2025-2026,1911511,https://www.whoscored.com/matches/1911511/live/france-ligue-1-2025-2026-nantes-strasbourg,Mar 2026,FT,Nantes,Strasbourg,302,148,2,3,2026-03-22,https://d2zywfiolv4f83.cloudfront.net/img/teams/302.png,https://d2zywfiolv4f83.cloudfront.net/img/teams/148.png,27,27
74,22,10792,24609,France Ligue 1,2025-2026,1911534,https://www.whoscored.com/matches/1911534/live/france-ligue-1-2025-2026-paris-saint-germain-toulouse,Apr 2026,FT,Paris Saint-Germain,Toulouse,304,246,3,1,2026-04-03,https://d2zywfiolv4f83.cloudfront.net/img/teams/304.png,https://d2zywfiolv4f83.cloudfront.net/img/teams/246.png,28,28
74,22,10792,24609,France Ligue 1,2025-2026,1911535,https://www.whoscored.com/matches/1911535/live/france-ligue-1-2025-2026-strasbourg-nice,Apr 2026,FT,Strasbourg,Nice,148,613,3,1,2026-04-04,https://d2zywfiolv4f83.cloudfront.net/img/teams/148.png,https://d2zywfiolv4f83.cloudfront.net/img/teams/613.png,28,28
74,22,10792,24609,France Ligue 1,2025-2026,1911523,https://www.whoscored.com/matches/1911523/live/france-ligue-1-2025-2026-brest-rennes,Apr 2026,FT,Brest,Rennes,2332,313,3,4,2026-04-04,https://d2zywfiolv4f83.cloudfront.net/img/teams/2332.png,https://d2zywfiolv4f83.cloudfront.net/img/teams/313.png,28,28
74,22,10792,24609,France Ligue 1,2025-2026,1911530,https://www.whoscored.com/matches/1911530/live/france-ligue-1-2025-2026-lille-lens,Apr 2026,FT,Lille,Lens,607,309,3,0,2026-04-04,https://d2zywfiolv4f83.cloudfront.net/img/teams/607.png,https://d2zywfiolv4f83.cloudfront.net/img/teams/309.png,28,28
74,22,10792,24609,France Ligue 1,2025-2026,1911521,https://www.whoscored.com/matches/1911521/live/france-ligue-1-2025-2026-angers-lyon,Apr 2026,FT,Angers,Lyon,614,228,0,0,2026-04-05,https://d2zywfiolv4f83.cloudfront.net/img/teams/614.png,https://d2zywfiolv4f83.cloudfront.net/img/teams/228.png,28,28
74,22,10792,24609,France Ligue 1,2025-2026,1911529,https://www.whoscored.com/matches/1911529/live/france-ligue-1-2025-2026-le-havre-auxerre,Apr 2026,FT,Le Havre,Auxerre,217,308,1,1,2026-04-05,https://d2zywfiolv4f83.cloudfront.net/img/teams/217.png,https://d2zywfiolv4f83.cloudfront.net/img/teams/308.png,28,28
74,22,10792,24609,France Ligue 1,2025-2026,1911531,https://www.whoscored.com/matches/1911531/live/france-ligue-1-2025-2026-lorient-paris-fc,Apr 2026,FT,Lorient,Paris FC,146,2832,1,1,2026-04-05,https://d2zywfiolv4f83.cloudfront.net/img/teams/146.png,https://d2zywfiolv4f83.cloudfront.net/img/teams/2832.png,28,28
74,22,10792,24609,France Ligue 1,2025-2026,1911532,https://www.whoscored.com/matches/1911532/live/france-ligue-1-2025-2026-metz-nantes,Apr 2026,FT,Metz,Nantes,314,302,0,0,2026-04-05,https://d2zywfiolv4f83.cloudfront.net/img/teams/314.png,https://d2zywfiolv4f83.cloudfront.net/img/teams/302.png,28,28
74,22,10792,24609,France Ligue 1,2025-2026,1911533,https://www.whoscored.com/matches/1911533/live/france-ligue-1-2025-2026-monaco-marseille,Apr 2026,FT,Monaco,Marseille,248,249,2,1,2026-04-05,https://d2zywfiolv4f83.cloudfront.net/img/teams/248.png,https://d2zywfiolv4f83.cloudfront.net/img/teams/249.png,28,28
74,22,10792,24609,France Ligue 1,2025-2026,1911542,https://www.whoscored.com/matches/1911542/live/france-ligue-1-2025-2026-paris-fc-monaco,Apr 2026,FT,Paris FC,Monaco,2832,248,4,1,2026-04-10,https://d2zywfiolv4f83.cloudfront.net/img/teams/2832.png,https://d2zywfiolv4f83.cloudfront.net/img/teams/248.png,29,29
74,22,10792,24609,France Ligue 1,2025-2026,1911540,https://www.whoscored.com/matches/1911540/live/france-ligue-1-2025-2026-marseille-metz,Apr 2026,FT,Marseille,Metz,249,314,3,1,2026-04-10,https://d2zywfiolv4f83.cloudfront.net/img/teams/249.png,https://d2zywfiolv4f83.cloudfront.net/img/teams/314.png,29,29
74,22,10792,24609,France Ligue 1,2025-2026,1911536,https://www.whoscored.com/matches/1911536/live/france-ligue-1-2025-2026-auxerre-nantes,Apr 2026,FT,Auxerre,Nantes,308,302,0,0,2026-04-11,https://d2zywfiolv4f83.cloudfront.net/img/teams/308.png,https://d2zywfiolv4f83.cloudfront.net/img/teams/302.png,29,29
74,22,10792,24609,France Ligue 1,2025-2026,1911543,https://www.whoscored.com/matches/1911543/live/france-ligue-1-2025-2026-rennes-angers,Apr 2026,FT,Rennes,Angers,313,614,2,1,2026-04-11,https://d2zywfiolv4f83.cloudfront.net/img/teams/313.png,https://d2zywfiolv4f83.cloudfront.net/img/teams/614.png,29,29
74,22,10792,24609,France Ligue 1,2025-2026,1911544,https://www.whoscored.com/matches/1911544/live/france-ligue-1-2025-2026-toulouse-lille,Apr 2026,FT,Toulouse,Lille,246,607,0,4,2026-04-12,https://d2zywfiolv4f83.cloudfront.net/img/teams/246.png,https://d2zywfiolv4f83.cloudfront.net/img/teams/607.png,29,29
74,22,10792,24609,France Ligue 1,2025-2026,1911541,https://www.whoscored.com/matches/1911541/live/france-ligue-1-2025-2026-nice-le-havre,Apr 2026,FT,Nice,Le Havre,613,217,1,1,2026-04-12,https://d2zywfiolv4f83.cloudfront.net/img/teams/613.png,https://d2zywfiolv4f83.cloudfront.net/img/teams/217.png,29,29
74,22,10792,24609,France Ligue 1,2025-2026,1911539,https://www.whoscored.com/matches/1911539/live/france-ligue-1-2025-2026-lyon-lorient,Apr 2026,FT,Lyon,Lorient,228,146,2,0,2026-04-12,https://d2zywfiolv4f83.cloudfront.net/img/teams/228.png,https://d2zywfiolv4f83.cloudfront.net/img/teams/146.png,29,29
74,22,10792,24609,France Ligue 1,2025-2026,1911546,https://www.whoscored.com/matches/1911546/live/france-ligue-1-2025-2026-lens-toulouse,Apr 2026,FT,Lens,Toulouse,309,246,3,2,2026-04-17,https://d2zywfiolv4f83.cloudfront.net/img/teams/309.png,https://d2zywfiolv4f83.cloudfront.net/img/teams/246.png,30,30
74,22,10792,24609,France Ligue 1,2025-2026,1911548,https://www.whoscored.com/matches/1911548/live/france-ligue-1-2025-2026-lorient-marseille,Apr 2026,FT,Lorient,Marseille,146,249,2,0,2026-04-18,https://d2zywfiolv4f83.cloudfront.net/img/teams/146.png,https://d2zywfiolv4f83.cloudfront.net/img/teams/249.png,30,30
74,22,10792,24609,France Ligue 1,2025-2026,1911545,https://www.whoscored.com/matches/1911545/live/france-ligue-1-2025-2026-angers-le-havre,Apr 2026,FT,Angers,Le Havre,614,217,1,1,2026-04-18,https://d2zywfiolv4f83.cloudfront.net/img/teams/614.png,https://d2zywfiolv4f83.cloudfront.net/img/teams/217.png,30,30
74,22,10792,24609,France Ligue 1,2025-2026,1911547,https://www.whoscored.com/matches/1911547/live/france-ligue-1-2025-2026-lille-nice,Apr 2026,FT,Lille,Nice,607,613,0,0,2026-04-18,https://d2zywfiolv4f83.cloudfront.net/img/teams/607.png,https://d2zywfiolv4f83.cloudfront.net/img/teams/613.png,30,30
74,22,10792,24609,France Ligue 1,2025-2026,1911550,https://www.whoscored.com/matches/1911550/live/france-ligue-1-2025-2026-monaco-auxerre,Apr 2026,FT,Monaco,Auxerre,248,308,2,2,2026-04-19,https://d2zywfiolv4f83.cloudfront.net/img/teams/248.png,https://d2zywfiolv4f83.cloudfront.net/img/teams/308.png,30,30
74,22,10792,24609,France Ligue 1,2025-2026,1911551,https://www.whoscored.com/matches/1911551/live/france-ligue-1-2025-2026-nantes-brest,Apr 2026,FT,Nantes,Brest,302,2332,1,1,2026-04-19,https://d2zywfiolv4f83.cloudfront.net/img/teams/302.png,https://d2zywfiolv4f83.cloudfront.net/img/teams/2332.png,30,30
74,22,10792,24609,France Ligue 1,2025-2026,1911549,https://www.whoscored.com/matches/1911549/live/france-ligue-1-2025-2026-metz-paris-fc,Apr 2026,FT,Metz,Paris FC,314,2832,1,3,2026-04-19,https://d2zywfiolv4f83.cloudfront.net/img/teams/314.png,https://d2zywfiolv4f83.cloudfront.net/img/teams/2832.png,30,30
74,22,10792,24609,France Ligue 1,2025-2026,1911553,https://www.whoscored.com/matches/1911553/live/france-ligue-1-2025-2026-strasbourg-rennes,Apr 2026,FT,Strasbourg,Rennes,148,313,0,3,2026-04-19,https://d2zywfiolv4f83.cloudfront.net/img/teams/148.png,https://d2zywfiolv4f83.cloudfront.net/img/teams/313.png,30,30
74,22,10792,24609,France Ligue 1,2025-2026,1911552,https://www.whoscored.com/matches/1911552/live/france-ligue-1-2025-2026-paris-saint-germain-lyon,Apr 2026,FT,Paris Saint-Germain,Lyon,304,228,1,2,2026-04-19,https://d2zywfiolv4f83.cloudfront.net/img/teams/304.png,https://d2zywfiolv4f83.cloudfront.net/img/teams/228.png,30,30
74,22,10792,24609,France Ligue 1,2025-2026,1911504,https://www.whoscored.com/matches/1911504/live/france-ligue-1-2025-2026-paris-saint-germain-nantes,Apr 2026,FT,Paris Saint-Germain,Nantes,304,302,3,0,2026-04-22,https://d2zywfiolv4f83.cloudfront.net/img/teams/304.png,https://d2zywfiolv4f83.cloudfront.net/img/teams/302.png,26,26
74,22,10792,24609,France Ligue 1,2025-2026,1911555,https://www.whoscored.com/matches/1911555/live/france-ligue-1-2025-2026-brest-lens,Apr 2026,FT,Brest,Lens,2332,309,3,3,2026-04-24,https://d2zywfiolv4f83.cloudfront.net/img/teams/2332.png,https://d2zywfiolv4f83.cloudfront.net/img/teams/309.png,31,31
74,22,10792,24609,France Ligue 1,2025-2026,1911558,https://www.whoscored.com/matches/1911558/live/france-ligue-1-2025-2026-lyon-auxerre,Apr 2026,FT,Lyon,Auxerre,228,308,3,2,2026-04-25,https://d2zywfiolv4f83.cloudfront.net/img/teams/228.png,https://d2zywfiolv4f83.cloudfront.net/img/teams/308.png,31,31
74,22,10792,24609,France Ligue 1,2025-2026,1911554,https://www.whoscored.com/matches/1911554/live/france-ligue-1-2025-2026-angers-paris-saint-germain,Apr 2026,FT,Angers,Paris Saint-Germain,614,304,0,3,2026-04-25,https://d2zywfiolv4f83.cloudfront.net/img/teams/614.png,https://d2zywfiolv4f83.cloudfront.net/img/teams/304.png,31,31
74,22,10792,24609,France Ligue 1,2025-2026,1911562,https://www.whoscored.com/matches/1911562/live/france-ligue-1-2025-2026-toulouse-monaco,Apr 2026,FT,Toulouse,Monaco,246,248,2,2,2026-04-25,https://d2zywfiolv4f83.cloudfront.net/img/teams/246.png,https://d2zywfiolv4f83.cloudfront.net/img/teams/248.png,31,31
74,22,10792,24609,France Ligue 1,2025-2026,1911557,https://www.whoscored.com/matches/1911557/live/france-ligue-1-2025-2026-lorient-strasbourg,Apr 2026,FT,Lorient,Strasbourg,146,148,2,3,2026-04-26,https://d2zywfiolv4f83.cloudfront.net/img/teams/146.png,https://d2zywfiolv4f83.cloudfront.net/img/teams/148.png,31,31
74,22,10792,24609,France Ligue 1,2025-2026,1911556,https://www.whoscored.com/matches/1911556/live/france-ligue-1-2025-2026-le-havre-metz,Apr 2026,FT,Le Havre,Metz,217,314,4,4,2026-04-26,https://d2zywfiolv4f83.cloudfront.net/img/teams/217.png,https://d2zywfiolv4f83.cloudfront.net/img/teams/314.png,31,31
74,22,10792,24609,France Ligue 1,2025-2026,1911560,https://www.whoscored.com/matches/1911560/live/france-ligue-1-2025-2026-paris-fc-lille,Apr 2026,FT,Paris FC,Lille,2832,607,0,1,2026-04-26,https://d2zywfiolv4f83.cloudfront.net/img/teams/2832.png,https://d2zywfiolv4f83.cloudfront.net/img/teams/607.png,31,31
74,22,10792,24609,France Ligue 1,2025-2026,1911561,https://www.whoscored.com/matches/1911561/live/france-ligue-1-2025-2026-rennes-nantes,Apr 2026,FT,Rennes,Nantes,313,302,2,1,2026-04-26,https://d2zywfiolv4f83.cloudfront.net/img/teams/313.png,https://d2zywfiolv4f83.cloudfront.net/img/teams/302.png,31,31
74,22,10792,24609,France Ligue 1,2025-2026,1911559,https://www.whoscored.com/matches/1911559/live/france-ligue-1-2025-2026-marseille-nice,Apr 2026,FT,Marseille,Nice,249,613,1,1,2026-04-26,https://d2zywfiolv4f83.cloudfront.net/img/teams/249.png,https://d2zywfiolv4f83.cloudfront.net/img/teams/613.png,31,31
74,22,10792,24609,France Ligue 1,2025-2026,1911567,https://www.whoscored.com/matches/1911567/live/france-ligue-1-2025-2026-nantes-marseille,May 2026,FT,Nantes,Marseille,302,249,3,0,2026-05-02,https://d2zywfiolv4f83.cloudfront.net/img/teams/302.png,https://d2zywfiolv4f83.cloudfront.net/img/teams/249.png,32,32
74,22,10792,24609,France Ligue 1,2025-2026,1911570,https://www.whoscored.com/matches/1911570/live/france-ligue-1-2025-2026-paris-saint-germain-lorient,May 2026,FT,Paris Saint-Germain,Lorient,304,146,2,2,2026-05-02,https://d2zywfiolv4f83.cloudfront.net/img/teams/304.png,https://d2zywfiolv4f83.cloudfront.net/img/teams/146.png,32,32
74,22,10792,24609,France Ligue 1,2025-2026,1911566,https://www.whoscored.com/matches/1911566/live/france-ligue-1-2025-2026-metz-monaco,May 2026,FT,Metz,Monaco,314,248,1,2,2026-05-02,https://d2zywfiolv4f83.cloudfront.net/img/teams/314.png,https://d2zywfiolv4f83.cloudfront.net/img/teams/248.png,32,32
74,22,10792,24609,France Ligue 1,2025-2026,1911568,https://www.whoscored.com/matches/1911568/live/france-ligue-1-2025-2026-nice-lens,May 2026,FT,Nice,Lens,613,309,1,1,2026-05-02,https://d2zywfiolv4f83.cloudfront.net/img/teams/613.png,https://d2zywfiolv4f83.cloudfront.net/img/teams/309.png,32,32
74,22,10792,24609,France Ligue 1,2025-2026,1911564,https://www.whoscored.com/matches/1911564/live/france-ligue-1-2025-2026-lille-le-havre,May 2026,FT,Lille,Le Havre,607,217,1,1,2026-05-03,https://d2zywfiolv4f83.cloudfront.net/img/teams/607.png,https://d2zywfiolv4f83.cloudfront.net/img/teams/217.png,32,32
74,22,10792,24609,France Ligue 1,2025-2026,1911569,https://www.whoscored.com/matches/1911569/live/france-ligue-1-2025-2026-paris-fc-brest,May 2026,FT,Paris FC,Brest,2832,2332,4,0,2026-05-03,https://d2zywfiolv4f83.cloudfront.net/img/teams/2832.png,https://d2zywfiolv4f83.cloudfront.net/img/teams/2332.png,32,32
74,22,10792,24609,France Ligue 1,2025-2026,1911563,https://www.whoscored.com/matches/1911563/live/france-ligue-1-2025-2026-auxerre-angers,May 2026,FT,Auxerre,Angers,308,614,3,1,2026-05-03,https://d2zywfiolv4f83.cloudfront.net/img/teams/308.png,https://d2zywfiolv4f83.cloudfront.net/img/teams/614.png,32,32
74,22,10792,24609,France Ligue 1,2025-2026,1911571,https://www.whoscored.com/matches/1911571/live/france-ligue-1-2025-2026-strasbourg-toulouse,May 2026,FT,Strasbourg,Toulouse,148,246,1,2,2026-05-03,https://d2zywfiolv4f83.cloudfront.net/img/teams/148.png,https://d2zywfiolv4f83.cloudfront.net/img/teams/246.png,32,32
74,22,10792,24609,France Ligue 1,2025-2026,1911565,https://www.whoscored.com/matches/1911565/live/france-ligue-1-2025-2026-lyon-rennes,May 2026,FT,Lyon,Rennes,228,313,4,2,2026-05-03,https://d2zywfiolv4f83.cloudfront.net/img/teams/228.png,https://d2zywfiolv4f83.cloudfront.net/img/teams/313.png,32,32
74,22,10792,24609,France Ligue 1,2025-2026,1911575,https://www.whoscored.com/matches/1911575/live/france-ligue-1-2025-2026-lens-nantes,May 2026,FT,Lens,Nantes,309,302,1,0,2026-05-08,https://d2zywfiolv4f83.cloudfront.net/img/teams/309.png,https://d2zywfiolv4f83.cloudfront.net/img/teams/302.png,33,33
74,22,10792,24609,France Ligue 1,2025-2026,1911576,https://www.whoscored.com/matches/1911576/live/france-ligue-1-2025-2026-metz-lorient,May 2026,FT,Metz,Lorient,314,146,0,4,2026-05-10,https://d2zywfiolv4f83.cloudfront.net/img/teams/314.png,https://d2zywfiolv4f83.cloudfront.net/img/teams/146.png,33,33
74,22,10792,24609,France Ligue 1,2025-2026,1911577,https://www.whoscored.com/matches/1911577/live/france-ligue-1-2025-2026-monaco-lille,May 2026,FT,Monaco,Lille,248,607,0,1,2026-05-10,https://d2zywfiolv4f83.cloudfront.net/img/teams/248.png,https://d2zywfiolv4f83.cloudfront.net/img/teams/607.png,33,33
74,22,10792,24609,France Ligue 1,2025-2026,1911578,https://www.whoscored.com/matches/1911578/live/france-ligue-1-2025-2026-paris-saint-germain-brest,May 2026,FT,Paris Saint-Germain,Brest,304,2332,1,0,2026-05-10,https://d2zywfiolv4f83.cloudfront.net/img/teams/304.png,https://d2zywfiolv4f83.cloudfront.net/img/teams/2332.png,33,33
74,22,10792,24609,France Ligue 1,2025-2026,1911572,https://www.whoscored.com/matches/1911572/live/france-ligue-1-2025-2026-angers-strasbourg,May 2026,FT,Angers,Strasbourg,614,148,1,1,2026-05-10,https://d2zywfiolv4f83.cloudfront.net/img/teams/614.png,https://d2zywfiolv4f83.cloudfront.net/img/teams/148.png,33,33
74,22,10792,24609,France Ligue 1,2025-2026,1911573,https://www.whoscored.com/matches/1911573/live/france-ligue-1-2025-2026-auxerre-nice,May 2026,FT,Auxerre,Nice,308,613,2,1,2026-05-10,https://d2zywfiolv4f83.cloudfront.net/img/teams/308.png,https://d2zywfiolv4f83.cloudfront.net/img/teams/613.png,33,33
74,22,10792,24609,France Ligue 1,2025-2026,1911574,https://www.whoscored.com/matches/1911574/live/france-ligue-1-2025-2026-le-havre-marseille,May 2026,FT,Le Havre,Marseille,217,249,0,1,2026-05-10,https://d2zywfiolv4f83.cloudfront.net/img/teams/217.png,https://d2zywfiolv4f83.cloudfront.net/img/teams/249.png,33,33
74,22,10792,24609,France Ligue 1,2025-2026,1911512,https://www.whoscored.com/matches/1911512/live/france-ligue-1-2025-2026-rennes-paris-fc,May 2026,FT,Rennes,Paris FC,313,2832,2,1,2026-05-10,https://d2zywfiolv4f83.cloudfront.net/img/teams/313.png,https://d2zywfiolv4f83.cloudfront.net/img/teams/2832.png,33,33
74,22,10792,24609,France Ligue 1,2025-2026,1911514,https://www.whoscored.com/matches/1911514/live/france-ligue-1-2025-2026-toulouse-lyon,May 2026,FT,Toulouse,Lyon,246,228,2,1,2026-05-10,https://d2zywfiolv4f83.cloudfront.net/img/teams/246.png,https://d2zywfiolv4f83.cloudfront.net/img/teams/228.png,33,33
74,22,10792,24609,France Ligue 1,2025-2026,1911537,https://www.whoscored.com/matches/1911537/live/france-ligue-1-2025-2026-brest-strasbourg,May 2026,FT,Brest,Strasbourg,2332,148,1,2,2026-05-13,https://d2zywfiolv4f83.cloudfront.net/img/teams/2332.png,https://d2zywfiolv4f83.cloudfront.net/img/teams/148.png,29,29
74,22,10792,24609,France Ligue 1,2025-2026,1911538,https://www.whoscored.com/matches/1911538/live/france-ligue-1-2025-2026-lens-paris-saint-germain,May 2026,FT,Lens,Paris Saint-Germain,309,304,0,2,2026-05-13,https://d2zywfiolv4f83.cloudfront.net/img/teams/309.png,https://d2zywfiolv4f83.cloudfront.net/img/teams/304.png,29,29
74,22,10792,24609,France Ligue 1,2025-2026,1911516,https://www.whoscored.com/matches/1911516/live/france-ligue-1-2025-2026-brest-angers,May 2026,FT,Brest,Angers,2332,614,1,1,2026-05-17,https://d2zywfiolv4f83.cloudfront.net/img/teams/2332.png,https://d2zywfiolv4f83.cloudfront.net/img/teams/614.png,34,34
74,22,10792,24609,France Ligue 1,2025-2026,1911518,https://www.whoscored.com/matches/1911518/live/france-ligue-1-2025-2026-lille-auxerre,May 2026,FT,Lille,Auxerre,607,308,0,2,2026-05-17,https://d2zywfiolv4f83.cloudfront.net/img/teams/607.png,https://d2zywfiolv4f83.cloudfront.net/img/teams/308.png,34,34
74,22,10792,24609,France Ligue 1,2025-2026,1911520,https://www.whoscored.com/matches/1911520/live/france-ligue-1-2025-2026-lorient-le-havre,May 2026,FT,Lorient,Le Havre,146,217,0,2,2026-05-17,https://d2zywfiolv4f83.cloudfront.net/img/teams/146.png,https://d2zywfiolv4f83.cloudfront.net/img/teams/217.png,34,34
74,22,10792,24609,France Ligue 1,2025-2026,1911522,https://www.whoscored.com/matches/1911522/live/france-ligue-1-2025-2026-lyon-lens,May 2026,FT,Lyon,Lens,228,309,0,4,2026-05-17,https://d2zywfiolv4f83.cloudfront.net/img/teams/228.png,https://d2zywfiolv4f83.cloudfront.net/img/teams/309.png,34,34
74,22,10792,24609,France Ligue 1,2025-2026,1911524,https://www.whoscored.com/matches/1911524/live/france-ligue-1-2025-2026-marseille-rennes,May 2026,FT,Marseille,Rennes,249,313,3,1,2026-05-17,https://d2zywfiolv4f83.cloudfront.net/img/teams/249.png,https://d2zywfiolv4f83.cloudfront.net/img/teams/313.png,34,34
74,22,10792,24609,France Ligue 1,2025-2026,1911525,https://www.whoscored.com/matches/1911525/live/france-ligue-1-2025-2026-nantes-toulouse,May 2026,FT,Nantes,Toulouse,302,246,0,0,2026-05-17,https://d2zywfiolv4f83.cloudfront.net/img/teams/302.png,https://d2zywfiolv4f83.cloudfront.net/img/teams/246.png,34,34
74,22,10792,24609,France Ligue 1,2025-2026,1911526,https://www.whoscored.com/matches/1911526/live/france-ligue-1-2025-2026-nice-metz,May 2026,FT,Nice,Metz,613,314,0,0,2026-05-17,https://d2zywfiolv4f83.cloudfront.net/img/teams/613.png,https://d2zywfiolv4f83.cloudfront.net/img/teams/314.png,34,34
74,22,10792,24609,France Ligue 1,2025-2026,1911527,https://www.whoscored.com/matches/1911527/live/france-ligue-1-2025-2026-paris-fc-paris-saint-germain,May 2026,FT,Paris FC,Paris Saint-Germain,2832,304,2,1,2026-05-17,https://d2zywfiolv4f83.cloudfront.net/img/teams/2832.png,https://d2zywfiolv4f83.cloudfront.net/img/teams/304.png,34,34
74,22,10792,24609,France Ligue 1,2025-2026,1911528,https://www.whoscored.com/matches/1911528/live/france-ligue-1-2025-2026-strasbourg-monaco,May 2026,FT,Strasbourg,Monaco,148,248,5,4,2026-05-17,https://d2zywfiolv4f83.cloudfront.net/img/teams/148.png,https://d2zywfiolv4f83.cloudfront.net/img/teams/248.png,34,34
