regionId,tournamentId,seasonId,stageId,leagueName,season,match_id,match_url,calendar_month,status,homeTeamName,awayTeamName,homeTeamId,awayTeamId,homeScore,awayScore,match_date,homeLogo,awayLogo,matchweek_id,matchround
206,4,11213,25662,Spain Laliga,2026-2027,1993897,https://www.whoscored.com/matches/1993897/live/spain-laliga-2026-2027-deportivo-alaves-getafe,Aug 2026,FT,Deportivo Alaves,Getafe,60,819,3.0,0.0,2026-08-15,https://d2zywfiolv4f83.cloudfront.net/img/teams/60.png,https://d2zywfiolv4f83.cloudfront.net/img/teams/819.png,1,1
206,4,11213,25662,Spain Laliga,2026-2027,1993905,https://www.whoscored.com/matches/1993905/live/spain-laliga-2026-2027-sevilla-rayo-vallecano,Aug 2026,FT,Sevilla,Rayo Vallecano,67,64,2.0,1.0,2026-08-15,https://d2zywfiolv4f83.cloudfront.net/img/teams/67.png,https://d2zywfiolv4f83.cloudfront.net/img/teams/64.png,1,1
206,4,11213,25662,Spain Laliga,2026-2027,1993903,https://www.whoscored.com/matches/1993903/live/spain-laliga-2026-2027-racing-santander-villarreal,Aug 2026,FT,Racing Santander,Villarreal,56,839,2.0,2.0,2026-08-16,https://d2zywfiolv4f83.cloudfront.net/img/teams/56.png,https://d2zywfiolv4f83.cloudfront.net/img/teams/839.png,1,1
206,4,11213,25662,Spain Laliga,2026-2027,1993901,https://www.whoscored.com/matches/1993901/live/spain-laliga-2026-2027-espanyol-levante,Aug 2026,FT,Espanyol,Levante,70,832,3.0,0.0,2026-08-16,https://d2zywfiolv4f83.cloudfront.net/img/teams/70.png,https://d2zywfiolv4f83.cloudfront.net/img/teams/832.png,1,1
206,4,11213,25662,Spain Laliga,2026-2027,1993900,https://www.whoscored.com/matches/1993900/show/spain-laliga-2026-2027-deportivo-de-a-coruna-elche,Aug 2026,,Deportivo A Coruña,Elche,59,833,,,2026-08-17,https://d2zywfiolv4f83.cloudfront.net/img/teams/59.png,https://d2zywfiolv4f83.cloudfront.net/img/teams/833.png,1,1
206,4,11213,25662,Spain Laliga,2026-2027,1993898,https://www.whoscored.com/matches/1993898/show/spain-laliga-2026-2027-atletico-madrid-malaga,Aug 2026,,Atletico Madrid,Malaga,63,69,,,2026-08-19,https://d2zywfiolv4f83.cloudfront.net/img/teams/63.png,https://d2zywfiolv4f83.cloudfront.net/img/teams/69.png,1,1
206,4,11213,25662,Spain Laliga,2026-2027,1993915,https://www.whoscored.com/matches/1993915/show/spain-laliga-2026-2027-rayo-vallecano-deportivo-alaves,Aug 2026,,Rayo Vallecano,Deportivo Alaves,64,60,,,2026-08-20,https://d2zywfiolv4f83.cloudfront.net/img/teams/64.png,https://d2zywfiolv4f83.cloudfront.net/img/teams/60.png,2,2
206,4,11213,25662,Spain Laliga,2026-2027,1993909,https://www.whoscored.com/matches/1993909/show/spain-laliga-2026-2027-real-betis-real-sociedad,Aug 2026,,Real Betis,Real Sociedad,54,68,,,2026-08-21,https://d2zywfiolv4f83.cloudfront.net/img/teams/54.png,https://d2zywfiolv4f83.cloudfront.net/img/teams/68.png,2,2
206,4,11213,25662,Spain Laliga,2026-2027,1993907,https://www.whoscored.com/matches/1993907/show/spain-laliga-2026-2027-athletic-club-sevilla,Aug 2026,,Athletic Club,Sevilla,53,67,,,2026-08-22,https://d2zywfiolv4f83.cloudfront.net/img/teams/53.png,https://d2zywfiolv4f83.cloudfront.net/img/teams/67.png,2,2
206,4,11213,25662,Spain Laliga,2026-2027,1993916,https://www.whoscored.com/matches/1993916/show/spain-laliga-2026-2027-valencia-celta-vigo,Aug 2026,,Valencia,Celta Vigo,55,62,,,2026-08-22,https://d2zywfiolv4f83.cloudfront.net/img/teams/55.png,https://d2zywfiolv4f83.cloudfront.net/img/teams/62.png,2,2
206,4,11213,25662,Spain Laliga,2026-2027,1993911,https://www.whoscored.com/matches/1993911/show/spain-laliga-2026-2027-espanyol-real-madrid,Aug 2026,,Espanyol,Real Madrid,70,52,,,2026-08-22,https://d2zywfiolv4f83.cloudfront.net/img/teams/70.png,https://d2zywfiolv4f83.cloudfront.net/img/teams/52.png,2,2
206,4,11213,25662,Spain Laliga,2026-2027,1993908,https://www.whoscored.com/matches/1993908/show/spain-laliga-2026-2027-atletico-madrid-villarreal,Aug 2026,,Atletico Madrid,Villarreal,63,839,,,2026-08-23,https://d2zywfiolv4f83.cloudfront.net/img/teams/63.png,https://d2zywfiolv4f83.cloudfront.net/img/teams/839.png,2,2
206,4,11213,25662,Spain Laliga,2026-2027,1993912,https://www.whoscored.com/matches/1993912/show/spain-laliga-2026-2027-getafe-racing-santander,Aug 2026,,Getafe,Racing Santander,819,56,,,2026-08-23,https://d2zywfiolv4f83.cloudfront.net/img/teams/819.png,https://d2zywfiolv4f83.cloudfront.net/img/teams/56.png,2,2
206,4,11213,25662,Spain Laliga,2026-2027,1993910,https://www.whoscored.com/matches/1993910/show/spain-laliga-2026-2027-elche-barcelona,Aug 2026,,Elche,Barcelona,833,65,,,2026-08-23,https://d2zywfiolv4f83.cloudfront.net/img/teams/833.png,https://d2zywfiolv4f83.cloudfront.net/img/teams/65.png,2,2
206,4,11213,25662,Spain Laliga,2026-2027,1993914,https://www.whoscored.com/matches/1993914/show/spain-laliga-2026-2027-osasuna-levante,Aug 2026,,Osasuna,Levante,131,832,,,2026-08-24,https://d2zywfiolv4f83.cloudfront.net/img/teams/131.png,https://d2zywfiolv4f83.cloudfront.net/img/teams/832.png,2,2
206,4,11213,25662,Spain Laliga,2026-2027,1993913,https://www.whoscored.com/matches/1993913/show/spain-laliga-2026-2027-malaga-deportivo-de-a-coruna,Aug 2026,,Malaga,Deportivo A Coruña,69,59,,,2026-08-24,https://d2zywfiolv4f83.cloudfront.net/img/teams/69.png,https://d2zywfiolv4f83.cloudfront.net/img/teams/59.png,2,2
206,4,11213,25662,Spain Laliga,2026-2027,1993906,https://www.whoscored.com/matches/1993906/show/spain-laliga-2026-2027-valencia-real-betis,Aug 2026,,Valencia,Real Betis,55,54,,,2026-08-25,https://d2zywfiolv4f83.cloudfront.net/img/teams/55.png,https://d2zywfiolv4f83.cloudfront.net/img/teams/54.png,1,1
206,4,11213,25662,Spain Laliga,2026-2027,1993904,https://www.whoscored.com/matches/1993904/show/spain-laliga-2026-2027-real-madrid-real-sociedad,Aug 2026,,Real Madrid,Real Sociedad,52,68,,,2026-08-26,https://d2zywfiolv4f83.cloudfront.net/img/teams/52.png,https://d2zywfiolv4f83.cloudfront.net/img/teams/68.png,1,1
206,4,11213,25662,Spain Laliga,2026-2027,1993899,https://www.whoscored.com/matches/1993899/show/spain-laliga-2026-2027-celta-vigo-osasuna,Aug 2026,,Celta Vigo,Osasuna,62,131,,,2026-08-27,https://d2zywfiolv4f83.cloudfront.net/img/teams/62.png,https://d2zywfiolv4f83.cloudfront.net/img/teams/131.png,1,1
206,4,11213,25662,Spain Laliga,2026-2027,1993902,https://www.whoscored.com/matches/1993902/show/spain-laliga-2026-2027-barcelona-athletic-club,Aug 2026,,Barcelona,Athletic Club,65,53,,,2026-08-27,https://d2zywfiolv4f83.cloudfront.net/img/teams/65.png,https://d2zywfiolv4f83.cloudfront.net/img/teams/53.png,1,1
206,4,11213,25662,Spain Laliga,2026-2027,1993923,https://www.whoscored.com/matches/1993923/show/spain-laliga-2026-2027-racing-santander-elche,Aug 2026,,Racing Santander,Elche,56,833,,,2026-08-28,https://d2zywfiolv4f83.cloudfront.net/img/teams/56.png,https://d2zywfiolv4f83.cloudfront.net/img/teams/833.png,3,3
206,4,11213,25662,Spain Laliga,2026-2027,1993917,https://www.whoscored.com/matches/1993917/show/spain-laliga-2026-2027-deportivo-alaves-villarreal,Aug 2026,,Deportivo Alaves,Villarreal,60,839,,,2026-08-28,https://d2zywfiolv4f83.cloudfront.net/img/teams/60.png,https://d2zywfiolv4f83.cloudfront.net/img/teams/839.png,3,3
206,4,11213,25662,Spain Laliga,2026-2027,1993921,https://www.whoscored.com/matches/1993921/show/spain-laliga-2026-2027-levante-real-betis,Aug 2026,,Levante,Real Betis,832,54,,,2026-08-29,https://d2zywfiolv4f83.cloudfront.net/img/teams/832.png,https://d2zywfiolv4f83.cloudfront.net/img/teams/54.png,3,3
206,4,11213,25662,Spain Laliga,2026-2027,1993925,https://www.whoscored.com/matches/1993925/show/spain-laliga-2026-2027-real-sociedad-espanyol,Aug 2026,,Real Sociedad,Espanyol,68,70,,,2026-08-29,https://d2zywfiolv4f83.cloudfront.net/img/teams/68.png,https://d2zywfiolv4f83.cloudfront.net/img/teams/70.png,3,3
206,4,11213,25662,Spain Laliga,2026-2027,1993926,https://www.whoscored.com/matches/1993926/show/spain-laliga-2026-2027-sevilla-atletico-madrid,Aug 2026,,Sevilla,Atletico Madrid,67,63,,,2026-08-29,https://d2zywfiolv4f83.cloudfront.net/img/teams/67.png,https://d2zywfiolv4f83.cloudfront.net/img/teams/63.png,3,3
206,4,11213,25662,Spain Laliga,2026-2027,1993924,https://www.whoscored.com/matches/1993924/show/spain-laliga-2026-2027-real-madrid-malaga,Aug 2026,,Real Madrid,Malaga,52,69,,,2026-08-30,https://d2zywfiolv4f83.cloudfront.net/img/teams/52.png,https://d2zywfiolv4f83.cloudfront.net/img/teams/69.png,3,3
206,4,11213,25662,Spain Laliga,2026-2027,1993919,https://www.whoscored.com/matches/1993919/show/spain-laliga-2026-2027-deportivo-de-a-coruna-valencia,Aug 2026,,Deportivo A Coruña,Valencia,59,55,,,2026-08-30,https://d2zywfiolv4f83.cloudfront.net/img/teams/59.png,https://d2zywfiolv4f83.cloudfront.net/img/teams/55.png,3,3
206,4,11213,25662,Spain Laliga,2026-2027,1993918,https://www.whoscored.com/matches/1993918/show/spain-laliga-2026-2027-celta-vigo-athletic-club,Aug 2026,,Celta Vigo,Athletic Club,62,53,,,2026-08-30,https://d2zywfiolv4f83.cloudfront.net/img/teams/62.png,https://d2zywfiolv4f83.cloudfront.net/img/teams/53.png,3,3
206,4,11213,25662,Spain Laliga,2026-2027,1993922,https://www.whoscored.com/matches/1993922/show/spain-laliga-2026-2027-osasuna-getafe,Aug 2026,,Osasuna,Getafe,131,819,,,2026-08-31,https://d2zywfiolv4f83.cloudfront.net/img/teams/131.png,https://d2zywfiolv4f83.cloudfront.net/img/teams/819.png,3,3
206,4,11213,25662,Spain Laliga,2026-2027,1993920,https://www.whoscored.com/matches/1993920/show/spain-laliga-2026-2027-barcelona-rayo-vallecano,Aug 2026,,Barcelona,Rayo Vallecano,65,64,,,2026-08-31,https://d2zywfiolv4f83.cloudfront.net/img/teams/65.png,https://d2zywfiolv4f83.cloudfront.net/img/teams/64.png,3,3
206,4,11213,25662,Spain Laliga,2026-2027,1994148,https://www.whoscored.com/matches/1994148/show/spain-laliga-2026-2027-real-sociedad-celta-vigo,Sep 2026,,Real Sociedad,Celta Vigo,68,62,,,2026-09-03,https://d2zywfiolv4f83.cloudfront.net/img/teams/68.png,https://d2zywfiolv4f83.cloudfront.net/img/teams/62.png,6,6
206,4,11213,25662,Spain Laliga,2026-2027,1993928,https://www.whoscored.com/matches/1993928/show/spain-laliga-2026-2027-real-betis-real-madrid,Sep 2026,,Real Betis,Real Madrid,54,52,,,2026-09-04,https://d2zywfiolv4f83.cloudfront.net/img/teams/54.png,https://d2zywfiolv4f83.cloudfront.net/img/teams/52.png,4,4
206,4,11213,25662,Spain Laliga,2026-2027,1993946,https://www.whoscored.com/matches/1993946/show/spain-laliga-2026-2027-athletic-club-atletico-madrid,Sep 2026,,Athletic Club,Atletico Madrid,53,63,,,2026-09-05,https://d2zywfiolv4f83.cloudfront.net/img/teams/53.png,https://d2zywfiolv4f83.cloudfront.net/img/teams/63.png,4,4
206,4,11213,25662,Spain Laliga,2026-2027,1993945,https://www.whoscored.com/matches/1993945/show/spain-laliga-2026-2027-rayo-vallecano-racing-santander,Sep 2026,,Rayo Vallecano,Racing Santander,64,56,,,2026-09-05,https://d2zywfiolv4f83.cloudfront.net/img/teams/64.png,https://d2zywfiolv4f83.cloudfront.net/img/teams/56.png,4,4
206,4,11213,25662,Spain Laliga,2026-2027,1993927,https://www.whoscored.com/matches/1993927/show/spain-laliga-2026-2027-villarreal-deportivo-de-a-coruna,Sep 2026,,Villarreal,Deportivo A Coruña,839,59,,,2026-09-05,https://d2zywfiolv4f83.cloudfront.net/img/teams/839.png,https://d2zywfiolv4f83.cloudfront.net/img/teams/59.png,4,4
206,4,11213,25662,Spain Laliga,2026-2027,1993949,https://www.whoscored.com/matches/1993949/show/spain-laliga-2026-2027-valencia-barcelona,Sep 2026,,Valencia,Barcelona,55,65,,,2026-09-06,https://d2zywfiolv4f83.cloudfront.net/img/teams/55.png,https://d2zywfiolv4f83.cloudfront.net/img/teams/65.png,4,4
206,4,11213,25662,Spain Laliga,2026-2027,1993940,https://www.whoscored.com/matches/1993940/show/spain-laliga-2026-2027-malaga-levante,Sep 2026,,Malaga,Levante,69,832,,,2026-09-06,https://d2zywfiolv4f83.cloudfront.net/img/teams/69.png,https://d2zywfiolv4f83.cloudfront.net/img/teams/832.png,4,4
206,4,11213,25662,Spain Laliga,2026-2027,1993942,https://www.whoscored.com/matches/1993942/show/spain-laliga-2026-2027-deportivo-alaves-osasuna,Sep 2026,,Deportivo Alaves,Osasuna,60,131,,,2026-09-06,https://d2zywfiolv4f83.cloudfront.net/img/teams/60.png,https://d2zywfiolv4f83.cloudfront.net/img/teams/131.png,4,4
206,4,11213,25662,Spain Laliga,2026-2027,1993933,https://www.whoscored.com/matches/1993933/show/spain-laliga-2026-2027-espanyol-sevilla,Sep 2026,,Espanyol,Sevilla,70,67,,,2026-09-06,https://d2zywfiolv4f83.cloudfront.net/img/teams/70.png,https://d2zywfiolv4f83.cloudfront.net/img/teams/67.png,4,4
206,4,11213,25662,Spain Laliga,2026-2027,1993936,https://www.whoscored.com/matches/1993936/show/spain-laliga-2026-2027-getafe-celta-vigo,Sep 2026,,Getafe,Celta Vigo,819,62,,,2026-09-07,https://d2zywfiolv4f83.cloudfront.net/img/teams/819.png,https://d2zywfiolv4f83.cloudfront.net/img/teams/62.png,4,4
206,4,11213,25662,Spain Laliga,2026-2027,1993931,https://www.whoscored.com/matches/1993931/show/spain-laliga-2026-2027-elche-real-sociedad,Sep 2026,,Elche,Real Sociedad,833,68,,,2026-09-07,https://d2zywfiolv4f83.cloudfront.net/img/teams/833.png,https://d2zywfiolv4f83.cloudfront.net/img/teams/68.png,4,4
206,4,11213,25662,Spain Laliga,2026-2027,1993935,https://www.whoscored.com/matches/1993935/show/spain-laliga-2026-2027-celta-vigo-malaga,Sep 2026,,Celta Vigo,Malaga,62,69,,,2026-09-13,https://d2zywfiolv4f83.cloudfront.net/img/teams/62.png,https://d2zywfiolv4f83.cloudfront.net/img/teams/69.png,5,5
206,4,11213,25662,Spain Laliga,2026-2027,1993930,https://www.whoscored.com/matches/1993930/show/spain-laliga-2026-2027-athletic-club-elche,Sep 2026,,Athletic Club,Elche,53,833,,,2026-09-13,https://d2zywfiolv4f83.cloudfront.net/img/teams/53.png,https://d2zywfiolv4f83.cloudfront.net/img/teams/833.png,5,5
206,4,11213,25662,Spain Laliga,2026-2027,1993938,https://www.whoscored.com/matches/1993938/show/spain-laliga-2026-2027-getafe-deportivo-de-a-coruna,Sep 2026,,Getafe,Deportivo A Coruña,819,59,,,2026-09-13,https://d2zywfiolv4f83.cloudfront.net/img/teams/819.png,https://d2zywfiolv4f83.cloudfront.net/img/teams/59.png,5,5
206,4,11213,25662,Spain Laliga,2026-2027,1993941,https://www.whoscored.com/matches/1993941/show/spain-laliga-2026-2027-levante-barcelona,Sep 2026,,Levante,Barcelona,832,65,,,2026-09-13,https://d2zywfiolv4f83.cloudfront.net/img/teams/832.png,https://d2zywfiolv4f83.cloudfront.net/img/teams/65.png,5,5
206,4,11213,25662,Spain Laliga,2026-2027,1994160,https://www.whoscored.com/matches/1994160/show/spain-laliga-2026-2027-racing-santander-deportivo-alaves,Sep 2026,,Racing Santander,Deportivo Alaves,56,60,,,2026-09-13,https://d2zywfiolv4f83.cloudfront.net/img/teams/56.png,https://d2zywfiolv4f83.cloudfront.net/img/teams/60.png,5,5
206,4,11213,25662,Spain Laliga,2026-2027,1994162,https://www.whoscored.com/matches/1994162/show/spain-laliga-2026-2027-real-madrid-rayo-vallecano,Sep 2026,,Real Madrid,Rayo Vallecano,52,64,,,2026-09-13,https://d2zywfiolv4f83.cloudfront.net/img/teams/52.png,https://d2zywfiolv4f83.cloudfront.net/img/teams/64.png,5,5
206,4,11213,25662,Spain Laliga,2026-2027,1994164,https://www.whoscored.com/matches/1994164/show/spain-laliga-2026-2027-real-sociedad-atletico-madrid,Sep 2026,,Real Sociedad,Atletico Madrid,68,63,,,2026-09-13,https://d2zywfiolv4f83.cloudfront.net/img/teams/68.png,https://d2zywfiolv4f83.cloudfront.net/img/teams/63.png,5,5
206,4,11213,25662,Spain Laliga,2026-2027,1994166,https://www.whoscored.com/matches/1994166/show/spain-laliga-2026-2027-sevilla-valencia,Sep 2026,,Sevilla,Valencia,67,55,,,2026-09-13,https://d2zywfiolv4f83.cloudfront.net/img/teams/67.png,https://d2zywfiolv4f83.cloudfront.net/img/teams/55.png,5,5
206,4,11213,25662,Spain Laliga,2026-2027,1994168,https://www.whoscored.com/matches/1994168/show/spain-laliga-2026-2027-villarreal-real-betis,Sep 2026,,Villarreal,Real Betis,839,54,,,2026-09-13,https://d2zywfiolv4f83.cloudfront.net/img/teams/839.png,https://d2zywfiolv4f83.cloudfront.net/img/teams/54.png,5,5
206,4,11213,25662,Spain Laliga,2026-2027,1993943,https://www.whoscored.com/matches/1993943/show/spain-laliga-2026-2027-osasuna-espanyol,Sep 2026,,Osasuna,Espanyol,131,70,,,2026-09-13,https://d2zywfiolv4f83.cloudfront.net/img/teams/131.png,https://d2zywfiolv4f83.cloudfront.net/img/teams/70.png,5,5
206,4,11213,25662,Spain Laliga,2026-2027,1994170,https://www.whoscored.com/matches/1994170/show/spain-laliga-2026-2027-deportivo-alaves-valencia,Sep 2026,,Deportivo Alaves,Valencia,60,55,,,2026-09-16,https://d2zywfiolv4f83.cloudfront.net/img/teams/60.png,https://d2zywfiolv4f83.cloudfront.net/img/teams/55.png,6,6
206,4,11213,25662,Spain Laliga,2026-2027,1994173,https://www.whoscored.com/matches/1994173/show/spain-laliga-2026-2027-atletico-madrid-osasuna,Sep 2026,,Atletico Madrid,Osasuna,63,131,,,2026-09-16,https://d2zywfiolv4f83.cloudfront.net/img/teams/63.png,https://d2zywfiolv4f83.cloudfront.net/img/teams/131.png,6,6
206,4,11213,25662,Spain Laliga,2026-2027,1994175,https://www.whoscored.com/matches/1994175/show/spain-laliga-2026-2027-real-betis-getafe,Sep 2026,,Real Betis,Getafe,54,819,,,2026-09-16,https://d2zywfiolv4f83.cloudfront.net/img/teams/54.png,https://d2zywfiolv4f83.cloudfront.net/img/teams/819.png,6,6
206,4,11213,25662,Spain Laliga,2026-2027,1994177,https://www.whoscored.com/matches/1994177/show/spain-laliga-2026-2027-deportivo-de-a-coruna-sevilla,Sep 2026,,Deportivo A Coruña,Sevilla,59,67,,,2026-09-16,https://d2zywfiolv4f83.cloudfront.net/img/teams/59.png,https://d2zywfiolv4f83.cloudfront.net/img/teams/67.png,6,6
206,4,11213,25662,Spain Laliga,2026-2027,1994179,https://www.whoscored.com/matches/1994179/show/spain-laliga-2026-2027-elche-real-madrid,Sep 2026,,Elche,Real Madrid,833,52,,,2026-09-16,https://d2zywfiolv4f83.cloudfront.net/img/teams/833.png,https://d2zywfiolv4f83.cloudfront.net/img/teams/52.png,6,6
206,4,11213,25662,Spain Laliga,2026-2027,1994181,https://www.whoscored.com/matches/1994181/show/spain-laliga-2026-2027-barcelona-racing-santander,Sep 2026,,Barcelona,Racing Santander,65,56,,,2026-09-16,https://d2zywfiolv4f83.cloudfront.net/img/teams/65.png,https://d2zywfiolv4f83.cloudfront.net/img/teams/56.png,6,6
206,4,11213,25662,Spain Laliga,2026-2027,1994183,https://www.whoscored.com/matches/1994183/show/spain-laliga-2026-2027-levante-athletic-club,Sep 2026,,Levante,Athletic Club,832,53,,,2026-09-16,https://d2zywfiolv4f83.cloudfront.net/img/teams/832.png,https://d2zywfiolv4f83.cloudfront.net/img/teams/53.png,6,6
206,4,11213,25662,Spain Laliga,2026-2027,1994146,https://www.whoscored.com/matches/1994146/show/spain-laliga-2026-2027-malaga-villarreal,Sep 2026,,Malaga,Villarreal,69,839,,,2026-09-16,https://d2zywfiolv4f83.cloudfront.net/img/teams/69.png,https://d2zywfiolv4f83.cloudfront.net/img/teams/839.png,6,6
206,4,11213,25662,Spain Laliga,2026-2027,1994147,https://www.whoscored.com/matches/1994147/show/spain-laliga-2026-2027-rayo-vallecano-espanyol,Sep 2026,,Rayo Vallecano,Espanyol,64,70,,,2026-09-16,https://d2zywfiolv4f83.cloudfront.net/img/teams/64.png,https://d2zywfiolv4f83.cloudfront.net/img/teams/70.png,6,6
206,4,11213,25662,Spain Laliga,2026-2027,1994149,https://www.whoscored.com/matches/1994149/show/spain-laliga-2026-2027-athletic-club-deportivo-alaves,Sep 2026,,Athletic Club,Deportivo Alaves,53,60,,,2026-09-20,https://d2zywfiolv4f83.cloudfront.net/img/teams/53.png,https://d2zywfiolv4f83.cloudfront.net/img/teams/60.png,7,7
206,4,11213,25662,Spain Laliga,2026-2027,1994150,https://www.whoscored.com/matches/1994150/show/spain-laliga-2026-2027-atletico-madrid-real-madrid,Sep 2026,,Atletico Madrid,Real Madrid,63,52,,,2026-09-20,https://d2zywfiolv4f83.cloudfront.net/img/teams/63.png,https://d2zywfiolv4f83.cloudfront.net/img/teams/52.png,7,7
206,4,11213,25662,Spain Laliga,2026-2027,1994151,https://www.whoscored.com/matches/1994151/show/spain-laliga-2026-2027-celta-vigo-racing-santander,Sep 2026,,Celta Vigo,Racing Santander,62,56,,,2026-09-20,https://d2zywfiolv4f83.cloudfront.net/img/teams/62.png,https://d2zywfiolv4f83.cloudfront.net/img/teams/56.png,7,7
206,4,11213,25662,Spain Laliga,2026-2027,1994152,https://www.whoscored.com/matches/1994152/show/spain-laliga-2026-2027-deportivo-de-a-coruna-real-betis,Sep 2026,,Deportivo A Coruña,Real Betis,59,54,,,2026-09-20,https://d2zywfiolv4f83.cloudfront.net/img/teams/59.png,https://d2zywfiolv4f83.cloudfront.net/img/teams/54.png,7,7
206,4,11213,25662,Spain Laliga,2026-2027,1994153,https://www.whoscored.com/matches/1994153/show/spain-laliga-2026-2027-espanyol-elche,Sep 2026,,Espanyol,Elche,70,833,,,2026-09-20,https://d2zywfiolv4f83.cloudfront.net/img/teams/70.png,https://d2zywfiolv4f83.cloudfront.net/img/teams/833.png,7,7
206,4,11213,25662,Spain Laliga,2026-2027,1994154,https://www.whoscored.com/matches/1994154/show/spain-laliga-2026-2027-getafe-malaga,Sep 2026,,Getafe,Malaga,819,69,,,2026-09-20,https://d2zywfiolv4f83.cloudfront.net/img/teams/819.png,https://d2zywfiolv4f83.cloudfront.net/img/teams/69.png,7,7
206,4,11213,25662,Spain Laliga,2026-2027,1994155,https://www.whoscored.com/matches/1994155/show/spain-laliga-2026-2027-osasuna-rayo-vallecano,Sep 2026,,Osasuna,Rayo Vallecano,131,64,,,2026-09-20,https://d2zywfiolv4f83.cloudfront.net/img/teams/131.png,https://d2zywfiolv4f83.cloudfront.net/img/teams/64.png,7,7
206,4,11213,25662,Spain Laliga,2026-2027,1994156,https://www.whoscored.com/matches/1994156/show/spain-laliga-2026-2027-sevilla-barcelona,Sep 2026,,Sevilla,Barcelona,67,65,,,2026-09-20,https://d2zywfiolv4f83.cloudfront.net/img/teams/67.png,https://d2zywfiolv4f83.cloudfront.net/img/teams/65.png,7,7
206,4,11213,25662,Spain Laliga,2026-2027,1994157,https://www.whoscored.com/matches/1994157/show/spain-laliga-2026-2027-valencia-real-sociedad,Sep 2026,,Valencia,Real Sociedad,55,68,,,2026-09-20,https://d2zywfiolv4f83.cloudfront.net/img/teams/55.png,https://d2zywfiolv4f83.cloudfront.net/img/teams/68.png,7,7
206,4,11213,25662,Spain Laliga,2026-2027,1994158,https://www.whoscored.com/matches/1994158/show/spain-laliga-2026-2027-villarreal-levante,Sep 2026,,Villarreal,Levante,839,832,,,2026-09-20,https://d2zywfiolv4f83.cloudfront.net/img/teams/839.png,https://d2zywfiolv4f83.cloudfront.net/img/teams/832.png,7,7
206,4,11213,25662,Spain Laliga,2026-2027,1994159,https://www.whoscored.com/matches/1994159/show/spain-laliga-2026-2027-deportivo-alaves-atletico-madrid,Oct 2026,,Deportivo Alaves,Atletico Madrid,60,63,,,2026-10-11,https://d2zywfiolv4f83.cloudfront.net/img/teams/60.png,https://d2zywfiolv4f83.cloudfront.net/img/teams/63.png,8,8
206,4,11213,25662,Spain Laliga,2026-2027,1994161,https://www.whoscored.com/matches/1994161/show/spain-laliga-2026-2027-real-betis-osasuna,Oct 2026,,Real Betis,Osasuna,54,131,,,2026-10-11,https://d2zywfiolv4f83.cloudfront.net/img/teams/54.png,https://d2zywfiolv4f83.cloudfront.net/img/teams/131.png,8,8
206,4,11213,25662,Spain Laliga,2026-2027,1994163,https://www.whoscored.com/matches/1994163/show/spain-laliga-2026-2027-elche-celta-vigo,Oct 2026,,Elche,Celta Vigo,833,62,,,2026-10-11,https://d2zywfiolv4f83.cloudfront.net/img/teams/833.png,https://d2zywfiolv4f83.cloudfront.net/img/teams/62.png,8,8
206,4,11213,25662,Spain Laliga,2026-2027,1994165,https://www.whoscored.com/matches/1994165/show/spain-laliga-2026-2027-barcelona-getafe,Oct 2026,,Barcelona,Getafe,65,819,,,2026-10-11,https://d2zywfiolv4f83.cloudfront.net/img/teams/65.png,https://d2zywfiolv4f83.cloudfront.net/img/teams/819.png,8,8
206,4,11213,25662,Spain Laliga,2026-2027,1994167,https://www.whoscored.com/matches/1994167/show/spain-laliga-2026-2027-levante-sevilla,Oct 2026,,Levante,Sevilla,832,67,,,2026-10-11,https://d2zywfiolv4f83.cloudfront.net/img/teams/832.png,https://d2zywfiolv4f83.cloudfront.net/img/teams/67.png,8,8
206,4,11213,25662,Spain Laliga,2026-2027,1994169,https://www.whoscored.com/matches/1994169/show/spain-laliga-2026-2027-malaga-espanyol,Oct 2026,,Malaga,Espanyol,69,70,,,2026-10-11,https://d2zywfiolv4f83.cloudfront.net/img/teams/69.png,https://d2zywfiolv4f83.cloudfront.net/img/teams/70.png,8,8
206,4,11213,25662,Spain Laliga,2026-2027,1994171,https://www.whoscored.com/matches/1994171/show/spain-laliga-2026-2027-racing-santander-valencia,Oct 2026,,Racing Santander,Valencia,56,55,,,2026-10-11,https://d2zywfiolv4f83.cloudfront.net/img/teams/56.png,https://d2zywfiolv4f83.cloudfront.net/img/teams/55.png,8,8
206,4,11213,25662,Spain Laliga,2026-2027,1994172,https://www.whoscored.com/matches/1994172/show/spain-laliga-2026-2027-rayo-vallecano-athletic-club,Oct 2026,,Rayo Vallecano,Athletic Club,64,53,,,2026-10-11,https://d2zywfiolv4f83.cloudfront.net/img/teams/64.png,https://d2zywfiolv4f83.cloudfront.net/img/teams/53.png,8,8
206,4,11213,25662,Spain Laliga,2026-2027,1994174,https://www.whoscored.com/matches/1994174/show/spain-laliga-2026-2027-real-madrid-villarreal,Oct 2026,,Real Madrid,Villarreal,52,839,,,2026-10-11,https://d2zywfiolv4f83.cloudfront.net/img/teams/52.png,https://d2zywfiolv4f83.cloudfront.net/img/teams/839.png,8,8
206,4,11213,25662,Spain Laliga,2026-2027,1994176,https://www.whoscored.com/matches/1994176/show/spain-laliga-2026-2027-real-sociedad-deportivo-de-a-coruna,Oct 2026,,Real Sociedad,Deportivo A Coruña,68,59,,,2026-10-11,https://d2zywfiolv4f83.cloudfront.net/img/teams/68.png,https://d2zywfiolv4f83.cloudfront.net/img/teams/59.png,8,8
206,4,11213,25662,Spain Laliga,2026-2027,1994178,https://www.whoscored.com/matches/1994178/show/spain-laliga-2026-2027-real-betis-barcelona,Oct 2026,,Real Betis,Barcelona,54,65,,,2026-10-18,https://d2zywfiolv4f83.cloudfront.net/img/teams/54.png,https://d2zywfiolv4f83.cloudfront.net/img/teams/65.png,9,9
206,4,11213,25662,Spain Laliga,2026-2027,1994180,https://www.whoscored.com/matches/1994180/show/spain-laliga-2026-2027-celta-vigo-deportivo-alaves,Oct 2026,,Celta Vigo,Deportivo Alaves,62,60,,,2026-10-18,https://d2zywfiolv4f83.cloudfront.net/img/teams/62.png,https://d2zywfiolv4f83.cloudfront.net/img/teams/60.png,9,9
206,4,11213,25662,Spain Laliga,2026-2027,1994182,https://www.whoscored.com/matches/1994182/show/spain-laliga-2026-2027-deportivo-de-a-coruna-levante,Oct 2026,,Deportivo A Coruña,Levante,59,832,,,2026-10-18,https://d2zywfiolv4f83.cloudfront.net/img/teams/59.png,https://d2zywfiolv4f83.cloudfront.net/img/teams/832.png,9,9
206,4,11213,25662,Spain Laliga,2026-2027,1994184,https://www.whoscored.com/matches/1994184/show/spain-laliga-2026-2027-espanyol-atletico-madrid,Oct 2026,,Espanyol,Atletico Madrid,70,63,,,2026-10-18,https://d2zywfiolv4f83.cloudfront.net/img/teams/70.png,https://d2zywfiolv4f83.cloudfront.net/img/teams/63.png,9,9
206,4,11213,25662,Spain Laliga,2026-2027,1994185,https://www.whoscored.com/matches/1994185/show/spain-laliga-2026-2027-getafe-rayo-vallecano,Oct 2026,,Getafe,Rayo Vallecano,819,64,,,2026-10-18,https://d2zywfiolv4f83.cloudfront.net/img/teams/819.png,https://d2zywfiolv4f83.cloudfront.net/img/teams/64.png,9,9
206,4,11213,25662,Spain Laliga,2026-2027,1994186,https://www.whoscored.com/matches/1994186/show/spain-laliga-2026-2027-malaga-real-sociedad,Oct 2026,,Malaga,Real Sociedad,69,68,,,2026-10-18,https://d2zywfiolv4f83.cloudfront.net/img/teams/69.png,https://d2zywfiolv4f83.cloudfront.net/img/teams/68.png,9,9
206,4,11213,25662,Spain Laliga,2026-2027,1994187,https://www.whoscored.com/matches/1994187/show/spain-laliga-2026-2027-osasuna-racing-santander,Oct 2026,,Osasuna,Racing Santander,131,56,,,2026-10-18,https://d2zywfiolv4f83.cloudfront.net/img/teams/131.png,https://d2zywfiolv4f83.cloudfront.net/img/teams/56.png,9,9
206,4,11213,25662,Spain Laliga,2026-2027,1994188,https://www.whoscored.com/matches/1994188/show/spain-laliga-2026-2027-real-madrid-sevilla,Oct 2026,,Real Madrid,Sevilla,52,67,,,2026-10-18,https://d2zywfiolv4f83.cloudfront.net/img/teams/52.png,https://d2zywfiolv4f83.cloudfront.net/img/teams/67.png,9,9
206,4,11213,25662,Spain Laliga,2026-2027,1994189,https://www.whoscored.com/matches/1994189/show/spain-laliga-2026-2027-valencia-athletic-club,Oct 2026,,Valencia,Athletic Club,55,53,,,2026-10-18,https://d2zywfiolv4f83.cloudfront.net/img/teams/55.png,https://d2zywfiolv4f83.cloudfront.net/img/teams/53.png,9,9
206,4,11213,25662,Spain Laliga,2026-2027,1994190,https://www.whoscored.com/matches/1994190/show/spain-laliga-2026-2027-villarreal-elche,Oct 2026,,Villarreal,Elche,839,833,,,2026-10-18,https://d2zywfiolv4f83.cloudfront.net/img/teams/839.png,https://d2zywfiolv4f83.cloudfront.net/img/teams/833.png,9,9
206,4,11213,25662,Spain Laliga,2026-2027,1994191,https://www.whoscored.com/matches/1994191/show/spain-laliga-2026-2027-deportivo-alaves-malaga,Oct 2026,,Deportivo Alaves,Malaga,60,69,,,2026-10-25,https://d2zywfiolv4f83.cloudfront.net/img/teams/60.png,https://d2zywfiolv4f83.cloudfront.net/img/teams/69.png,10,10
206,4,11213,25662,Spain Laliga,2026-2027,1994192,https://www.whoscored.com/matches/1994192/show/spain-laliga-2026-2027-athletic-club-getafe,Oct 2026,,Athletic Club,Getafe,53,819,,,2026-10-25,https://d2zywfiolv4f83.cloudfront.net/img/teams/53.png,https://d2zywfiolv4f83.cloudfront.net/img/teams/819.png,10,10
206,4,11213,25662,Spain Laliga,2026-2027,1993929,https://www.whoscored.com/matches/1993929/show/spain-laliga-2026-2027-atletico-madrid-deportivo-de-a-coruna,Oct 2026,,Atletico Madrid,Deportivo A Coruña,63,59,,,2026-10-25,https://d2zywfiolv4f83.cloudfront.net/img/teams/63.png,https://d2zywfiolv4f83.cloudfront.net/img/teams/59.png,10,10
206,4,11213,25662,Spain Laliga,2026-2027,1993932,https://www.whoscored.com/matches/1993932/show/spain-laliga-2026-2027-celta-vigo-real-betis,Oct 2026,,Celta Vigo,Real Betis,62,54,,,2026-10-25,https://d2zywfiolv4f83.cloudfront.net/img/teams/62.png,https://d2zywfiolv4f83.cloudfront.net/img/teams/54.png,10,10
206,4,11213,25662,Spain Laliga,2026-2027,1993934,https://www.whoscored.com/matches/1993934/show/spain-laliga-2026-2027-barcelona-real-madrid,Oct 2026,,Barcelona,Real Madrid,65,52,,,2026-10-25,https://d2zywfiolv4f83.cloudfront.net/img/teams/65.png,https://d2zywfiolv4f83.cloudfront.net/img/teams/52.png,10,10
206,4,11213,25662,Spain Laliga,2026-2027,1993937,https://www.whoscored.com/matches/1993937/show/spain-laliga-2026-2027-racing-santander-espanyol,Oct 2026,,Racing Santander,Espanyol,56,70,,,2026-10-25,https://d2zywfiolv4f83.cloudfront.net/img/teams/56.png,https://d2zywfiolv4f83.cloudfront.net/img/teams/70.png,10,10
206,4,11213,25662,Spain Laliga,2026-2027,1993939,https://www.whoscored.com/matches/1993939/show/spain-laliga-2026-2027-rayo-vallecano-elche,Oct 2026,,Rayo Vallecano,Elche,64,833,,,2026-10-25,https://d2zywfiolv4f83.cloudfront.net/img/teams/64.png,https://d2zywfiolv4f83.cloudfront.net/img/teams/833.png,10,10
206,4,11213,25662,Spain Laliga,2026-2027,1993944,https://www.whoscored.com/matches/1993944/show/spain-laliga-2026-2027-real-sociedad-levante,Oct 2026,,Real Sociedad,Levante,68,832,,,2026-10-25,https://d2zywfiolv4f83.cloudfront.net/img/teams/68.png,https://d2zywfiolv4f83.cloudfront.net/img/teams/832.png,10,10
206,4,11213,25662,Spain Laliga,2026-2027,1993948,https://www.whoscored.com/matches/1993948/show/spain-laliga-2026-2027-sevilla-osasuna,Oct 2026,,Sevilla,Osasuna,67,131,,,2026-10-25,https://d2zywfiolv4f83.cloudfront.net/img/teams/67.png,https://d2zywfiolv4f83.cloudfront.net/img/teams/131.png,10,10
206,4,11213,25662,Spain Laliga,2026-2027,1993952,https://www.whoscored.com/matches/1993952/show/spain-laliga-2026-2027-valencia-villarreal,Oct 2026,,Valencia,Villarreal,55,839,,,2026-10-25,https://d2zywfiolv4f83.cloudfront.net/img/teams/55.png,https://d2zywfiolv4f83.cloudfront.net/img/teams/839.png,10,10
206,4,11213,25662,Spain Laliga,2026-2027,1993955,https://www.whoscored.com/matches/1993955/show/spain-laliga-2026-2027-athletic-club-real-sociedad,Nov 2026,,Athletic Club,Real Sociedad,53,68,,,2026-11-01,https://d2zywfiolv4f83.cloudfront.net/img/teams/53.png,https://d2zywfiolv4f83.cloudfront.net/img/teams/68.png,11,11
206,4,11213,25662,Spain Laliga,2026-2027,1993959,https://www.whoscored.com/matches/1993959/show/spain-laliga-2026-2027-real-betis-malaga,Nov 2026,,Real Betis,Malaga,54,69,,,2026-11-01,https://d2zywfiolv4f83.cloudfront.net/img/teams/54.png,https://d2zywfiolv4f83.cloudfront.net/img/teams/69.png,11,11
206,4,11213,25662,Spain Laliga,2026-2027,1993962,https://www.whoscored.com/matches/1993962/show/spain-laliga-2026-2027-deportivo-de-a-coruna-osasuna,Nov 2026,,Deportivo A Coruña,Osasuna,59,131,,,2026-11-01,https://d2zywfiolv4f83.cloudfront.net/img/teams/59.png,https://d2zywfiolv4f83.cloudfront.net/img/teams/131.png,11,11
206,4,11213,25662,Spain Laliga,2026-2027,1993968,https://www.whoscored.com/matches/1993968/show/spain-laliga-2026-2027-elche-valencia,Nov 2026,,Elche,Valencia,833,55,,,2026-11-01,https://d2zywfiolv4f83.cloudfront.net/img/teams/833.png,https://d2zywfiolv4f83.cloudfront.net/img/teams/55.png,11,11
206,4,11213,25662,Spain Laliga,2026-2027,1993972,https://www.whoscored.com/matches/1993972/show/spain-laliga-2026-2027-barcelona-deportivo-alaves,Nov 2026,,Barcelona,Deportivo Alaves,65,60,,,2026-11-01,https://d2zywfiolv4f83.cloudfront.net/img/teams/65.png,https://d2zywfiolv4f83.cloudfront.net/img/teams/60.png,11,11
206,4,11213,25662,Spain Laliga,2026-2027,1993976,https://www.whoscored.com/matches/1993976/show/spain-laliga-2026-2027-getafe-sevilla,Nov 2026,,Getafe,Sevilla,819,67,,,2026-11-01,https://d2zywfiolv4f83.cloudfront.net/img/teams/819.png,https://d2zywfiolv4f83.cloudfront.net/img/teams/67.png,11,11
206,4,11213,25662,Spain Laliga,2026-2027,1993980,https://www.whoscored.com/matches/1993980/show/spain-laliga-2026-2027-levante-atletico-madrid,Nov 2026,,Levante,Atletico Madrid,832,63,,,2026-11-01,https://d2zywfiolv4f83.cloudfront.net/img/teams/832.png,https://d2zywfiolv4f83.cloudfront.net/img/teams/63.png,11,11
206,4,11213,25662,Spain Laliga,2026-2027,1993983,https://www.whoscored.com/matches/1993983/show/spain-laliga-2026-2027-racing-santander-real-madrid,Nov 2026,,Racing Santander,Real Madrid,56,52,,,2026-11-01,https://d2zywfiolv4f83.cloudfront.net/img/teams/56.png,https://d2zywfiolv4f83.cloudfront.net/img/teams/52.png,11,11
206,4,11213,25662,Spain Laliga,2026-2027,1993987,https://www.whoscored.com/matches/1993987/show/spain-laliga-2026-2027-rayo-vallecano-celta-vigo,Nov 2026,,Rayo Vallecano,Celta Vigo,64,62,,,2026-11-01,https://d2zywfiolv4f83.cloudfront.net/img/teams/64.png,https://d2zywfiolv4f83.cloudfront.net/img/teams/62.png,11,11
206,4,11213,25662,Spain Laliga,2026-2027,1993991,https://www.whoscored.com/matches/1993991/show/spain-laliga-2026-2027-villarreal-espanyol,Nov 2026,,Villarreal,Espanyol,839,70,,,2026-11-01,https://d2zywfiolv4f83.cloudfront.net/img/teams/839.png,https://d2zywfiolv4f83.cloudfront.net/img/teams/70.png,11,11
206,4,11213,25662,Spain Laliga,2026-2027,1993995,https://www.whoscored.com/matches/1993995/show/spain-laliga-2026-2027-atletico-madrid-barcelona,Nov 2026,,Atletico Madrid,Barcelona,63,65,,,2026-11-08,https://d2zywfiolv4f83.cloudfront.net/img/teams/63.png,https://d2zywfiolv4f83.cloudfront.net/img/teams/65.png,12,12
206,4,11213,25662,Spain Laliga,2026-2027,1994003,https://www.whoscored.com/matches/1994003/show/spain-laliga-2026-2027-elche-real-betis,Nov 2026,,Elche,Real Betis,833,54,,,2026-11-08,https://d2zywfiolv4f83.cloudfront.net/img/teams/833.png,https://d2zywfiolv4f83.cloudfront.net/img/teams/54.png,12,12
206,4,11213,25662,Spain Laliga,2026-2027,1994007,https://www.whoscored.com/matches/1994007/show/spain-laliga-2026-2027-espanyol-deportivo-de-a-coruna,Nov 2026,,Espanyol,Deportivo A Coruña,70,59,,,2026-11-08,https://d2zywfiolv4f83.cloudfront.net/img/teams/70.png,https://d2zywfiolv4f83.cloudfront.net/img/teams/59.png,12,12
206,4,11213,25662,Spain Laliga,2026-2027,1994011,https://www.whoscored.com/matches/1994011/show/spain-laliga-2026-2027-malaga-racing-santander,Nov 2026,,Malaga,Racing Santander,69,56,,,2026-11-08,https://d2zywfiolv4f83.cloudfront.net/img/teams/69.png,https://d2zywfiolv4f83.cloudfront.net/img/teams/56.png,12,12
206,4,11213,25662,Spain Laliga,2026-2027,1994015,https://www.whoscored.com/matches/1994015/show/spain-laliga-2026-2027-osasuna-athletic-club,Nov 2026,,Osasuna,Athletic Club,131,53,,,2026-11-08,https://d2zywfiolv4f83.cloudfront.net/img/teams/131.png,https://d2zywfiolv4f83.cloudfront.net/img/teams/53.png,12,12
206,4,11213,25662,Spain Laliga,2026-2027,1994019,https://www.whoscored.com/matches/1994019/show/spain-laliga-2026-2027-real-sociedad-rayo-vallecano,Nov 2026,,Real Sociedad,Rayo Vallecano,68,64,,,2026-11-08,https://d2zywfiolv4f83.cloudfront.net/img/teams/68.png,https://d2zywfiolv4f83.cloudfront.net/img/teams/64.png,12,12
206,4,11213,25662,Spain Laliga,2026-2027,1994023,https://www.whoscored.com/matches/1994023/show/spain-laliga-2026-2027-sevilla-deportivo-alaves,Nov 2026,,Sevilla,Deportivo Alaves,67,60,,,2026-11-08,https://d2zywfiolv4f83.cloudfront.net/img/teams/67.png,https://d2zywfiolv4f83.cloudfront.net/img/teams/60.png,12,12
206,4,11213,25662,Spain Laliga,2026-2027,1994027,https://www.whoscored.com/matches/1994027/show/spain-laliga-2026-2027-valencia-real-madrid,Nov 2026,,Valencia,Real Madrid,55,52,,,2026-11-08,https://d2zywfiolv4f83.cloudfront.net/img/teams/55.png,https://d2zywfiolv4f83.cloudfront.net/img/teams/52.png,12,12
206,4,11213,25662,Spain Laliga,2026-2027,1994031,https://www.whoscored.com/matches/1994031/show/spain-laliga-2026-2027-villarreal-getafe,Nov 2026,,Villarreal,Getafe,839,819,,,2026-11-08,https://d2zywfiolv4f83.cloudfront.net/img/teams/839.png,https://d2zywfiolv4f83.cloudfront.net/img/teams/819.png,12,12
206,4,11213,25662,Spain Laliga,2026-2027,1993999,https://www.whoscored.com/matches/1993999/show/spain-laliga-2026-2027-celta-vigo-levante,Nov 2026,,Celta Vigo,Levante,62,832,,,2026-11-08,https://d2zywfiolv4f83.cloudfront.net/img/teams/62.png,https://d2zywfiolv4f83.cloudfront.net/img/teams/832.png,12,12
206,4,11213,25662,Spain Laliga,2026-2027,1994035,https://www.whoscored.com/matches/1994035/show/spain-laliga-2026-2027-deportivo-alaves-deportivo-de-a-coruna,Nov 2026,,Deportivo Alaves,Deportivo A Coruña,60,59,,,2026-11-22,https://d2zywfiolv4f83.cloudfront.net/img/teams/60.png,https://d2zywfiolv4f83.cloudfront.net/img/teams/59.png,13,13
206,4,11213,25662,Spain Laliga,2026-2027,1994039,https://www.whoscored.com/matches/1994039/show/spain-laliga-2026-2027-athletic-club-espanyol,Nov 2026,,Athletic Club,Espanyol,53,70,,,2026-11-22,https://d2zywfiolv4f83.cloudfront.net/img/teams/53.png,https://d2zywfiolv4f83.cloudfront.net/img/teams/70.png,13,13
206,4,11213,25662,Spain Laliga,2026-2027,1994043,https://www.whoscored.com/matches/1994043/show/spain-laliga-2026-2027-barcelona-villarreal,Nov 2026,,Barcelona,Villarreal,65,839,,,2026-11-22,https://d2zywfiolv4f83.cloudfront.net/img/teams/65.png,https://d2zywfiolv4f83.cloudfront.net/img/teams/839.png,13,13
206,4,11213,25662,Spain Laliga,2026-2027,1994047,https://www.whoscored.com/matches/1994047/show/spain-laliga-2026-2027-getafe-atletico-madrid,Nov 2026,,Getafe,Atletico Madrid,819,63,,,2026-11-22,https://d2zywfiolv4f83.cloudfront.net/img/teams/819.png,https://d2zywfiolv4f83.cloudfront.net/img/teams/63.png,13,13
206,4,11213,25662,Spain Laliga,2026-2027,1994051,https://www.whoscored.com/matches/1994051/show/spain-laliga-2026-2027-levante-elche,Nov 2026,,Levante,Elche,832,833,,,2026-11-22,https://d2zywfiolv4f83.cloudfront.net/img/teams/832.png,https://d2zywfiolv4f83.cloudfront.net/img/teams/833.png,13,13
206,4,11213,25662,Spain Laliga,2026-2027,1994055,https://www.whoscored.com/matches/1994055/show/spain-laliga-2026-2027-osasuna-malaga,Nov 2026,,Osasuna,Malaga,131,69,,,2026-11-22,https://d2zywfiolv4f83.cloudfront.net/img/teams/131.png,https://d2zywfiolv4f83.cloudfront.net/img/teams/69.png,13,13
206,4,11213,25662,Spain Laliga,2026-2027,1993963,https://www.whoscored.com/matches/1993963/show/spain-laliga-2026-2027-sevilla-real-betis,Nov 2026,,Sevilla,Real Betis,67,54,,,2026-11-22,https://d2zywfiolv4f83.cloudfront.net/img/teams/67.png,https://d2zywfiolv4f83.cloudfront.net/img/teams/54.png,13,13
206,4,11213,25662,Spain Laliga,2026-2027,1993958,https://www.whoscored.com/matches/1993958/show/spain-laliga-2026-2027-real-madrid-celta-vigo,Nov 2026,,Real Madrid,Celta Vigo,52,62,,,2026-11-22,https://d2zywfiolv4f83.cloudfront.net/img/teams/52.png,https://d2zywfiolv4f83.cloudfront.net/img/teams/62.png,13,13
206,4,11213,25662,Spain Laliga,2026-2027,1993950,https://www.whoscored.com/matches/1993950/show/spain-laliga-2026-2027-racing-santander-real-sociedad,Nov 2026,,Racing Santander,Real Sociedad,56,68,,,2026-11-22,https://d2zywfiolv4f83.cloudfront.net/img/teams/56.png,https://d2zywfiolv4f83.cloudfront.net/img/teams/68.png,13,13
206,4,11213,25662,Spain Laliga,2026-2027,1993954,https://www.whoscored.com/matches/1993954/show/spain-laliga-2026-2027-rayo-vallecano-valencia,Nov 2026,,Rayo Vallecano,Valencia,64,55,,,2026-11-22,https://d2zywfiolv4f83.cloudfront.net/img/teams/64.png,https://d2zywfiolv4f83.cloudfront.net/img/teams/55.png,13,13
206,4,11213,25662,Spain Laliga,2026-2027,1993966,https://www.whoscored.com/matches/1993966/show/spain-laliga-2026-2027-real-betis-rayo-vallecano,Nov 2026,,Real Betis,Rayo Vallecano,54,64,,,2026-11-29,https://d2zywfiolv4f83.cloudfront.net/img/teams/54.png,https://d2zywfiolv4f83.cloudfront.net/img/teams/64.png,14,14
206,4,11213,25662,Spain Laliga,2026-2027,1993982,https://www.whoscored.com/matches/1993982/show/spain-laliga-2026-2027-espanyol-getafe,Nov 2026,,Espanyol,Getafe,70,819,,,2026-11-29,https://d2zywfiolv4f83.cloudfront.net/img/teams/70.png,https://d2zywfiolv4f83.cloudfront.net/img/teams/819.png,14,14
206,4,11213,25662,Spain Laliga,2026-2027,1993978,https://www.whoscored.com/matches/1993978/show/spain-laliga-2026-2027-elche-atletico-madrid,Nov 2026,,Elche,Atletico Madrid,833,63,,,2026-11-29,https://d2zywfiolv4f83.cloudfront.net/img/teams/833.png,https://d2zywfiolv4f83.cloudfront.net/img/teams/63.png,14,14
206,4,11213,25662,Spain Laliga,2026-2027,1993974,https://www.whoscored.com/matches/1993974/show/spain-laliga-2026-2027-deportivo-de-a-coruna-barcelona,Nov 2026,,Deportivo A Coruña,Barcelona,59,65,,,2026-11-29,https://d2zywfiolv4f83.cloudfront.net/img/teams/59.png,https://d2zywfiolv4f83.cloudfront.net/img/teams/65.png,14,14
206,4,11213,25662,Spain Laliga,2026-2027,1993970,https://www.whoscored.com/matches/1993970/show/spain-laliga-2026-2027-celta-vigo-villarreal,Nov 2026,,Celta Vigo,Villarreal,62,839,,,2026-11-29,https://d2zywfiolv4f83.cloudfront.net/img/teams/62.png,https://d2zywfiolv4f83.cloudfront.net/img/teams/839.png,14,14
206,4,11213,25662,Spain Laliga,2026-2027,1993997,https://www.whoscored.com/matches/1993997/show/spain-laliga-2026-2027-real-sociedad-sevilla,Nov 2026,,Real Sociedad,Sevilla,68,67,,,2026-11-29,https://d2zywfiolv4f83.cloudfront.net/img/teams/68.png,https://d2zywfiolv4f83.cloudfront.net/img/teams/67.png,14,14
206,4,11213,25662,Spain Laliga,2026-2027,1993993,https://www.whoscored.com/matches/1993993/show/spain-laliga-2026-2027-real-madrid-deportivo-alaves,Nov 2026,,Real Madrid,Deportivo Alaves,52,60,,,2026-11-29,https://d2zywfiolv4f83.cloudfront.net/img/teams/52.png,https://d2zywfiolv4f83.cloudfront.net/img/teams/60.png,14,14
206,4,11213,25662,Spain Laliga,2026-2027,1993989,https://www.whoscored.com/matches/1993989/show/spain-laliga-2026-2027-malaga-athletic-club,Nov 2026,,Malaga,Athletic Club,69,53,,,2026-11-29,https://d2zywfiolv4f83.cloudfront.net/img/teams/69.png,https://d2zywfiolv4f83.cloudfront.net/img/teams/53.png,14,14
206,4,11213,25662,Spain Laliga,2026-2027,1993985,https://www.whoscored.com/matches/1993985/show/spain-laliga-2026-2027-levante-racing-santander,Nov 2026,,Levante,Racing Santander,832,56,,,2026-11-29,https://d2zywfiolv4f83.cloudfront.net/img/teams/832.png,https://d2zywfiolv4f83.cloudfront.net/img/teams/56.png,14,14
206,4,11213,25662,Spain Laliga,2026-2027,1994001,https://www.whoscored.com/matches/1994001/show/spain-laliga-2026-2027-valencia-osasuna,Nov 2026,,Valencia,Osasuna,55,131,,,2026-11-29,https://d2zywfiolv4f83.cloudfront.net/img/teams/55.png,https://d2zywfiolv4f83.cloudfront.net/img/teams/131.png,14,14
206,4,11213,25662,Spain Laliga,2026-2027,1994005,https://www.whoscored.com/matches/1994005/show/spain-laliga-2026-2027-deportivo-alaves-espanyol,Dec 2026,,Deportivo Alaves,Espanyol,60,70,,,2026-12-06,https://d2zywfiolv4f83.cloudfront.net/img/teams/60.png,https://d2zywfiolv4f83.cloudfront.net/img/teams/70.png,15,15
206,4,11213,25662,Spain Laliga,2026-2027,1994009,https://www.whoscored.com/matches/1994009/show/spain-laliga-2026-2027-athletic-club-real-madrid,Dec 2026,,Athletic Club,Real Madrid,53,52,,,2026-12-06,https://d2zywfiolv4f83.cloudfront.net/img/teams/53.png,https://d2zywfiolv4f83.cloudfront.net/img/teams/52.png,15,15
206,4,11213,25662,Spain Laliga,2026-2027,1994013,https://www.whoscored.com/matches/1994013/show/spain-laliga-2026-2027-atletico-madrid-real-betis,Dec 2026,,Atletico Madrid,Real Betis,63,54,,,2026-12-06,https://d2zywfiolv4f83.cloudfront.net/img/teams/63.png,https://d2zywfiolv4f83.cloudfront.net/img/teams/54.png,15,15
206,4,11213,25662,Spain Laliga,2026-2027,1994017,https://www.whoscored.com/matches/1994017/show/spain-laliga-2026-2027-barcelona-celta-vigo,Dec 2026,,Barcelona,Celta Vigo,65,62,,,2026-12-06,https://d2zywfiolv4f83.cloudfront.net/img/teams/65.png,https://d2zywfiolv4f83.cloudfront.net/img/teams/62.png,15,15
206,4,11213,25662,Spain Laliga,2026-2027,1994021,https://www.whoscored.com/matches/1994021/show/spain-laliga-2026-2027-getafe-valencia,Dec 2026,,Getafe,Valencia,819,55,,,2026-12-06,https://d2zywfiolv4f83.cloudfront.net/img/teams/819.png,https://d2zywfiolv4f83.cloudfront.net/img/teams/55.png,15,15
206,4,11213,25662,Spain Laliga,2026-2027,1994025,https://www.whoscored.com/matches/1994025/show/spain-laliga-2026-2027-osasuna-elche,Dec 2026,,Osasuna,Elche,131,833,,,2026-12-06,https://d2zywfiolv4f83.cloudfront.net/img/teams/131.png,https://d2zywfiolv4f83.cloudfront.net/img/teams/833.png,15,15
206,4,11213,25662,Spain Laliga,2026-2027,1994029,https://www.whoscored.com/matches/1994029/show/spain-laliga-2026-2027-racing-santander-deportivo-de-a-coruna,Dec 2026,,Racing Santander,Deportivo A Coruña,56,59,,,2026-12-06,https://d2zywfiolv4f83.cloudfront.net/img/teams/56.png,https://d2zywfiolv4f83.cloudfront.net/img/teams/59.png,15,15
206,4,11213,25662,Spain Laliga,2026-2027,1994033,https://www.whoscored.com/matches/1994033/show/spain-laliga-2026-2027-rayo-vallecano-levante,Dec 2026,,Rayo Vallecano,Levante,64,832,,,2026-12-06,https://d2zywfiolv4f83.cloudfront.net/img/teams/64.png,https://d2zywfiolv4f83.cloudfront.net/img/teams/832.png,15,15
206,4,11213,25662,Spain Laliga,2026-2027,1994036,https://www.whoscored.com/matches/1994036/show/spain-laliga-2026-2027-sevilla-malaga,Dec 2026,,Sevilla,Malaga,67,69,,,2026-12-06,https://d2zywfiolv4f83.cloudfront.net/img/teams/67.png,https://d2zywfiolv4f83.cloudfront.net/img/teams/69.png,15,15
206,4,11213,25662,Spain Laliga,2026-2027,1994040,https://www.whoscored.com/matches/1994040/show/spain-laliga-2026-2027-villarreal-real-sociedad,Dec 2026,,Villarreal,Real Sociedad,839,68,,,2026-12-06,https://d2zywfiolv4f83.cloudfront.net/img/teams/839.png,https://d2zywfiolv4f83.cloudfront.net/img/teams/68.png,15,15
206,4,11213,25662,Spain Laliga,2026-2027,1994044,https://www.whoscored.com/matches/1994044/show/spain-laliga-2026-2027-atletico-madrid-valencia,Dec 2026,,Atletico Madrid,Valencia,63,55,,,2026-12-13,https://d2zywfiolv4f83.cloudfront.net/img/teams/63.png,https://d2zywfiolv4f83.cloudfront.net/img/teams/55.png,16,16
206,4,11213,25662,Spain Laliga,2026-2027,1994048,https://www.whoscored.com/matches/1994048/show/spain-laliga-2026-2027-real-betis-racing-santander,Dec 2026,,Real Betis,Racing Santander,54,56,,,2026-12-13,https://d2zywfiolv4f83.cloudfront.net/img/teams/54.png,https://d2zywfiolv4f83.cloudfront.net/img/teams/56.png,16,16
206,4,11213,25662,Spain Laliga,2026-2027,1994052,https://www.whoscored.com/matches/1994052/show/spain-laliga-2026-2027-deportivo-de-a-coruna-athletic-club,Dec 2026,,Deportivo A Coruña,Athletic Club,59,53,,,2026-12-13,https://d2zywfiolv4f83.cloudfront.net/img/teams/59.png,https://d2zywfiolv4f83.cloudfront.net/img/teams/53.png,16,16
206,4,11213,25662,Spain Laliga,2026-2027,1994056,https://www.whoscored.com/matches/1994056/show/spain-laliga-2026-2027-elche-sevilla,Dec 2026,,Elche,Sevilla,833,67,,,2026-12-13,https://d2zywfiolv4f83.cloudfront.net/img/teams/833.png,https://d2zywfiolv4f83.cloudfront.net/img/teams/67.png,16,16
206,4,11213,25662,Spain Laliga,2026-2027,1994060,https://www.whoscored.com/matches/1994060/show/spain-laliga-2026-2027-espanyol-celta-vigo,Dec 2026,,Espanyol,Celta Vigo,70,62,,,2026-12-13,https://d2zywfiolv4f83.cloudfront.net/img/teams/70.png,https://d2zywfiolv4f83.cloudfront.net/img/teams/62.png,16,16
206,4,11213,25662,Spain Laliga,2026-2027,1994062,https://www.whoscored.com/matches/1994062/show/spain-laliga-2026-2027-levante-deportivo-alaves,Dec 2026,,Levante,Deportivo Alaves,832,60,,,2026-12-13,https://d2zywfiolv4f83.cloudfront.net/img/teams/832.png,https://d2zywfiolv4f83.cloudfront.net/img/teams/60.png,16,16
206,4,11213,25662,Spain Laliga,2026-2027,1994065,https://www.whoscored.com/matches/1994065/show/spain-laliga-2026-2027-malaga-barcelona,Dec 2026,,Malaga,Barcelona,69,65,,,2026-12-13,https://d2zywfiolv4f83.cloudfront.net/img/teams/69.png,https://d2zywfiolv4f83.cloudfront.net/img/teams/65.png,16,16
206,4,11213,25662,Spain Laliga,2026-2027,1994068,https://www.whoscored.com/matches/1994068/show/spain-laliga-2026-2027-real-madrid-osasuna,Dec 2026,,Real Madrid,Osasuna,52,131,,,2026-12-13,https://d2zywfiolv4f83.cloudfront.net/img/teams/52.png,https://d2zywfiolv4f83.cloudfront.net/img/teams/131.png,16,16
206,4,11213,25662,Spain Laliga,2026-2027,1994074,https://www.whoscored.com/matches/1994074/show/spain-laliga-2026-2027-real-sociedad-getafe,Dec 2026,,Real Sociedad,Getafe,68,819,,,2026-12-13,https://d2zywfiolv4f83.cloudfront.net/img/teams/68.png,https://d2zywfiolv4f83.cloudfront.net/img/teams/819.png,16,16
206,4,11213,25662,Spain Laliga,2026-2027,1994077,https://www.whoscored.com/matches/1994077/show/spain-laliga-2026-2027-villarreal-rayo-vallecano,Dec 2026,,Villarreal,Rayo Vallecano,839,64,,,2026-12-13,https://d2zywfiolv4f83.cloudfront.net/img/teams/839.png,https://d2zywfiolv4f83.cloudfront.net/img/teams/64.png,16,16
206,4,11213,25662,Spain Laliga,2026-2027,1993953,https://www.whoscored.com/matches/1993953/show/spain-laliga-2026-2027-deportivo-alaves-elche,Dec 2026,,Deportivo Alaves,Elche,60,833,,,2026-12-20,https://d2zywfiolv4f83.cloudfront.net/img/teams/60.png,https://d2zywfiolv4f83.cloudfront.net/img/teams/833.png,17,17
206,4,11213,25662,Spain Laliga,2026-2027,1993957,https://www.whoscored.com/matches/1993957/show/spain-laliga-2026-2027-athletic-club-real-betis,Dec 2026,,Athletic Club,Real Betis,53,54,,,2026-12-20,https://d2zywfiolv4f83.cloudfront.net/img/teams/53.png,https://d2zywfiolv4f83.cloudfront.net/img/teams/54.png,17,17
206,4,11213,25662,Spain Laliga,2026-2027,1993960,https://www.whoscored.com/matches/1993960/show/spain-laliga-2026-2027-celta-vigo-atletico-madrid,Dec 2026,,Celta Vigo,Atletico Madrid,62,63,,,2026-12-20,https://d2zywfiolv4f83.cloudfront.net/img/teams/62.png,https://d2zywfiolv4f83.cloudfront.net/img/teams/63.png,17,17
206,4,11213,25662,Spain Laliga,2026-2027,1993964,https://www.whoscored.com/matches/1993964/show/spain-laliga-2026-2027-deportivo-de-a-coruna-real-madrid,Dec 2026,,Deportivo A Coruña,Real Madrid,59,52,,,2026-12-20,https://d2zywfiolv4f83.cloudfront.net/img/teams/59.png,https://d2zywfiolv4f83.cloudfront.net/img/teams/52.png,17,17
206,4,11213,25662,Spain Laliga,2026-2027,1993967,https://www.whoscored.com/matches/1993967/show/spain-laliga-2026-2027-barcelona-real-sociedad,Dec 2026,,Barcelona,Real Sociedad,65,68,,,2026-12-20,https://d2zywfiolv4f83.cloudfront.net/img/teams/65.png,https://d2zywfiolv4f83.cloudfront.net/img/teams/68.png,17,17
206,4,11213,25662,Spain Laliga,2026-2027,1993971,https://www.whoscored.com/matches/1993971/show/spain-laliga-2026-2027-getafe-levante,Dec 2026,,Getafe,Levante,819,832,,,2026-12-20,https://d2zywfiolv4f83.cloudfront.net/img/teams/819.png,https://d2zywfiolv4f83.cloudfront.net/img/teams/832.png,17,17
206,4,11213,25662,Spain Laliga,2026-2027,1993975,https://www.whoscored.com/matches/1993975/show/spain-laliga-2026-2027-osasuna-villarreal,Dec 2026,,Osasuna,Villarreal,131,839,,,2026-12-20,https://d2zywfiolv4f83.cloudfront.net/img/teams/131.png,https://d2zywfiolv4f83.cloudfront.net/img/teams/839.png,17,17
206,4,11213,25662,Spain Laliga,2026-2027,1993979,https://www.whoscored.com/matches/1993979/show/spain-laliga-2026-2027-rayo-vallecano-malaga,Dec 2026,,Rayo Vallecano,Malaga,64,69,,,2026-12-20,https://d2zywfiolv4f83.cloudfront.net/img/teams/64.png,https://d2zywfiolv4f83.cloudfront.net/img/teams/69.png,17,17
206,4,11213,25662,Spain Laliga,2026-2027,1993984,https://www.whoscored.com/matches/1993984/show/spain-laliga-2026-2027-sevilla-racing-santander,Dec 2026,,Sevilla,Racing Santander,67,56,,,2026-12-20,https://d2zywfiolv4f83.cloudfront.net/img/teams/67.png,https://d2zywfiolv4f83.cloudfront.net/img/teams/56.png,17,17
206,4,11213,25662,Spain Laliga,2026-2027,1993988,https://www.whoscored.com/matches/1993988/show/spain-laliga-2026-2027-valencia-espanyol,Dec 2026,,Valencia,Espanyol,55,70,,,2026-12-20,https://d2zywfiolv4f83.cloudfront.net/img/teams/55.png,https://d2zywfiolv4f83.cloudfront.net/img/teams/70.png,17,17
206,4,11213,25662,Spain Laliga,2026-2027,1993992,https://www.whoscored.com/matches/1993992/show/spain-laliga-2026-2027-real-betis-deportivo-alaves,Jan 2027,,Real Betis,Deportivo Alaves,54,60,,,2027-01-03,https://d2zywfiolv4f83.cloudfront.net/img/teams/54.png,https://d2zywfiolv4f83.cloudfront.net/img/teams/60.png,18,18
206,4,11213,25662,Spain Laliga,2026-2027,1993996,https://www.whoscored.com/matches/1993996/show/spain-laliga-2026-2027-celta-vigo-deportivo-de-a-coruna,Jan 2027,,Celta Vigo,Deportivo A Coruña,62,59,,,2027-01-03,https://d2zywfiolv4f83.cloudfront.net/img/teams/62.png,https://d2zywfiolv4f83.cloudfront.net/img/teams/59.png,18,18
206,4,11213,25662,Spain Laliga,2026-2027,1994000,https://www.whoscored.com/matches/1994000/show/spain-laliga-2026-2027-espanyol-barcelona,Jan 2027,,Espanyol,Barcelona,70,65,,,2027-01-03,https://d2zywfiolv4f83.cloudfront.net/img/teams/70.png,https://d2zywfiolv4f83.cloudfront.net/img/teams/65.png,18,18
206,4,11213,25662,Spain Laliga,2026-2027,1994004,https://www.whoscored.com/matches/1994004/show/spain-laliga-2026-2027-levante-valencia,Jan 2027,,Levante,Valencia,832,55,,,2027-01-03,https://d2zywfiolv4f83.cloudfront.net/img/teams/832.png,https://d2zywfiolv4f83.cloudfront.net/img/teams/55.png,18,18
206,4,11213,25662,Spain Laliga,2026-2027,1994008,https://www.whoscored.com/matches/1994008/show/spain-laliga-2026-2027-malaga-elche,Jan 2027,,Malaga,Elche,69,833,,,2027-01-03,https://d2zywfiolv4f83.cloudfront.net/img/teams/69.png,https://d2zywfiolv4f83.cloudfront.net/img/teams/833.png,18,18
206,4,11213,25662,Spain Laliga,2026-2027,1994012,https://www.whoscored.com/matches/1994012/show/spain-laliga-2026-2027-racing-santander-athletic-club,Jan 2027,,Racing Santander,Athletic Club,56,53,,,2027-01-03,https://d2zywfiolv4f83.cloudfront.net/img/teams/56.png,https://d2zywfiolv4f83.cloudfront.net/img/teams/53.png,18,18
206,4,11213,25662,Spain Laliga,2026-2027,1994016,https://www.whoscored.com/matches/1994016/show/spain-laliga-2026-2027-rayo-vallecano-atletico-madrid,Jan 2027,,Rayo Vallecano,Atletico Madrid,64,63,,,2027-01-03,https://d2zywfiolv4f83.cloudfront.net/img/teams/64.png,https://d2zywfiolv4f83.cloudfront.net/img/teams/63.png,18,18
206,4,11213,25662,Spain Laliga,2026-2027,1994020,https://www.whoscored.com/matches/1994020/show/spain-laliga-2026-2027-real-madrid-getafe,Jan 2027,,Real Madrid,Getafe,52,819,,,2027-01-03,https://d2zywfiolv4f83.cloudfront.net/img/teams/52.png,https://d2zywfiolv4f83.cloudfront.net/img/teams/819.png,18,18
206,4,11213,25662,Spain Laliga,2026-2027,1994024,https://www.whoscored.com/matches/1994024/show/spain-laliga-2026-2027-real-sociedad-osasuna,Jan 2027,,Real Sociedad,Osasuna,68,131,,,2027-01-03,https://d2zywfiolv4f83.cloudfront.net/img/teams/68.png,https://d2zywfiolv4f83.cloudfront.net/img/teams/131.png,18,18
206,4,11213,25662,Spain Laliga,2026-2027,1994028,https://www.whoscored.com/matches/1994028/show/spain-laliga-2026-2027-villarreal-sevilla,Jan 2027,,Villarreal,Sevilla,839,67,,,2027-01-03,https://d2zywfiolv4f83.cloudfront.net/img/teams/839.png,https://d2zywfiolv4f83.cloudfront.net/img/teams/67.png,18,18
206,4,11213,25662,Spain Laliga,2026-2027,1994032,https://www.whoscored.com/matches/1994032/show/spain-laliga-2026-2027-deportivo-alaves-real-sociedad,Jan 2027,,Deportivo Alaves,Real Sociedad,60,68,,,2027-01-10,https://d2zywfiolv4f83.cloudfront.net/img/teams/60.png,https://d2zywfiolv4f83.cloudfront.net/img/teams/68.png,19,19
206,4,11213,25662,Spain Laliga,2026-2027,1994037,https://www.whoscored.com/matches/1994037/show/spain-laliga-2026-2027-athletic-club-villarreal,Jan 2027,,Athletic Club,Villarreal,53,839,,,2027-01-10,https://d2zywfiolv4f83.cloudfront.net/img/teams/53.png,https://d2zywfiolv4f83.cloudfront.net/img/teams/839.png,19,19
206,4,11213,25662,Spain Laliga,2026-2027,1994041,https://www.whoscored.com/matches/1994041/show/spain-laliga-2026-2027-atletico-madrid-racing-santander,Jan 2027,,Atletico Madrid,Racing Santander,63,56,,,2027-01-10,https://d2zywfiolv4f83.cloudfront.net/img/teams/63.png,https://d2zywfiolv4f83.cloudfront.net/img/teams/56.png,19,19
206,4,11213,25662,Spain Laliga,2026-2027,1994045,https://www.whoscored.com/matches/1994045/show/spain-laliga-2026-2027-deportivo-de-a-coruna-rayo-vallecano,Jan 2027,,Deportivo A Coruña,Rayo Vallecano,59,64,,,2027-01-10,https://d2zywfiolv4f83.cloudfront.net/img/teams/59.png,https://d2zywfiolv4f83.cloudfront.net/img/teams/64.png,19,19
206,4,11213,25662,Spain Laliga,2026-2027,1994049,https://www.whoscored.com/matches/1994049/show/spain-laliga-2026-2027-elche-getafe,Jan 2027,,Elche,Getafe,833,819,,,2027-01-10,https://d2zywfiolv4f83.cloudfront.net/img/teams/833.png,https://d2zywfiolv4f83.cloudfront.net/img/teams/819.png,19,19
206,4,11213,25662,Spain Laliga,2026-2027,1994053,https://www.whoscored.com/matches/1994053/show/spain-laliga-2026-2027-espanyol-real-betis,Jan 2027,,Espanyol,Real Betis,70,54,,,2027-01-10,https://d2zywfiolv4f83.cloudfront.net/img/teams/70.png,https://d2zywfiolv4f83.cloudfront.net/img/teams/54.png,19,19
206,4,11213,25662,Spain Laliga,2026-2027,1994057,https://www.whoscored.com/matches/1994057/show/spain-laliga-2026-2027-osasuna-barcelona,Jan 2027,,Osasuna,Barcelona,131,65,,,2027-01-10,https://d2zywfiolv4f83.cloudfront.net/img/teams/131.png,https://d2zywfiolv4f83.cloudfront.net/img/teams/65.png,19,19
206,4,11213,25662,Spain Laliga,2026-2027,1994059,https://www.whoscored.com/matches/1994059/show/spain-laliga-2026-2027-real-madrid-levante,Jan 2027,,Real Madrid,Levante,52,832,,,2027-01-10,https://d2zywfiolv4f83.cloudfront.net/img/teams/52.png,https://d2zywfiolv4f83.cloudfront.net/img/teams/832.png,19,19
206,4,11213,25662,Spain Laliga,2026-2027,1994063,https://www.whoscored.com/matches/1994063/show/spain-laliga-2026-2027-sevilla-celta-vigo,Jan 2027,,Sevilla,Celta Vigo,67,62,,,2027-01-10,https://d2zywfiolv4f83.cloudfront.net/img/teams/67.png,https://d2zywfiolv4f83.cloudfront.net/img/teams/62.png,19,19
206,4,11213,25662,Spain Laliga,2026-2027,1994066,https://www.whoscored.com/matches/1994066/show/spain-laliga-2026-2027-valencia-malaga,Jan 2027,,Valencia,Malaga,55,69,,,2027-01-10,https://d2zywfiolv4f83.cloudfront.net/img/teams/55.png,https://d2zywfiolv4f83.cloudfront.net/img/teams/69.png,19,19
206,4,11213,25662,Spain Laliga,2026-2027,1994069,https://www.whoscored.com/matches/1994069/show/spain-laliga-2026-2027-atletico-madrid-real-sociedad,Jan 2027,,Atletico Madrid,Real Sociedad,63,68,,,2027-01-17,https://d2zywfiolv4f83.cloudfront.net/img/teams/63.png,https://d2zywfiolv4f83.cloudfront.net/img/teams/68.png,20,20
206,4,11213,25662,Spain Laliga,2026-2027,1994071,https://www.whoscored.com/matches/1994071/show/spain-laliga-2026-2027-real-betis-deportivo-de-a-coruna,Jan 2027,,Real Betis,Deportivo A Coruña,54,59,,,2027-01-17,https://d2zywfiolv4f83.cloudfront.net/img/teams/54.png,https://d2zywfiolv4f83.cloudfront.net/img/teams/59.png,20,20
206,4,11213,25662,Spain Laliga,2026-2027,1994073,https://www.whoscored.com/matches/1994073/show/spain-laliga-2026-2027-celta-vigo-valencia,Jan 2027,,Celta Vigo,Valencia,62,55,,,2027-01-17,https://d2zywfiolv4f83.cloudfront.net/img/teams/62.png,https://d2zywfiolv4f83.cloudfront.net/img/teams/55.png,20,20
206,4,11213,25662,Spain Laliga,2026-2027,1993947,https://www.whoscored.com/matches/1993947/show/spain-laliga-2026-2027-barcelona-elche,Jan 2027,,Barcelona,Elche,65,833,,,2027-01-17,https://d2zywfiolv4f83.cloudfront.net/img/teams/65.png,https://d2zywfiolv4f83.cloudfront.net/img/teams/833.png,20,20
206,4,11213,25662,Spain Laliga,2026-2027,1993951,https://www.whoscored.com/matches/1993951/show/spain-laliga-2026-2027-getafe-athletic-club,Jan 2027,,Getafe,Athletic Club,819,53,,,2027-01-17,https://d2zywfiolv4f83.cloudfront.net/img/teams/819.png,https://d2zywfiolv4f83.cloudfront.net/img/teams/53.png,20,20
206,4,11213,25662,Spain Laliga,2026-2027,1993956,https://www.whoscored.com/matches/1993956/show/spain-laliga-2026-2027-levante-espanyol,Jan 2027,,Levante,Espanyol,832,70,,,2027-01-17,https://d2zywfiolv4f83.cloudfront.net/img/teams/832.png,https://d2zywfiolv4f83.cloudfront.net/img/teams/70.png,20,20
206,4,11213,25662,Spain Laliga,2026-2027,1993961,https://www.whoscored.com/matches/1993961/show/spain-laliga-2026-2027-malaga-real-madrid,Jan 2027,,Malaga,Real Madrid,69,52,,,2027-01-17,https://d2zywfiolv4f83.cloudfront.net/img/teams/69.png,https://d2zywfiolv4f83.cloudfront.net/img/teams/52.png,20,20
206,4,11213,25662,Spain Laliga,2026-2027,1993965,https://www.whoscored.com/matches/1993965/show/spain-laliga-2026-2027-racing-santander-osasuna,Jan 2027,,Racing Santander,Osasuna,56,131,,,2027-01-17,https://d2zywfiolv4f83.cloudfront.net/img/teams/56.png,https://d2zywfiolv4f83.cloudfront.net/img/teams/131.png,20,20
206,4,11213,25662,Spain Laliga,2026-2027,1993969,https://www.whoscored.com/matches/1993969/show/spain-laliga-2026-2027-rayo-vallecano-sevilla,Jan 2027,,Rayo Vallecano,Sevilla,64,67,,,2027-01-17,https://d2zywfiolv4f83.cloudfront.net/img/teams/64.png,https://d2zywfiolv4f83.cloudfront.net/img/teams/67.png,20,20
206,4,11213,25662,Spain Laliga,2026-2027,1993973,https://www.whoscored.com/matches/1993973/show/spain-laliga-2026-2027-villarreal-deportivo-alaves,Jan 2027,,Villarreal,Deportivo Alaves,839,60,,,2027-01-17,https://d2zywfiolv4f83.cloudfront.net/img/teams/839.png,https://d2zywfiolv4f83.cloudfront.net/img/teams/60.png,20,20
206,4,11213,25662,Spain Laliga,2026-2027,1993977,https://www.whoscored.com/matches/1993977/show/spain-laliga-2026-2027-deportivo-alaves-barcelona,Jan 2027,,Deportivo Alaves,Barcelona,60,65,,,2027-01-24,https://d2zywfiolv4f83.cloudfront.net/img/teams/60.png,https://d2zywfiolv4f83.cloudfront.net/img/teams/65.png,21,21
206,4,11213,25662,Spain Laliga,2026-2027,1993981,https://www.whoscored.com/matches/1993981/show/spain-laliga-2026-2027-athletic-club-levante,Jan 2027,,Athletic Club,Levante,53,832,,,2027-01-24,https://d2zywfiolv4f83.cloudfront.net/img/teams/53.png,https://d2zywfiolv4f83.cloudfront.net/img/teams/832.png,21,21
206,4,11213,25662,Spain Laliga,2026-2027,1993986,https://www.whoscored.com/matches/1993986/show/spain-laliga-2026-2027-deportivo-de-a-coruna-atletico-madrid,Jan 2027,,Deportivo A Coruña,Atletico Madrid,59,63,,,2027-01-24,https://d2zywfiolv4f83.cloudfront.net/img/teams/59.png,https://d2zywfiolv4f83.cloudfront.net/img/teams/63.png,21,21
206,4,11213,25662,Spain Laliga,2026-2027,1993990,https://www.whoscored.com/matches/1993990/show/spain-laliga-2026-2027-elche-rayo-vallecano,Jan 2027,,Elche,Rayo Vallecano,833,64,,,2027-01-24,https://d2zywfiolv4f83.cloudfront.net/img/teams/833.png,https://d2zywfiolv4f83.cloudfront.net/img/teams/64.png,21,21
206,4,11213,25662,Spain Laliga,2026-2027,1994006,https://www.whoscored.com/matches/1994006/show/spain-laliga-2026-2027-real-madrid-real-betis,Jan 2027,,Real Madrid,Real Betis,52,54,,,2027-01-24,https://d2zywfiolv4f83.cloudfront.net/img/teams/52.png,https://d2zywfiolv4f83.cloudfront.net/img/teams/54.png,21,21
206,4,11213,25662,Spain Laliga,2026-2027,1994002,https://www.whoscored.com/matches/1994002/show/spain-laliga-2026-2027-racing-santander-celta-vigo,Jan 2027,,Racing Santander,Celta Vigo,56,62,,,2027-01-24,https://d2zywfiolv4f83.cloudfront.net/img/teams/56.png,https://d2zywfiolv4f83.cloudfront.net/img/teams/62.png,21,21
206,4,11213,25662,Spain Laliga,2026-2027,1993998,https://www.whoscored.com/matches/1993998/show/spain-laliga-2026-2027-getafe-osasuna,Jan 2027,,Getafe,Osasuna,819,131,,,2027-01-24,https://d2zywfiolv4f83.cloudfront.net/img/teams/819.png,https://d2zywfiolv4f83.cloudfront.net/img/teams/131.png,21,21
206,4,11213,25662,Spain Laliga,2026-2027,1993994,https://www.whoscored.com/matches/1993994/show/spain-laliga-2026-2027-espanyol-villarreal,Jan 2027,,Espanyol,Villarreal,70,839,,,2027-01-24,https://d2zywfiolv4f83.cloudfront.net/img/teams/70.png,https://d2zywfiolv4f83.cloudfront.net/img/teams/839.png,21,21
206,4,11213,25662,Spain Laliga,2026-2027,1994014,https://www.whoscored.com/matches/1994014/show/spain-laliga-2026-2027-valencia-sevilla,Jan 2027,,Valencia,Sevilla,55,67,,,2027-01-24,https://d2zywfiolv4f83.cloudfront.net/img/teams/55.png,https://d2zywfiolv4f83.cloudfront.net/img/teams/67.png,21,21
206,4,11213,25662,Spain Laliga,2026-2027,1994010,https://www.whoscored.com/matches/1994010/show/spain-laliga-2026-2027-real-sociedad-malaga,Jan 2027,,Real Sociedad,Malaga,68,69,,,2027-01-24,https://d2zywfiolv4f83.cloudfront.net/img/teams/68.png,https://d2zywfiolv4f83.cloudfront.net/img/teams/69.png,21,21
206,4,11213,25662,Spain Laliga,2026-2027,1994022,https://www.whoscored.com/matches/1994022/show/spain-laliga-2026-2027-real-betis-elche,Jan 2027,,Real Betis,Elche,54,833,,,2027-01-31,https://d2zywfiolv4f83.cloudfront.net/img/teams/54.png,https://d2zywfiolv4f83.cloudfront.net/img/teams/833.png,22,22
206,4,11213,25662,Spain Laliga,2026-2027,1994018,https://www.whoscored.com/matches/1994018/show/spain-laliga-2026-2027-atletico-madrid-espanyol,Jan 2027,,Atletico Madrid,Espanyol,63,70,,,2027-01-31,https://d2zywfiolv4f83.cloudfront.net/img/teams/63.png,https://d2zywfiolv4f83.cloudfront.net/img/teams/70.png,22,22
206,4,11213,25662,Spain Laliga,2026-2027,1994038,https://www.whoscored.com/matches/1994038/show/spain-laliga-2026-2027-malaga-deportivo-alaves,Jan 2027,,Malaga,Deportivo Alaves,69,60,,,2027-01-31,https://d2zywfiolv4f83.cloudfront.net/img/teams/69.png,https://d2zywfiolv4f83.cloudfront.net/img/teams/60.png,22,22
206,4,11213,25662,Spain Laliga,2026-2027,1994034,https://www.whoscored.com/matches/1994034/show/spain-laliga-2026-2027-levante-real-sociedad,Jan 2027,,Levante,Real Sociedad,832,68,,,2027-01-31,https://d2zywfiolv4f83.cloudfront.net/img/teams/832.png,https://d2zywfiolv4f83.cloudfront.net/img/teams/68.png,22,22
206,4,11213,25662,Spain Laliga,2026-2027,1994030,https://www.whoscored.com/matches/1994030/show/spain-laliga-2026-2027-barcelona-valencia,Jan 2027,,Barcelona,Valencia,65,55,,,2027-01-31,https://d2zywfiolv4f83.cloudfront.net/img/teams/65.png,https://d2zywfiolv4f83.cloudfront.net/img/teams/55.png,22,22
206,4,11213,25662,Spain Laliga,2026-2027,1994026,https://www.whoscored.com/matches/1994026/show/spain-laliga-2026-2027-celta-vigo-getafe,Jan 2027,,Celta Vigo,Getafe,62,819,,,2027-01-31,https://d2zywfiolv4f83.cloudfront.net/img/teams/62.png,https://d2zywfiolv4f83.cloudfront.net/img/teams/819.png,22,22
206,4,11213,25662,Spain Laliga,2026-2027,1994054,https://www.whoscored.com/matches/1994054/show/spain-laliga-2026-2027-villarreal-racing-santander,Jan 2027,,Villarreal,Racing Santander,839,56,,,2027-01-31,https://d2zywfiolv4f83.cloudfront.net/img/teams/839.png,https://d2zywfiolv4f83.cloudfront.net/img/teams/56.png,22,22
206,4,11213,25662,Spain Laliga,2026-2027,1994050,https://www.whoscored.com/matches/1994050/show/spain-laliga-2026-2027-sevilla-athletic-club,Jan 2027,,Sevilla,Athletic Club,67,53,,,2027-01-31,https://d2zywfiolv4f83.cloudfront.net/img/teams/67.png,https://d2zywfiolv4f83.cloudfront.net/img/teams/53.png,22,22
206,4,11213,25662,Spain Laliga,2026-2027,1994046,https://www.whoscored.com/matches/1994046/show/spain-laliga-2026-2027-rayo-vallecano-real-madrid,Jan 2027,,Rayo Vallecano,Real Madrid,64,52,,,2027-01-31,https://d2zywfiolv4f83.cloudfront.net/img/teams/64.png,https://d2zywfiolv4f83.cloudfront.net/img/teams/52.png,22,22
206,4,11213,25662,Spain Laliga,2026-2027,1994042,https://www.whoscored.com/matches/1994042/show/spain-laliga-2026-2027-osasuna-deportivo-de-a-coruna,Jan 2027,,Osasuna,Deportivo A Coruña,131,59,,,2027-01-31,https://d2zywfiolv4f83.cloudfront.net/img/teams/131.png,https://d2zywfiolv4f83.cloudfront.net/img/teams/59.png,22,22
206,4,11213,25662,Spain Laliga,2026-2027,1994058,https://www.whoscored.com/matches/1994058/show/spain-laliga-2026-2027-deportivo-alaves-celta-vigo,Feb 2027,,Deportivo Alaves,Celta Vigo,60,62,,,2027-02-07,https://d2zywfiolv4f83.cloudfront.net/img/teams/60.png,https://d2zywfiolv4f83.cloudfront.net/img/teams/62.png,23,23
206,4,11213,25662,Spain Laliga,2026-2027,1994061,https://www.whoscored.com/matches/1994061/show/spain-laliga-2026-2027-athletic-club-osasuna,Feb 2027,,Athletic Club,Osasuna,53,131,,,2027-02-07,https://d2zywfiolv4f83.cloudfront.net/img/teams/53.png,https://d2zywfiolv4f83.cloudfront.net/img/teams/131.png,23,23
206,4,11213,25662,Spain Laliga,2026-2027,1994064,https://www.whoscored.com/matches/1994064/show/spain-laliga-2026-2027-real-betis-sevilla,Feb 2027,,Real Betis,Sevilla,54,67,,,2027-02-07,https://d2zywfiolv4f83.cloudfront.net/img/teams/54.png,https://d2zywfiolv4f83.cloudfront.net/img/teams/67.png,23,23
206,4,11213,25662,Spain Laliga,2026-2027,1994067,https://www.whoscored.com/matches/1994067/show/spain-laliga-2026-2027-deportivo-de-a-coruna-malaga,Feb 2027,,Deportivo A Coruña,Malaga,59,69,,,2027-02-07,https://d2zywfiolv4f83.cloudfront.net/img/teams/59.png,https://d2zywfiolv4f83.cloudfront.net/img/teams/69.png,23,23
206,4,11213,25662,Spain Laliga,2026-2027,1994070,https://www.whoscored.com/matches/1994070/show/spain-laliga-2026-2027-elche-levante,Feb 2027,,Elche,Levante,833,832,,,2027-02-07,https://d2zywfiolv4f83.cloudfront.net/img/teams/833.png,https://d2zywfiolv4f83.cloudfront.net/img/teams/832.png,23,23
206,4,11213,25662,Spain Laliga,2026-2027,1994072,https://www.whoscored.com/matches/1994072/show/spain-laliga-2026-2027-espanyol-rayo-vallecano,Feb 2027,,Espanyol,Rayo Vallecano,70,64,,,2027-02-07,https://d2zywfiolv4f83.cloudfront.net/img/teams/70.png,https://d2zywfiolv4f83.cloudfront.net/img/teams/64.png,23,23
206,4,11213,25662,Spain Laliga,2026-2027,1994091,https://www.whoscored.com/matches/1994091/show/spain-laliga-2026-2027-barcelona-atletico-madrid,Feb 2027,,Barcelona,Atletico Madrid,65,63,,,2027-02-07,https://d2zywfiolv4f83.cloudfront.net/img/teams/65.png,https://d2zywfiolv4f83.cloudfront.net/img/teams/63.png,23,23
206,4,11213,25662,Spain Laliga,2026-2027,1994093,https://www.whoscored.com/matches/1994093/show/spain-laliga-2026-2027-getafe-villarreal,Feb 2027,,Getafe,Villarreal,819,839,,,2027-02-07,https://d2zywfiolv4f83.cloudfront.net/img/teams/819.png,https://d2zywfiolv4f83.cloudfront.net/img/teams/839.png,23,23
206,4,11213,25662,Spain Laliga,2026-2027,1994095,https://www.whoscored.com/matches/1994095/show/spain-laliga-2026-2027-real-sociedad-real-madrid,Feb 2027,,Real Sociedad,Real Madrid,68,52,,,2027-02-07,https://d2zywfiolv4f83.cloudfront.net/img/teams/68.png,https://d2zywfiolv4f83.cloudfront.net/img/teams/52.png,23,23
206,4,11213,25662,Spain Laliga,2026-2027,1994097,https://www.whoscored.com/matches/1994097/show/spain-laliga-2026-2027-valencia-racing-santander,Feb 2027,,Valencia,Racing Santander,55,56,,,2027-02-07,https://d2zywfiolv4f83.cloudfront.net/img/teams/55.png,https://d2zywfiolv4f83.cloudfront.net/img/teams/56.png,23,23
206,4,11213,25662,Spain Laliga,2026-2027,1994099,https://www.whoscored.com/matches/1994099/show/spain-laliga-2026-2027-celta-vigo-rayo-vallecano,Feb 2027,,Celta Vigo,Rayo Vallecano,62,64,,,2027-02-14,https://d2zywfiolv4f83.cloudfront.net/img/teams/62.png,https://d2zywfiolv4f83.cloudfront.net/img/teams/64.png,24,24
206,4,11213,25662,Spain Laliga,2026-2027,1994101,https://www.whoscored.com/matches/1994101/show/spain-laliga-2026-2027-elche-deportivo-de-a-coruna,Feb 2027,,Elche,Deportivo A Coruña,833,59,,,2027-02-14,https://d2zywfiolv4f83.cloudfront.net/img/teams/833.png,https://d2zywfiolv4f83.cloudfront.net/img/teams/59.png,24,24
206,4,11213,25662,Spain Laliga,2026-2027,1994103,https://www.whoscored.com/matches/1994103/show/spain-laliga-2026-2027-levante-malaga,Feb 2027,,Levante,Malaga,832,69,,,2027-02-14,https://d2zywfiolv4f83.cloudfront.net/img/teams/832.png,https://d2zywfiolv4f83.cloudfront.net/img/teams/69.png,24,24
206,4,11213,25662,Spain Laliga,2026-2027,1994106,https://www.whoscored.com/matches/1994106/show/spain-laliga-2026-2027-osasuna-atletico-madrid,Feb 2027,,Osasuna,Atletico Madrid,131,63,,,2027-02-14,https://d2zywfiolv4f83.cloudfront.net/img/teams/131.png,https://d2zywfiolv4f83.cloudfront.net/img/teams/63.png,24,24
206,4,11213,25662,Spain Laliga,2026-2027,1994107,https://www.whoscored.com/matches/1994107/show/spain-laliga-2026-2027-racing-santander-getafe,Feb 2027,,Racing Santander,Getafe,56,819,,,2027-02-14,https://d2zywfiolv4f83.cloudfront.net/img/teams/56.png,https://d2zywfiolv4f83.cloudfront.net/img/teams/819.png,24,24
206,4,11213,25662,Spain Laliga,2026-2027,1994109,https://www.whoscored.com/matches/1994109/show/spain-laliga-2026-2027-real-madrid-athletic-club,Feb 2027,,Real Madrid,Athletic Club,52,53,,,2027-02-14,https://d2zywfiolv4f83.cloudfront.net/img/teams/52.png,https://d2zywfiolv4f83.cloudfront.net/img/teams/53.png,24,24
206,4,11213,25662,Spain Laliga,2026-2027,1994112,https://www.whoscored.com/matches/1994112/show/spain-laliga-2026-2027-real-sociedad-real-betis,Feb 2027,,Real Sociedad,Real Betis,68,54,,,2027-02-14,https://d2zywfiolv4f83.cloudfront.net/img/teams/68.png,https://d2zywfiolv4f83.cloudfront.net/img/teams/54.png,24,24
206,4,11213,25662,Spain Laliga,2026-2027,1994114,https://www.whoscored.com/matches/1994114/show/spain-laliga-2026-2027-sevilla-espanyol,Feb 2027,,Sevilla,Espanyol,67,70,,,2027-02-14,https://d2zywfiolv4f83.cloudfront.net/img/teams/67.png,https://d2zywfiolv4f83.cloudfront.net/img/teams/70.png,24,24
206,4,11213,25662,Spain Laliga,2026-2027,1994116,https://www.whoscored.com/matches/1994116/show/spain-laliga-2026-2027-valencia-deportivo-alaves,Feb 2027,,Valencia,Deportivo Alaves,55,60,,,2027-02-14,https://d2zywfiolv4f83.cloudfront.net/img/teams/55.png,https://d2zywfiolv4f83.cloudfront.net/img/teams/60.png,24,24
206,4,11213,25662,Spain Laliga,2026-2027,1994118,https://www.whoscored.com/matches/1994118/show/spain-laliga-2026-2027-villarreal-barcelona,Feb 2027,,Villarreal,Barcelona,839,65,,,2027-02-14,https://d2zywfiolv4f83.cloudfront.net/img/teams/839.png,https://d2zywfiolv4f83.cloudfront.net/img/teams/65.png,24,24
206,4,11213,25662,Spain Laliga,2026-2027,1994120,https://www.whoscored.com/matches/1994120/show/spain-laliga-2026-2027-deportivo-alaves-racing-santander,Feb 2027,,Deportivo Alaves,Racing Santander,60,56,,,2027-02-21,https://d2zywfiolv4f83.cloudfront.net/img/teams/60.png,https://d2zywfiolv4f83.cloudfront.net/img/teams/56.png,25,25
206,4,11213,25662,Spain Laliga,2026-2027,1994122,https://www.whoscored.com/matches/1994122/show/spain-laliga-2026-2027-athletic-club-celta-vigo,Feb 2027,,Athletic Club,Celta Vigo,53,62,,,2027-02-21,https://d2zywfiolv4f83.cloudfront.net/img/teams/53.png,https://d2zywfiolv4f83.cloudfront.net/img/teams/62.png,25,25
206,4,11213,25662,Spain Laliga,2026-2027,1994123,https://www.whoscored.com/matches/1994123/show/spain-laliga-2026-2027-atletico-madrid-elche,Feb 2027,,Atletico Madrid,Elche,63,833,,,2027-02-21,https://d2zywfiolv4f83.cloudfront.net/img/teams/63.png,https://d2zywfiolv4f83.cloudfront.net/img/teams/833.png,25,25
206,4,11213,25662,Spain Laliga,2026-2027,1994125,https://www.whoscored.com/matches/1994125/show/spain-laliga-2026-2027-deportivo-de-a-coruna-real-sociedad,Feb 2027,,Deportivo A Coruña,Real Sociedad,59,68,,,2027-02-21,https://d2zywfiolv4f83.cloudfront.net/img/teams/59.png,https://d2zywfiolv4f83.cloudfront.net/img/teams/68.png,25,25
206,4,11213,25662,Spain Laliga,2026-2027,1994127,https://www.whoscored.com/matches/1994127/show/spain-laliga-2026-2027-espanyol-osasuna,Feb 2027,,Espanyol,Osasuna,70,131,,,2027-02-21,https://d2zywfiolv4f83.cloudfront.net/img/teams/70.png,https://d2zywfiolv4f83.cloudfront.net/img/teams/131.png,25,25
206,4,11213,25662,Spain Laliga,2026-2027,1994129,https://www.whoscored.com/matches/1994129/show/spain-laliga-2026-2027-barcelona-levante,Feb 2027,,Barcelona,Levante,65,832,,,2027-02-21,https://d2zywfiolv4f83.cloudfront.net/img/teams/65.png,https://d2zywfiolv4f83.cloudfront.net/img/teams/832.png,25,25
206,4,11213,25662,Spain Laliga,2026-2027,1994131,https://www.whoscored.com/matches/1994131/show/spain-laliga-2026-2027-malaga-real-betis,Feb 2027,,Malaga,Real Betis,69,54,,,2027-02-21,https://d2zywfiolv4f83.cloudfront.net/img/teams/69.png,https://d2zywfiolv4f83.cloudfront.net/img/teams/54.png,25,25
206,4,11213,25662,Spain Laliga,2026-2027,1994133,https://www.whoscored.com/matches/1994133/show/spain-laliga-2026-2027-rayo-vallecano-getafe,Feb 2027,,Rayo Vallecano,Getafe,64,819,,,2027-02-21,https://d2zywfiolv4f83.cloudfront.net/img/teams/64.png,https://d2zywfiolv4f83.cloudfront.net/img/teams/819.png,25,25
206,4,11213,25662,Spain Laliga,2026-2027,1994135,https://www.whoscored.com/matches/1994135/show/spain-laliga-2026-2027-sevilla-real-madrid,Feb 2027,,Sevilla,Real Madrid,67,52,,,2027-02-21,https://d2zywfiolv4f83.cloudfront.net/img/teams/67.png,https://d2zywfiolv4f83.cloudfront.net/img/teams/52.png,25,25
206,4,11213,25662,Spain Laliga,2026-2027,1994137,https://www.whoscored.com/matches/1994137/show/spain-laliga-2026-2027-villarreal-valencia,Feb 2027,,Villarreal,Valencia,839,55,,,2027-02-21,https://d2zywfiolv4f83.cloudfront.net/img/teams/839.png,https://d2zywfiolv4f83.cloudfront.net/img/teams/55.png,25,25
206,4,11213,25662,Spain Laliga,2026-2027,1994139,https://www.whoscored.com/matches/1994139/show/spain-laliga-2026-2027-athletic-club-barcelona,Feb 2027,,Athletic Club,Barcelona,53,65,,,2027-02-28,https://d2zywfiolv4f83.cloudfront.net/img/teams/53.png,https://d2zywfiolv4f83.cloudfront.net/img/teams/65.png,26,26
206,4,11213,25662,Spain Laliga,2026-2027,1994141,https://www.whoscored.com/matches/1994141/show/spain-laliga-2026-2027-real-betis-villarreal,Feb 2027,,Real Betis,Villarreal,54,839,,,2027-02-28,https://d2zywfiolv4f83.cloudfront.net/img/teams/54.png,https://d2zywfiolv4f83.cloudfront.net/img/teams/839.png,26,26
206,4,11213,25662,Spain Laliga,2026-2027,1994075,https://www.whoscored.com/matches/1994075/show/spain-laliga-2026-2027-celta-vigo-espanyol,Feb 2027,,Celta Vigo,Espanyol,62,70,,,2027-02-28,https://d2zywfiolv4f83.cloudfront.net/img/teams/62.png,https://d2zywfiolv4f83.cloudfront.net/img/teams/70.png,26,26
206,4,11213,25662,Spain Laliga,2026-2027,1994076,https://www.whoscored.com/matches/1994076/show/spain-laliga-2026-2027-getafe-deportivo-alaves,Feb 2027,,Getafe,Deportivo Alaves,819,60,,,2027-02-28,https://d2zywfiolv4f83.cloudfront.net/img/teams/819.png,https://d2zywfiolv4f83.cloudfront.net/img/teams/60.png,26,26
206,4,11213,25662,Spain Laliga,2026-2027,1994078,https://www.whoscored.com/matches/1994078/show/spain-laliga-2026-2027-levante-deportivo-de-a-coruna,Feb 2027,,Levante,Deportivo A Coruña,832,59,,,2027-02-28,https://d2zywfiolv4f83.cloudfront.net/img/teams/832.png,https://d2zywfiolv4f83.cloudfront.net/img/teams/59.png,26,26
206,4,11213,25662,Spain Laliga,2026-2027,1994079,https://www.whoscored.com/matches/1994079/show/spain-laliga-2026-2027-malaga-atletico-madrid,Feb 2027,,Malaga,Atletico Madrid,69,63,,,2027-02-28,https://d2zywfiolv4f83.cloudfront.net/img/teams/69.png,https://d2zywfiolv4f83.cloudfront.net/img/teams/63.png,26,26
206,4,11213,25662,Spain Laliga,2026-2027,1994080,https://www.whoscored.com/matches/1994080/show/spain-laliga-2026-2027-osasuna-sevilla,Feb 2027,,Osasuna,Sevilla,131,67,,,2027-02-28,https://d2zywfiolv4f83.cloudfront.net/img/teams/131.png,https://d2zywfiolv4f83.cloudfront.net/img/teams/67.png,26,26
206,4,11213,25662,Spain Laliga,2026-2027,1994081,https://www.whoscored.com/matches/1994081/show/spain-laliga-2026-2027-racing-santander-rayo-vallecano,Feb 2027,,Racing Santander,Rayo Vallecano,56,64,,,2027-02-28,https://d2zywfiolv4f83.cloudfront.net/img/teams/56.png,https://d2zywfiolv4f83.cloudfront.net/img/teams/64.png,26,26
206,4,11213,25662,Spain Laliga,2026-2027,1994082,https://www.whoscored.com/matches/1994082/show/spain-laliga-2026-2027-real-madrid-valencia,Feb 2027,,Real Madrid,Valencia,52,55,,,2027-02-28,https://d2zywfiolv4f83.cloudfront.net/img/teams/52.png,https://d2zywfiolv4f83.cloudfront.net/img/teams/55.png,26,26
206,4,11213,25662,Spain Laliga,2026-2027,1994083,https://www.whoscored.com/matches/1994083/show/spain-laliga-2026-2027-real-sociedad-elche,Feb 2027,,Real Sociedad,Elche,68,833,,,2027-02-28,https://d2zywfiolv4f83.cloudfront.net/img/teams/68.png,https://d2zywfiolv4f83.cloudfront.net/img/teams/833.png,26,26
206,4,11213,25662,Spain Laliga,2026-2027,1994084,https://www.whoscored.com/matches/1994084/show/spain-laliga-2026-2027-deportivo-alaves-athletic-club,Mar 2027,,Deportivo Alaves,Athletic Club,60,53,,,2027-03-07,https://d2zywfiolv4f83.cloudfront.net/img/teams/60.png,https://d2zywfiolv4f83.cloudfront.net/img/teams/53.png,27,27
206,4,11213,25662,Spain Laliga,2026-2027,1994085,https://www.whoscored.com/matches/1994085/show/spain-laliga-2026-2027-atletico-madrid-celta-vigo,Mar 2027,,Atletico Madrid,Celta Vigo,63,62,,,2027-03-07,https://d2zywfiolv4f83.cloudfront.net/img/teams/63.png,https://d2zywfiolv4f83.cloudfront.net/img/teams/62.png,27,27
206,4,11213,25662,Spain Laliga,2026-2027,1994086,https://www.whoscored.com/matches/1994086/show/spain-laliga-2026-2027-deportivo-de-a-coruna-getafe,Mar 2027,,Deportivo A Coruña,Getafe,59,819,,,2027-03-07,https://d2zywfiolv4f83.cloudfront.net/img/teams/59.png,https://d2zywfiolv4f83.cloudfront.net/img/teams/819.png,27,27
206,4,11213,25662,Spain Laliga,2026-2027,1994087,https://www.whoscored.com/matches/1994087/show/spain-laliga-2026-2027-elche-malaga,Mar 2027,,Elche,Malaga,833,69,,,2027-03-07,https://d2zywfiolv4f83.cloudfront.net/img/teams/833.png,https://d2zywfiolv4f83.cloudfront.net/img/teams/69.png,27,27
206,4,11213,25662,Spain Laliga,2026-2027,1994088,https://www.whoscored.com/matches/1994088/show/spain-laliga-2026-2027-espanyol-racing-santander,Mar 2027,,Espanyol,Racing Santander,70,56,,,2027-03-07,https://d2zywfiolv4f83.cloudfront.net/img/teams/70.png,https://d2zywfiolv4f83.cloudfront.net/img/teams/56.png,27,27
206,4,11213,25662,Spain Laliga,2026-2027,1994089,https://www.whoscored.com/matches/1994089/show/spain-laliga-2026-2027-barcelona-real-betis,Mar 2027,,Barcelona,Real Betis,65,54,,,2027-03-07,https://d2zywfiolv4f83.cloudfront.net/img/teams/65.png,https://d2zywfiolv4f83.cloudfront.net/img/teams/54.png,27,27
206,4,11213,25662,Spain Laliga,2026-2027,1994090,https://www.whoscored.com/matches/1994090/show/spain-laliga-2026-2027-rayo-vallecano-osasuna,Mar 2027,,Rayo Vallecano,Osasuna,64,131,,,2027-03-07,https://d2zywfiolv4f83.cloudfront.net/img/teams/64.png,https://d2zywfiolv4f83.cloudfront.net/img/teams/131.png,27,27
206,4,11213,25662,Spain Laliga,2026-2027,1994092,https://www.whoscored.com/matches/1994092/show/spain-laliga-2026-2027-sevilla-real-sociedad,Mar 2027,,Sevilla,Real Sociedad,67,68,,,2027-03-07,https://d2zywfiolv4f83.cloudfront.net/img/teams/67.png,https://d2zywfiolv4f83.cloudfront.net/img/teams/68.png,27,27
206,4,11213,25662,Spain Laliga,2026-2027,1994094,https://www.whoscored.com/matches/1994094/show/spain-laliga-2026-2027-valencia-levante,Mar 2027,,Valencia,Levante,55,832,,,2027-03-07,https://d2zywfiolv4f83.cloudfront.net/img/teams/55.png,https://d2zywfiolv4f83.cloudfront.net/img/teams/832.png,27,27
206,4,11213,25662,Spain Laliga,2026-2027,1994096,https://www.whoscored.com/matches/1994096/show/spain-laliga-2026-2027-villarreal-real-madrid,Mar 2027,,Villarreal,Real Madrid,839,52,,,2027-03-07,https://d2zywfiolv4f83.cloudfront.net/img/teams/839.png,https://d2zywfiolv4f83.cloudfront.net/img/teams/52.png,27,27
206,4,11213,25662,Spain Laliga,2026-2027,1994098,https://www.whoscored.com/matches/1994098/show/spain-laliga-2026-2027-deportivo-alaves-sevilla,Mar 2027,,Deportivo Alaves,Sevilla,60,67,,,2027-03-14,https://d2zywfiolv4f83.cloudfront.net/img/teams/60.png,https://d2zywfiolv4f83.cloudfront.net/img/teams/67.png,28,28
206,4,11213,25662,Spain Laliga,2026-2027,1994100,https://www.whoscored.com/matches/1994100/show/spain-laliga-2026-2027-athletic-club-valencia,Mar 2027,,Athletic Club,Valencia,53,55,,,2027-03-14,https://d2zywfiolv4f83.cloudfront.net/img/teams/53.png,https://d2zywfiolv4f83.cloudfront.net/img/teams/55.png,28,28
206,4,11213,25662,Spain Laliga,2026-2027,1994102,https://www.whoscored.com/matches/1994102/show/spain-laliga-2026-2027-real-betis-levante,Mar 2027,,Real Betis,Levante,54,832,,,2027-03-14,https://d2zywfiolv4f83.cloudfront.net/img/teams/54.png,https://d2zywfiolv4f83.cloudfront.net/img/teams/832.png,28,28
206,4,11213,25662,Spain Laliga,2026-2027,1994104,https://www.whoscored.com/matches/1994104/show/spain-laliga-2026-2027-elche-villarreal,Mar 2027,,Elche,Villarreal,833,839,,,2027-03-14,https://d2zywfiolv4f83.cloudfront.net/img/teams/833.png,https://d2zywfiolv4f83.cloudfront.net/img/teams/839.png,28,28
206,4,11213,25662,Spain Laliga,2026-2027,1994105,https://www.whoscored.com/matches/1994105/show/spain-laliga-2026-2027-barcelona-deportivo-de-a-coruna,Mar 2027,,Barcelona,Deportivo A Coruña,65,59,,,2027-03-14,https://d2zywfiolv4f83.cloudfront.net/img/teams/65.png,https://d2zywfiolv4f83.cloudfront.net/img/teams/59.png,28,28
206,4,11213,25662,Spain Laliga,2026-2027,1994108,https://www.whoscored.com/matches/1994108/show/spain-laliga-2026-2027-getafe-real-sociedad,Mar 2027,,Getafe,Real Sociedad,819,68,,,2027-03-14,https://d2zywfiolv4f83.cloudfront.net/img/teams/819.png,https://d2zywfiolv4f83.cloudfront.net/img/teams/68.png,28,28
206,4,11213,25662,Spain Laliga,2026-2027,1994110,https://www.whoscored.com/matches/1994110/show/spain-laliga-2026-2027-malaga-rayo-vallecano,Mar 2027,,Malaga,Rayo Vallecano,69,64,,,2027-03-14,https://d2zywfiolv4f83.cloudfront.net/img/teams/69.png,https://d2zywfiolv4f83.cloudfront.net/img/teams/64.png,28,28
206,4,11213,25662,Spain Laliga,2026-2027,1994111,https://www.whoscored.com/matches/1994111/show/spain-laliga-2026-2027-osasuna-celta-vigo,Mar 2027,,Osasuna,Celta Vigo,131,62,,,2027-03-14,https://d2zywfiolv4f83.cloudfront.net/img/teams/131.png,https://d2zywfiolv4f83.cloudfront.net/img/teams/62.png,28,28
206,4,11213,25662,Spain Laliga,2026-2027,1994113,https://www.whoscored.com/matches/1994113/show/spain-laliga-2026-2027-racing-santander-atletico-madrid,Mar 2027,,Racing Santander,Atletico Madrid,56,63,,,2027-03-14,https://d2zywfiolv4f83.cloudfront.net/img/teams/56.png,https://d2zywfiolv4f83.cloudfront.net/img/teams/63.png,28,28
206,4,11213,25662,Spain Laliga,2026-2027,1994115,https://www.whoscored.com/matches/1994115/show/spain-laliga-2026-2027-real-madrid-espanyol,Mar 2027,,Real Madrid,Espanyol,52,70,,,2027-03-14,https://d2zywfiolv4f83.cloudfront.net/img/teams/52.png,https://d2zywfiolv4f83.cloudfront.net/img/teams/70.png,28,28
206,4,11213,25662,Spain Laliga,2026-2027,1994117,https://www.whoscored.com/matches/1994117/show/spain-laliga-2026-2027-atletico-madrid-getafe,Mar 2027,,Atletico Madrid,Getafe,63,819,,,2027-03-21,https://d2zywfiolv4f83.cloudfront.net/img/teams/63.png,https://d2zywfiolv4f83.cloudfront.net/img/teams/819.png,29,29
206,4,11213,25662,Spain Laliga,2026-2027,1994119,https://www.whoscored.com/matches/1994119/show/spain-laliga-2026-2027-celta-vigo-real-madrid,Mar 2027,,Celta Vigo,Real Madrid,62,52,,,2027-03-21,https://d2zywfiolv4f83.cloudfront.net/img/teams/62.png,https://d2zywfiolv4f83.cloudfront.net/img/teams/52.png,29,29
206,4,11213,25662,Spain Laliga,2026-2027,1994121,https://www.whoscored.com/matches/1994121/show/spain-laliga-2026-2027-espanyol-athletic-club,Mar 2027,,Espanyol,Athletic Club,70,53,,,2027-03-21,https://d2zywfiolv4f83.cloudfront.net/img/teams/70.png,https://d2zywfiolv4f83.cloudfront.net/img/teams/53.png,29,29
206,4,11213,25662,Spain Laliga,2026-2027,1994124,https://www.whoscored.com/matches/1994124/show/spain-laliga-2026-2027-levante-osasuna,Mar 2027,,Levante,Osasuna,832,131,,,2027-03-21,https://d2zywfiolv4f83.cloudfront.net/img/teams/832.png,https://d2zywfiolv4f83.cloudfront.net/img/teams/131.png,29,29
206,4,11213,25662,Spain Laliga,2026-2027,1994126,https://www.whoscored.com/matches/1994126/show/spain-laliga-2026-2027-racing-santander-real-betis,Mar 2027,,Racing Santander,Real Betis,56,54,,,2027-03-21,https://d2zywfiolv4f83.cloudfront.net/img/teams/56.png,https://d2zywfiolv4f83.cloudfront.net/img/teams/54.png,29,29
206,4,11213,25662,Spain Laliga,2026-2027,1994128,https://www.whoscored.com/matches/1994128/show/spain-laliga-2026-2027-rayo-vallecano-barcelona,Mar 2027,,Rayo Vallecano,Barcelona,64,65,,,2027-03-21,https://d2zywfiolv4f83.cloudfront.net/img/teams/64.png,https://d2zywfiolv4f83.cloudfront.net/img/teams/65.png,29,29
206,4,11213,25662,Spain Laliga,2026-2027,1994130,https://www.whoscored.com/matches/1994130/show/spain-laliga-2026-2027-real-sociedad-deportivo-alaves,Mar 2027,,Real Sociedad,Deportivo Alaves,68,60,,,2027-03-21,https://d2zywfiolv4f83.cloudfront.net/img/teams/68.png,https://d2zywfiolv4f83.cloudfront.net/img/teams/60.png,29,29
206,4,11213,25662,Spain Laliga,2026-2027,1994132,https://www.whoscored.com/matches/1994132/show/spain-laliga-2026-2027-sevilla-elche,Mar 2027,,Sevilla,Elche,67,833,,,2027-03-21,https://d2zywfiolv4f83.cloudfront.net/img/teams/67.png,https://d2zywfiolv4f83.cloudfront.net/img/teams/833.png,29,29
206,4,11213,25662,Spain Laliga,2026-2027,1994134,https://www.whoscored.com/matches/1994134/show/spain-laliga-2026-2027-valencia-deportivo-de-a-coruna,Mar 2027,,Valencia,Deportivo A Coruña,55,59,,,2027-03-21,https://d2zywfiolv4f83.cloudfront.net/img/teams/55.png,https://d2zywfiolv4f83.cloudfront.net/img/teams/59.png,29,29
206,4,11213,25662,Spain Laliga,2026-2027,1994136,https://www.whoscored.com/matches/1994136/show/spain-laliga-2026-2027-villarreal-malaga,Mar 2027,,Villarreal,Malaga,839,69,,,2027-03-21,https://d2zywfiolv4f83.cloudfront.net/img/teams/839.png,https://d2zywfiolv4f83.cloudfront.net/img/teams/69.png,29,29
206,4,11213,25662,Spain Laliga,2026-2027,1994138,https://www.whoscored.com/matches/1994138/show/spain-laliga-2026-2027-athletic-club-racing-santander,Apr 2027,,Athletic Club,Racing Santander,53,56,,,2027-04-04,https://d2zywfiolv4f83.cloudfront.net/img/teams/53.png,https://d2zywfiolv4f83.cloudfront.net/img/teams/56.png,30,30
206,4,11213,25662,Spain Laliga,2026-2027,1994140,https://www.whoscored.com/matches/1994140/show/spain-laliga-2026-2027-real-betis-celta-vigo,Apr 2027,,Real Betis,Celta Vigo,54,62,,,2027-04-04,https://d2zywfiolv4f83.cloudfront.net/img/teams/54.png,https://d2zywfiolv4f83.cloudfront.net/img/teams/62.png,30,30
206,4,11213,25662,Spain Laliga,2026-2027,1994142,https://www.whoscored.com/matches/1994142/show/spain-laliga-2026-2027-deportivo-de-a-coruna-villarreal,Apr 2027,,Deportivo A Coruña,Villarreal,59,839,,,2027-04-04,https://d2zywfiolv4f83.cloudfront.net/img/teams/59.png,https://d2zywfiolv4f83.cloudfront.net/img/teams/839.png,30,30
206,4,11213,25662,Spain Laliga,2026-2027,1994143,https://www.whoscored.com/matches/1994143/show/spain-laliga-2026-2027-elche-deportivo-alaves,Apr 2027,,Elche,Deportivo Alaves,833,60,,,2027-04-04,https://d2zywfiolv4f83.cloudfront.net/img/teams/833.png,https://d2zywfiolv4f83.cloudfront.net/img/teams/60.png,30,30
206,4,11213,25662,Spain Laliga,2026-2027,1994144,https://www.whoscored.com/matches/1994144/show/spain-laliga-2026-2027-barcelona-sevilla,Apr 2027,,Barcelona,Sevilla,65,67,,,2027-04-04,https://d2zywfiolv4f83.cloudfront.net/img/teams/65.png,https://d2zywfiolv4f83.cloudfront.net/img/teams/67.png,30,30
206,4,11213,25662,Spain Laliga,2026-2027,1994145,https://www.whoscored.com/matches/1994145/show/spain-laliga-2026-2027-getafe-espanyol,Apr 2027,,Getafe,Espanyol,819,70,,,2027-04-04,https://d2zywfiolv4f83.cloudfront.net/img/teams/819.png,https://d2zywfiolv4f83.cloudfront.net/img/teams/70.png,30,30
206,4,11213,25662,Spain Laliga,2026-2027,1994193,https://www.whoscored.com/matches/1994193/show/spain-laliga-2026-2027-levante-rayo-vallecano,Apr 2027,,Levante,Rayo Vallecano,832,64,,,2027-04-04,https://d2zywfiolv4f83.cloudfront.net/img/teams/832.png,https://d2zywfiolv4f83.cloudfront.net/img/teams/64.png,30,30
206,4,11213,25662,Spain Laliga,2026-2027,1994194,https://www.whoscored.com/matches/1994194/show/spain-laliga-2026-2027-malaga-osasuna,Apr 2027,,Malaga,Osasuna,69,131,,,2027-04-04,https://d2zywfiolv4f83.cloudfront.net/img/teams/69.png,https://d2zywfiolv4f83.cloudfront.net/img/teams/131.png,30,30
206,4,11213,25662,Spain Laliga,2026-2027,1994195,https://www.whoscored.com/matches/1994195/show/spain-laliga-2026-2027-real-madrid-atletico-madrid,Apr 2027,,Real Madrid,Atletico Madrid,52,63,,,2027-04-04,https://d2zywfiolv4f83.cloudfront.net/img/teams/52.png,https://d2zywfiolv4f83.cloudfront.net/img/teams/63.png,30,30
206,4,11213,25662,Spain Laliga,2026-2027,1994196,https://www.whoscored.com/matches/1994196/show/spain-laliga-2026-2027-real-sociedad-valencia,Apr 2027,,Real Sociedad,Valencia,68,55,,,2027-04-04,https://d2zywfiolv4f83.cloudfront.net/img/teams/68.png,https://d2zywfiolv4f83.cloudfront.net/img/teams/55.png,30,30
206,4,11213,25662,Spain Laliga,2026-2027,1994197,https://www.whoscored.com/matches/1994197/show/spain-laliga-2026-2027-deportivo-alaves-real-betis,Apr 2027,,Deportivo Alaves,Real Betis,60,54,,,2027-04-11,https://d2zywfiolv4f83.cloudfront.net/img/teams/60.png,https://d2zywfiolv4f83.cloudfront.net/img/teams/54.png,31,31
206,4,11213,25662,Spain Laliga,2026-2027,1994198,https://www.whoscored.com/matches/1994198/show/spain-laliga-2026-2027-atletico-madrid-levante,Apr 2027,,Atletico Madrid,Levante,63,832,,,2027-04-11,https://d2zywfiolv4f83.cloudfront.net/img/teams/63.png,https://d2zywfiolv4f83.cloudfront.net/img/teams/832.png,31,31
206,4,11213,25662,Spain Laliga,2026-2027,1994199,https://www.whoscored.com/matches/1994199/show/spain-laliga-2026-2027-celta-vigo-elche,Apr 2027,,Celta Vigo,Elche,62,833,,,2027-04-11,https://d2zywfiolv4f83.cloudfront.net/img/teams/62.png,https://d2zywfiolv4f83.cloudfront.net/img/teams/833.png,31,31
206,4,11213,25662,Spain Laliga,2026-2027,1994200,https://www.whoscored.com/matches/1994200/show/spain-laliga-2026-2027-espanyol-malaga,Apr 2027,,Espanyol,Malaga,70,69,,,2027-04-11,https://d2zywfiolv4f83.cloudfront.net/img/teams/70.png,https://d2zywfiolv4f83.cloudfront.net/img/teams/69.png,31,31
206,4,11213,25662,Spain Laliga,2026-2027,1994201,https://www.whoscored.com/matches/1994201/show/spain-laliga-2026-2027-osasuna-real-madrid,Apr 2027,,Osasuna,Real Madrid,131,52,,,2027-04-11,https://d2zywfiolv4f83.cloudfront.net/img/teams/131.png,https://d2zywfiolv4f83.cloudfront.net/img/teams/52.png,31,31
206,4,11213,25662,Spain Laliga,2026-2027,1994202,https://www.whoscored.com/matches/1994202/show/spain-laliga-2026-2027-racing-santander-barcelona,Apr 2027,,Racing Santander,Barcelona,56,65,,,2027-04-11,https://d2zywfiolv4f83.cloudfront.net/img/teams/56.png,https://d2zywfiolv4f83.cloudfront.net/img/teams/65.png,31,31
206,4,11213,25662,Spain Laliga,2026-2027,1994203,https://www.whoscored.com/matches/1994203/show/spain-laliga-2026-2027-rayo-vallecano-real-sociedad,Apr 2027,,Rayo Vallecano,Real Sociedad,64,68,,,2027-04-11,https://d2zywfiolv4f83.cloudfront.net/img/teams/64.png,https://d2zywfiolv4f83.cloudfront.net/img/teams/68.png,31,31
206,4,11213,25662,Spain Laliga,2026-2027,1994204,https://www.whoscored.com/matches/1994204/show/spain-laliga-2026-2027-sevilla-deportivo-de-a-coruna,Apr 2027,,Sevilla,Deportivo A Coruña,67,59,,,2027-04-11,https://d2zywfiolv4f83.cloudfront.net/img/teams/67.png,https://d2zywfiolv4f83.cloudfront.net/img/teams/59.png,31,31
206,4,11213,25662,Spain Laliga,2026-2027,1994205,https://www.whoscored.com/matches/1994205/show/spain-laliga-2026-2027-valencia-getafe,Apr 2027,,Valencia,Getafe,55,819,,,2027-04-11,https://d2zywfiolv4f83.cloudfront.net/img/teams/55.png,https://d2zywfiolv4f83.cloudfront.net/img/teams/819.png,31,31
206,4,11213,25662,Spain Laliga,2026-2027,1994206,https://www.whoscored.com/matches/1994206/show/spain-laliga-2026-2027-villarreal-athletic-club,Apr 2027,,Villarreal,Athletic Club,839,53,,,2027-04-11,https://d2zywfiolv4f83.cloudfront.net/img/teams/839.png,https://d2zywfiolv4f83.cloudfront.net/img/teams/53.png,31,31
206,4,11213,25662,Spain Laliga,2026-2027,1994207,https://www.whoscored.com/matches/1994207/show/spain-laliga-2026-2027-deportivo-alaves-rayo-vallecano,Apr 2027,,Deportivo Alaves,Rayo Vallecano,60,64,,,2027-04-18,https://d2zywfiolv4f83.cloudfront.net/img/teams/60.png,https://d2zywfiolv4f83.cloudfront.net/img/teams/64.png,32,32
206,4,11213,25662,Spain Laliga,2026-2027,1994208,https://www.whoscored.com/matches/1994208/show/spain-laliga-2026-2027-atletico-madrid-sevilla,Apr 2027,,Atletico Madrid,Sevilla,63,67,,,2027-04-18,https://d2zywfiolv4f83.cloudfront.net/img/teams/63.png,https://d2zywfiolv4f83.cloudfront.net/img/teams/67.png,32,32
206,4,11213,25662,Spain Laliga,2026-2027,1994209,https://www.whoscored.com/matches/1994209/show/spain-laliga-2026-2027-real-betis-athletic-club,Apr 2027,,Real Betis,Athletic Club,54,53,,,2027-04-18,https://d2zywfiolv4f83.cloudfront.net/img/teams/54.png,https://d2zywfiolv4f83.cloudfront.net/img/teams/53.png,32,32
206,4,11213,25662,Spain Laliga,2026-2027,1994210,https://www.whoscored.com/matches/1994210/show/spain-laliga-2026-2027-deportivo-de-a-coruna-celta-vigo,Apr 2027,,Deportivo A Coruña,Celta Vigo,59,62,,,2027-04-18,https://d2zywfiolv4f83.cloudfront.net/img/teams/59.png,https://d2zywfiolv4f83.cloudfront.net/img/teams/62.png,32,32
206,4,11213,25662,Spain Laliga,2026-2027,1994211,https://www.whoscored.com/matches/1994211/show/spain-laliga-2026-2027-elche-osasuna,Apr 2027,,Elche,Osasuna,833,131,,,2027-04-18,https://d2zywfiolv4f83.cloudfront.net/img/teams/833.png,https://d2zywfiolv4f83.cloudfront.net/img/teams/131.png,32,32
206,4,11213,25662,Spain Laliga,2026-2027,1994212,https://www.whoscored.com/matches/1994212/show/spain-laliga-2026-2027-barcelona-espanyol,Apr 2027,,Barcelona,Espanyol,65,70,,,2027-04-18,https://d2zywfiolv4f83.cloudfront.net/img/teams/65.png,https://d2zywfiolv4f83.cloudfront.net/img/teams/70.png,32,32
206,4,11213,25662,Spain Laliga,2026-2027,1994213,https://www.whoscored.com/matches/1994213/show/spain-laliga-2026-2027-getafe-real-madrid,Apr 2027,,Getafe,Real Madrid,819,52,,,2027-04-18,https://d2zywfiolv4f83.cloudfront.net/img/teams/819.png,https://d2zywfiolv4f83.cloudfront.net/img/teams/52.png,32,32
206,4,11213,25662,Spain Laliga,2026-2027,1994214,https://www.whoscored.com/matches/1994214/show/spain-laliga-2026-2027-levante-villarreal,Apr 2027,,Levante,Villarreal,832,839,,,2027-04-18,https://d2zywfiolv4f83.cloudfront.net/img/teams/832.png,https://d2zywfiolv4f83.cloudfront.net/img/teams/839.png,32,32
206,4,11213,25662,Spain Laliga,2026-2027,1994215,https://www.whoscored.com/matches/1994215/show/spain-laliga-2026-2027-malaga-valencia,Apr 2027,,Malaga,Valencia,69,55,,,2027-04-18,https://d2zywfiolv4f83.cloudfront.net/img/teams/69.png,https://d2zywfiolv4f83.cloudfront.net/img/teams/55.png,32,32
206,4,11213,25662,Spain Laliga,2026-2027,1994216,https://www.whoscored.com/matches/1994216/show/spain-laliga-2026-2027-real-sociedad-racing-santander,Apr 2027,,Real Sociedad,Racing Santander,68,56,,,2027-04-18,https://d2zywfiolv4f83.cloudfront.net/img/teams/68.png,https://d2zywfiolv4f83.cloudfront.net/img/teams/56.png,32,32
206,4,11213,25662,Spain Laliga,2026-2027,1994217,https://www.whoscored.com/matches/1994217/show/spain-laliga-2026-2027-athletic-club-deportivo-de-a-coruna,Apr 2027,,Athletic Club,Deportivo A Coruña,53,59,,,2027-04-21,https://d2zywfiolv4f83.cloudfront.net/img/teams/53.png,https://d2zywfiolv4f83.cloudfront.net/img/teams/59.png,33,33
206,4,11213,25662,Spain Laliga,2026-2027,1994218,https://www.whoscored.com/matches/1994218/show/spain-laliga-2026-2027-celta-vigo-barcelona,Apr 2027,,Celta Vigo,Barcelona,62,65,,,2027-04-21,https://d2zywfiolv4f83.cloudfront.net/img/teams/62.png,https://d2zywfiolv4f83.cloudfront.net/img/teams/65.png,33,33
206,4,11213,25662,Spain Laliga,2026-2027,1994219,https://www.whoscored.com/matches/1994219/show/spain-laliga-2026-2027-espanyol-real-sociedad,Apr 2027,,Espanyol,Real Sociedad,70,68,,,2027-04-21,https://d2zywfiolv4f83.cloudfront.net/img/teams/70.png,https://d2zywfiolv4f83.cloudfront.net/img/teams/68.png,33,33
206,4,11213,25662,Spain Laliga,2026-2027,1994220,https://www.whoscored.com/matches/1994220/show/spain-laliga-2026-2027-getafe-real-betis,Apr 2027,,Getafe,Real Betis,819,54,,,2027-04-21,https://d2zywfiolv4f83.cloudfront.net/img/teams/819.png,https://d2zywfiolv4f83.cloudfront.net/img/teams/54.png,33,33
206,4,11213,25662,Spain Laliga,2026-2027,1994221,https://www.whoscored.com/matches/1994221/show/spain-laliga-2026-2027-osasuna-deportivo-alaves,Apr 2027,,Osasuna,Deportivo Alaves,131,60,,,2027-04-21,https://d2zywfiolv4f83.cloudfront.net/img/teams/131.png,https://d2zywfiolv4f83.cloudfront.net/img/teams/60.png,33,33
206,4,11213,25662,Spain Laliga,2026-2027,1994222,https://www.whoscored.com/matches/1994222/show/spain-laliga-2026-2027-racing-santander-malaga,Apr 2027,,Racing Santander,Malaga,56,69,,,2027-04-21,https://d2zywfiolv4f83.cloudfront.net/img/teams/56.png,https://d2zywfiolv4f83.cloudfront.net/img/teams/69.png,33,33
206,4,11213,25662,Spain Laliga,2026-2027,1994223,https://www.whoscored.com/matches/1994223/show/spain-laliga-2026-2027-real-madrid-elche,Apr 2027,,Real Madrid,Elche,52,833,,,2027-04-21,https://d2zywfiolv4f83.cloudfront.net/img/teams/52.png,https://d2zywfiolv4f83.cloudfront.net/img/teams/833.png,33,33
206,4,11213,25662,Spain Laliga,2026-2027,1994224,https://www.whoscored.com/matches/1994224/show/spain-laliga-2026-2027-sevilla-levante,Apr 2027,,Sevilla,Levante,67,832,,,2027-04-21,https://d2zywfiolv4f83.cloudfront.net/img/teams/67.png,https://d2zywfiolv4f83.cloudfront.net/img/teams/832.png,33,33
206,4,11213,25662,Spain Laliga,2026-2027,1994225,https://www.whoscored.com/matches/1994225/show/spain-laliga-2026-2027-valencia-rayo-vallecano,Apr 2027,,Valencia,Rayo Vallecano,55,64,,,2027-04-21,https://d2zywfiolv4f83.cloudfront.net/img/teams/55.png,https://d2zywfiolv4f83.cloudfront.net/img/teams/64.png,33,33
206,4,11213,25662,Spain Laliga,2026-2027,1994226,https://www.whoscored.com/matches/1994226/show/spain-laliga-2026-2027-villarreal-atletico-madrid,Apr 2027,,Villarreal,Atletico Madrid,839,63,,,2027-04-21,https://d2zywfiolv4f83.cloudfront.net/img/teams/839.png,https://d2zywfiolv4f83.cloudfront.net/img/teams/63.png,33,33
206,4,11213,25662,Spain Laliga,2026-2027,1994227,https://www.whoscored.com/matches/1994227/show/spain-laliga-2026-2027-atletico-madrid-deportivo-alaves,May 2027,,Atletico Madrid,Deportivo Alaves,63,60,,,2027-05-02,https://d2zywfiolv4f83.cloudfront.net/img/teams/63.png,https://d2zywfiolv4f83.cloudfront.net/img/teams/60.png,34,34
206,4,11213,25662,Spain Laliga,2026-2027,1994228,https://www.whoscored.com/matches/1994228/show/spain-laliga-2026-2027-real-betis-valencia,May 2027,,Real Betis,Valencia,54,55,,,2027-05-02,https://d2zywfiolv4f83.cloudfront.net/img/teams/54.png,https://d2zywfiolv4f83.cloudfront.net/img/teams/55.png,34,34
206,4,11213,25662,Spain Laliga,2026-2027,1994229,https://www.whoscored.com/matches/1994229/show/spain-laliga-2026-2027-celta-vigo-sevilla,May 2027,,Celta Vigo,Sevilla,62,67,,,2027-05-02,https://d2zywfiolv4f83.cloudfront.net/img/teams/62.png,https://d2zywfiolv4f83.cloudfront.net/img/teams/67.png,34,34
206,4,11213,25662,Spain Laliga,2026-2027,1994230,https://www.whoscored.com/matches/1994230/show/spain-laliga-2026-2027-deportivo-de-a-coruna-racing-santander,May 2027,,Deportivo A Coruña,Racing Santander,59,56,,,2027-05-02,https://d2zywfiolv4f83.cloudfront.net/img/teams/59.png,https://d2zywfiolv4f83.cloudfront.net/img/teams/56.png,34,34
206,4,11213,25662,Spain Laliga,2026-2027,1994231,https://www.whoscored.com/matches/1994231/show/spain-laliga-2026-2027-elche-espanyol,May 2027,,Elche,Espanyol,833,70,,,2027-05-02,https://d2zywfiolv4f83.cloudfront.net/img/teams/833.png,https://d2zywfiolv4f83.cloudfront.net/img/teams/70.png,34,34
206,4,11213,25662,Spain Laliga,2026-2027,1994232,https://www.whoscored.com/matches/1994232/show/spain-laliga-2026-2027-barcelona-osasuna,May 2027,,Barcelona,Osasuna,65,131,,,2027-05-02,https://d2zywfiolv4f83.cloudfront.net/img/teams/65.png,https://d2zywfiolv4f83.cloudfront.net/img/teams/131.png,34,34
206,4,11213,25662,Spain Laliga,2026-2027,1994233,https://www.whoscored.com/matches/1994233/show/spain-laliga-2026-2027-levante-real-madrid,May 2027,,Levante,Real Madrid,832,52,,,2027-05-02,https://d2zywfiolv4f83.cloudfront.net/img/teams/832.png,https://d2zywfiolv4f83.cloudfront.net/img/teams/52.png,34,34
206,4,11213,25662,Spain Laliga,2026-2027,1994234,https://www.whoscored.com/matches/1994234/show/spain-laliga-2026-2027-malaga-getafe,May 2027,,Malaga,Getafe,69,819,,,2027-05-02,https://d2zywfiolv4f83.cloudfront.net/img/teams/69.png,https://d2zywfiolv4f83.cloudfront.net/img/teams/819.png,34,34
206,4,11213,25662,Spain Laliga,2026-2027,1994235,https://www.whoscored.com/matches/1994235/show/spain-laliga-2026-2027-rayo-vallecano-villarreal,May 2027,,Rayo Vallecano,Villarreal,64,839,,,2027-05-02,https://d2zywfiolv4f83.cloudfront.net/img/teams/64.png,https://d2zywfiolv4f83.cloudfront.net/img/teams/839.png,34,34
206,4,11213,25662,Spain Laliga,2026-2027,1994236,https://www.whoscored.com/matches/1994236/show/spain-laliga-2026-2027-real-sociedad-athletic-club,May 2027,,Real Sociedad,Athletic Club,68,53,,,2027-05-02,https://d2zywfiolv4f83.cloudfront.net/img/teams/68.png,https://d2zywfiolv4f83.cloudfront.net/img/teams/53.png,34,34
206,4,11213,25662,Spain Laliga,2026-2027,1994237,https://www.whoscored.com/matches/1994237/show/spain-laliga-2026-2027-deportivo-alaves-levante,May 2027,,Deportivo Alaves,Levante,60,832,,,2027-05-09,https://d2zywfiolv4f83.cloudfront.net/img/teams/60.png,https://d2zywfiolv4f83.cloudfront.net/img/teams/832.png,35,35
206,4,11213,25662,Spain Laliga,2026-2027,1994238,https://www.whoscored.com/matches/1994238/show/spain-laliga-2026-2027-athletic-club-malaga,May 2027,,Athletic Club,Malaga,53,69,,,2027-05-09,https://d2zywfiolv4f83.cloudfront.net/img/teams/53.png,https://d2zywfiolv4f83.cloudfront.net/img/teams/69.png,35,35
206,4,11213,25662,Spain Laliga,2026-2027,1994239,https://www.whoscored.com/matches/1994239/show/spain-laliga-2026-2027-real-betis-espanyol,May 2027,,Real Betis,Espanyol,54,70,,,2027-05-09,https://d2zywfiolv4f83.cloudfront.net/img/teams/54.png,https://d2zywfiolv4f83.cloudfront.net/img/teams/70.png,35,35
206,4,11213,25662,Spain Laliga,2026-2027,1994240,https://www.whoscored.com/matches/1994240/show/spain-laliga-2026-2027-getafe-elche,May 2027,,Getafe,Elche,819,833,,,2027-05-09,https://d2zywfiolv4f83.cloudfront.net/img/teams/819.png,https://d2zywfiolv4f83.cloudfront.net/img/teams/833.png,35,35
206,4,11213,25662,Spain Laliga,2026-2027,1994241,https://www.whoscored.com/matches/1994241/show/spain-laliga-2026-2027-osasuna-real-sociedad,May 2027,,Osasuna,Real Sociedad,131,68,,,2027-05-09,https://d2zywfiolv4f83.cloudfront.net/img/teams/131.png,https://d2zywfiolv4f83.cloudfront.net/img/teams/68.png,35,35
206,4,11213,25662,Spain Laliga,2026-2027,1994242,https://www.whoscored.com/matches/1994242/show/spain-laliga-2026-2027-racing-santander-sevilla,May 2027,,Racing Santander,Sevilla,56,67,,,2027-05-09,https://d2zywfiolv4f83.cloudfront.net/img/teams/56.png,https://d2zywfiolv4f83.cloudfront.net/img/teams/67.png,35,35
206,4,11213,25662,Spain Laliga,2026-2027,1994243,https://www.whoscored.com/matches/1994243/show/spain-laliga-2026-2027-rayo-vallecano-deportivo-de-a-coruna,May 2027,,Rayo Vallecano,Deportivo A Coruña,64,59,,,2027-05-09,https://d2zywfiolv4f83.cloudfront.net/img/teams/64.png,https://d2zywfiolv4f83.cloudfront.net/img/teams/59.png,35,35
206,4,11213,25662,Spain Laliga,2026-2027,1994244,https://www.whoscored.com/matches/1994244/show/spain-laliga-2026-2027-real-madrid-barcelona,May 2027,,Real Madrid,Barcelona,52,65,,,2027-05-09,https://d2zywfiolv4f83.cloudfront.net/img/teams/52.png,https://d2zywfiolv4f83.cloudfront.net/img/teams/65.png,35,35
206,4,11213,25662,Spain Laliga,2026-2027,1994245,https://www.whoscored.com/matches/1994245/show/spain-laliga-2026-2027-valencia-atletico-madrid,May 2027,,Valencia,Atletico Madrid,55,63,,,2027-05-09,https://d2zywfiolv4f83.cloudfront.net/img/teams/55.png,https://d2zywfiolv4f83.cloudfront.net/img/teams/63.png,35,35
206,4,11213,25662,Spain Laliga,2026-2027,1994246,https://www.whoscored.com/matches/1994246/show/spain-laliga-2026-2027-villarreal-celta-vigo,May 2027,,Villarreal,Celta Vigo,839,62,,,2027-05-09,https://d2zywfiolv4f83.cloudfront.net/img/teams/839.png,https://d2zywfiolv4f83.cloudfront.net/img/teams/62.png,35,35
206,4,11213,25662,Spain Laliga,2026-2027,1994247,https://www.whoscored.com/matches/1994247/show/spain-laliga-2026-2027-atletico-madrid-rayo-vallecano,May 2027,,Atletico Madrid,Rayo Vallecano,63,64,,,2027-05-16,https://d2zywfiolv4f83.cloudfront.net/img/teams/63.png,https://d2zywfiolv4f83.cloudfront.net/img/teams/64.png,36,36
206,4,11213,25662,Spain Laliga,2026-2027,1994248,https://www.whoscored.com/matches/1994248/show/spain-laliga-2026-2027-deportivo-de-a-coruna-deportivo-alaves,May 2027,,Deportivo A Coruña,Deportivo Alaves,59,60,,,2027-05-16,https://d2zywfiolv4f83.cloudfront.net/img/teams/59.png,https://d2zywfiolv4f83.cloudfront.net/img/teams/60.png,36,36
206,4,11213,25662,Spain Laliga,2026-2027,1994249,https://www.whoscored.com/matches/1994249/show/spain-laliga-2026-2027-elche-athletic-club,May 2027,,Elche,Athletic Club,833,53,,,2027-05-16,https://d2zywfiolv4f83.cloudfront.net/img/teams/833.png,https://d2zywfiolv4f83.cloudfront.net/img/teams/53.png,36,36
206,4,11213,25662,Spain Laliga,2026-2027,1994250,https://www.whoscored.com/matches/1994250/show/spain-laliga-2026-2027-espanyol-valencia,May 2027,,Espanyol,Valencia,70,55,,,2027-05-16,https://d2zywfiolv4f83.cloudfront.net/img/teams/70.png,https://d2zywfiolv4f83.cloudfront.net/img/teams/55.png,36,36
206,4,11213,25662,Spain Laliga,2026-2027,1994251,https://www.whoscored.com/matches/1994251/show/spain-laliga-2026-2027-levante-getafe,May 2027,,Levante,Getafe,832,819,,,2027-05-16,https://d2zywfiolv4f83.cloudfront.net/img/teams/832.png,https://d2zywfiolv4f83.cloudfront.net/img/teams/819.png,36,36
206,4,11213,25662,Spain Laliga,2026-2027,1994252,https://www.whoscored.com/matches/1994252/show/spain-laliga-2026-2027-malaga-celta-vigo,May 2027,,Malaga,Celta Vigo,69,62,,,2027-05-16,https://d2zywfiolv4f83.cloudfront.net/img/teams/69.png,https://d2zywfiolv4f83.cloudfront.net/img/teams/62.png,36,36
206,4,11213,25662,Spain Laliga,2026-2027,1994253,https://www.whoscored.com/matches/1994253/show/spain-laliga-2026-2027-osasuna-real-betis,May 2027,,Osasuna,Real Betis,131,54,,,2027-05-16,https://d2zywfiolv4f83.cloudfront.net/img/teams/131.png,https://d2zywfiolv4f83.cloudfront.net/img/teams/54.png,36,36
206,4,11213,25662,Spain Laliga,2026-2027,1994254,https://www.whoscored.com/matches/1994254/show/spain-laliga-2026-2027-real-madrid-racing-santander,May 2027,,Real Madrid,Racing Santander,52,56,,,2027-05-16,https://d2zywfiolv4f83.cloudfront.net/img/teams/52.png,https://d2zywfiolv4f83.cloudfront.net/img/teams/56.png,36,36
206,4,11213,25662,Spain Laliga,2026-2027,1994255,https://www.whoscored.com/matches/1994255/show/spain-laliga-2026-2027-real-sociedad-barcelona,May 2027,,Real Sociedad,Barcelona,68,65,,,2027-05-16,https://d2zywfiolv4f83.cloudfront.net/img/teams/68.png,https://d2zywfiolv4f83.cloudfront.net/img/teams/65.png,36,36
206,4,11213,25662,Spain Laliga,2026-2027,1994256,https://www.whoscored.com/matches/1994256/show/spain-laliga-2026-2027-sevilla-villarreal,May 2027,,Sevilla,Villarreal,67,839,,,2027-05-16,https://d2zywfiolv4f83.cloudfront.net/img/teams/67.png,https://d2zywfiolv4f83.cloudfront.net/img/teams/839.png,36,36
206,4,11213,25662,Spain Laliga,2026-2027,1994257,https://www.whoscored.com/matches/1994257/show/spain-laliga-2026-2027-deportivo-alaves-real-madrid,May 2027,,Deportivo Alaves,Real Madrid,60,52,,,2027-05-23,https://d2zywfiolv4f83.cloudfront.net/img/teams/60.png,https://d2zywfiolv4f83.cloudfront.net/img/teams/52.png,37,37
206,4,11213,25662,Spain Laliga,2026-2027,1994258,https://www.whoscored.com/matches/1994258/show/spain-laliga-2026-2027-atletico-madrid-athletic-club,May 2027,,Atletico Madrid,Athletic Club,63,53,,,2027-05-23,https://d2zywfiolv4f83.cloudfront.net/img/teams/63.png,https://d2zywfiolv4f83.cloudfront.net/img/teams/53.png,37,37
206,4,11213,25662,Spain Laliga,2026-2027,1994259,https://www.whoscored.com/matches/1994259/show/spain-laliga-2026-2027-celta-vigo-real-sociedad,May 2027,,Celta Vigo,Real Sociedad,62,68,,,2027-05-23,https://d2zywfiolv4f83.cloudfront.net/img/teams/62.png,https://d2zywfiolv4f83.cloudfront.net/img/teams/68.png,37,37
206,4,11213,25662,Spain Laliga,2026-2027,1994260,https://www.whoscored.com/matches/1994260/show/spain-laliga-2026-2027-deportivo-de-a-coruna-espanyol,May 2027,,Deportivo A Coruña,Espanyol,59,70,,,2027-05-23,https://d2zywfiolv4f83.cloudfront.net/img/teams/59.png,https://d2zywfiolv4f83.cloudfront.net/img/teams/70.png,37,37
206,4,11213,25662,Spain Laliga,2026-2027,1994261,https://www.whoscored.com/matches/1994261/show/spain-laliga-2026-2027-barcelona-malaga,May 2027,,Barcelona,Malaga,65,69,,,2027-05-23,https://d2zywfiolv4f83.cloudfront.net/img/teams/65.png,https://d2zywfiolv4f83.cloudfront.net/img/teams/69.png,37,37
206,4,11213,25662,Spain Laliga,2026-2027,1994262,https://www.whoscored.com/matches/1994262/show/spain-laliga-2026-2027-racing-santander-levante,May 2027,,Racing Santander,Levante,56,832,,,2027-05-23,https://d2zywfiolv4f83.cloudfront.net/img/teams/56.png,https://d2zywfiolv4f83.cloudfront.net/img/teams/832.png,37,37
206,4,11213,25662,Spain Laliga,2026-2027,1994263,https://www.whoscored.com/matches/1994263/show/spain-laliga-2026-2027-rayo-vallecano-real-betis,May 2027,,Rayo Vallecano,Real Betis,64,54,,,2027-05-23,https://d2zywfiolv4f83.cloudfront.net/img/teams/64.png,https://d2zywfiolv4f83.cloudfront.net/img/teams/54.png,37,37
206,4,11213,25662,Spain Laliga,2026-2027,1994264,https://www.whoscored.com/matches/1994264/show/spain-laliga-2026-2027-sevilla-getafe,May 2027,,Sevilla,Getafe,67,819,,,2027-05-23,https://d2zywfiolv4f83.cloudfront.net/img/teams/67.png,https://d2zywfiolv4f83.cloudfront.net/img/teams/819.png,37,37
206,4,11213,25662,Spain Laliga,2026-2027,1994265,https://www.whoscored.com/matches/1994265/show/spain-laliga-2026-2027-valencia-elche,May 2027,,Valencia,Elche,55,833,,,2027-05-23,https://d2zywfiolv4f83.cloudfront.net/img/teams/55.png,https://d2zywfiolv4f83.cloudfront.net/img/teams/833.png,37,37
206,4,11213,25662,Spain Laliga,2026-2027,1994266,https://www.whoscored.com/matches/1994266/show/spain-laliga-2026-2027-villarreal-osasuna,May 2027,,Villarreal,Osasuna,839,131,,,2027-05-23,https://d2zywfiolv4f83.cloudfront.net/img/teams/839.png,https://d2zywfiolv4f83.cloudfront.net/img/teams/131.png,37,37
206,4,11213,25662,Spain Laliga,2026-2027,1994267,https://www.whoscored.com/matches/1994267/show/spain-laliga-2026-2027-athletic-club-rayo-vallecano,May 2027,,Athletic Club,Rayo Vallecano,53,64,,,2027-05-30,https://d2zywfiolv4f83.cloudfront.net/img/teams/53.png,https://d2zywfiolv4f83.cloudfront.net/img/teams/64.png,38,38
206,4,11213,25662,Spain Laliga,2026-2027,1994268,https://www.whoscored.com/matches/1994268/show/spain-laliga-2026-2027-real-betis-atletico-madrid,May 2027,,Real Betis,Atletico Madrid,54,63,,,2027-05-30,https://d2zywfiolv4f83.cloudfront.net/img/teams/54.png,https://d2zywfiolv4f83.cloudfront.net/img/teams/63.png,38,38
206,4,11213,25662,Spain Laliga,2026-2027,1994269,https://www.whoscored.com/matches/1994269/show/spain-laliga-2026-2027-elche-racing-santander,May 2027,,Elche,Racing Santander,833,56,,,2027-05-30,https://d2zywfiolv4f83.cloudfront.net/img/teams/833.png,https://d2zywfiolv4f83.cloudfront.net/img/teams/56.png,38,38
206,4,11213,25662,Spain Laliga,2026-2027,1994270,https://www.whoscored.com/matches/1994270/show/spain-laliga-2026-2027-espanyol-deportivo-alaves,May 2027,,Espanyol,Deportivo Alaves,70,60,,,2027-05-30,https://d2zywfiolv4f83.cloudfront.net/img/teams/70.png,https://d2zywfiolv4f83.cloudfront.net/img/teams/60.png,38,38
206,4,11213,25662,Spain Laliga,2026-2027,1994271,https://www.whoscored.com/matches/1994271/show/spain-laliga-2026-2027-getafe-barcelona,May 2027,,Getafe,Barcelona,819,65,,,2027-05-30,https://d2zywfiolv4f83.cloudfront.net/img/teams/819.png,https://d2zywfiolv4f83.cloudfront.net/img/teams/65.png,38,38
206,4,11213,25662,Spain Laliga,2026-2027,1994272,https://www.whoscored.com/matches/1994272/show/spain-laliga-2026-2027-levante-celta-vigo,May 2027,,Levante,Celta Vigo,832,62,,,2027-05-30,https://d2zywfiolv4f83.cloudfront.net/img/teams/832.png,https://d2zywfiolv4f83.cloudfront.net/img/teams/62.png,38,38
206,4,11213,25662,Spain Laliga,2026-2027,1994273,https://www.whoscored.com/matches/1994273/show/spain-laliga-2026-2027-malaga-sevilla,May 2027,,Malaga,Sevilla,69,67,,,2027-05-30,https://d2zywfiolv4f83.cloudfront.net/img/teams/69.png,https://d2zywfiolv4f83.cloudfront.net/img/teams/67.png,38,38
206,4,11213,25662,Spain Laliga,2026-2027,1994274,https://www.whoscored.com/matches/1994274/show/spain-laliga-2026-2027-osasuna-valencia,May 2027,,Osasuna,Valencia,131,55,,,2027-05-30,https://d2zywfiolv4f83.cloudfront.net/img/teams/131.png,https://d2zywfiolv4f83.cloudfront.net/img/teams/55.png,38,38
206,4,11213,25662,Spain Laliga,2026-2027,1994275,https://www.whoscored.com/matches/1994275/show/spain-laliga-2026-2027-real-madrid-deportivo-de-a-coruna,May 2027,,Real Madrid,Deportivo A Coruña,52,59,,,2027-05-30,https://d2zywfiolv4f83.cloudfront.net/img/teams/52.png,https://d2zywfiolv4f83.cloudfront.net/img/teams/59.png,38,38
206,4,11213,25662,Spain Laliga,2026-2027,1994276,https://www.whoscored.com/matches/1994276/show/spain-laliga-2026-2027-real-sociedad-villarreal,May 2027,,Real Sociedad,Villarreal,68,839,,,2027-05-30,https://d2zywfiolv4f83.cloudfront.net/img/teams/68.png,https://d2zywfiolv4f83.cloudfront.net/img/teams/839.png,38,38
252,2,11141,25544,England Premier League,2026-2027,1983546,https://www.whoscored.com/matches/1983546/show/england-premier-league-2026-2027-arsenal-coventry,Aug 2026,,Arsenal,Coventry City,13,17,,,2026-08-21,https://d2zywfiolv4f83.cloudfront.net/img/teams/13.png,https://d2zywfiolv4f83.cloudfront.net/img/teams/17.png,1,1
252,2,11141,25544,England Premier League,2026-2027,1983548,https://www.whoscored.com/matches/1983548/show/england-premier-league-2026-2027-hull-manchester-united,Aug 2026,,Hull City,Manchester United,214,32,,,2026-08-22,https://d2zywfiolv4f83.cloudfront.net/img/teams/214.png,https://d2zywfiolv4f83.cloudfront.net/img/teams/32.png,1,1
252,2,11141,25544,England Premier League,2026-2027,1983549,https://www.whoscored.com/matches/1983549/show/england-premier-league-2026-2027-everton-crystal-palace,Aug 2026,,Everton,Crystal Palace,31,162,,,2026-08-22,https://d2zywfiolv4f83.cloudfront.net/img/teams/31.png,https://d2zywfiolv4f83.cloudfront.net/img/teams/162.png,1,1
252,2,11141,25544,England Premier League,2026-2027,1983551,https://www.whoscored.com/matches/1983551/show/england-premier-league-2026-2027-ipswich-sunderland,Aug 2026,,Ipswich Town,Sunderland,165,16,,,2026-08-22,https://d2zywfiolv4f83.cloudfront.net/img/teams/165.png,https://d2zywfiolv4f83.cloudfront.net/img/teams/16.png,1,1
252,2,11141,25544,England Premier League,2026-2027,1983552,https://www.whoscored.com/matches/1983552/show/england-premier-league-2026-2027-nottingham-forest-leeds,Aug 2026,,Nottingham Forest,Leeds United,174,19,,,2026-08-22,https://d2zywfiolv4f83.cloudfront.net/img/teams/174.png,https://d2zywfiolv4f83.cloudfront.net/img/teams/19.png,1,1
252,2,11141,25544,England Premier League,2026-2027,1983553,https://www.whoscored.com/matches/1983553/show/england-premier-league-2026-2027-brentford-tottenham,Aug 2026,,Brentford,Tottenham Hotspur,189,30,,,2026-08-22,https://d2zywfiolv4f83.cloudfront.net/img/teams/189.png,https://d2zywfiolv4f83.cloudfront.net/img/teams/30.png,1,1
252,2,11141,25544,England Premier League,2026-2027,1983554,https://www.whoscored.com/matches/1983554/show/england-premier-league-2026-2027-brighton-aston-villa,Aug 2026,,Brighton & Hove Albion,Aston Villa,211,24,,,2026-08-23,https://d2zywfiolv4f83.cloudfront.net/img/teams/211.png,https://d2zywfiolv4f83.cloudfront.net/img/teams/24.png,1,1
252,2,11141,25544,England Premier League,2026-2027,1983555,https://www.whoscored.com/matches/1983555/show/england-premier-league-2026-2027-manchester-city-bournemouth,Aug 2026,,Manchester City,AFC Bournemouth,167,183,,,2026-08-23,https://d2zywfiolv4f83.cloudfront.net/img/teams/167.png,https://d2zywfiolv4f83.cloudfront.net/img/teams/183.png,1,1
252,2,11141,25544,England Premier League,2026-2027,1983547,https://www.whoscored.com/matches/1983547/show/england-premier-league-2026-2027-newcastle-liverpool,Aug 2026,,Newcastle United,Liverpool,23,26,,,2026-08-23,https://d2zywfiolv4f83.cloudfront.net/img/teams/23.png,https://d2zywfiolv4f83.cloudfront.net/img/teams/26.png,1,1
252,2,11141,25544,England Premier League,2026-2027,1983550,https://www.whoscored.com/matches/1983550/show/england-premier-league-2026-2027-fulham-chelsea,Aug 2026,,Fulham,Chelsea,170,15,,,2026-08-24,https://d2zywfiolv4f83.cloudfront.net/img/teams/170.png,https://d2zywfiolv4f83.cloudfront.net/img/teams/15.png,1,1
252,2,11141,25544,England Premier League,2026-2027,1983557,https://www.whoscored.com/matches/1983557/show/england-premier-league-2026-2027-crystal-palace-manchester-city,Aug 2026,,Crystal Palace,Manchester City,162,167,,,2026-08-28,https://d2zywfiolv4f83.cloudfront.net/img/teams/162.png,https://d2zywfiolv4f83.cloudfront.net/img/teams/167.png,2,2
252,2,11141,25544,England Premier League,2026-2027,1983560,https://www.whoscored.com/matches/1983560/show/england-premier-league-2026-2027-liverpool-nottingham-forest,Aug 2026,,Liverpool,Nottingham Forest,26,174,,,2026-08-29,https://d2zywfiolv4f83.cloudfront.net/img/teams/26.png,https://d2zywfiolv4f83.cloudfront.net/img/teams/174.png,2,2
252,2,11141,25544,England Premier League,2026-2027,1983563,https://www.whoscored.com/matches/1983563/show/england-premier-league-2026-2027-coventry-hull,Aug 2026,,Coventry City,Hull City,17,214,,,2026-08-29,https://d2zywfiolv4f83.cloudfront.net/img/teams/17.png,https://d2zywfiolv4f83.cloudfront.net/img/teams/214.png,2,2
252,2,11141,25544,England Premier League,2026-2027,1983556,https://www.whoscored.com/matches/1983556/show/england-premier-league-2026-2027-bournemouth-everton,Aug 2026,,AFC Bournemouth,Everton,183,31,,,2026-08-29,https://d2zywfiolv4f83.cloudfront.net/img/teams/183.png,https://d2zywfiolv4f83.cloudfront.net/img/teams/31.png,2,2
252,2,11141,25544,England Premier League,2026-2027,1983565,https://www.whoscored.com/matches/1983565/show/england-premier-league-2026-2027-tottenham-newcastle,Aug 2026,,Tottenham Hotspur,Newcastle United,30,23,,,2026-08-29,https://d2zywfiolv4f83.cloudfront.net/img/teams/30.png,https://d2zywfiolv4f83.cloudfront.net/img/teams/23.png,2,2
252,2,11141,25544,England Premier League,2026-2027,1983559,https://www.whoscored.com/matches/1983559/show/england-premier-league-2026-2027-leeds-brentford,Aug 2026,,Leeds United,Brentford,19,189,,,2026-08-30,https://d2zywfiolv4f83.cloudfront.net/img/teams/19.png,https://d2zywfiolv4f83.cloudfront.net/img/teams/189.png,2,2
252,2,11141,25544,England Premier League,2026-2027,1983564,https://www.whoscored.com/matches/1983564/show/england-premier-league-2026-2027-sunderland-fulham,Aug 2026,,Sunderland,Fulham,16,170,,,2026-08-30,https://d2zywfiolv4f83.cloudfront.net/img/teams/16.png,https://d2zywfiolv4f83.cloudfront.net/img/teams/170.png,2,2
252,2,11141,25544,England Premier League,2026-2027,1983561,https://www.whoscored.com/matches/1983561/show/england-premier-league-2026-2027-chelsea-brighton,Aug 2026,,Chelsea,Brighton & Hove Albion,15,211,,,2026-08-30,https://d2zywfiolv4f83.cloudfront.net/img/teams/15.png,https://d2zywfiolv4f83.cloudfront.net/img/teams/211.png,2,2
252,2,11141,25544,England Premier League,2026-2027,1983562,https://www.whoscored.com/matches/1983562/show/england-premier-league-2026-2027-manchester-united-ipswich,Aug 2026,,Manchester United,Ipswich Town,32,165,,,2026-08-30,https://d2zywfiolv4f83.cloudfront.net/img/teams/32.png,https://d2zywfiolv4f83.cloudfront.net/img/teams/165.png,2,2
252,2,11141,25544,England Premier League,2026-2027,1983558,https://www.whoscored.com/matches/1983558/show/england-premier-league-2026-2027-aston-villa-arsenal,Aug 2026,,Aston Villa,Arsenal,24,13,,,2026-08-31,https://d2zywfiolv4f83.cloudfront.net/img/teams/24.png,https://d2zywfiolv4f83.cloudfront.net/img/teams/13.png,2,2
252,2,11141,25544,England Premier League,2026-2027,1983580,https://www.whoscored.com/matches/1983580/show/england-premier-league-2026-2027-ipswich-liverpool,Sep 2026,,Ipswich Town,Liverpool,165,26,,,2026-09-04,https://d2zywfiolv4f83.cloudfront.net/img/teams/165.png,https://d2zywfiolv4f83.cloudfront.net/img/teams/26.png,3,3
252,2,11141,25544,England Premier League,2026-2027,1983584,https://www.whoscored.com/matches/1983584/show/england-premier-league-2026-2027-newcastle-bournemouth,Sep 2026,,Newcastle United,AFC Bournemouth,23,183,,,2026-09-05,https://d2zywfiolv4f83.cloudfront.net/img/teams/23.png,https://d2zywfiolv4f83.cloudfront.net/img/teams/183.png,3,3
252,2,11141,25544,England Premier League,2026-2027,1983582,https://www.whoscored.com/matches/1983582/show/england-premier-league-2026-2027-manchester-city-coventry,Sep 2026,,Manchester City,Coventry City,167,17,,,2026-09-05,https://d2zywfiolv4f83.cloudfront.net/img/teams/167.png,https://d2zywfiolv4f83.cloudfront.net/img/teams/17.png,3,3
252,2,11141,25544,England Premier League,2026-2027,1983586,https://www.whoscored.com/matches/1983586/show/england-premier-league-2026-2027-nottingham-forest-tottenham,Sep 2026,,Nottingham Forest,Tottenham Hotspur,174,30,,,2026-09-05,https://d2zywfiolv4f83.cloudfront.net/img/teams/174.png,https://d2zywfiolv4f83.cloudfront.net/img/teams/30.png,3,3
252,2,11141,25544,England Premier League,2026-2027,1983576,https://www.whoscored.com/matches/1983576/show/england-premier-league-2026-2027-fulham-crystal-palace,Sep 2026,,Fulham,Crystal Palace,170,162,,,2026-09-05,https://d2zywfiolv4f83.cloudfront.net/img/teams/170.png,https://d2zywfiolv4f83.cloudfront.net/img/teams/162.png,3,3
252,2,11141,25544,England Premier League,2026-2027,1983570,https://www.whoscored.com/matches/1983570/show/england-premier-league-2026-2027-brentford-sunderland,Sep 2026,,Brentford,Sunderland,189,16,,,2026-09-05,https://d2zywfiolv4f83.cloudfront.net/img/teams/189.png,https://d2zywfiolv4f83.cloudfront.net/img/teams/16.png,3,3
252,2,11141,25544,England Premier League,2026-2027,1983572,https://www.whoscored.com/matches/1983572/show/england-premier-league-2026-2027-brighton-leeds,Sep 2026,,Brighton & Hove Albion,Leeds United,211,19,,,2026-09-05,https://d2zywfiolv4f83.cloudfront.net/img/teams/211.png,https://d2zywfiolv4f83.cloudfront.net/img/teams/19.png,3,3
252,2,11141,25544,England Premier League,2026-2027,1983577,https://www.whoscored.com/matches/1983577/show/england-premier-league-2026-2027-hull-aston-villa,Sep 2026,,Hull City,Aston Villa,214,24,,,2026-09-05,https://d2zywfiolv4f83.cloudfront.net/img/teams/214.png,https://d2zywfiolv4f83.cloudfront.net/img/teams/24.png,3,3
252,2,11141,25544,England Premier League,2026-2027,1983574,https://www.whoscored.com/matches/1983574/show/england-premier-league-2026-2027-everton-manchester-united,Sep 2026,,Everton,Manchester United,31,32,,,2026-09-06,https://d2zywfiolv4f83.cloudfront.net/img/teams/31.png,https://d2zywfiolv4f83.cloudfront.net/img/teams/32.png,3,3
252,2,11141,25544,England Premier League,2026-2027,1983568,https://www.whoscored.com/matches/1983568/show/england-premier-league-2026-2027-arsenal-chelsea,Sep 2026,,Arsenal,Chelsea,13,15,,,2026-09-06,https://d2zywfiolv4f83.cloudfront.net/img/teams/13.png,https://d2zywfiolv4f83.cloudfront.net/img/teams/15.png,3,3
252,2,11141,25544,England Premier League,2026-2027,1983588,https://www.whoscored.com/matches/1983588/show/england-premier-league-2026-2027-bournemouth-brentford,Sep 2026,,AFC Bournemouth,Brentford,183,189,,,2026-09-12,https://d2zywfiolv4f83.cloudfront.net/img/teams/183.png,https://d2zywfiolv4f83.cloudfront.net/img/teams/189.png,4,4
252,2,11141,25544,England Premier League,2026-2027,1983590,https://www.whoscored.com/matches/1983590/show/england-premier-league-2026-2027-aston-villa-nottingham-forest,Sep 2026,,Aston Villa,Nottingham Forest,24,174,,,2026-09-12,https://d2zywfiolv4f83.cloudfront.net/img/teams/24.png,https://d2zywfiolv4f83.cloudfront.net/img/teams/174.png,4,4
252,2,11141,25544,England Premier League,2026-2027,1983594,https://www.whoscored.com/matches/1983594/show/england-premier-league-2026-2027-chelsea-hull,Sep 2026,,Chelsea,Hull City,15,214,,,2026-09-12,https://d2zywfiolv4f83.cloudfront.net/img/teams/15.png,https://d2zywfiolv4f83.cloudfront.net/img/teams/214.png,4,4
252,2,11141,25544,England Premier League,2026-2027,1983598,https://www.whoscored.com/matches/1983598/show/england-premier-league-2026-2027-crystal-palace-ipswich,Sep 2026,,Crystal Palace,Ipswich Town,162,165,,,2026-09-12,https://d2zywfiolv4f83.cloudfront.net/img/teams/162.png,https://d2zywfiolv4f83.cloudfront.net/img/teams/165.png,4,4
252,2,11141,25544,England Premier League,2026-2027,1983602,https://www.whoscored.com/matches/1983602/show/england-premier-league-2026-2027-liverpool-fulham,Sep 2026,,Liverpool,Fulham,26,170,,,2026-09-12,https://d2zywfiolv4f83.cloudfront.net/img/teams/26.png,https://d2zywfiolv4f83.cloudfront.net/img/teams/170.png,4,4
252,2,11141,25544,England Premier League,2026-2027,1983569,https://www.whoscored.com/matches/1983569/show/england-premier-league-2026-2027-tottenham-everton,Sep 2026,,Tottenham Hotspur,Everton,30,31,,,2026-09-12,https://d2zywfiolv4f83.cloudfront.net/img/teams/30.png,https://d2zywfiolv4f83.cloudfront.net/img/teams/31.png,4,4
252,2,11141,25544,England Premier League,2026-2027,1983567,https://www.whoscored.com/matches/1983567/show/england-premier-league-2026-2027-sunderland-arsenal,Sep 2026,,Sunderland,Arsenal,16,13,,,2026-09-12,https://d2zywfiolv4f83.cloudfront.net/img/teams/16.png,https://d2zywfiolv4f83.cloudfront.net/img/teams/13.png,4,4
252,2,11141,25544,England Premier League,2026-2027,1983596,https://www.whoscored.com/matches/1983596/show/england-premier-league-2026-2027-coventry-brighton,Sep 2026,,Coventry City,Brighton & Hove Albion,17,211,,,2026-09-13,https://d2zywfiolv4f83.cloudfront.net/img/teams/17.png,https://d2zywfiolv4f83.cloudfront.net/img/teams/211.png,4,4
252,2,11141,25544,England Premier League,2026-2027,1983566,https://www.whoscored.com/matches/1983566/show/england-premier-league-2026-2027-manchester-united-manchester-city,Sep 2026,,Manchester United,Manchester City,32,167,,,2026-09-13,https://d2zywfiolv4f83.cloudfront.net/img/teams/32.png,https://d2zywfiolv4f83.cloudfront.net/img/teams/167.png,4,4
252,2,11141,25544,England Premier League,2026-2027,1983600,https://www.whoscored.com/matches/1983600/show/england-premier-league-2026-2027-leeds-newcastle,Sep 2026,,Leeds United,Newcastle United,19,23,,,2026-09-14,https://d2zywfiolv4f83.cloudfront.net/img/teams/19.png,https://d2zywfiolv4f83.cloudfront.net/img/teams/23.png,4,4
252,2,11141,25544,England Premier League,2026-2027,1983573,https://www.whoscored.com/matches/1983573/show/england-premier-league-2026-2027-brentford-chelsea,Sep 2026,,Brentford,Chelsea,189,15,,,2026-09-18,https://d2zywfiolv4f83.cloudfront.net/img/teams/189.png,https://d2zywfiolv4f83.cloudfront.net/img/teams/15.png,5,5
252,2,11141,25544,England Premier League,2026-2027,1983589,https://www.whoscored.com/matches/1983589/show/england-premier-league-2026-2027-tottenham-aston-villa,Sep 2026,,Tottenham Hotspur,Aston Villa,30,24,,,2026-09-19,https://d2zywfiolv4f83.cloudfront.net/img/teams/30.png,https://d2zywfiolv4f83.cloudfront.net/img/teams/24.png,5,5
252,2,11141,25544,England Premier League,2026-2027,1983583,https://www.whoscored.com/matches/1983583/show/england-premier-league-2026-2027-manchester-city-sunderland,Sep 2026,,Manchester City,Sunderland,167,16,,,2026-09-19,https://d2zywfiolv4f83.cloudfront.net/img/teams/167.png,https://d2zywfiolv4f83.cloudfront.net/img/teams/16.png,5,5
252,2,11141,25544,England Premier League,2026-2027,1983585,https://www.whoscored.com/matches/1983585/show/england-premier-league-2026-2027-newcastle-hull,Sep 2026,,Newcastle United,Hull City,23,214,,,2026-09-19,https://d2zywfiolv4f83.cloudfront.net/img/teams/23.png,https://d2zywfiolv4f83.cloudfront.net/img/teams/214.png,5,5
252,2,11141,25544,England Premier League,2026-2027,1983575,https://www.whoscored.com/matches/1983575/show/england-premier-league-2026-2027-brighton-arsenal,Sep 2026,,Brighton & Hove Albion,Arsenal,211,13,,,2026-09-19,https://d2zywfiolv4f83.cloudfront.net/img/teams/211.png,https://d2zywfiolv4f83.cloudfront.net/img/teams/13.png,5,5
252,2,11141,25544,England Premier League,2026-2027,1983581,https://www.whoscored.com/matches/1983581/show/england-premier-league-2026-2027-leeds-crystal-palace,Sep 2026,,Leeds United,Crystal Palace,19,162,,,2026-09-19,https://d2zywfiolv4f83.cloudfront.net/img/teams/19.png,https://d2zywfiolv4f83.cloudfront.net/img/teams/162.png,5,5
252,2,11141,25544,England Premier League,2026-2027,1983578,https://www.whoscored.com/matches/1983578/show/england-premier-league-2026-2027-everton-ipswich,Sep 2026,,Everton,Ipswich Town,31,165,,,2026-09-19,https://d2zywfiolv4f83.cloudfront.net/img/teams/31.png,https://d2zywfiolv4f83.cloudfront.net/img/teams/165.png,5,5
252,2,11141,25544,England Premier League,2026-2027,1983587,https://www.whoscored.com/matches/1983587/show/england-premier-league-2026-2027-nottingham-forest-coventry,Sep 2026,,Nottingham Forest,Coventry City,174,17,,,2026-09-19,https://d2zywfiolv4f83.cloudfront.net/img/teams/174.png,https://d2zywfiolv4f83.cloudfront.net/img/teams/17.png,5,5
252,2,11141,25544,England Premier League,2026-2027,1983571,https://www.whoscored.com/matches/1983571/show/england-premier-league-2026-2027-bournemouth-liverpool,Sep 2026,,AFC Bournemouth,Liverpool,183,26,,,2026-09-20,https://d2zywfiolv4f83.cloudfront.net/img/teams/183.png,https://d2zywfiolv4f83.cloudfront.net/img/teams/26.png,5,5
252,2,11141,25544,England Premier League,2026-2027,1983579,https://www.whoscored.com/matches/1983579/show/england-premier-league-2026-2027-fulham-manchester-united,Sep 2026,,Fulham,Manchester United,170,32,,,2026-09-20,https://d2zywfiolv4f83.cloudfront.net/img/teams/170.png,https://d2zywfiolv4f83.cloudfront.net/img/teams/32.png,5,5
252,2,11141,25544,England Premier League,2026-2027,1983591,https://www.whoscored.com/matches/1983591/show/england-premier-league-2026-2027-arsenal-leeds,Oct 2026,,Arsenal,Leeds United,13,19,,,2026-10-10,https://d2zywfiolv4f83.cloudfront.net/img/teams/13.png,https://d2zywfiolv4f83.cloudfront.net/img/teams/19.png,6,6
252,2,11141,25544,England Premier League,2026-2027,1983592,https://www.whoscored.com/matches/1983592/show/england-premier-league-2026-2027-aston-villa-brentford,Oct 2026,,Aston Villa,Brentford,24,189,,,2026-10-10,https://d2zywfiolv4f83.cloudfront.net/img/teams/24.png,https://d2zywfiolv4f83.cloudfront.net/img/teams/189.png,6,6
252,2,11141,25544,England Premier League,2026-2027,1983593,https://www.whoscored.com/matches/1983593/show/england-premier-league-2026-2027-chelsea-bournemouth,Oct 2026,,Chelsea,AFC Bournemouth,15,183,,,2026-10-10,https://d2zywfiolv4f83.cloudfront.net/img/teams/15.png,https://d2zywfiolv4f83.cloudfront.net/img/teams/183.png,6,6
252,2,11141,25544,England Premier League,2026-2027,1983595,https://www.whoscored.com/matches/1983595/show/england-premier-league-2026-2027-coventry-newcastle,Oct 2026,,Coventry City,Newcastle United,17,23,,,2026-10-10,https://d2zywfiolv4f83.cloudfront.net/img/teams/17.png,https://d2zywfiolv4f83.cloudfront.net/img/teams/23.png,6,6
252,2,11141,25544,England Premier League,2026-2027,1983597,https://www.whoscored.com/matches/1983597/show/england-premier-league-2026-2027-crystal-palace-nottingham-forest,Oct 2026,,Crystal Palace,Nottingham Forest,162,174,,,2026-10-10,https://d2zywfiolv4f83.cloudfront.net/img/teams/162.png,https://d2zywfiolv4f83.cloudfront.net/img/teams/174.png,6,6
252,2,11141,25544,England Premier League,2026-2027,1983599,https://www.whoscored.com/matches/1983599/show/england-premier-league-2026-2027-hull-everton,Oct 2026,,Hull City,Everton,214,31,,,2026-10-10,https://d2zywfiolv4f83.cloudfront.net/img/teams/214.png,https://d2zywfiolv4f83.cloudfront.net/img/teams/31.png,6,6
252,2,11141,25544,England Premier League,2026-2027,1983601,https://www.whoscored.com/matches/1983601/show/england-premier-league-2026-2027-ipswich-fulham,Oct 2026,,Ipswich Town,Fulham,165,170,,,2026-10-10,https://d2zywfiolv4f83.cloudfront.net/img/teams/165.png,https://d2zywfiolv4f83.cloudfront.net/img/teams/170.png,6,6
252,2,11141,25544,England Premier League,2026-2027,1983603,https://www.whoscored.com/matches/1983603/show/england-premier-league-2026-2027-liverpool-manchester-city,Oct 2026,,Liverpool,Manchester City,26,167,,,2026-10-10,https://d2zywfiolv4f83.cloudfront.net/img/teams/26.png,https://d2zywfiolv4f83.cloudfront.net/img/teams/167.png,6,6
252,2,11141,25544,England Premier League,2026-2027,1983604,https://www.whoscored.com/matches/1983604/show/england-premier-league-2026-2027-manchester-united-tottenham,Oct 2026,,Manchester United,Tottenham Hotspur,32,30,,,2026-10-10,https://d2zywfiolv4f83.cloudfront.net/img/teams/32.png,https://d2zywfiolv4f83.cloudfront.net/img/teams/30.png,6,6
252,2,11141,25544,England Premier League,2026-2027,1983605,https://www.whoscored.com/matches/1983605/show/england-premier-league-2026-2027-sunderland-brighton,Oct 2026,,Sunderland,Brighton & Hove Albion,16,211,,,2026-10-10,https://d2zywfiolv4f83.cloudfront.net/img/teams/16.png,https://d2zywfiolv4f83.cloudfront.net/img/teams/211.png,6,6
252,2,11141,25544,England Premier League,2026-2027,1983606,https://www.whoscored.com/matches/1983606/show/england-premier-league-2026-2027-bournemouth-sunderland,Oct 2026,,AFC Bournemouth,Sunderland,183,16,,,2026-10-17,https://d2zywfiolv4f83.cloudfront.net/img/teams/183.png,https://d2zywfiolv4f83.cloudfront.net/img/teams/16.png,7,7
252,2,11141,25544,England Premier League,2026-2027,1983607,https://www.whoscored.com/matches/1983607/show/england-premier-league-2026-2027-brentford-liverpool,Oct 2026,,Brentford,Liverpool,189,26,,,2026-10-17,https://d2zywfiolv4f83.cloudfront.net/img/teams/189.png,https://d2zywfiolv4f83.cloudfront.net/img/teams/26.png,7,7
252,2,11141,25544,England Premier League,2026-2027,1983608,https://www.whoscored.com/matches/1983608/show/england-premier-league-2026-2027-brighton-crystal-palace,Oct 2026,,Brighton & Hove Albion,Crystal Palace,211,162,,,2026-10-17,https://d2zywfiolv4f83.cloudfront.net/img/teams/211.png,https://d2zywfiolv4f83.cloudfront.net/img/teams/162.png,7,7
252,2,11141,25544,England Premier League,2026-2027,1983609,https://www.whoscored.com/matches/1983609/show/england-premier-league-2026-2027-everton-chelsea,Oct 2026,,Everton,Chelsea,31,15,,,2026-10-17,https://d2zywfiolv4f83.cloudfront.net/img/teams/31.png,https://d2zywfiolv4f83.cloudfront.net/img/teams/15.png,7,7
252,2,11141,25544,England Premier League,2026-2027,1983610,https://www.whoscored.com/matches/1983610/show/england-premier-league-2026-2027-fulham-hull,Oct 2026,,Fulham,Hull City,170,214,,,2026-10-17,https://d2zywfiolv4f83.cloudfront.net/img/teams/170.png,https://d2zywfiolv4f83.cloudfront.net/img/teams/214.png,7,7
252,2,11141,25544,England Premier League,2026-2027,1983611,https://www.whoscored.com/matches/1983611/show/england-premier-league-2026-2027-leeds-manchester-united,Oct 2026,,Leeds United,Manchester United,19,32,,,2026-10-17,https://d2zywfiolv4f83.cloudfront.net/img/teams/19.png,https://d2zywfiolv4f83.cloudfront.net/img/teams/32.png,7,7
252,2,11141,25544,England Premier League,2026-2027,1983612,https://www.whoscored.com/matches/1983612/show/england-premier-league-2026-2027-manchester-city-ipswich,Oct 2026,,Manchester City,Ipswich Town,167,165,,,2026-10-17,https://d2zywfiolv4f83.cloudfront.net/img/teams/167.png,https://d2zywfiolv4f83.cloudfront.net/img/teams/165.png,7,7
252,2,11141,25544,England Premier League,2026-2027,1983613,https://www.whoscored.com/matches/1983613/show/england-premier-league-2026-2027-newcastle-aston-villa,Oct 2026,,Newcastle United,Aston Villa,23,24,,,2026-10-17,https://d2zywfiolv4f83.cloudfront.net/img/teams/23.png,https://d2zywfiolv4f83.cloudfront.net/img/teams/24.png,7,7
252,2,11141,25544,England Premier League,2026-2027,1983614,https://www.whoscored.com/matches/1983614/show/england-premier-league-2026-2027-nottingham-forest-arsenal,Oct 2026,,Nottingham Forest,Arsenal,174,13,,,2026-10-17,https://d2zywfiolv4f83.cloudfront.net/img/teams/174.png,https://d2zywfiolv4f83.cloudfront.net/img/teams/13.png,7,7
252,2,11141,25544,England Premier League,2026-2027,1983615,https://www.whoscored.com/matches/1983615/show/england-premier-league-2026-2027-tottenham-coventry,Oct 2026,,Tottenham Hotspur,Coventry City,30,17,,,2026-10-17,https://d2zywfiolv4f83.cloudfront.net/img/teams/30.png,https://d2zywfiolv4f83.cloudfront.net/img/teams/17.png,7,7
252,2,11141,25544,England Premier League,2026-2027,1983616,https://www.whoscored.com/matches/1983616/show/england-premier-league-2026-2027-arsenal-everton,Oct 2026,,Arsenal,Everton,13,31,,,2026-10-24,https://d2zywfiolv4f83.cloudfront.net/img/teams/13.png,https://d2zywfiolv4f83.cloudfront.net/img/teams/31.png,8,8
252,2,11141,25544,England Premier League,2026-2027,1983617,https://www.whoscored.com/matches/1983617/show/england-premier-league-2026-2027-aston-villa-manchester-city,Oct 2026,,Aston Villa,Manchester City,24,167,,,2026-10-24,https://d2zywfiolv4f83.cloudfront.net/img/teams/24.png,https://d2zywfiolv4f83.cloudfront.net/img/teams/167.png,8,8
252,2,11141,25544,England Premier League,2026-2027,1983618,https://www.whoscored.com/matches/1983618/show/england-premier-league-2026-2027-chelsea-tottenham,Oct 2026,,Chelsea,Tottenham Hotspur,15,30,,,2026-10-24,https://d2zywfiolv4f83.cloudfront.net/img/teams/15.png,https://d2zywfiolv4f83.cloudfront.net/img/teams/30.png,8,8
252,2,11141,25544,England Premier League,2026-2027,1983619,https://www.whoscored.com/matches/1983619/show/england-premier-league-2026-2027-coventry-fulham,Oct 2026,,Coventry City,Fulham,17,170,,,2026-10-24,https://d2zywfiolv4f83.cloudfront.net/img/teams/17.png,https://d2zywfiolv4f83.cloudfront.net/img/teams/170.png,8,8
252,2,11141,25544,England Premier League,2026-2027,1983620,https://www.whoscored.com/matches/1983620/show/england-premier-league-2026-2027-crystal-palace-newcastle,Oct 2026,,Crystal Palace,Newcastle United,162,23,,,2026-10-24,https://d2zywfiolv4f83.cloudfront.net/img/teams/162.png,https://d2zywfiolv4f83.cloudfront.net/img/teams/23.png,8,8
252,2,11141,25544,England Premier League,2026-2027,1983621,https://www.whoscored.com/matches/1983621/show/england-premier-league-2026-2027-hull-brentford,Oct 2026,,Hull City,Brentford,214,189,,,2026-10-24,https://d2zywfiolv4f83.cloudfront.net/img/teams/214.png,https://d2zywfiolv4f83.cloudfront.net/img/teams/189.png,8,8
252,2,11141,25544,England Premier League,2026-2027,1983622,https://www.whoscored.com/matches/1983622/show/england-premier-league-2026-2027-ipswich-nottingham-forest,Oct 2026,,Ipswich Town,Nottingham Forest,165,174,,,2026-10-24,https://d2zywfiolv4f83.cloudfront.net/img/teams/165.png,https://d2zywfiolv4f83.cloudfront.net/img/teams/174.png,8,8
252,2,11141,25544,England Premier League,2026-2027,1983623,https://www.whoscored.com/matches/1983623/show/england-premier-league-2026-2027-liverpool-brighton,Oct 2026,,Liverpool,Brighton & Hove Albion,26,211,,,2026-10-24,https://d2zywfiolv4f83.cloudfront.net/img/teams/26.png,https://d2zywfiolv4f83.cloudfront.net/img/teams/211.png,8,8
252,2,11141,25544,England Premier League,2026-2027,1983624,https://www.whoscored.com/matches/1983624/show/england-premier-league-2026-2027-manchester-united-bournemouth,Oct 2026,,Manchester United,AFC Bournemouth,32,183,,,2026-10-24,https://d2zywfiolv4f83.cloudfront.net/img/teams/32.png,https://d2zywfiolv4f83.cloudfront.net/img/teams/183.png,8,8
252,2,11141,25544,England Premier League,2026-2027,1983625,https://www.whoscored.com/matches/1983625/show/england-premier-league-2026-2027-sunderland-leeds,Oct 2026,,Sunderland,Leeds United,16,19,,,2026-10-24,https://d2zywfiolv4f83.cloudfront.net/img/teams/16.png,https://d2zywfiolv4f83.cloudfront.net/img/teams/19.png,8,8
252,2,11141,25544,England Premier League,2026-2027,1983626,https://www.whoscored.com/matches/1983626/show/england-premier-league-2026-2027-bournemouth-leeds,Oct 2026,,AFC Bournemouth,Leeds United,183,19,,,2026-10-31,https://d2zywfiolv4f83.cloudfront.net/img/teams/183.png,https://d2zywfiolv4f83.cloudfront.net/img/teams/19.png,9,9
252,2,11141,25544,England Premier League,2026-2027,1983627,https://www.whoscored.com/matches/1983627/show/england-premier-league-2026-2027-aston-villa-fulham,Oct 2026,,Aston Villa,Fulham,24,170,,,2026-10-31,https://d2zywfiolv4f83.cloudfront.net/img/teams/24.png,https://d2zywfiolv4f83.cloudfront.net/img/teams/170.png,9,9
252,2,11141,25544,England Premier League,2026-2027,1983628,https://www.whoscored.com/matches/1983628/show/england-premier-league-2026-2027-brentford-nottingham-forest,Oct 2026,,Brentford,Nottingham Forest,189,174,,,2026-10-31,https://d2zywfiolv4f83.cloudfront.net/img/teams/189.png,https://d2zywfiolv4f83.cloudfront.net/img/teams/174.png,9,9
252,2,11141,25544,England Premier League,2026-2027,1983629,https://www.whoscored.com/matches/1983629/show/england-premier-league-2026-2027-chelsea-manchester-united,Oct 2026,,Chelsea,Manchester United,15,32,,,2026-10-31,https://d2zywfiolv4f83.cloudfront.net/img/teams/15.png,https://d2zywfiolv4f83.cloudfront.net/img/teams/32.png,9,9
252,2,11141,25544,England Premier League,2026-2027,1983630,https://www.whoscored.com/matches/1983630/show/england-premier-league-2026-2027-coventry-sunderland,Oct 2026,,Coventry City,Sunderland,17,16,,,2026-10-31,https://d2zywfiolv4f83.cloudfront.net/img/teams/17.png,https://d2zywfiolv4f83.cloudfront.net/img/teams/16.png,9,9
252,2,11141,25544,England Premier League,2026-2027,1983631,https://www.whoscored.com/matches/1983631/show/england-premier-league-2026-2027-hull-ipswich,Oct 2026,,Hull City,Ipswich Town,214,165,,,2026-10-31,https://d2zywfiolv4f83.cloudfront.net/img/teams/214.png,https://d2zywfiolv4f83.cloudfront.net/img/teams/165.png,9,9
252,2,11141,25544,England Premier League,2026-2027,1983632,https://www.whoscored.com/matches/1983632/show/england-premier-league-2026-2027-liverpool-arsenal,Oct 2026,,Liverpool,Arsenal,26,13,,,2026-10-31,https://d2zywfiolv4f83.cloudfront.net/img/teams/26.png,https://d2zywfiolv4f83.cloudfront.net/img/teams/13.png,9,9
252,2,11141,25544,England Premier League,2026-2027,1983633,https://www.whoscored.com/matches/1983633/show/england-premier-league-2026-2027-manchester-city-brighton,Oct 2026,,Manchester City,Brighton & Hove Albion,167,211,,,2026-10-31,https://d2zywfiolv4f83.cloudfront.net/img/teams/167.png,https://d2zywfiolv4f83.cloudfront.net/img/teams/211.png,9,9
252,2,11141,25544,England Premier League,2026-2027,1983832,https://www.whoscored.com/matches/1983832/show/england-premier-league-2026-2027-newcastle-everton,Oct 2026,,Newcastle United,Everton,23,31,,,2026-10-31,https://d2zywfiolv4f83.cloudfront.net/img/teams/23.png,https://d2zywfiolv4f83.cloudfront.net/img/teams/31.png,9,9
252,2,11141,25544,England Premier League,2026-2027,1983834,https://www.whoscored.com/matches/1983834/show/england-premier-league-2026-2027-tottenham-crystal-palace,Oct 2026,,Tottenham Hotspur,Crystal Palace,30,162,,,2026-10-31,https://d2zywfiolv4f83.cloudfront.net/img/teams/30.png,https://d2zywfiolv4f83.cloudfront.net/img/teams/162.png,9,9
252,2,11141,25544,England Premier League,2026-2027,1983836,https://www.whoscored.com/matches/1983836/show/england-premier-league-2026-2027-arsenal-hull,Nov 2026,,Arsenal,Hull City,13,214,,,2026-11-07,https://d2zywfiolv4f83.cloudfront.net/img/teams/13.png,https://d2zywfiolv4f83.cloudfront.net/img/teams/214.png,10,10
252,2,11141,25544,England Premier League,2026-2027,1983838,https://www.whoscored.com/matches/1983838/show/england-premier-league-2026-2027-brighton-brentford,Nov 2026,,Brighton & Hove Albion,Brentford,211,189,,,2026-11-07,https://d2zywfiolv4f83.cloudfront.net/img/teams/211.png,https://d2zywfiolv4f83.cloudfront.net/img/teams/189.png,10,10
252,2,11141,25544,England Premier League,2026-2027,1983840,https://www.whoscored.com/matches/1983840/show/england-premier-league-2026-2027-crystal-palace-liverpool,Nov 2026,,Crystal Palace,Liverpool,162,26,,,2026-11-07,https://d2zywfiolv4f83.cloudfront.net/img/teams/162.png,https://d2zywfiolv4f83.cloudfront.net/img/teams/26.png,10,10
252,2,11141,25544,England Premier League,2026-2027,1983842,https://www.whoscored.com/matches/1983842/show/england-premier-league-2026-2027-everton-coventry,Nov 2026,,Everton,Coventry City,31,17,,,2026-11-07,https://d2zywfiolv4f83.cloudfront.net/img/teams/31.png,https://d2zywfiolv4f83.cloudfront.net/img/teams/17.png,10,10
252,2,11141,25544,England Premier League,2026-2027,1983844,https://www.whoscored.com/matches/1983844/show/england-premier-league-2026-2027-fulham-newcastle,Nov 2026,,Fulham,Newcastle United,170,23,,,2026-11-07,https://d2zywfiolv4f83.cloudfront.net/img/teams/170.png,https://d2zywfiolv4f83.cloudfront.net/img/teams/23.png,10,10
252,2,11141,25544,England Premier League,2026-2027,1983846,https://www.whoscored.com/matches/1983846/show/england-premier-league-2026-2027-ipswich-bournemouth,Nov 2026,,Ipswich Town,AFC Bournemouth,165,183,,,2026-11-07,https://d2zywfiolv4f83.cloudfront.net/img/teams/165.png,https://d2zywfiolv4f83.cloudfront.net/img/teams/183.png,10,10
252,2,11141,25544,England Premier League,2026-2027,1983848,https://www.whoscored.com/matches/1983848/show/england-premier-league-2026-2027-leeds-tottenham,Nov 2026,,Leeds United,Tottenham Hotspur,19,30,,,2026-11-07,https://d2zywfiolv4f83.cloudfront.net/img/teams/19.png,https://d2zywfiolv4f83.cloudfront.net/img/teams/30.png,10,10
252,2,11141,25544,England Premier League,2026-2027,1983850,https://www.whoscored.com/matches/1983850/show/england-premier-league-2026-2027-manchester-united-aston-villa,Nov 2026,,Manchester United,Aston Villa,32,24,,,2026-11-07,https://d2zywfiolv4f83.cloudfront.net/img/teams/32.png,https://d2zywfiolv4f83.cloudfront.net/img/teams/24.png,10,10
252,2,11141,25544,England Premier League,2026-2027,1983851,https://www.whoscored.com/matches/1983851/show/england-premier-league-2026-2027-nottingham-forest-manchester-city,Nov 2026,,Nottingham Forest,Manchester City,174,167,,,2026-11-07,https://d2zywfiolv4f83.cloudfront.net/img/teams/174.png,https://d2zywfiolv4f83.cloudfront.net/img/teams/167.png,10,10
252,2,11141,25544,England Premier League,2026-2027,1983853,https://www.whoscored.com/matches/1983853/show/england-premier-league-2026-2027-sunderland-chelsea,Nov 2026,,Sunderland,Chelsea,16,15,,,2026-11-07,https://d2zywfiolv4f83.cloudfront.net/img/teams/16.png,https://d2zywfiolv4f83.cloudfront.net/img/teams/15.png,10,10
252,2,11141,25544,England Premier League,2026-2027,1983814,https://www.whoscored.com/matches/1983814/show/england-premier-league-2026-2027-bournemouth-nottingham-forest,Nov 2026,,AFC Bournemouth,Nottingham Forest,183,174,,,2026-11-21,https://d2zywfiolv4f83.cloudfront.net/img/teams/183.png,https://d2zywfiolv4f83.cloudfront.net/img/teams/174.png,11,11
252,2,11141,25544,England Premier League,2026-2027,1983815,https://www.whoscored.com/matches/1983815/show/england-premier-league-2026-2027-aston-villa-sunderland,Nov 2026,,Aston Villa,Sunderland,24,16,,,2026-11-21,https://d2zywfiolv4f83.cloudfront.net/img/teams/24.png,https://d2zywfiolv4f83.cloudfront.net/img/teams/16.png,11,11
252,2,11141,25544,England Premier League,2026-2027,1983816,https://www.whoscored.com/matches/1983816/show/england-premier-league-2026-2027-brentford-everton,Nov 2026,,Brentford,Everton,189,31,,,2026-11-21,https://d2zywfiolv4f83.cloudfront.net/img/teams/189.png,https://d2zywfiolv4f83.cloudfront.net/img/teams/31.png,11,11
252,2,11141,25544,England Premier League,2026-2027,1983817,https://www.whoscored.com/matches/1983817/show/england-premier-league-2026-2027-chelsea-leeds,Nov 2026,,Chelsea,Leeds United,15,19,,,2026-11-21,https://d2zywfiolv4f83.cloudfront.net/img/teams/15.png,https://d2zywfiolv4f83.cloudfront.net/img/teams/19.png,11,11
252,2,11141,25544,England Premier League,2026-2027,1983818,https://www.whoscored.com/matches/1983818/show/england-premier-league-2026-2027-coventry-crystal-palace,Nov 2026,,Coventry City,Crystal Palace,17,162,,,2026-11-21,https://d2zywfiolv4f83.cloudfront.net/img/teams/17.png,https://d2zywfiolv4f83.cloudfront.net/img/teams/162.png,11,11
252,2,11141,25544,England Premier League,2026-2027,1983819,https://www.whoscored.com/matches/1983819/show/england-premier-league-2026-2027-hull-brighton,Nov 2026,,Hull City,Brighton & Hove Albion,214,211,,,2026-11-21,https://d2zywfiolv4f83.cloudfront.net/img/teams/214.png,https://d2zywfiolv4f83.cloudfront.net/img/teams/211.png,11,11
252,2,11141,25544,England Premier League,2026-2027,1983820,https://www.whoscored.com/matches/1983820/show/england-premier-league-2026-2027-liverpool-manchester-united,Nov 2026,,Liverpool,Manchester United,26,32,,,2026-11-21,https://d2zywfiolv4f83.cloudfront.net/img/teams/26.png,https://d2zywfiolv4f83.cloudfront.net/img/teams/32.png,11,11
252,2,11141,25544,England Premier League,2026-2027,1983821,https://www.whoscored.com/matches/1983821/show/england-premier-league-2026-2027-manchester-city-fulham,Nov 2026,,Manchester City,Fulham,167,170,,,2026-11-21,https://d2zywfiolv4f83.cloudfront.net/img/teams/167.png,https://d2zywfiolv4f83.cloudfront.net/img/teams/170.png,11,11
252,2,11141,25544,England Premier League,2026-2027,1983822,https://www.whoscored.com/matches/1983822/show/england-premier-league-2026-2027-newcastle-arsenal,Nov 2026,,Newcastle United,Arsenal,23,13,,,2026-11-21,https://d2zywfiolv4f83.cloudfront.net/img/teams/23.png,https://d2zywfiolv4f83.cloudfront.net/img/teams/13.png,11,11
252,2,11141,25544,England Premier League,2026-2027,1983823,https://www.whoscored.com/matches/1983823/show/england-premier-league-2026-2027-tottenham-ipswich,Nov 2026,,Tottenham Hotspur,Ipswich Town,30,165,,,2026-11-21,https://d2zywfiolv4f83.cloudfront.net/img/teams/30.png,https://d2zywfiolv4f83.cloudfront.net/img/teams/165.png,11,11
252,2,11141,25544,England Premier League,2026-2027,1983824,https://www.whoscored.com/matches/1983824/show/england-premier-league-2026-2027-arsenal-manchester-city,Nov 2026,,Arsenal,Manchester City,13,167,,,2026-11-28,https://d2zywfiolv4f83.cloudfront.net/img/teams/13.png,https://d2zywfiolv4f83.cloudfront.net/img/teams/167.png,12,12
252,2,11141,25544,England Premier League,2026-2027,1983825,https://www.whoscored.com/matches/1983825/show/england-premier-league-2026-2027-brighton-newcastle,Nov 2026,,Brighton & Hove Albion,Newcastle United,211,23,,,2026-11-28,https://d2zywfiolv4f83.cloudfront.net/img/teams/211.png,https://d2zywfiolv4f83.cloudfront.net/img/teams/23.png,12,12
252,2,11141,25544,England Premier League,2026-2027,1983826,https://www.whoscored.com/matches/1983826/show/england-premier-league-2026-2027-crystal-palace-hull,Nov 2026,,Crystal Palace,Hull City,162,214,,,2026-11-28,https://d2zywfiolv4f83.cloudfront.net/img/teams/162.png,https://d2zywfiolv4f83.cloudfront.net/img/teams/214.png,12,12
252,2,11141,25544,England Premier League,2026-2027,1983827,https://www.whoscored.com/matches/1983827/show/england-premier-league-2026-2027-everton-liverpool,Nov 2026,,Everton,Liverpool,31,26,,,2026-11-28,https://d2zywfiolv4f83.cloudfront.net/img/teams/31.png,https://d2zywfiolv4f83.cloudfront.net/img/teams/26.png,12,12
252,2,11141,25544,England Premier League,2026-2027,1983828,https://www.whoscored.com/matches/1983828/show/england-premier-league-2026-2027-fulham-bournemouth,Nov 2026,,Fulham,AFC Bournemouth,170,183,,,2026-11-28,https://d2zywfiolv4f83.cloudfront.net/img/teams/170.png,https://d2zywfiolv4f83.cloudfront.net/img/teams/183.png,12,12
252,2,11141,25544,England Premier League,2026-2027,1983829,https://www.whoscored.com/matches/1983829/show/england-premier-league-2026-2027-ipswich-aston-villa,Nov 2026,,Ipswich Town,Aston Villa,165,24,,,2026-11-28,https://d2zywfiolv4f83.cloudfront.net/img/teams/165.png,https://d2zywfiolv4f83.cloudfront.net/img/teams/24.png,12,12
252,2,11141,25544,England Premier League,2026-2027,1983830,https://www.whoscored.com/matches/1983830/show/england-premier-league-2026-2027-leeds-coventry,Nov 2026,,Leeds United,Coventry City,19,17,,,2026-11-28,https://d2zywfiolv4f83.cloudfront.net/img/teams/19.png,https://d2zywfiolv4f83.cloudfront.net/img/teams/17.png,12,12
252,2,11141,25544,England Premier League,2026-2027,1983831,https://www.whoscored.com/matches/1983831/show/england-premier-league-2026-2027-manchester-united-brentford,Nov 2026,,Manchester United,Brentford,32,189,,,2026-11-28,https://d2zywfiolv4f83.cloudfront.net/img/teams/32.png,https://d2zywfiolv4f83.cloudfront.net/img/teams/189.png,12,12
252,2,11141,25544,England Premier League,2026-2027,1983835,https://www.whoscored.com/matches/1983835/show/england-premier-league-2026-2027-sunderland-tottenham,Nov 2026,,Sunderland,Tottenham Hotspur,16,30,,,2026-11-28,https://d2zywfiolv4f83.cloudfront.net/img/teams/16.png,https://d2zywfiolv4f83.cloudfront.net/img/teams/30.png,12,12
252,2,11141,25544,England Premier League,2026-2027,1983833,https://www.whoscored.com/matches/1983833/show/england-premier-league-2026-2027-nottingham-forest-chelsea,Nov 2026,,Nottingham Forest,Chelsea,174,15,,,2026-11-28,https://d2zywfiolv4f83.cloudfront.net/img/teams/174.png,https://d2zywfiolv4f83.cloudfront.net/img/teams/15.png,12,12
252,2,11141,25544,England Premier League,2026-2027,1983837,https://www.whoscored.com/matches/1983837/show/england-premier-league-2026-2027-bournemouth-brighton,Dec 2026,,AFC Bournemouth,Brighton & Hove Albion,183,211,,,2026-12-02,https://d2zywfiolv4f83.cloudfront.net/img/teams/183.png,https://d2zywfiolv4f83.cloudfront.net/img/teams/211.png,13,13
252,2,11141,25544,England Premier League,2026-2027,1983839,https://www.whoscored.com/matches/1983839/show/england-premier-league-2026-2027-aston-villa-everton,Dec 2026,,Aston Villa,Everton,24,31,,,2026-12-02,https://d2zywfiolv4f83.cloudfront.net/img/teams/24.png,https://d2zywfiolv4f83.cloudfront.net/img/teams/31.png,13,13
252,2,11141,25544,England Premier League,2026-2027,1983841,https://www.whoscored.com/matches/1983841/show/england-premier-league-2026-2027-brentford-arsenal,Dec 2026,,Brentford,Arsenal,189,13,,,2026-12-02,https://d2zywfiolv4f83.cloudfront.net/img/teams/189.png,https://d2zywfiolv4f83.cloudfront.net/img/teams/13.png,13,13
252,2,11141,25544,England Premier League,2026-2027,1983843,https://www.whoscored.com/matches/1983843/show/england-premier-league-2026-2027-chelsea-crystal-palace,Dec 2026,,Chelsea,Crystal Palace,15,162,,,2026-12-02,https://d2zywfiolv4f83.cloudfront.net/img/teams/15.png,https://d2zywfiolv4f83.cloudfront.net/img/teams/162.png,13,13
252,2,11141,25544,England Premier League,2026-2027,1983845,https://www.whoscored.com/matches/1983845/show/england-premier-league-2026-2027-coventry-ipswich,Dec 2026,,Coventry City,Ipswich Town,17,165,,,2026-12-02,https://d2zywfiolv4f83.cloudfront.net/img/teams/17.png,https://d2zywfiolv4f83.cloudfront.net/img/teams/165.png,13,13
252,2,11141,25544,England Premier League,2026-2027,1983847,https://www.whoscored.com/matches/1983847/show/england-premier-league-2026-2027-hull-nottingham-forest,Dec 2026,,Hull City,Nottingham Forest,214,174,,,2026-12-02,https://d2zywfiolv4f83.cloudfront.net/img/teams/214.png,https://d2zywfiolv4f83.cloudfront.net/img/teams/174.png,13,13
252,2,11141,25544,England Premier League,2026-2027,1983849,https://www.whoscored.com/matches/1983849/show/england-premier-league-2026-2027-liverpool-sunderland,Dec 2026,,Liverpool,Sunderland,26,16,,,2026-12-02,https://d2zywfiolv4f83.cloudfront.net/img/teams/26.png,https://d2zywfiolv4f83.cloudfront.net/img/teams/16.png,13,13
252,2,11141,25544,England Premier League,2026-2027,1983852,https://www.whoscored.com/matches/1983852/show/england-premier-league-2026-2027-manchester-city-leeds,Dec 2026,,Manchester City,Leeds United,167,19,,,2026-12-02,https://d2zywfiolv4f83.cloudfront.net/img/teams/167.png,https://d2zywfiolv4f83.cloudfront.net/img/teams/19.png,13,13
252,2,11141,25544,England Premier League,2026-2027,1983854,https://www.whoscored.com/matches/1983854/show/england-premier-league-2026-2027-newcastle-manchester-united,Dec 2026,,Newcastle United,Manchester United,23,32,,,2026-12-02,https://d2zywfiolv4f83.cloudfront.net/img/teams/23.png,https://d2zywfiolv4f83.cloudfront.net/img/teams/32.png,13,13
252,2,11141,25544,England Premier League,2026-2027,1983855,https://www.whoscored.com/matches/1983855/show/england-premier-league-2026-2027-tottenham-fulham,Dec 2026,,Tottenham Hotspur,Fulham,30,170,,,2026-12-02,https://d2zywfiolv4f83.cloudfront.net/img/teams/30.png,https://d2zywfiolv4f83.cloudfront.net/img/teams/170.png,13,13
252,2,11141,25544,England Premier League,2026-2027,1983856,https://www.whoscored.com/matches/1983856/show/england-premier-league-2026-2027-bournemouth-hull,Dec 2026,,AFC Bournemouth,Hull City,183,214,,,2026-12-05,https://d2zywfiolv4f83.cloudfront.net/img/teams/183.png,https://d2zywfiolv4f83.cloudfront.net/img/teams/214.png,14,14
252,2,11141,25544,England Premier League,2026-2027,1983857,https://www.whoscored.com/matches/1983857/show/england-premier-league-2026-2027-aston-villa-crystal-palace,Dec 2026,,Aston Villa,Crystal Palace,24,162,,,2026-12-05,https://d2zywfiolv4f83.cloudfront.net/img/teams/24.png,https://d2zywfiolv4f83.cloudfront.net/img/teams/162.png,14,14
252,2,11141,25544,England Premier League,2026-2027,1983659,https://www.whoscored.com/matches/1983659/show/england-premier-league-2026-2027-nottingham-forest-brighton,Dec 2026,,Nottingham Forest,Brighton & Hove Albion,174,211,,,2026-12-05,https://d2zywfiolv4f83.cloudfront.net/img/teams/174.png,https://d2zywfiolv4f83.cloudfront.net/img/teams/211.png,14,14
252,2,11141,25544,England Premier League,2026-2027,1983661,https://www.whoscored.com/matches/1983661/show/england-premier-league-2026-2027-tottenham-arsenal,Dec 2026,,Tottenham Hotspur,Arsenal,30,13,,,2026-12-05,https://d2zywfiolv4f83.cloudfront.net/img/teams/30.png,https://d2zywfiolv4f83.cloudfront.net/img/teams/13.png,14,14
252,2,11141,25544,England Premier League,2026-2027,1983635,https://www.whoscored.com/matches/1983635/show/england-premier-league-2026-2027-brentford-manchester-city,Dec 2026,,Brentford,Manchester City,189,167,,,2026-12-05,https://d2zywfiolv4f83.cloudfront.net/img/teams/189.png,https://d2zywfiolv4f83.cloudfront.net/img/teams/167.png,14,14
252,2,11141,25544,England Premier League,2026-2027,1983637,https://www.whoscored.com/matches/1983637/show/england-premier-league-2026-2027-chelsea-liverpool,Dec 2026,,Chelsea,Liverpool,15,26,,,2026-12-05,https://d2zywfiolv4f83.cloudfront.net/img/teams/15.png,https://d2zywfiolv4f83.cloudfront.net/img/teams/26.png,14,14
252,2,11141,25544,England Premier League,2026-2027,1983639,https://www.whoscored.com/matches/1983639/show/england-premier-league-2026-2027-everton-fulham,Dec 2026,,Everton,Fulham,31,170,,,2026-12-05,https://d2zywfiolv4f83.cloudfront.net/img/teams/31.png,https://d2zywfiolv4f83.cloudfront.net/img/teams/170.png,14,14
252,2,11141,25544,England Premier League,2026-2027,1983647,https://www.whoscored.com/matches/1983647/show/england-premier-league-2026-2027-manchester-united-coventry,Dec 2026,,Manchester United,Coventry City,32,17,,,2026-12-05,https://d2zywfiolv4f83.cloudfront.net/img/teams/32.png,https://d2zywfiolv4f83.cloudfront.net/img/teams/17.png,14,14
252,2,11141,25544,England Premier League,2026-2027,1983642,https://www.whoscored.com/matches/1983642/show/england-premier-league-2026-2027-leeds-ipswich,Dec 2026,,Leeds United,Ipswich Town,19,165,,,2026-12-05,https://d2zywfiolv4f83.cloudfront.net/img/teams/19.png,https://d2zywfiolv4f83.cloudfront.net/img/teams/165.png,14,14
252,2,11141,25544,England Premier League,2026-2027,1983656,https://www.whoscored.com/matches/1983656/show/england-premier-league-2026-2027-newcastle-sunderland,Dec 2026,,Newcastle United,Sunderland,23,16,,,2026-12-05,https://d2zywfiolv4f83.cloudfront.net/img/teams/23.png,https://d2zywfiolv4f83.cloudfront.net/img/teams/16.png,14,14
252,2,11141,25544,England Premier League,2026-2027,1983664,https://www.whoscored.com/matches/1983664/show/england-premier-league-2026-2027-arsenal-bournemouth,Dec 2026,,Arsenal,AFC Bournemouth,13,183,,,2026-12-12,https://d2zywfiolv4f83.cloudfront.net/img/teams/13.png,https://d2zywfiolv4f83.cloudfront.net/img/teams/183.png,15,15
252,2,11141,25544,England Premier League,2026-2027,1983666,https://www.whoscored.com/matches/1983666/show/england-premier-league-2026-2027-brighton-everton,Dec 2026,,Brighton & Hove Albion,Everton,211,31,,,2026-12-12,https://d2zywfiolv4f83.cloudfront.net/img/teams/211.png,https://d2zywfiolv4f83.cloudfront.net/img/teams/31.png,15,15
252,2,11141,25544,England Premier League,2026-2027,1983668,https://www.whoscored.com/matches/1983668/show/england-premier-league-2026-2027-coventry-aston-villa,Dec 2026,,Coventry City,Aston Villa,17,24,,,2026-12-12,https://d2zywfiolv4f83.cloudfront.net/img/teams/17.png,https://d2zywfiolv4f83.cloudfront.net/img/teams/24.png,15,15
252,2,11141,25544,England Premier League,2026-2027,1983670,https://www.whoscored.com/matches/1983670/show/england-premier-league-2026-2027-crystal-palace-manchester-united,Dec 2026,,Crystal Palace,Manchester United,162,32,,,2026-12-12,https://d2zywfiolv4f83.cloudfront.net/img/teams/162.png,https://d2zywfiolv4f83.cloudfront.net/img/teams/32.png,15,15
252,2,11141,25544,England Premier League,2026-2027,1983688,https://www.whoscored.com/matches/1983688/show/england-premier-league-2026-2027-sunderland-nottingham-forest,Dec 2026,,Sunderland,Nottingham Forest,16,174,,,2026-12-12,https://d2zywfiolv4f83.cloudfront.net/img/teams/16.png,https://d2zywfiolv4f83.cloudfront.net/img/teams/174.png,15,15
252,2,11141,25544,England Premier League,2026-2027,1983673,https://www.whoscored.com/matches/1983673/show/england-premier-league-2026-2027-fulham-brentford,Dec 2026,,Fulham,Brentford,170,189,,,2026-12-12,https://d2zywfiolv4f83.cloudfront.net/img/teams/170.png,https://d2zywfiolv4f83.cloudfront.net/img/teams/189.png,15,15
252,2,11141,25544,England Premier League,2026-2027,1983676,https://www.whoscored.com/matches/1983676/show/england-premier-league-2026-2027-hull-tottenham,Dec 2026,,Hull City,Tottenham Hotspur,214,30,,,2026-12-12,https://d2zywfiolv4f83.cloudfront.net/img/teams/214.png,https://d2zywfiolv4f83.cloudfront.net/img/teams/30.png,15,15
252,2,11141,25544,England Premier League,2026-2027,1983679,https://www.whoscored.com/matches/1983679/show/england-premier-league-2026-2027-ipswich-newcastle,Dec 2026,,Ipswich Town,Newcastle United,165,23,,,2026-12-12,https://d2zywfiolv4f83.cloudfront.net/img/teams/165.png,https://d2zywfiolv4f83.cloudfront.net/img/teams/23.png,15,15
252,2,11141,25544,England Premier League,2026-2027,1983682,https://www.whoscored.com/matches/1983682/show/england-premier-league-2026-2027-liverpool-leeds,Dec 2026,,Liverpool,Leeds United,26,19,,,2026-12-12,https://d2zywfiolv4f83.cloudfront.net/img/teams/26.png,https://d2zywfiolv4f83.cloudfront.net/img/teams/19.png,15,15
252,2,11141,25544,England Premier League,2026-2027,1983685,https://www.whoscored.com/matches/1983685/show/england-premier-league-2026-2027-manchester-city-chelsea,Dec 2026,,Manchester City,Chelsea,167,15,,,2026-12-12,https://d2zywfiolv4f83.cloudfront.net/img/teams/167.png,https://d2zywfiolv4f83.cloudfront.net/img/teams/15.png,15,15
252,2,11141,25544,England Premier League,2026-2027,1983691,https://www.whoscored.com/matches/1983691/show/england-premier-league-2026-2027-bournemouth-coventry,Dec 2026,,AFC Bournemouth,Coventry City,183,17,,,2026-12-19,https://d2zywfiolv4f83.cloudfront.net/img/teams/183.png,https://d2zywfiolv4f83.cloudfront.net/img/teams/17.png,16,16
252,2,11141,25544,England Premier League,2026-2027,1983694,https://www.whoscored.com/matches/1983694/show/england-premier-league-2026-2027-arsenal-manchester-united,Dec 2026,,Arsenal,Manchester United,13,32,,,2026-12-19,https://d2zywfiolv4f83.cloudfront.net/img/teams/13.png,https://d2zywfiolv4f83.cloudfront.net/img/teams/32.png,16,16
252,2,11141,25544,England Premier League,2026-2027,1983697,https://www.whoscored.com/matches/1983697/show/england-premier-league-2026-2027-brentford-newcastle,Dec 2026,,Brentford,Newcastle United,189,23,,,2026-12-19,https://d2zywfiolv4f83.cloudfront.net/img/teams/189.png,https://d2zywfiolv4f83.cloudfront.net/img/teams/23.png,16,16
252,2,11141,25544,England Premier League,2026-2027,1983700,https://www.whoscored.com/matches/1983700/show/england-premier-league-2026-2027-brighton-ipswich,Dec 2026,,Brighton & Hove Albion,Ipswich Town,211,165,,,2026-12-19,https://d2zywfiolv4f83.cloudfront.net/img/teams/211.png,https://d2zywfiolv4f83.cloudfront.net/img/teams/165.png,16,16
252,2,11141,25544,England Premier League,2026-2027,1983703,https://www.whoscored.com/matches/1983703/show/england-premier-league-2026-2027-chelsea-aston-villa,Dec 2026,,Chelsea,Aston Villa,15,24,,,2026-12-19,https://d2zywfiolv4f83.cloudfront.net/img/teams/15.png,https://d2zywfiolv4f83.cloudfront.net/img/teams/24.png,16,16
252,2,11141,25544,England Premier League,2026-2027,1983706,https://www.whoscored.com/matches/1983706/show/england-premier-league-2026-2027-leeds-fulham,Dec 2026,,Leeds United,Fulham,19,170,,,2026-12-19,https://d2zywfiolv4f83.cloudfront.net/img/teams/19.png,https://d2zywfiolv4f83.cloudfront.net/img/teams/170.png,16,16
252,2,11141,25544,England Premier League,2026-2027,1983709,https://www.whoscored.com/matches/1983709/show/england-premier-league-2026-2027-liverpool-tottenham,Dec 2026,,Liverpool,Tottenham Hotspur,26,30,,,2026-12-19,https://d2zywfiolv4f83.cloudfront.net/img/teams/26.png,https://d2zywfiolv4f83.cloudfront.net/img/teams/30.png,16,16
252,2,11141,25544,England Premier League,2026-2027,1983712,https://www.whoscored.com/matches/1983712/show/england-premier-league-2026-2027-manchester-city-hull,Dec 2026,,Manchester City,Hull City,167,214,,,2026-12-19,https://d2zywfiolv4f83.cloudfront.net/img/teams/167.png,https://d2zywfiolv4f83.cloudfront.net/img/teams/214.png,16,16
252,2,11141,25544,England Premier League,2026-2027,1983715,https://www.whoscored.com/matches/1983715/show/england-premier-league-2026-2027-nottingham-forest-everton,Dec 2026,,Nottingham Forest,Everton,174,31,,,2026-12-19,https://d2zywfiolv4f83.cloudfront.net/img/teams/174.png,https://d2zywfiolv4f83.cloudfront.net/img/teams/31.png,16,16
252,2,11141,25544,England Premier League,2026-2027,1983719,https://www.whoscored.com/matches/1983719/show/england-premier-league-2026-2027-sunderland-crystal-palace,Dec 2026,,Sunderland,Crystal Palace,16,162,,,2026-12-19,https://d2zywfiolv4f83.cloudfront.net/img/teams/16.png,https://d2zywfiolv4f83.cloudfront.net/img/teams/162.png,16,16
252,2,11141,25544,England Premier League,2026-2027,1983722,https://www.whoscored.com/matches/1983722/show/england-premier-league-2026-2027-aston-villa-leeds,Dec 2026,,Aston Villa,Leeds United,24,19,,,2026-12-26,https://d2zywfiolv4f83.cloudfront.net/img/teams/24.png,https://d2zywfiolv4f83.cloudfront.net/img/teams/19.png,17,17
252,2,11141,25544,England Premier League,2026-2027,1983725,https://www.whoscored.com/matches/1983725/show/england-premier-league-2026-2027-coventry-chelsea,Dec 2026,,Coventry City,Chelsea,17,15,,,2026-12-26,https://d2zywfiolv4f83.cloudfront.net/img/teams/17.png,https://d2zywfiolv4f83.cloudfront.net/img/teams/15.png,17,17
252,2,11141,25544,England Premier League,2026-2027,1983728,https://www.whoscored.com/matches/1983728/show/england-premier-league-2026-2027-crystal-palace-arsenal,Dec 2026,,Crystal Palace,Arsenal,162,13,,,2026-12-26,https://d2zywfiolv4f83.cloudfront.net/img/teams/162.png,https://d2zywfiolv4f83.cloudfront.net/img/teams/13.png,17,17
252,2,11141,25544,England Premier League,2026-2027,1983732,https://www.whoscored.com/matches/1983732/show/england-premier-league-2026-2027-everton-sunderland,Dec 2026,,Everton,Sunderland,31,16,,,2026-12-26,https://d2zywfiolv4f83.cloudfront.net/img/teams/31.png,https://d2zywfiolv4f83.cloudfront.net/img/teams/16.png,17,17
252,2,11141,25544,England Premier League,2026-2027,1983736,https://www.whoscored.com/matches/1983736/show/england-premier-league-2026-2027-fulham-brighton,Dec 2026,,Fulham,Brighton & Hove Albion,170,211,,,2026-12-26,https://d2zywfiolv4f83.cloudfront.net/img/teams/170.png,https://d2zywfiolv4f83.cloudfront.net/img/teams/211.png,17,17
252,2,11141,25544,England Premier League,2026-2027,1983643,https://www.whoscored.com/matches/1983643/show/england-premier-league-2026-2027-ipswich-brentford,Dec 2026,,Ipswich Town,Brentford,165,189,,,2026-12-26,https://d2zywfiolv4f83.cloudfront.net/img/teams/165.png,https://d2zywfiolv4f83.cloudfront.net/img/teams/189.png,17,17
252,2,11141,25544,England Premier League,2026-2027,1983645,https://www.whoscored.com/matches/1983645/show/england-premier-league-2026-2027-manchester-united-nottingham-forest,Dec 2026,,Manchester United,Nottingham Forest,32,174,,,2026-12-26,https://d2zywfiolv4f83.cloudfront.net/img/teams/32.png,https://d2zywfiolv4f83.cloudfront.net/img/teams/174.png,17,17
252,2,11141,25544,England Premier League,2026-2027,1983651,https://www.whoscored.com/matches/1983651/show/england-premier-league-2026-2027-newcastle-manchester-city,Dec 2026,,Newcastle United,Manchester City,23,167,,,2026-12-26,https://d2zywfiolv4f83.cloudfront.net/img/teams/23.png,https://d2zywfiolv4f83.cloudfront.net/img/teams/167.png,17,17
252,2,11141,25544,England Premier League,2026-2027,1983652,https://www.whoscored.com/matches/1983652/show/england-premier-league-2026-2027-tottenham-bournemouth,Dec 2026,,Tottenham Hotspur,AFC Bournemouth,30,183,,,2026-12-26,https://d2zywfiolv4f83.cloudfront.net/img/teams/30.png,https://d2zywfiolv4f83.cloudfront.net/img/teams/183.png,17,17
252,2,11141,25544,England Premier League,2026-2027,1983640,https://www.whoscored.com/matches/1983640/show/england-premier-league-2026-2027-hull-liverpool,Dec 2026,,Hull City,Liverpool,214,26,,,2026-12-26,https://d2zywfiolv4f83.cloudfront.net/img/teams/214.png,https://d2zywfiolv4f83.cloudfront.net/img/teams/26.png,17,17
252,2,11141,25544,England Premier League,2026-2027,1983653,https://www.whoscored.com/matches/1983653/show/england-premier-league-2026-2027-aston-villa-liverpool,Dec 2026,,Aston Villa,Liverpool,24,26,,,2026-12-30,https://d2zywfiolv4f83.cloudfront.net/img/teams/24.png,https://d2zywfiolv4f83.cloudfront.net/img/teams/26.png,18,18
252,2,11141,25544,England Premier League,2026-2027,1983655,https://www.whoscored.com/matches/1983655/show/england-premier-league-2026-2027-coventry-brentford,Dec 2026,,Coventry City,Brentford,17,189,,,2026-12-30,https://d2zywfiolv4f83.cloudfront.net/img/teams/17.png,https://d2zywfiolv4f83.cloudfront.net/img/teams/189.png,18,18
252,2,11141,25544,England Premier League,2026-2027,1983657,https://www.whoscored.com/matches/1983657/show/england-premier-league-2026-2027-crystal-palace-bournemouth,Dec 2026,,Crystal Palace,AFC Bournemouth,162,183,,,2026-12-30,https://d2zywfiolv4f83.cloudfront.net/img/teams/162.png,https://d2zywfiolv4f83.cloudfront.net/img/teams/183.png,18,18
252,2,11141,25544,England Premier League,2026-2027,1983672,https://www.whoscored.com/matches/1983672/show/england-premier-league-2026-2027-fulham-arsenal,Dec 2026,,Fulham,Arsenal,170,13,,,2026-12-30,https://d2zywfiolv4f83.cloudfront.net/img/teams/170.png,https://d2zywfiolv4f83.cloudfront.net/img/teams/13.png,18,18
252,2,11141,25544,England Premier League,2026-2027,1983687,https://www.whoscored.com/matches/1983687/show/england-premier-league-2026-2027-tottenham-brighton,Dec 2026,,Tottenham Hotspur,Brighton & Hove Albion,30,211,,,2026-12-30,https://d2zywfiolv4f83.cloudfront.net/img/teams/30.png,https://d2zywfiolv4f83.cloudfront.net/img/teams/211.png,18,18
252,2,11141,25544,England Premier League,2026-2027,1983684,https://www.whoscored.com/matches/1983684/show/england-premier-league-2026-2027-newcastle-nottingham-forest,Dec 2026,,Newcastle United,Nottingham Forest,23,174,,,2026-12-30,https://d2zywfiolv4f83.cloudfront.net/img/teams/23.png,https://d2zywfiolv4f83.cloudfront.net/img/teams/174.png,18,18
252,2,11141,25544,England Premier League,2026-2027,1983681,https://www.whoscored.com/matches/1983681/show/england-premier-league-2026-2027-manchester-united-sunderland,Dec 2026,,Manchester United,Sunderland,32,16,,,2026-12-30,https://d2zywfiolv4f83.cloudfront.net/img/teams/32.png,https://d2zywfiolv4f83.cloudfront.net/img/teams/16.png,18,18
252,2,11141,25544,England Premier League,2026-2027,1983678,https://www.whoscored.com/matches/1983678/show/england-premier-league-2026-2027-ipswich-chelsea,Dec 2026,,Ipswich Town,Chelsea,165,15,,,2026-12-30,https://d2zywfiolv4f83.cloudfront.net/img/teams/165.png,https://d2zywfiolv4f83.cloudfront.net/img/teams/15.png,18,18
252,2,11141,25544,England Premier League,2026-2027,1983675,https://www.whoscored.com/matches/1983675/show/england-premier-league-2026-2027-hull-leeds,Dec 2026,,Hull City,Leeds United,214,19,,,2026-12-30,https://d2zywfiolv4f83.cloudfront.net/img/teams/214.png,https://d2zywfiolv4f83.cloudfront.net/img/teams/19.png,18,18
252,2,11141,25544,England Premier League,2026-2027,1983662,https://www.whoscored.com/matches/1983662/show/england-premier-league-2026-2027-everton-manchester-city,Dec 2026,,Everton,Manchester City,31,167,,,2026-12-30,https://d2zywfiolv4f83.cloudfront.net/img/teams/31.png,https://d2zywfiolv4f83.cloudfront.net/img/teams/167.png,18,18
252,2,11141,25544,England Premier League,2026-2027,1983690,https://www.whoscored.com/matches/1983690/show/england-premier-league-2026-2027-bournemouth-aston-villa,Jan 2027,,AFC Bournemouth,Aston Villa,183,24,,,2027-01-02,https://d2zywfiolv4f83.cloudfront.net/img/teams/183.png,https://d2zywfiolv4f83.cloudfront.net/img/teams/24.png,19,19
252,2,11141,25544,England Premier League,2026-2027,1983693,https://www.whoscored.com/matches/1983693/show/england-premier-league-2026-2027-arsenal-ipswich,Jan 2027,,Arsenal,Ipswich Town,13,165,,,2027-01-02,https://d2zywfiolv4f83.cloudfront.net/img/teams/13.png,https://d2zywfiolv4f83.cloudfront.net/img/teams/165.png,19,19
252,2,11141,25544,England Premier League,2026-2027,1983696,https://www.whoscored.com/matches/1983696/show/england-premier-league-2026-2027-brentford-crystal-palace,Jan 2027,,Brentford,Crystal Palace,189,162,,,2027-01-02,https://d2zywfiolv4f83.cloudfront.net/img/teams/189.png,https://d2zywfiolv4f83.cloudfront.net/img/teams/162.png,19,19
252,2,11141,25544,England Premier League,2026-2027,1983699,https://www.whoscored.com/matches/1983699/show/england-premier-league-2026-2027-brighton-manchester-united,Jan 2027,,Brighton & Hove Albion,Manchester United,211,32,,,2027-01-02,https://d2zywfiolv4f83.cloudfront.net/img/teams/211.png,https://d2zywfiolv4f83.cloudfront.net/img/teams/32.png,19,19
252,2,11141,25544,England Premier League,2026-2027,1983702,https://www.whoscored.com/matches/1983702/show/england-premier-league-2026-2027-chelsea-newcastle,Jan 2027,,Chelsea,Newcastle United,15,23,,,2027-01-02,https://d2zywfiolv4f83.cloudfront.net/img/teams/15.png,https://d2zywfiolv4f83.cloudfront.net/img/teams/23.png,19,19
252,2,11141,25544,England Premier League,2026-2027,1983705,https://www.whoscored.com/matches/1983705/show/england-premier-league-2026-2027-leeds-everton,Jan 2027,,Leeds United,Everton,19,31,,,2027-01-02,https://d2zywfiolv4f83.cloudfront.net/img/teams/19.png,https://d2zywfiolv4f83.cloudfront.net/img/teams/31.png,19,19
252,2,11141,25544,England Premier League,2026-2027,1983708,https://www.whoscored.com/matches/1983708/show/england-premier-league-2026-2027-liverpool-coventry,Jan 2027,,Liverpool,Coventry City,26,17,,,2027-01-02,https://d2zywfiolv4f83.cloudfront.net/img/teams/26.png,https://d2zywfiolv4f83.cloudfront.net/img/teams/17.png,19,19
252,2,11141,25544,England Premier League,2026-2027,1983711,https://www.whoscored.com/matches/1983711/show/england-premier-league-2026-2027-manchester-city-tottenham,Jan 2027,,Manchester City,Tottenham Hotspur,167,30,,,2027-01-02,https://d2zywfiolv4f83.cloudfront.net/img/teams/167.png,https://d2zywfiolv4f83.cloudfront.net/img/teams/30.png,19,19
252,2,11141,25544,England Premier League,2026-2027,1983717,https://www.whoscored.com/matches/1983717/show/england-premier-league-2026-2027-sunderland-hull,Jan 2027,,Sunderland,Hull City,16,214,,,2027-01-02,https://d2zywfiolv4f83.cloudfront.net/img/teams/16.png,https://d2zywfiolv4f83.cloudfront.net/img/teams/214.png,19,19
252,2,11141,25544,England Premier League,2026-2027,1983714,https://www.whoscored.com/matches/1983714/show/england-premier-league-2026-2027-nottingham-forest-fulham,Jan 2027,,Nottingham Forest,Fulham,174,170,,,2027-01-02,https://d2zywfiolv4f83.cloudfront.net/img/teams/174.png,https://d2zywfiolv4f83.cloudfront.net/img/teams/170.png,19,19
252,2,11141,25544,England Premier League,2026-2027,1983720,https://www.whoscored.com/matches/1983720/show/england-premier-league-2026-2027-arsenal-brentford,Jan 2027,,Arsenal,Brentford,13,189,,,2027-01-06,https://d2zywfiolv4f83.cloudfront.net/img/teams/13.png,https://d2zywfiolv4f83.cloudfront.net/img/teams/189.png,20,20
252,2,11141,25544,England Premier League,2026-2027,1983723,https://www.whoscored.com/matches/1983723/show/england-premier-league-2026-2027-brighton-bournemouth,Jan 2027,,Brighton & Hove Albion,AFC Bournemouth,211,183,,,2027-01-06,https://d2zywfiolv4f83.cloudfront.net/img/teams/211.png,https://d2zywfiolv4f83.cloudfront.net/img/teams/183.png,20,20
252,2,11141,25544,England Premier League,2026-2027,1983726,https://www.whoscored.com/matches/1983726/show/england-premier-league-2026-2027-crystal-palace-chelsea,Jan 2027,,Crystal Palace,Chelsea,162,15,,,2027-01-06,https://d2zywfiolv4f83.cloudfront.net/img/teams/162.png,https://d2zywfiolv4f83.cloudfront.net/img/teams/15.png,20,20
252,2,11141,25544,England Premier League,2026-2027,1983729,https://www.whoscored.com/matches/1983729/show/england-premier-league-2026-2027-everton-aston-villa,Jan 2027,,Everton,Aston Villa,31,24,,,2027-01-06,https://d2zywfiolv4f83.cloudfront.net/img/teams/31.png,https://d2zywfiolv4f83.cloudfront.net/img/teams/24.png,20,20
252,2,11141,25544,England Premier League,2026-2027,1983731,https://www.whoscored.com/matches/1983731/show/england-premier-league-2026-2027-fulham-tottenham,Jan 2027,,Fulham,Tottenham Hotspur,170,30,,,2027-01-06,https://d2zywfiolv4f83.cloudfront.net/img/teams/170.png,https://d2zywfiolv4f83.cloudfront.net/img/teams/30.png,20,20
252,2,11141,25544,England Premier League,2026-2027,1983734,https://www.whoscored.com/matches/1983734/show/england-premier-league-2026-2027-ipswich-coventry,Jan 2027,,Ipswich Town,Coventry City,165,17,,,2027-01-06,https://d2zywfiolv4f83.cloudfront.net/img/teams/165.png,https://d2zywfiolv4f83.cloudfront.net/img/teams/17.png,20,20
252,2,11141,25544,England Premier League,2026-2027,1983737,https://www.whoscored.com/matches/1983737/show/england-premier-league-2026-2027-leeds-manchester-city,Jan 2027,,Leeds United,Manchester City,19,167,,,2027-01-06,https://d2zywfiolv4f83.cloudfront.net/img/teams/19.png,https://d2zywfiolv4f83.cloudfront.net/img/teams/167.png,20,20
252,2,11141,25544,England Premier League,2026-2027,1983739,https://www.whoscored.com/matches/1983739/show/england-premier-league-2026-2027-manchester-united-newcastle,Jan 2027,,Manchester United,Newcastle United,32,23,,,2027-01-06,https://d2zywfiolv4f83.cloudfront.net/img/teams/32.png,https://d2zywfiolv4f83.cloudfront.net/img/teams/23.png,20,20
252,2,11141,25544,England Premier League,2026-2027,1983634,https://www.whoscored.com/matches/1983634/show/england-premier-league-2026-2027-nottingham-forest-hull,Jan 2027,,Nottingham Forest,Hull City,174,214,,,2027-01-06,https://d2zywfiolv4f83.cloudfront.net/img/teams/174.png,https://d2zywfiolv4f83.cloudfront.net/img/teams/214.png,20,20
252,2,11141,25544,England Premier League,2026-2027,1983636,https://www.whoscored.com/matches/1983636/show/england-premier-league-2026-2027-sunderland-liverpool,Jan 2027,,Sunderland,Liverpool,16,26,,,2027-01-06,https://d2zywfiolv4f83.cloudfront.net/img/teams/16.png,https://d2zywfiolv4f83.cloudfront.net/img/teams/26.png,20,20
252,2,11141,25544,England Premier League,2026-2027,1983638,https://www.whoscored.com/matches/1983638/show/england-premier-league-2026-2027-bournemouth-ipswich,Jan 2027,,AFC Bournemouth,Ipswich Town,183,165,,,2027-01-16,https://d2zywfiolv4f83.cloudfront.net/img/teams/183.png,https://d2zywfiolv4f83.cloudfront.net/img/teams/165.png,21,21
252,2,11141,25544,England Premier League,2026-2027,1983641,https://www.whoscored.com/matches/1983641/show/england-premier-league-2026-2027-aston-villa-manchester-united,Jan 2027,,Aston Villa,Manchester United,24,32,,,2027-01-16,https://d2zywfiolv4f83.cloudfront.net/img/teams/24.png,https://d2zywfiolv4f83.cloudfront.net/img/teams/32.png,21,21
252,2,11141,25544,England Premier League,2026-2027,1983644,https://www.whoscored.com/matches/1983644/show/england-premier-league-2026-2027-brentford-brighton,Jan 2027,,Brentford,Brighton & Hove Albion,189,211,,,2027-01-16,https://d2zywfiolv4f83.cloudfront.net/img/teams/189.png,https://d2zywfiolv4f83.cloudfront.net/img/teams/211.png,21,21
252,2,11141,25544,England Premier League,2026-2027,1983646,https://www.whoscored.com/matches/1983646/show/england-premier-league-2026-2027-chelsea-sunderland,Jan 2027,,Chelsea,Sunderland,15,16,,,2027-01-16,https://d2zywfiolv4f83.cloudfront.net/img/teams/15.png,https://d2zywfiolv4f83.cloudfront.net/img/teams/16.png,21,21
252,2,11141,25544,England Premier League,2026-2027,1983648,https://www.whoscored.com/matches/1983648/show/england-premier-league-2026-2027-coventry-everton,Jan 2027,,Coventry City,Everton,17,31,,,2027-01-16,https://d2zywfiolv4f83.cloudfront.net/img/teams/17.png,https://d2zywfiolv4f83.cloudfront.net/img/teams/31.png,21,21
252,2,11141,25544,England Premier League,2026-2027,1983649,https://www.whoscored.com/matches/1983649/show/england-premier-league-2026-2027-hull-arsenal,Jan 2027,,Hull City,Arsenal,214,13,,,2027-01-16,https://d2zywfiolv4f83.cloudfront.net/img/teams/214.png,https://d2zywfiolv4f83.cloudfront.net/img/teams/13.png,21,21
252,2,11141,25544,England Premier League,2026-2027,1983650,https://www.whoscored.com/matches/1983650/show/england-premier-league-2026-2027-liverpool-crystal-palace,Jan 2027,,Liverpool,Crystal Palace,26,162,,,2027-01-16,https://d2zywfiolv4f83.cloudfront.net/img/teams/26.png,https://d2zywfiolv4f83.cloudfront.net/img/teams/162.png,21,21
252,2,11141,25544,England Premier League,2026-2027,1983654,https://www.whoscored.com/matches/1983654/show/england-premier-league-2026-2027-manchester-city-nottingham-forest,Jan 2027,,Manchester City,Nottingham Forest,167,174,,,2027-01-16,https://d2zywfiolv4f83.cloudfront.net/img/teams/167.png,https://d2zywfiolv4f83.cloudfront.net/img/teams/174.png,21,21
252,2,11141,25544,England Premier League,2026-2027,1983658,https://www.whoscored.com/matches/1983658/show/england-premier-league-2026-2027-newcastle-fulham,Jan 2027,,Newcastle United,Fulham,23,170,,,2027-01-16,https://d2zywfiolv4f83.cloudfront.net/img/teams/23.png,https://d2zywfiolv4f83.cloudfront.net/img/teams/170.png,21,21
252,2,11141,25544,England Premier League,2026-2027,1983660,https://www.whoscored.com/matches/1983660/show/england-premier-league-2026-2027-tottenham-leeds,Jan 2027,,Tottenham Hotspur,Leeds United,30,19,,,2027-01-16,https://d2zywfiolv4f83.cloudfront.net/img/teams/30.png,https://d2zywfiolv4f83.cloudfront.net/img/teams/19.png,21,21
252,2,11141,25544,England Premier League,2026-2027,1983663,https://www.whoscored.com/matches/1983663/show/england-premier-league-2026-2027-arsenal-newcastle,Jan 2027,,Arsenal,Newcastle United,13,23,,,2027-01-23,https://d2zywfiolv4f83.cloudfront.net/img/teams/13.png,https://d2zywfiolv4f83.cloudfront.net/img/teams/23.png,22,22
252,2,11141,25544,England Premier League,2026-2027,1983665,https://www.whoscored.com/matches/1983665/show/england-premier-league-2026-2027-brighton-manchester-city,Jan 2027,,Brighton & Hove Albion,Manchester City,211,167,,,2027-01-23,https://d2zywfiolv4f83.cloudfront.net/img/teams/211.png,https://d2zywfiolv4f83.cloudfront.net/img/teams/167.png,22,22
252,2,11141,25544,England Premier League,2026-2027,1983667,https://www.whoscored.com/matches/1983667/show/england-premier-league-2026-2027-crystal-palace-tottenham,Jan 2027,,Crystal Palace,Tottenham Hotspur,162,30,,,2027-01-23,https://d2zywfiolv4f83.cloudfront.net/img/teams/162.png,https://d2zywfiolv4f83.cloudfront.net/img/teams/30.png,22,22
252,2,11141,25544,England Premier League,2026-2027,1983669,https://www.whoscored.com/matches/1983669/show/england-premier-league-2026-2027-everton-brentford,Jan 2027,,Everton,Brentford,31,189,,,2027-01-23,https://d2zywfiolv4f83.cloudfront.net/img/teams/31.png,https://d2zywfiolv4f83.cloudfront.net/img/teams/189.png,22,22
252,2,11141,25544,England Premier League,2026-2027,1983671,https://www.whoscored.com/matches/1983671/show/england-premier-league-2026-2027-fulham-aston-villa,Jan 2027,,Fulham,Aston Villa,170,24,,,2027-01-23,https://d2zywfiolv4f83.cloudfront.net/img/teams/170.png,https://d2zywfiolv4f83.cloudfront.net/img/teams/24.png,22,22
252,2,11141,25544,England Premier League,2026-2027,1983674,https://www.whoscored.com/matches/1983674/show/england-premier-league-2026-2027-ipswich-hull,Jan 2027,,Ipswich Town,Hull City,165,214,,,2027-01-23,https://d2zywfiolv4f83.cloudfront.net/img/teams/165.png,https://d2zywfiolv4f83.cloudfront.net/img/teams/214.png,22,22
252,2,11141,25544,England Premier League,2026-2027,1983677,https://www.whoscored.com/matches/1983677/show/england-premier-league-2026-2027-leeds-chelsea,Jan 2027,,Leeds United,Chelsea,19,15,,,2027-01-23,https://d2zywfiolv4f83.cloudfront.net/img/teams/19.png,https://d2zywfiolv4f83.cloudfront.net/img/teams/15.png,22,22
252,2,11141,25544,England Premier League,2026-2027,1983680,https://www.whoscored.com/matches/1983680/show/england-premier-league-2026-2027-manchester-united-liverpool,Jan 2027,,Manchester United,Liverpool,32,26,,,2027-01-23,https://d2zywfiolv4f83.cloudfront.net/img/teams/32.png,https://d2zywfiolv4f83.cloudfront.net/img/teams/26.png,22,22
252,2,11141,25544,England Premier League,2026-2027,1983683,https://www.whoscored.com/matches/1983683/show/england-premier-league-2026-2027-nottingham-forest-bournemouth,Jan 2027,,Nottingham Forest,AFC Bournemouth,174,183,,,2027-01-23,https://d2zywfiolv4f83.cloudfront.net/img/teams/174.png,https://d2zywfiolv4f83.cloudfront.net/img/teams/183.png,22,22
252,2,11141,25544,England Premier League,2026-2027,1983686,https://www.whoscored.com/matches/1983686/show/england-premier-league-2026-2027-sunderland-coventry,Jan 2027,,Sunderland,Coventry City,16,17,,,2027-01-23,https://d2zywfiolv4f83.cloudfront.net/img/teams/16.png,https://d2zywfiolv4f83.cloudfront.net/img/teams/17.png,22,22
252,2,11141,25544,England Premier League,2026-2027,1983689,https://www.whoscored.com/matches/1983689/show/england-premier-league-2026-2027-bournemouth-fulham,Jan 2027,,AFC Bournemouth,Fulham,183,170,,,2027-01-30,https://d2zywfiolv4f83.cloudfront.net/img/teams/183.png,https://d2zywfiolv4f83.cloudfront.net/img/teams/170.png,23,23
252,2,11141,25544,England Premier League,2026-2027,1983713,https://www.whoscored.com/matches/1983713/show/england-premier-league-2026-2027-newcastle-brighton,Jan 2027,,Newcastle United,Brighton & Hove Albion,23,211,,,2027-01-30,https://d2zywfiolv4f83.cloudfront.net/img/teams/23.png,https://d2zywfiolv4f83.cloudfront.net/img/teams/211.png,23,23
252,2,11141,25544,England Premier League,2026-2027,1983710,https://www.whoscored.com/matches/1983710/show/england-premier-league-2026-2027-manchester-city-arsenal,Jan 2027,,Manchester City,Arsenal,167,13,,,2027-01-30,https://d2zywfiolv4f83.cloudfront.net/img/teams/167.png,https://d2zywfiolv4f83.cloudfront.net/img/teams/13.png,23,23
252,2,11141,25544,England Premier League,2026-2027,1983707,https://www.whoscored.com/matches/1983707/show/england-premier-league-2026-2027-liverpool-everton,Jan 2027,,Liverpool,Everton,26,31,,,2027-01-30,https://d2zywfiolv4f83.cloudfront.net/img/teams/26.png,https://d2zywfiolv4f83.cloudfront.net/img/teams/31.png,23,23
252,2,11141,25544,England Premier League,2026-2027,1983704,https://www.whoscored.com/matches/1983704/show/england-premier-league-2026-2027-hull-crystal-palace,Jan 2027,,Hull City,Crystal Palace,214,162,,,2027-01-30,https://d2zywfiolv4f83.cloudfront.net/img/teams/214.png,https://d2zywfiolv4f83.cloudfront.net/img/teams/162.png,23,23
252,2,11141,25544,England Premier League,2026-2027,1983701,https://www.whoscored.com/matches/1983701/show/england-premier-league-2026-2027-coventry-leeds,Jan 2027,,Coventry City,Leeds United,17,19,,,2027-01-30,https://d2zywfiolv4f83.cloudfront.net/img/teams/17.png,https://d2zywfiolv4f83.cloudfront.net/img/teams/19.png,23,23
252,2,11141,25544,England Premier League,2026-2027,1983698,https://www.whoscored.com/matches/1983698/show/england-premier-league-2026-2027-chelsea-nottingham-forest,Jan 2027,,Chelsea,Nottingham Forest,15,174,,,2027-01-30,https://d2zywfiolv4f83.cloudfront.net/img/teams/15.png,https://d2zywfiolv4f83.cloudfront.net/img/teams/174.png,23,23
252,2,11141,25544,England Premier League,2026-2027,1983695,https://www.whoscored.com/matches/1983695/show/england-premier-league-2026-2027-brentford-manchester-united,Jan 2027,,Brentford,Manchester United,189,32,,,2027-01-30,https://d2zywfiolv4f83.cloudfront.net/img/teams/189.png,https://d2zywfiolv4f83.cloudfront.net/img/teams/32.png,23,23
252,2,11141,25544,England Premier League,2026-2027,1983692,https://www.whoscored.com/matches/1983692/show/england-premier-league-2026-2027-aston-villa-ipswich,Jan 2027,,Aston Villa,Ipswich Town,24,165,,,2027-01-30,https://d2zywfiolv4f83.cloudfront.net/img/teams/24.png,https://d2zywfiolv4f83.cloudfront.net/img/teams/165.png,23,23
252,2,11141,25544,England Premier League,2026-2027,1983716,https://www.whoscored.com/matches/1983716/show/england-premier-league-2026-2027-tottenham-sunderland,Jan 2027,,Tottenham Hotspur,Sunderland,30,16,,,2027-01-30,https://d2zywfiolv4f83.cloudfront.net/img/teams/30.png,https://d2zywfiolv4f83.cloudfront.net/img/teams/16.png,23,23
252,2,11141,25544,England Premier League,2026-2027,1983750,https://www.whoscored.com/matches/1983750/show/england-premier-league-2026-2027-ipswich-tottenham,Feb 2027,,Ipswich Town,Tottenham Hotspur,165,30,,,2027-02-06,https://d2zywfiolv4f83.cloudfront.net/img/teams/165.png,https://d2zywfiolv4f83.cloudfront.net/img/teams/30.png,24,24
252,2,11141,25544,England Premier League,2026-2027,1983752,https://www.whoscored.com/matches/1983752/show/england-premier-league-2026-2027-leeds-bournemouth,Feb 2027,,Leeds United,AFC Bournemouth,19,183,,,2027-02-06,https://d2zywfiolv4f83.cloudfront.net/img/teams/19.png,https://d2zywfiolv4f83.cloudfront.net/img/teams/183.png,24,24
252,2,11141,25544,England Premier League,2026-2027,1983754,https://www.whoscored.com/matches/1983754/show/england-premier-league-2026-2027-manchester-united-chelsea,Feb 2027,,Manchester United,Chelsea,32,15,,,2027-02-06,https://d2zywfiolv4f83.cloudfront.net/img/teams/32.png,https://d2zywfiolv4f83.cloudfront.net/img/teams/15.png,24,24
252,2,11141,25544,England Premier League,2026-2027,1983756,https://www.whoscored.com/matches/1983756/show/england-premier-league-2026-2027-nottingham-forest-brentford,Feb 2027,,Nottingham Forest,Brentford,174,189,,,2027-02-06,https://d2zywfiolv4f83.cloudfront.net/img/teams/174.png,https://d2zywfiolv4f83.cloudfront.net/img/teams/189.png,24,24
252,2,11141,25544,England Premier League,2026-2027,1983758,https://www.whoscored.com/matches/1983758/show/england-premier-league-2026-2027-sunderland-aston-villa,Feb 2027,,Sunderland,Aston Villa,16,24,,,2027-02-06,https://d2zywfiolv4f83.cloudfront.net/img/teams/16.png,https://d2zywfiolv4f83.cloudfront.net/img/teams/24.png,24,24
252,2,11141,25544,England Premier League,2026-2027,1983718,https://www.whoscored.com/matches/1983718/show/england-premier-league-2026-2027-arsenal-liverpool,Feb 2027,,Arsenal,Liverpool,13,26,,,2027-02-06,https://d2zywfiolv4f83.cloudfront.net/img/teams/13.png,https://d2zywfiolv4f83.cloudfront.net/img/teams/26.png,24,24
252,2,11141,25544,England Premier League,2026-2027,1983721,https://www.whoscored.com/matches/1983721/show/england-premier-league-2026-2027-brighton-hull,Feb 2027,,Brighton & Hove Albion,Hull City,211,214,,,2027-02-06,https://d2zywfiolv4f83.cloudfront.net/img/teams/211.png,https://d2zywfiolv4f83.cloudfront.net/img/teams/214.png,24,24
252,2,11141,25544,England Premier League,2026-2027,1983724,https://www.whoscored.com/matches/1983724/show/england-premier-league-2026-2027-crystal-palace-coventry,Feb 2027,,Crystal Palace,Coventry City,162,17,,,2027-02-06,https://d2zywfiolv4f83.cloudfront.net/img/teams/162.png,https://d2zywfiolv4f83.cloudfront.net/img/teams/17.png,24,24
252,2,11141,25544,England Premier League,2026-2027,1983727,https://www.whoscored.com/matches/1983727/show/england-premier-league-2026-2027-everton-newcastle,Feb 2027,,Everton,Newcastle United,31,23,,,2027-02-06,https://d2zywfiolv4f83.cloudfront.net/img/teams/31.png,https://d2zywfiolv4f83.cloudfront.net/img/teams/23.png,24,24
252,2,11141,25544,England Premier League,2026-2027,1983730,https://www.whoscored.com/matches/1983730/show/england-premier-league-2026-2027-fulham-manchester-city,Feb 2027,,Fulham,Manchester City,170,167,,,2027-02-06,https://d2zywfiolv4f83.cloudfront.net/img/teams/170.png,https://d2zywfiolv4f83.cloudfront.net/img/teams/167.png,24,24
252,2,11141,25544,England Premier League,2026-2027,1983760,https://www.whoscored.com/matches/1983760/show/england-premier-league-2026-2027-aston-villa-bournemouth,Feb 2027,,Aston Villa,AFC Bournemouth,24,183,,,2027-02-10,https://d2zywfiolv4f83.cloudfront.net/img/teams/24.png,https://d2zywfiolv4f83.cloudfront.net/img/teams/183.png,25,25
252,2,11141,25544,England Premier League,2026-2027,1983762,https://www.whoscored.com/matches/1983762/show/england-premier-league-2026-2027-coventry-liverpool,Feb 2027,,Coventry City,Liverpool,17,26,,,2027-02-10,https://d2zywfiolv4f83.cloudfront.net/img/teams/17.png,https://d2zywfiolv4f83.cloudfront.net/img/teams/26.png,25,25
252,2,11141,25544,England Premier League,2026-2027,1983764,https://www.whoscored.com/matches/1983764/show/england-premier-league-2026-2027-crystal-palace-brentford,Feb 2027,,Crystal Palace,Brentford,162,189,,,2027-02-10,https://d2zywfiolv4f83.cloudfront.net/img/teams/162.png,https://d2zywfiolv4f83.cloudfront.net/img/teams/189.png,25,25
252,2,11141,25544,England Premier League,2026-2027,1983766,https://www.whoscored.com/matches/1983766/show/england-premier-league-2026-2027-everton-leeds,Feb 2027,,Everton,Leeds United,31,19,,,2027-02-10,https://d2zywfiolv4f83.cloudfront.net/img/teams/31.png,https://d2zywfiolv4f83.cloudfront.net/img/teams/19.png,25,25
252,2,11141,25544,England Premier League,2026-2027,1983768,https://www.whoscored.com/matches/1983768/show/england-premier-league-2026-2027-fulham-nottingham-forest,Feb 2027,,Fulham,Nottingham Forest,170,174,,,2027-02-10,https://d2zywfiolv4f83.cloudfront.net/img/teams/170.png,https://d2zywfiolv4f83.cloudfront.net/img/teams/174.png,25,25
252,2,11141,25544,England Premier League,2026-2027,1983770,https://www.whoscored.com/matches/1983770/show/england-premier-league-2026-2027-hull-sunderland,Feb 2027,,Hull City,Sunderland,214,16,,,2027-02-10,https://d2zywfiolv4f83.cloudfront.net/img/teams/214.png,https://d2zywfiolv4f83.cloudfront.net/img/teams/16.png,25,25
252,2,11141,25544,England Premier League,2026-2027,1983772,https://www.whoscored.com/matches/1983772/show/england-premier-league-2026-2027-ipswich-arsenal,Feb 2027,,Ipswich Town,Arsenal,165,13,,,2027-02-10,https://d2zywfiolv4f83.cloudfront.net/img/teams/165.png,https://d2zywfiolv4f83.cloudfront.net/img/teams/13.png,25,25
252,2,11141,25544,England Premier League,2026-2027,1983774,https://www.whoscored.com/matches/1983774/show/england-premier-league-2026-2027-manchester-united-brighton,Feb 2027,,Manchester United,Brighton & Hove Albion,32,211,,,2027-02-10,https://d2zywfiolv4f83.cloudfront.net/img/teams/32.png,https://d2zywfiolv4f83.cloudfront.net/img/teams/211.png,25,25
252,2,11141,25544,England Premier League,2026-2027,1983776,https://www.whoscored.com/matches/1983776/show/england-premier-league-2026-2027-newcastle-chelsea,Feb 2027,,Newcastle United,Chelsea,23,15,,,2027-02-10,https://d2zywfiolv4f83.cloudfront.net/img/teams/23.png,https://d2zywfiolv4f83.cloudfront.net/img/teams/15.png,25,25
252,2,11141,25544,England Premier League,2026-2027,1983778,https://www.whoscored.com/matches/1983778/show/england-premier-league-2026-2027-tottenham-manchester-city,Feb 2027,,Tottenham Hotspur,Manchester City,30,167,,,2027-02-10,https://d2zywfiolv4f83.cloudfront.net/img/teams/30.png,https://d2zywfiolv4f83.cloudfront.net/img/teams/167.png,25,25
252,2,11141,25544,England Premier League,2026-2027,1983780,https://www.whoscored.com/matches/1983780/show/england-premier-league-2026-2027-bournemouth-crystal-palace,Feb 2027,,AFC Bournemouth,Crystal Palace,183,162,,,2027-02-20,https://d2zywfiolv4f83.cloudfront.net/img/teams/183.png,https://d2zywfiolv4f83.cloudfront.net/img/teams/162.png,26,26
252,2,11141,25544,England Premier League,2026-2027,1983783,https://www.whoscored.com/matches/1983783/show/england-premier-league-2026-2027-arsenal-fulham,Feb 2027,,Arsenal,Fulham,13,170,,,2027-02-20,https://d2zywfiolv4f83.cloudfront.net/img/teams/13.png,https://d2zywfiolv4f83.cloudfront.net/img/teams/170.png,26,26
252,2,11141,25544,England Premier League,2026-2027,1983785,https://www.whoscored.com/matches/1983785/show/england-premier-league-2026-2027-brentford-coventry,Feb 2027,,Brentford,Coventry City,189,17,,,2027-02-20,https://d2zywfiolv4f83.cloudfront.net/img/teams/189.png,https://d2zywfiolv4f83.cloudfront.net/img/teams/17.png,26,26
252,2,11141,25544,England Premier League,2026-2027,1983786,https://www.whoscored.com/matches/1983786/show/england-premier-league-2026-2027-brighton-tottenham,Feb 2027,,Brighton & Hove Albion,Tottenham Hotspur,211,30,,,2027-02-20,https://d2zywfiolv4f83.cloudfront.net/img/teams/211.png,https://d2zywfiolv4f83.cloudfront.net/img/teams/30.png,26,26
252,2,11141,25544,England Premier League,2026-2027,1983788,https://www.whoscored.com/matches/1983788/show/england-premier-league-2026-2027-chelsea-ipswich,Feb 2027,,Chelsea,Ipswich Town,15,165,,,2027-02-20,https://d2zywfiolv4f83.cloudfront.net/img/teams/15.png,https://d2zywfiolv4f83.cloudfront.net/img/teams/165.png,26,26
252,2,11141,25544,England Premier League,2026-2027,1983791,https://www.whoscored.com/matches/1983791/show/england-premier-league-2026-2027-leeds-aston-villa,Feb 2027,,Leeds United,Aston Villa,19,24,,,2027-02-20,https://d2zywfiolv4f83.cloudfront.net/img/teams/19.png,https://d2zywfiolv4f83.cloudfront.net/img/teams/24.png,26,26
252,2,11141,25544,England Premier League,2026-2027,1983793,https://www.whoscored.com/matches/1983793/show/england-premier-league-2026-2027-liverpool-hull,Feb 2027,,Liverpool,Hull City,26,214,,,2027-02-20,https://d2zywfiolv4f83.cloudfront.net/img/teams/26.png,https://d2zywfiolv4f83.cloudfront.net/img/teams/214.png,26,26
252,2,11141,25544,England Premier League,2026-2027,1983795,https://www.whoscored.com/matches/1983795/show/england-premier-league-2026-2027-manchester-city-newcastle,Feb 2027,,Manchester City,Newcastle United,167,23,,,2027-02-20,https://d2zywfiolv4f83.cloudfront.net/img/teams/167.png,https://d2zywfiolv4f83.cloudfront.net/img/teams/23.png,26,26
252,2,11141,25544,England Premier League,2026-2027,1983798,https://www.whoscored.com/matches/1983798/show/england-premier-league-2026-2027-nottingham-forest-manchester-united,Feb 2027,,Nottingham Forest,Manchester United,174,32,,,2027-02-20,https://d2zywfiolv4f83.cloudfront.net/img/teams/174.png,https://d2zywfiolv4f83.cloudfront.net/img/teams/32.png,26,26
252,2,11141,25544,England Premier League,2026-2027,1983802,https://www.whoscored.com/matches/1983802/show/england-premier-league-2026-2027-sunderland-everton,Feb 2027,,Sunderland,Everton,16,31,,,2027-02-20,https://d2zywfiolv4f83.cloudfront.net/img/teams/16.png,https://d2zywfiolv4f83.cloudfront.net/img/teams/31.png,26,26
252,2,11141,25544,England Premier League,2026-2027,1983803,https://www.whoscored.com/matches/1983803/show/england-premier-league-2026-2027-aston-villa-chelsea,Feb 2027,,Aston Villa,Chelsea,24,15,,,2027-02-27,https://d2zywfiolv4f83.cloudfront.net/img/teams/24.png,https://d2zywfiolv4f83.cloudfront.net/img/teams/15.png,27,27
252,2,11141,25544,England Premier League,2026-2027,1983804,https://www.whoscored.com/matches/1983804/show/england-premier-league-2026-2027-coventry-bournemouth,Feb 2027,,Coventry City,AFC Bournemouth,17,183,,,2027-02-27,https://d2zywfiolv4f83.cloudfront.net/img/teams/17.png,https://d2zywfiolv4f83.cloudfront.net/img/teams/183.png,27,27
252,2,11141,25544,England Premier League,2026-2027,1983733,https://www.whoscored.com/matches/1983733/show/england-premier-league-2026-2027-crystal-palace-sunderland,Feb 2027,,Crystal Palace,Sunderland,162,16,,,2027-02-27,https://d2zywfiolv4f83.cloudfront.net/img/teams/162.png,https://d2zywfiolv4f83.cloudfront.net/img/teams/16.png,27,27
252,2,11141,25544,England Premier League,2026-2027,1983735,https://www.whoscored.com/matches/1983735/show/england-premier-league-2026-2027-everton-nottingham-forest,Feb 2027,,Everton,Nottingham Forest,31,174,,,2027-02-27,https://d2zywfiolv4f83.cloudfront.net/img/teams/31.png,https://d2zywfiolv4f83.cloudfront.net/img/teams/174.png,27,27
252,2,11141,25544,England Premier League,2026-2027,1983738,https://www.whoscored.com/matches/1983738/show/england-premier-league-2026-2027-fulham-leeds,Feb 2027,,Fulham,Leeds United,170,19,,,2027-02-27,https://d2zywfiolv4f83.cloudfront.net/img/teams/170.png,https://d2zywfiolv4f83.cloudfront.net/img/teams/19.png,27,27
252,2,11141,25544,England Premier League,2026-2027,1983740,https://www.whoscored.com/matches/1983740/show/england-premier-league-2026-2027-hull-manchester-city,Feb 2027,,Hull City,Manchester City,214,167,,,2027-02-27,https://d2zywfiolv4f83.cloudfront.net/img/teams/214.png,https://d2zywfiolv4f83.cloudfront.net/img/teams/167.png,27,27
252,2,11141,25544,England Premier League,2026-2027,1983741,https://www.whoscored.com/matches/1983741/show/england-premier-league-2026-2027-ipswich-brighton,Feb 2027,,Ipswich Town,Brighton & Hove Albion,165,211,,,2027-02-27,https://d2zywfiolv4f83.cloudfront.net/img/teams/165.png,https://d2zywfiolv4f83.cloudfront.net/img/teams/211.png,27,27
252,2,11141,25544,England Premier League,2026-2027,1983742,https://www.whoscored.com/matches/1983742/show/england-premier-league-2026-2027-manchester-united-arsenal,Feb 2027,,Manchester United,Arsenal,32,13,,,2027-02-27,https://d2zywfiolv4f83.cloudfront.net/img/teams/32.png,https://d2zywfiolv4f83.cloudfront.net/img/teams/13.png,27,27
252,2,11141,25544,England Premier League,2026-2027,1983743,https://www.whoscored.com/matches/1983743/show/england-premier-league-2026-2027-newcastle-brentford,Feb 2027,,Newcastle United,Brentford,23,189,,,2027-02-27,https://d2zywfiolv4f83.cloudfront.net/img/teams/23.png,https://d2zywfiolv4f83.cloudfront.net/img/teams/189.png,27,27
252,2,11141,25544,England Premier League,2026-2027,1983744,https://www.whoscored.com/matches/1983744/show/england-premier-league-2026-2027-tottenham-liverpool,Feb 2027,,Tottenham Hotspur,Liverpool,30,26,,,2027-02-27,https://d2zywfiolv4f83.cloudfront.net/img/teams/30.png,https://d2zywfiolv4f83.cloudfront.net/img/teams/26.png,27,27
252,2,11141,25544,England Premier League,2026-2027,1983745,https://www.whoscored.com/matches/1983745/show/england-premier-league-2026-2027-bournemouth-tottenham,Mar 2027,,AFC Bournemouth,Tottenham Hotspur,183,30,,,2027-03-03,https://d2zywfiolv4f83.cloudfront.net/img/teams/183.png,https://d2zywfiolv4f83.cloudfront.net/img/teams/30.png,28,28
252,2,11141,25544,England Premier League,2026-2027,1983746,https://www.whoscored.com/matches/1983746/show/england-premier-league-2026-2027-arsenal-crystal-palace,Mar 2027,,Arsenal,Crystal Palace,13,162,,,2027-03-03,https://d2zywfiolv4f83.cloudfront.net/img/teams/13.png,https://d2zywfiolv4f83.cloudfront.net/img/teams/162.png,28,28
252,2,11141,25544,England Premier League,2026-2027,1983747,https://www.whoscored.com/matches/1983747/show/england-premier-league-2026-2027-brentford-ipswich,Mar 2027,,Brentford,Ipswich Town,189,165,,,2027-03-03,https://d2zywfiolv4f83.cloudfront.net/img/teams/189.png,https://d2zywfiolv4f83.cloudfront.net/img/teams/165.png,28,28
252,2,11141,25544,England Premier League,2026-2027,1983748,https://www.whoscored.com/matches/1983748/show/england-premier-league-2026-2027-brighton-fulham,Mar 2027,,Brighton & Hove Albion,Fulham,211,170,,,2027-03-03,https://d2zywfiolv4f83.cloudfront.net/img/teams/211.png,https://d2zywfiolv4f83.cloudfront.net/img/teams/170.png,28,28
252,2,11141,25544,England Premier League,2026-2027,1983749,https://www.whoscored.com/matches/1983749/show/england-premier-league-2026-2027-chelsea-coventry,Mar 2027,,Chelsea,Coventry City,15,17,,,2027-03-03,https://d2zywfiolv4f83.cloudfront.net/img/teams/15.png,https://d2zywfiolv4f83.cloudfront.net/img/teams/17.png,28,28
252,2,11141,25544,England Premier League,2026-2027,1983751,https://www.whoscored.com/matches/1983751/show/england-premier-league-2026-2027-leeds-hull,Mar 2027,,Leeds United,Hull City,19,214,,,2027-03-03,https://d2zywfiolv4f83.cloudfront.net/img/teams/19.png,https://d2zywfiolv4f83.cloudfront.net/img/teams/214.png,28,28
252,2,11141,25544,England Premier League,2026-2027,1983753,https://www.whoscored.com/matches/1983753/show/england-premier-league-2026-2027-liverpool-aston-villa,Mar 2027,,Liverpool,Aston Villa,26,24,,,2027-03-03,https://d2zywfiolv4f83.cloudfront.net/img/teams/26.png,https://d2zywfiolv4f83.cloudfront.net/img/teams/24.png,28,28
252,2,11141,25544,England Premier League,2026-2027,1983755,https://www.whoscored.com/matches/1983755/show/england-premier-league-2026-2027-manchester-city-everton,Mar 2027,,Manchester City,Everton,167,31,,,2027-03-03,https://d2zywfiolv4f83.cloudfront.net/img/teams/167.png,https://d2zywfiolv4f83.cloudfront.net/img/teams/31.png,28,28
252,2,11141,25544,England Premier League,2026-2027,1983757,https://www.whoscored.com/matches/1983757/show/england-premier-league-2026-2027-nottingham-forest-newcastle,Mar 2027,,Nottingham Forest,Newcastle United,174,23,,,2027-03-03,https://d2zywfiolv4f83.cloudfront.net/img/teams/174.png,https://d2zywfiolv4f83.cloudfront.net/img/teams/23.png,28,28
252,2,11141,25544,England Premier League,2026-2027,1983759,https://www.whoscored.com/matches/1983759/show/england-premier-league-2026-2027-sunderland-manchester-united,Mar 2027,,Sunderland,Manchester United,16,32,,,2027-03-03,https://d2zywfiolv4f83.cloudfront.net/img/teams/16.png,https://d2zywfiolv4f83.cloudfront.net/img/teams/32.png,28,28
252,2,11141,25544,England Premier League,2026-2027,1983761,https://www.whoscored.com/matches/1983761/show/england-premier-league-2026-2027-bournemouth-newcastle,Mar 2027,,AFC Bournemouth,Newcastle United,183,23,,,2027-03-13,https://d2zywfiolv4f83.cloudfront.net/img/teams/183.png,https://d2zywfiolv4f83.cloudfront.net/img/teams/23.png,29,29
252,2,11141,25544,England Premier League,2026-2027,1983763,https://www.whoscored.com/matches/1983763/show/england-premier-league-2026-2027-aston-villa-hull,Mar 2027,,Aston Villa,Hull City,24,214,,,2027-03-13,https://d2zywfiolv4f83.cloudfront.net/img/teams/24.png,https://d2zywfiolv4f83.cloudfront.net/img/teams/214.png,29,29
252,2,11141,25544,England Premier League,2026-2027,1983765,https://www.whoscored.com/matches/1983765/show/england-premier-league-2026-2027-chelsea-arsenal,Mar 2027,,Chelsea,Arsenal,15,13,,,2027-03-13,https://d2zywfiolv4f83.cloudfront.net/img/teams/15.png,https://d2zywfiolv4f83.cloudfront.net/img/teams/13.png,29,29
252,2,11141,25544,England Premier League,2026-2027,1983767,https://www.whoscored.com/matches/1983767/show/england-premier-league-2026-2027-coventry-manchester-city,Mar 2027,,Coventry City,Manchester City,17,167,,,2027-03-13,https://d2zywfiolv4f83.cloudfront.net/img/teams/17.png,https://d2zywfiolv4f83.cloudfront.net/img/teams/167.png,29,29
252,2,11141,25544,England Premier League,2026-2027,1983769,https://www.whoscored.com/matches/1983769/show/england-premier-league-2026-2027-crystal-palace-fulham,Mar 2027,,Crystal Palace,Fulham,162,170,,,2027-03-13,https://d2zywfiolv4f83.cloudfront.net/img/teams/162.png,https://d2zywfiolv4f83.cloudfront.net/img/teams/170.png,29,29
252,2,11141,25544,England Premier League,2026-2027,1983771,https://www.whoscored.com/matches/1983771/show/england-premier-league-2026-2027-leeds-brighton,Mar 2027,,Leeds United,Brighton & Hove Albion,19,211,,,2027-03-13,https://d2zywfiolv4f83.cloudfront.net/img/teams/19.png,https://d2zywfiolv4f83.cloudfront.net/img/teams/211.png,29,29
252,2,11141,25544,England Premier League,2026-2027,1983773,https://www.whoscored.com/matches/1983773/show/england-premier-league-2026-2027-liverpool-ipswich,Mar 2027,,Liverpool,Ipswich Town,26,165,,,2027-03-13,https://d2zywfiolv4f83.cloudfront.net/img/teams/26.png,https://d2zywfiolv4f83.cloudfront.net/img/teams/165.png,29,29
252,2,11141,25544,England Premier League,2026-2027,1983775,https://www.whoscored.com/matches/1983775/show/england-premier-league-2026-2027-manchester-united-everton,Mar 2027,,Manchester United,Everton,32,31,,,2027-03-13,https://d2zywfiolv4f83.cloudfront.net/img/teams/32.png,https://d2zywfiolv4f83.cloudfront.net/img/teams/31.png,29,29
252,2,11141,25544,England Premier League,2026-2027,1983777,https://www.whoscored.com/matches/1983777/show/england-premier-league-2026-2027-sunderland-brentford,Mar 2027,,Sunderland,Brentford,16,189,,,2027-03-13,https://d2zywfiolv4f83.cloudfront.net/img/teams/16.png,https://d2zywfiolv4f83.cloudfront.net/img/teams/189.png,29,29
252,2,11141,25544,England Premier League,2026-2027,1983779,https://www.whoscored.com/matches/1983779/show/england-premier-league-2026-2027-tottenham-nottingham-forest,Mar 2027,,Tottenham Hotspur,Nottingham Forest,30,174,,,2027-03-13,https://d2zywfiolv4f83.cloudfront.net/img/teams/30.png,https://d2zywfiolv4f83.cloudfront.net/img/teams/174.png,29,29
252,2,11141,25544,England Premier League,2026-2027,1983781,https://www.whoscored.com/matches/1983781/show/england-premier-league-2026-2027-arsenal-sunderland,Mar 2027,,Arsenal,Sunderland,13,16,,,2027-03-20,https://d2zywfiolv4f83.cloudfront.net/img/teams/13.png,https://d2zywfiolv4f83.cloudfront.net/img/teams/16.png,30,30
252,2,11141,25544,England Premier League,2026-2027,1983782,https://www.whoscored.com/matches/1983782/show/england-premier-league-2026-2027-brentford-bournemouth,Mar 2027,,Brentford,AFC Bournemouth,189,183,,,2027-03-20,https://d2zywfiolv4f83.cloudfront.net/img/teams/189.png,https://d2zywfiolv4f83.cloudfront.net/img/teams/183.png,30,30
252,2,11141,25544,England Premier League,2026-2027,1983784,https://www.whoscored.com/matches/1983784/show/england-premier-league-2026-2027-brighton-coventry,Mar 2027,,Brighton & Hove Albion,Coventry City,211,17,,,2027-03-20,https://d2zywfiolv4f83.cloudfront.net/img/teams/211.png,https://d2zywfiolv4f83.cloudfront.net/img/teams/17.png,30,30
252,2,11141,25544,England Premier League,2026-2027,1983787,https://www.whoscored.com/matches/1983787/show/england-premier-league-2026-2027-everton-tottenham,Mar 2027,,Everton,Tottenham Hotspur,31,30,,,2027-03-20,https://d2zywfiolv4f83.cloudfront.net/img/teams/31.png,https://d2zywfiolv4f83.cloudfront.net/img/teams/30.png,30,30
252,2,11141,25544,England Premier League,2026-2027,1983789,https://www.whoscored.com/matches/1983789/show/england-premier-league-2026-2027-fulham-liverpool,Mar 2027,,Fulham,Liverpool,170,26,,,2027-03-20,https://d2zywfiolv4f83.cloudfront.net/img/teams/170.png,https://d2zywfiolv4f83.cloudfront.net/img/teams/26.png,30,30
252,2,11141,25544,England Premier League,2026-2027,1983790,https://www.whoscored.com/matches/1983790/show/england-premier-league-2026-2027-hull-chelsea,Mar 2027,,Hull City,Chelsea,214,15,,,2027-03-20,https://d2zywfiolv4f83.cloudfront.net/img/teams/214.png,https://d2zywfiolv4f83.cloudfront.net/img/teams/15.png,30,30
252,2,11141,25544,England Premier League,2026-2027,1983792,https://www.whoscored.com/matches/1983792/show/england-premier-league-2026-2027-ipswich-crystal-palace,Mar 2027,,Ipswich Town,Crystal Palace,165,162,,,2027-03-20,https://d2zywfiolv4f83.cloudfront.net/img/teams/165.png,https://d2zywfiolv4f83.cloudfront.net/img/teams/162.png,30,30
252,2,11141,25544,England Premier League,2026-2027,1983794,https://www.whoscored.com/matches/1983794/show/england-premier-league-2026-2027-manchester-city-manchester-united,Mar 2027,,Manchester City,Manchester United,167,32,,,2027-03-20,https://d2zywfiolv4f83.cloudfront.net/img/teams/167.png,https://d2zywfiolv4f83.cloudfront.net/img/teams/32.png,30,30
252,2,11141,25544,England Premier League,2026-2027,1983796,https://www.whoscored.com/matches/1983796/show/england-premier-league-2026-2027-newcastle-leeds,Mar 2027,,Newcastle United,Leeds United,23,19,,,2027-03-20,https://d2zywfiolv4f83.cloudfront.net/img/teams/23.png,https://d2zywfiolv4f83.cloudfront.net/img/teams/19.png,30,30
252,2,11141,25544,England Premier League,2026-2027,1983797,https://www.whoscored.com/matches/1983797/show/england-premier-league-2026-2027-nottingham-forest-aston-villa,Mar 2027,,Nottingham Forest,Aston Villa,174,24,,,2027-03-20,https://d2zywfiolv4f83.cloudfront.net/img/teams/174.png,https://d2zywfiolv4f83.cloudfront.net/img/teams/24.png,30,30
252,2,11141,25544,England Premier League,2026-2027,1983799,https://www.whoscored.com/matches/1983799/show/england-premier-league-2026-2027-bournemouth-manchester-city,Apr 2027,,AFC Bournemouth,Manchester City,183,167,,,2027-04-10,https://d2zywfiolv4f83.cloudfront.net/img/teams/183.png,https://d2zywfiolv4f83.cloudfront.net/img/teams/167.png,31,31
252,2,11141,25544,England Premier League,2026-2027,1983800,https://www.whoscored.com/matches/1983800/show/england-premier-league-2026-2027-aston-villa-brighton,Apr 2027,,Aston Villa,Brighton & Hove Albion,24,211,,,2027-04-10,https://d2zywfiolv4f83.cloudfront.net/img/teams/24.png,https://d2zywfiolv4f83.cloudfront.net/img/teams/211.png,31,31
252,2,11141,25544,England Premier League,2026-2027,1983801,https://www.whoscored.com/matches/1983801/show/england-premier-league-2026-2027-chelsea-fulham,Apr 2027,,Chelsea,Fulham,15,170,,,2027-04-10,https://d2zywfiolv4f83.cloudfront.net/img/teams/15.png,https://d2zywfiolv4f83.cloudfront.net/img/teams/170.png,31,31
252,2,11141,25544,England Premier League,2026-2027,1983805,https://www.whoscored.com/matches/1983805/show/england-premier-league-2026-2027-coventry-arsenal,Apr 2027,,Coventry City,Arsenal,17,13,,,2027-04-10,https://d2zywfiolv4f83.cloudfront.net/img/teams/17.png,https://d2zywfiolv4f83.cloudfront.net/img/teams/13.png,31,31
252,2,11141,25544,England Premier League,2026-2027,1983806,https://www.whoscored.com/matches/1983806/show/england-premier-league-2026-2027-crystal-palace-everton,Apr 2027,,Crystal Palace,Everton,162,31,,,2027-04-10,https://d2zywfiolv4f83.cloudfront.net/img/teams/162.png,https://d2zywfiolv4f83.cloudfront.net/img/teams/31.png,31,31
252,2,11141,25544,England Premier League,2026-2027,1983807,https://www.whoscored.com/matches/1983807/show/england-premier-league-2026-2027-leeds-nottingham-forest,Apr 2027,,Leeds United,Nottingham Forest,19,174,,,2027-04-10,https://d2zywfiolv4f83.cloudfront.net/img/teams/19.png,https://d2zywfiolv4f83.cloudfront.net/img/teams/174.png,31,31
252,2,11141,25544,England Premier League,2026-2027,1983808,https://www.whoscored.com/matches/1983808/show/england-premier-league-2026-2027-liverpool-newcastle,Apr 2027,,Liverpool,Newcastle United,26,23,,,2027-04-10,https://d2zywfiolv4f83.cloudfront.net/img/teams/26.png,https://d2zywfiolv4f83.cloudfront.net/img/teams/23.png,31,31
252,2,11141,25544,England Premier League,2026-2027,1983809,https://www.whoscored.com/matches/1983809/show/england-premier-league-2026-2027-manchester-united-hull,Apr 2027,,Manchester United,Hull City,32,214,,,2027-04-10,https://d2zywfiolv4f83.cloudfront.net/img/teams/32.png,https://d2zywfiolv4f83.cloudfront.net/img/teams/214.png,31,31
252,2,11141,25544,England Premier League,2026-2027,1983810,https://www.whoscored.com/matches/1983810/show/england-premier-league-2026-2027-sunderland-ipswich,Apr 2027,,Sunderland,Ipswich Town,16,165,,,2027-04-10,https://d2zywfiolv4f83.cloudfront.net/img/teams/16.png,https://d2zywfiolv4f83.cloudfront.net/img/teams/165.png,31,31
252,2,11141,25544,England Premier League,2026-2027,1983811,https://www.whoscored.com/matches/1983811/show/england-premier-league-2026-2027-tottenham-brentford,Apr 2027,,Tottenham Hotspur,Brentford,30,189,,,2027-04-10,https://d2zywfiolv4f83.cloudfront.net/img/teams/30.png,https://d2zywfiolv4f83.cloudfront.net/img/teams/189.png,31,31
252,2,11141,25544,England Premier League,2026-2027,1983812,https://www.whoscored.com/matches/1983812/show/england-premier-league-2026-2027-arsenal-aston-villa,Apr 2027,,Arsenal,Aston Villa,13,24,,,2027-04-17,https://d2zywfiolv4f83.cloudfront.net/img/teams/13.png,https://d2zywfiolv4f83.cloudfront.net/img/teams/24.png,32,32
252,2,11141,25544,England Premier League,2026-2027,1983813,https://www.whoscored.com/matches/1983813/show/england-premier-league-2026-2027-brentford-leeds,Apr 2027,,Brentford,Leeds United,189,19,,,2027-04-17,https://d2zywfiolv4f83.cloudfront.net/img/teams/189.png,https://d2zywfiolv4f83.cloudfront.net/img/teams/19.png,32,32
252,2,11141,25544,England Premier League,2026-2027,1983858,https://www.whoscored.com/matches/1983858/show/england-premier-league-2026-2027-brighton-chelsea,Apr 2027,,Brighton & Hove Albion,Chelsea,211,15,,,2027-04-17,https://d2zywfiolv4f83.cloudfront.net/img/teams/211.png,https://d2zywfiolv4f83.cloudfront.net/img/teams/15.png,32,32
252,2,11141,25544,England Premier League,2026-2027,1983859,https://www.whoscored.com/matches/1983859/show/england-premier-league-2026-2027-everton-bournemouth,Apr 2027,,Everton,AFC Bournemouth,31,183,,,2027-04-17,https://d2zywfiolv4f83.cloudfront.net/img/teams/31.png,https://d2zywfiolv4f83.cloudfront.net/img/teams/183.png,32,32
252,2,11141,25544,England Premier League,2026-2027,1983860,https://www.whoscored.com/matches/1983860/show/england-premier-league-2026-2027-fulham-sunderland,Apr 2027,,Fulham,Sunderland,170,16,,,2027-04-17,https://d2zywfiolv4f83.cloudfront.net/img/teams/170.png,https://d2zywfiolv4f83.cloudfront.net/img/teams/16.png,32,32
252,2,11141,25544,England Premier League,2026-2027,1983861,https://www.whoscored.com/matches/1983861/show/england-premier-league-2026-2027-hull-coventry,Apr 2027,,Hull City,Coventry City,214,17,,,2027-04-17,https://d2zywfiolv4f83.cloudfront.net/img/teams/214.png,https://d2zywfiolv4f83.cloudfront.net/img/teams/17.png,32,32
252,2,11141,25544,England Premier League,2026-2027,1983862,https://www.whoscored.com/matches/1983862/show/england-premier-league-2026-2027-ipswich-manchester-united,Apr 2027,,Ipswich Town,Manchester United,165,32,,,2027-04-17,https://d2zywfiolv4f83.cloudfront.net/img/teams/165.png,https://d2zywfiolv4f83.cloudfront.net/img/teams/32.png,32,32
252,2,11141,25544,England Premier League,2026-2027,1983863,https://www.whoscored.com/matches/1983863/show/england-premier-league-2026-2027-manchester-city-crystal-palace,Apr 2027,,Manchester City,Crystal Palace,167,162,,,2027-04-17,https://d2zywfiolv4f83.cloudfront.net/img/teams/167.png,https://d2zywfiolv4f83.cloudfront.net/img/teams/162.png,32,32
252,2,11141,25544,England Premier League,2026-2027,1983864,https://www.whoscored.com/matches/1983864/show/england-premier-league-2026-2027-newcastle-tottenham,Apr 2027,,Newcastle United,Tottenham Hotspur,23,30,,,2027-04-17,https://d2zywfiolv4f83.cloudfront.net/img/teams/23.png,https://d2zywfiolv4f83.cloudfront.net/img/teams/30.png,32,32
252,2,11141,25544,England Premier League,2026-2027,1983865,https://www.whoscored.com/matches/1983865/show/england-premier-league-2026-2027-nottingham-forest-liverpool,Apr 2027,,Nottingham Forest,Liverpool,174,26,,,2027-04-17,https://d2zywfiolv4f83.cloudfront.net/img/teams/174.png,https://d2zywfiolv4f83.cloudfront.net/img/teams/26.png,32,32
252,2,11141,25544,England Premier League,2026-2027,1983866,https://www.whoscored.com/matches/1983866/show/england-premier-league-2026-2027-bournemouth-arsenal,Apr 2027,,AFC Bournemouth,Arsenal,183,13,,,2027-04-24,https://d2zywfiolv4f83.cloudfront.net/img/teams/183.png,https://d2zywfiolv4f83.cloudfront.net/img/teams/13.png,33,33
252,2,11141,25544,England Premier League,2026-2027,1983867,https://www.whoscored.com/matches/1983867/show/england-premier-league-2026-2027-aston-villa-coventry,Apr 2027,,Aston Villa,Coventry City,24,17,,,2027-04-24,https://d2zywfiolv4f83.cloudfront.net/img/teams/24.png,https://d2zywfiolv4f83.cloudfront.net/img/teams/17.png,33,33
252,2,11141,25544,England Premier League,2026-2027,1983868,https://www.whoscored.com/matches/1983868/show/england-premier-league-2026-2027-brentford-fulham,Apr 2027,,Brentford,Fulham,189,170,,,2027-04-24,https://d2zywfiolv4f83.cloudfront.net/img/teams/189.png,https://d2zywfiolv4f83.cloudfront.net/img/teams/170.png,33,33
252,2,11141,25544,England Premier League,2026-2027,1983869,https://www.whoscored.com/matches/1983869/show/england-premier-league-2026-2027-chelsea-manchester-city,Apr 2027,,Chelsea,Manchester City,15,167,,,2027-04-24,https://d2zywfiolv4f83.cloudfront.net/img/teams/15.png,https://d2zywfiolv4f83.cloudfront.net/img/teams/167.png,33,33
252,2,11141,25544,England Premier League,2026-2027,1983870,https://www.whoscored.com/matches/1983870/show/england-premier-league-2026-2027-everton-brighton,Apr 2027,,Everton,Brighton & Hove Albion,31,211,,,2027-04-24,https://d2zywfiolv4f83.cloudfront.net/img/teams/31.png,https://d2zywfiolv4f83.cloudfront.net/img/teams/211.png,33,33
252,2,11141,25544,England Premier League,2026-2027,1983871,https://www.whoscored.com/matches/1983871/show/england-premier-league-2026-2027-leeds-liverpool,Apr 2027,,Leeds United,Liverpool,19,26,,,2027-04-24,https://d2zywfiolv4f83.cloudfront.net/img/teams/19.png,https://d2zywfiolv4f83.cloudfront.net/img/teams/26.png,33,33
252,2,11141,25544,England Premier League,2026-2027,1983872,https://www.whoscored.com/matches/1983872/show/england-premier-league-2026-2027-manchester-united-crystal-palace,Apr 2027,,Manchester United,Crystal Palace,32,162,,,2027-04-24,https://d2zywfiolv4f83.cloudfront.net/img/teams/32.png,https://d2zywfiolv4f83.cloudfront.net/img/teams/162.png,33,33
252,2,11141,25544,England Premier League,2026-2027,1983873,https://www.whoscored.com/matches/1983873/show/england-premier-league-2026-2027-newcastle-ipswich,Apr 2027,,Newcastle United,Ipswich Town,23,165,,,2027-04-24,https://d2zywfiolv4f83.cloudfront.net/img/teams/23.png,https://d2zywfiolv4f83.cloudfront.net/img/teams/165.png,33,33
252,2,11141,25544,England Premier League,2026-2027,1983874,https://www.whoscored.com/matches/1983874/show/england-premier-league-2026-2027-nottingham-forest-sunderland,Apr 2027,,Nottingham Forest,Sunderland,174,16,,,2027-04-24,https://d2zywfiolv4f83.cloudfront.net/img/teams/174.png,https://d2zywfiolv4f83.cloudfront.net/img/teams/16.png,33,33
252,2,11141,25544,England Premier League,2026-2027,1983875,https://www.whoscored.com/matches/1983875/show/england-premier-league-2026-2027-tottenham-hull,Apr 2027,,Tottenham Hotspur,Hull City,30,214,,,2027-04-24,https://d2zywfiolv4f83.cloudfront.net/img/teams/30.png,https://d2zywfiolv4f83.cloudfront.net/img/teams/214.png,33,33
252,2,11141,25544,England Premier League,2026-2027,1983876,https://www.whoscored.com/matches/1983876/show/england-premier-league-2026-2027-arsenal-tottenham,May 2027,,Arsenal,Tottenham Hotspur,13,30,,,2027-05-01,https://d2zywfiolv4f83.cloudfront.net/img/teams/13.png,https://d2zywfiolv4f83.cloudfront.net/img/teams/30.png,34,34
252,2,11141,25544,England Premier League,2026-2027,1983877,https://www.whoscored.com/matches/1983877/show/england-premier-league-2026-2027-brighton-nottingham-forest,May 2027,,Brighton & Hove Albion,Nottingham Forest,211,174,,,2027-05-01,https://d2zywfiolv4f83.cloudfront.net/img/teams/211.png,https://d2zywfiolv4f83.cloudfront.net/img/teams/174.png,34,34
252,2,11141,25544,England Premier League,2026-2027,1983878,https://www.whoscored.com/matches/1983878/show/england-premier-league-2026-2027-coventry-manchester-united,May 2027,,Coventry City,Manchester United,17,32,,,2027-05-01,https://d2zywfiolv4f83.cloudfront.net/img/teams/17.png,https://d2zywfiolv4f83.cloudfront.net/img/teams/32.png,34,34
252,2,11141,25544,England Premier League,2026-2027,1983879,https://www.whoscored.com/matches/1983879/show/england-premier-league-2026-2027-crystal-palace-aston-villa,May 2027,,Crystal Palace,Aston Villa,162,24,,,2027-05-01,https://d2zywfiolv4f83.cloudfront.net/img/teams/162.png,https://d2zywfiolv4f83.cloudfront.net/img/teams/24.png,34,34
252,2,11141,25544,England Premier League,2026-2027,1983880,https://www.whoscored.com/matches/1983880/show/england-premier-league-2026-2027-fulham-everton,May 2027,,Fulham,Everton,170,31,,,2027-05-01,https://d2zywfiolv4f83.cloudfront.net/img/teams/170.png,https://d2zywfiolv4f83.cloudfront.net/img/teams/31.png,34,34
252,2,11141,25544,England Premier League,2026-2027,1983881,https://www.whoscored.com/matches/1983881/show/england-premier-league-2026-2027-hull-bournemouth,May 2027,,Hull City,AFC Bournemouth,214,183,,,2027-05-01,https://d2zywfiolv4f83.cloudfront.net/img/teams/214.png,https://d2zywfiolv4f83.cloudfront.net/img/teams/183.png,34,34
252,2,11141,25544,England Premier League,2026-2027,1983882,https://www.whoscored.com/matches/1983882/show/england-premier-league-2026-2027-ipswich-leeds,May 2027,,Ipswich Town,Leeds United,165,19,,,2027-05-01,https://d2zywfiolv4f83.cloudfront.net/img/teams/165.png,https://d2zywfiolv4f83.cloudfront.net/img/teams/19.png,34,34
252,2,11141,25544,England Premier League,2026-2027,1983883,https://www.whoscored.com/matches/1983883/show/england-premier-league-2026-2027-liverpool-chelsea,May 2027,,Liverpool,Chelsea,26,15,,,2027-05-01,https://d2zywfiolv4f83.cloudfront.net/img/teams/26.png,https://d2zywfiolv4f83.cloudfront.net/img/teams/15.png,34,34
252,2,11141,25544,England Premier League,2026-2027,1983884,https://www.whoscored.com/matches/1983884/show/england-premier-league-2026-2027-manchester-city-brentford,May 2027,,Manchester City,Brentford,167,189,,,2027-05-01,https://d2zywfiolv4f83.cloudfront.net/img/teams/167.png,https://d2zywfiolv4f83.cloudfront.net/img/teams/189.png,34,34
252,2,11141,25544,England Premier League,2026-2027,1983885,https://www.whoscored.com/matches/1983885/show/england-premier-league-2026-2027-sunderland-newcastle,May 2027,,Sunderland,Newcastle United,16,23,,,2027-05-01,https://d2zywfiolv4f83.cloudfront.net/img/teams/16.png,https://d2zywfiolv4f83.cloudfront.net/img/teams/23.png,34,34
252,2,11141,25544,England Premier League,2026-2027,1983886,https://www.whoscored.com/matches/1983886/show/england-premier-league-2026-2027-bournemouth-manchester-united,May 2027,,AFC Bournemouth,Manchester United,183,32,,,2027-05-08,https://d2zywfiolv4f83.cloudfront.net/img/teams/183.png,https://d2zywfiolv4f83.cloudfront.net/img/teams/32.png,35,35
252,2,11141,25544,England Premier League,2026-2027,1983887,https://www.whoscored.com/matches/1983887/show/england-premier-league-2026-2027-brentford-aston-villa,May 2027,,Brentford,Aston Villa,189,24,,,2027-05-08,https://d2zywfiolv4f83.cloudfront.net/img/teams/189.png,https://d2zywfiolv4f83.cloudfront.net/img/teams/24.png,35,35
252,2,11141,25544,England Premier League,2026-2027,1983888,https://www.whoscored.com/matches/1983888/show/england-premier-league-2026-2027-brighton-sunderland,May 2027,,Brighton & Hove Albion,Sunderland,211,16,,,2027-05-08,https://d2zywfiolv4f83.cloudfront.net/img/teams/211.png,https://d2zywfiolv4f83.cloudfront.net/img/teams/16.png,35,35
252,2,11141,25544,England Premier League,2026-2027,1983890,https://www.whoscored.com/matches/1983890/show/england-premier-league-2026-2027-everton-hull,May 2027,,Everton,Hull City,31,214,,,2027-05-08,https://d2zywfiolv4f83.cloudfront.net/img/teams/31.png,https://d2zywfiolv4f83.cloudfront.net/img/teams/214.png,35,35
252,2,11141,25544,England Premier League,2026-2027,1983892,https://www.whoscored.com/matches/1983892/show/england-premier-league-2026-2027-fulham-ipswich,May 2027,,Fulham,Ipswich Town,170,165,,,2027-05-08,https://d2zywfiolv4f83.cloudfront.net/img/teams/170.png,https://d2zywfiolv4f83.cloudfront.net/img/teams/165.png,35,35
252,2,11141,25544,England Premier League,2026-2027,1983894,https://www.whoscored.com/matches/1983894/show/england-premier-league-2026-2027-leeds-arsenal,May 2027,,Leeds United,Arsenal,19,13,,,2027-05-08,https://d2zywfiolv4f83.cloudfront.net/img/teams/19.png,https://d2zywfiolv4f83.cloudfront.net/img/teams/13.png,35,35
252,2,11141,25544,England Premier League,2026-2027,1983904,https://www.whoscored.com/matches/1983904/show/england-premier-league-2026-2027-newcastle-coventry,May 2027,,Newcastle United,Coventry City,23,17,,,2027-05-08,https://d2zywfiolv4f83.cloudfront.net/img/teams/23.png,https://d2zywfiolv4f83.cloudfront.net/img/teams/17.png,35,35
252,2,11141,25544,England Premier League,2026-2027,1983905,https://www.whoscored.com/matches/1983905/show/england-premier-league-2026-2027-nottingham-forest-crystal-palace,May 2027,,Nottingham Forest,Crystal Palace,174,162,,,2027-05-08,https://d2zywfiolv4f83.cloudfront.net/img/teams/174.png,https://d2zywfiolv4f83.cloudfront.net/img/teams/162.png,35,35
252,2,11141,25544,England Premier League,2026-2027,1983906,https://www.whoscored.com/matches/1983906/show/england-premier-league-2026-2027-tottenham-chelsea,May 2027,,Tottenham Hotspur,Chelsea,30,15,,,2027-05-08,https://d2zywfiolv4f83.cloudfront.net/img/teams/30.png,https://d2zywfiolv4f83.cloudfront.net/img/teams/15.png,35,35
252,2,11141,25544,England Premier League,2026-2027,1983898,https://www.whoscored.com/matches/1983898/show/england-premier-league-2026-2027-manchester-city-liverpool,May 2027,,Manchester City,Liverpool,167,26,,,2027-05-08,https://d2zywfiolv4f83.cloudfront.net/img/teams/167.png,https://d2zywfiolv4f83.cloudfront.net/img/teams/26.png,35,35
252,2,11141,25544,England Premier League,2026-2027,1983907,https://www.whoscored.com/matches/1983907/show/england-premier-league-2026-2027-arsenal-nottingham-forest,May 2027,,Arsenal,Nottingham Forest,13,174,,,2027-05-15,https://d2zywfiolv4f83.cloudfront.net/img/teams/13.png,https://d2zywfiolv4f83.cloudfront.net/img/teams/174.png,36,36
252,2,11141,25544,England Premier League,2026-2027,1983908,https://www.whoscored.com/matches/1983908/show/england-premier-league-2026-2027-aston-villa-newcastle,May 2027,,Aston Villa,Newcastle United,24,23,,,2027-05-15,https://d2zywfiolv4f83.cloudfront.net/img/teams/24.png,https://d2zywfiolv4f83.cloudfront.net/img/teams/23.png,36,36
252,2,11141,25544,England Premier League,2026-2027,1983909,https://www.whoscored.com/matches/1983909/show/england-premier-league-2026-2027-chelsea-everton,May 2027,,Chelsea,Everton,15,31,,,2027-05-15,https://d2zywfiolv4f83.cloudfront.net/img/teams/15.png,https://d2zywfiolv4f83.cloudfront.net/img/teams/31.png,36,36
252,2,11141,25544,England Premier League,2026-2027,1983910,https://www.whoscored.com/matches/1983910/show/england-premier-league-2026-2027-coventry-tottenham,May 2027,,Coventry City,Tottenham Hotspur,17,30,,,2027-05-15,https://d2zywfiolv4f83.cloudfront.net/img/teams/17.png,https://d2zywfiolv4f83.cloudfront.net/img/teams/30.png,36,36
252,2,11141,25544,England Premier League,2026-2027,1983911,https://www.whoscored.com/matches/1983911/show/england-premier-league-2026-2027-crystal-palace-brighton,May 2027,,Crystal Palace,Brighton & Hove Albion,162,211,,,2027-05-15,https://d2zywfiolv4f83.cloudfront.net/img/teams/162.png,https://d2zywfiolv4f83.cloudfront.net/img/teams/211.png,36,36
252,2,11141,25544,England Premier League,2026-2027,1983912,https://www.whoscored.com/matches/1983912/show/england-premier-league-2026-2027-hull-fulham,May 2027,,Hull City,Fulham,214,170,,,2027-05-15,https://d2zywfiolv4f83.cloudfront.net/img/teams/214.png,https://d2zywfiolv4f83.cloudfront.net/img/teams/170.png,36,36
252,2,11141,25544,England Premier League,2026-2027,1983913,https://www.whoscored.com/matches/1983913/show/england-premier-league-2026-2027-ipswich-manchester-city,May 2027,,Ipswich Town,Manchester City,165,167,,,2027-05-15,https://d2zywfiolv4f83.cloudfront.net/img/teams/165.png,https://d2zywfiolv4f83.cloudfront.net/img/teams/167.png,36,36
252,2,11141,25544,England Premier League,2026-2027,1983914,https://www.whoscored.com/matches/1983914/show/england-premier-league-2026-2027-liverpool-brentford,May 2027,,Liverpool,Brentford,26,189,,,2027-05-15,https://d2zywfiolv4f83.cloudfront.net/img/teams/26.png,https://d2zywfiolv4f83.cloudfront.net/img/teams/189.png,36,36
252,2,11141,25544,England Premier League,2026-2027,1983915,https://www.whoscored.com/matches/1983915/show/england-premier-league-2026-2027-manchester-united-leeds,May 2027,,Manchester United,Leeds United,32,19,,,2027-05-15,https://d2zywfiolv4f83.cloudfront.net/img/teams/32.png,https://d2zywfiolv4f83.cloudfront.net/img/teams/19.png,36,36
252,2,11141,25544,England Premier League,2026-2027,1983916,https://www.whoscored.com/matches/1983916/show/england-premier-league-2026-2027-sunderland-bournemouth,May 2027,,Sunderland,AFC Bournemouth,16,183,,,2027-05-15,https://d2zywfiolv4f83.cloudfront.net/img/teams/16.png,https://d2zywfiolv4f83.cloudfront.net/img/teams/183.png,36,36
252,2,11141,25544,England Premier League,2026-2027,1983917,https://www.whoscored.com/matches/1983917/show/england-premier-league-2026-2027-bournemouth-chelsea,May 2027,,AFC Bournemouth,Chelsea,183,15,,,2027-05-23,https://d2zywfiolv4f83.cloudfront.net/img/teams/183.png,https://d2zywfiolv4f83.cloudfront.net/img/teams/15.png,37,37
252,2,11141,25544,England Premier League,2026-2027,1983918,https://www.whoscored.com/matches/1983918/show/england-premier-league-2026-2027-brentford-hull,May 2027,,Brentford,Hull City,189,214,,,2027-05-23,https://d2zywfiolv4f83.cloudfront.net/img/teams/189.png,https://d2zywfiolv4f83.cloudfront.net/img/teams/214.png,37,37
252,2,11141,25544,England Premier League,2026-2027,1983919,https://www.whoscored.com/matches/1983919/show/england-premier-league-2026-2027-brighton-liverpool,May 2027,,Brighton & Hove Albion,Liverpool,211,26,,,2027-05-23,https://d2zywfiolv4f83.cloudfront.net/img/teams/211.png,https://d2zywfiolv4f83.cloudfront.net/img/teams/26.png,37,37
252,2,11141,25544,England Premier League,2026-2027,1983920,https://www.whoscored.com/matches/1983920/show/england-premier-league-2026-2027-everton-arsenal,May 2027,,Everton,Arsenal,31,13,,,2027-05-23,https://d2zywfiolv4f83.cloudfront.net/img/teams/31.png,https://d2zywfiolv4f83.cloudfront.net/img/teams/13.png,37,37
252,2,11141,25544,England Premier League,2026-2027,1983921,https://www.whoscored.com/matches/1983921/show/england-premier-league-2026-2027-fulham-coventry,May 2027,,Fulham,Coventry City,170,17,,,2027-05-23,https://d2zywfiolv4f83.cloudfront.net/img/teams/170.png,https://d2zywfiolv4f83.cloudfront.net/img/teams/17.png,37,37
252,2,11141,25544,England Premier League,2026-2027,1983922,https://www.whoscored.com/matches/1983922/show/england-premier-league-2026-2027-leeds-sunderland,May 2027,,Leeds United,Sunderland,19,16,,,2027-05-23,https://d2zywfiolv4f83.cloudfront.net/img/teams/19.png,https://d2zywfiolv4f83.cloudfront.net/img/teams/16.png,37,37
252,2,11141,25544,England Premier League,2026-2027,1983923,https://www.whoscored.com/matches/1983923/show/england-premier-league-2026-2027-manchester-city-aston-villa,May 2027,,Manchester City,Aston Villa,167,24,,,2027-05-23,https://d2zywfiolv4f83.cloudfront.net/img/teams/167.png,https://d2zywfiolv4f83.cloudfront.net/img/teams/24.png,37,37
252,2,11141,25544,England Premier League,2026-2027,1983924,https://www.whoscored.com/matches/1983924/show/england-premier-league-2026-2027-newcastle-crystal-palace,May 2027,,Newcastle United,Crystal Palace,23,162,,,2027-05-23,https://d2zywfiolv4f83.cloudfront.net/img/teams/23.png,https://d2zywfiolv4f83.cloudfront.net/img/teams/162.png,37,37
252,2,11141,25544,England Premier League,2026-2027,1983925,https://www.whoscored.com/matches/1983925/show/england-premier-league-2026-2027-nottingham-forest-ipswich,May 2027,,Nottingham Forest,Ipswich Town,174,165,,,2027-05-23,https://d2zywfiolv4f83.cloudfront.net/img/teams/174.png,https://d2zywfiolv4f83.cloudfront.net/img/teams/165.png,37,37
252,2,11141,25544,England Premier League,2026-2027,1983889,https://www.whoscored.com/matches/1983889/show/england-premier-league-2026-2027-tottenham-manchester-united,May 2027,,Tottenham Hotspur,Manchester United,30,32,,,2027-05-23,https://d2zywfiolv4f83.cloudfront.net/img/teams/30.png,https://d2zywfiolv4f83.cloudfront.net/img/teams/32.png,37,37
252,2,11141,25544,England Premier League,2026-2027,1983895,https://www.whoscored.com/matches/1983895/show/england-premier-league-2026-2027-chelsea-brentford,May 2027,,Chelsea,Brentford,15,189,,,2027-05-30,https://d2zywfiolv4f83.cloudfront.net/img/teams/15.png,https://d2zywfiolv4f83.cloudfront.net/img/teams/189.png,38,38
252,2,11141,25544,England Premier League,2026-2027,1983896,https://www.whoscored.com/matches/1983896/show/england-premier-league-2026-2027-coventry-nottingham-forest,May 2027,,Coventry City,Nottingham Forest,17,174,,,2027-05-30,https://d2zywfiolv4f83.cloudfront.net/img/teams/17.png,https://d2zywfiolv4f83.cloudfront.net/img/teams/174.png,38,38
252,2,11141,25544,England Premier League,2026-2027,1983897,https://www.whoscored.com/matches/1983897/show/england-premier-league-2026-2027-crystal-palace-leeds,May 2027,,Crystal Palace,Leeds United,162,19,,,2027-05-30,https://d2zywfiolv4f83.cloudfront.net/img/teams/162.png,https://d2zywfiolv4f83.cloudfront.net/img/teams/19.png,38,38
252,2,11141,25544,England Premier League,2026-2027,1983893,https://www.whoscored.com/matches/1983893/show/england-premier-league-2026-2027-aston-villa-tottenham,May 2027,,Aston Villa,Tottenham Hotspur,24,30,,,2027-05-30,https://d2zywfiolv4f83.cloudfront.net/img/teams/24.png,https://d2zywfiolv4f83.cloudfront.net/img/teams/30.png,38,38
252,2,11141,25544,England Premier League,2026-2027,1983891,https://www.whoscored.com/matches/1983891/show/england-premier-league-2026-2027-arsenal-brighton,May 2027,,Arsenal,Brighton & Hove Albion,13,211,,,2027-05-30,https://d2zywfiolv4f83.cloudfront.net/img/teams/13.png,https://d2zywfiolv4f83.cloudfront.net/img/teams/211.png,38,38
252,2,11141,25544,England Premier League,2026-2027,1983899,https://www.whoscored.com/matches/1983899/show/england-premier-league-2026-2027-hull-newcastle,May 2027,,Hull City,Newcastle United,214,23,,,2027-05-30,https://d2zywfiolv4f83.cloudfront.net/img/teams/214.png,https://d2zywfiolv4f83.cloudfront.net/img/teams/23.png,38,38
252,2,11141,25544,England Premier League,2026-2027,1983900,https://www.whoscored.com/matches/1983900/show/england-premier-league-2026-2027-ipswich-everton,May 2027,,Ipswich Town,Everton,165,31,,,2027-05-30,https://d2zywfiolv4f83.cloudfront.net/img/teams/165.png,https://d2zywfiolv4f83.cloudfront.net/img/teams/31.png,38,38
252,2,11141,25544,England Premier League,2026-2027,1983901,https://www.whoscored.com/matches/1983901/show/england-premier-league-2026-2027-liverpool-bournemouth,May 2027,,Liverpool,AFC Bournemouth,26,183,,,2027-05-30,https://d2zywfiolv4f83.cloudfront.net/img/teams/26.png,https://d2zywfiolv4f83.cloudfront.net/img/teams/183.png,38,38
252,2,11141,25544,England Premier League,2026-2027,1983902,https://www.whoscored.com/matches/1983902/show/england-premier-league-2026-2027-manchester-united-fulham,May 2027,,Manchester United,Fulham,32,170,,,2027-05-30,https://d2zywfiolv4f83.cloudfront.net/img/teams/32.png,https://d2zywfiolv4f83.cloudfront.net/img/teams/170.png,38,38
252,2,11141,25544,England Premier League,2026-2027,1983903,https://www.whoscored.com/matches/1983903/show/england-premier-league-2026-2027-sunderland-manchester-city,May 2027,,Sunderland,Manchester City,16,167,,,2027-05-30,https://d2zywfiolv4f83.cloudfront.net/img/teams/16.png,https://d2zywfiolv4f83.cloudfront.net/img/teams/167.png,38,38
81,3,11217,25666,Germany Bundesliga,2026-2027,1995388,https://www.whoscored.com/matches/1995388/show/germany-bundesliga-2026-2027-bayern-munich-vfb-stuttgart,Aug 2026,,Bayern München,VfB Stuttgart,37,41,,,2026-08-28,https://d2zywfiolv4f83.cloudfront.net/img/teams/37.png,https://d2zywfiolv4f83.cloudfront.net/img/teams/41.png,1,1
81,3,11217,25666,Germany Bundesliga,2026-2027,1995390,https://www.whoscored.com/matches/1995390/show/germany-bundesliga-2026-2027-rb-leipzig-borussia-m-gladbach,Aug 2026,,RB Leipzig,Borussia Mönchengladbach,7614,134,,,2026-08-29,https://d2zywfiolv4f83.cloudfront.net/img/teams/7614.png,https://d2zywfiolv4f83.cloudfront.net/img/teams/134.png,1,1
81,3,11217,25666,Germany Bundesliga,2026-2027,1995392,https://www.whoscored.com/matches/1995392/show/germany-bundesliga-2026-2027-union-berlin-eintracht-frankfurt,Aug 2026,,Union Berlin,Eintracht Frankfurt,796,45,,,2026-08-29,https://d2zywfiolv4f83.cloudfront.net/img/teams/796.png,https://d2zywfiolv4f83.cloudfront.net/img/teams/45.png,1,1
81,3,11217,25666,Germany Bundesliga,2026-2027,1995393,https://www.whoscored.com/matches/1995393/show/germany-bundesliga-2026-2027-elversberg-bayer-leverkusen,Aug 2026,,Elversberg,Bayer Leverkusen,1134,36,,,2026-08-29,https://d2zywfiolv4f83.cloudfront.net/img/teams/1134.png,https://d2zywfiolv4f83.cloudfront.net/img/teams/36.png,1,1
81,3,11217,25666,Germany Bundesliga,2026-2027,1995395,https://www.whoscored.com/matches/1995395/show/germany-bundesliga-2026-2027-fc-koln-hoffenheim,Aug 2026,,1. FC Köln,Hoffenheim,282,1211,,,2026-08-29,https://d2zywfiolv4f83.cloudfront.net/img/teams/282.png,https://d2zywfiolv4f83.cloudfront.net/img/teams/1211.png,1,1
81,3,11217,25666,Germany Bundesliga,2026-2027,1995398,https://www.whoscored.com/matches/1995398/show/germany-bundesliga-2026-2027-mainz-05-paderborn,Aug 2026,,Mainz 05,Paderborn,219,810,,,2026-08-29,https://d2zywfiolv4f83.cloudfront.net/img/teams/219.png,https://d2zywfiolv4f83.cloudfront.net/img/teams/810.png,1,1
81,3,11217,25666,Germany Bundesliga,2026-2027,1995391,https://www.whoscored.com/matches/1995391/show/germany-bundesliga-2026-2027-borussia-dortmund-hamburger-sv,Aug 2026,,Borussia Dortmund,Hamburger SV,44,38,,,2026-08-29,https://d2zywfiolv4f83.cloudfront.net/img/teams/44.png,https://d2zywfiolv4f83.cloudfront.net/img/teams/38.png,1,1
81,3,11217,25666,Germany Bundesliga,2026-2027,1995396,https://www.whoscored.com/matches/1995396/show/germany-bundesliga-2026-2027-freiburg-werder-bremen,Aug 2026,,Freiburg,Werder Bremen,50,42,,,2026-08-30,https://d2zywfiolv4f83.cloudfront.net/img/teams/50.png,https://d2zywfiolv4f83.cloudfront.net/img/teams/42.png,1,1
81,3,11217,25666,Germany Bundesliga,2026-2027,1995389,https://www.whoscored.com/matches/1995389/show/germany-bundesliga-2026-2027-augsburg-schalke-04,Aug 2026,,Augsburg,Schalke 04,1730,39,,,2026-08-30,https://d2zywfiolv4f83.cloudfront.net/img/teams/1730.png,https://d2zywfiolv4f83.cloudfront.net/img/teams/39.png,1,1
81,3,11217,25666,Germany Bundesliga,2026-2027,1995408,https://www.whoscored.com/matches/1995408/show/germany-bundesliga-2026-2027-vfb-stuttgart-fc-koln,Sep 2026,,VfB Stuttgart,1. FC Köln,41,282,,,2026-09-04,https://d2zywfiolv4f83.cloudfront.net/img/teams/41.png,https://d2zywfiolv4f83.cloudfront.net/img/teams/282.png,2,2
81,3,11217,25666,Germany Bundesliga,2026-2027,1995410,https://www.whoscored.com/matches/1995410/show/germany-bundesliga-2026-2027-werder-bremen-rb-leipzig,Sep 2026,,Werder Bremen,RB Leipzig,42,7614,,,2026-09-05,https://d2zywfiolv4f83.cloudfront.net/img/teams/42.png,https://d2zywfiolv4f83.cloudfront.net/img/teams/7614.png,2,2
81,3,11217,25666,Germany Bundesliga,2026-2027,1995394,https://www.whoscored.com/matches/1995394/show/germany-bundesliga-2026-2027-bayer-leverkusen-union-berlin,Sep 2026,,Bayer Leverkusen,Union Berlin,36,796,,,2026-09-05,https://d2zywfiolv4f83.cloudfront.net/img/teams/36.png,https://d2zywfiolv4f83.cloudfront.net/img/teams/796.png,2,2
81,3,11217,25666,Germany Bundesliga,2026-2027,1995397,https://www.whoscored.com/matches/1995397/show/germany-bundesliga-2026-2027-borussia-m-gladbach-elversberg,Sep 2026,,Borussia Mönchengladbach,Elversberg,134,1134,,,2026-09-05,https://d2zywfiolv4f83.cloudfront.net/img/teams/134.png,https://d2zywfiolv4f83.cloudfront.net/img/teams/1134.png,2,2
81,3,11217,25666,Germany Bundesliga,2026-2027,1995401,https://www.whoscored.com/matches/1995401/show/germany-bundesliga-2026-2027-hoffenheim-borussia-dortmund,Sep 2026,,Hoffenheim,Borussia Dortmund,1211,44,,,2026-09-05,https://d2zywfiolv4f83.cloudfront.net/img/teams/1211.png,https://d2zywfiolv4f83.cloudfront.net/img/teams/44.png,2,2
81,3,11217,25666,Germany Bundesliga,2026-2027,1995403,https://www.whoscored.com/matches/1995403/show/germany-bundesliga-2026-2027-paderborn-freiburg,Sep 2026,,Paderborn,Freiburg,810,50,,,2026-09-05,https://d2zywfiolv4f83.cloudfront.net/img/teams/810.png,https://d2zywfiolv4f83.cloudfront.net/img/teams/50.png,2,2
81,3,11217,25666,Germany Bundesliga,2026-2027,1995405,https://www.whoscored.com/matches/1995405/show/germany-bundesliga-2026-2027-schalke-04-bayern-munich,Sep 2026,,Schalke 04,Bayern München,39,37,,,2026-09-05,https://d2zywfiolv4f83.cloudfront.net/img/teams/39.png,https://d2zywfiolv4f83.cloudfront.net/img/teams/37.png,2,2
81,3,11217,25666,Germany Bundesliga,2026-2027,1995400,https://www.whoscored.com/matches/1995400/show/germany-bundesliga-2026-2027-hamburger-sv-mainz-05,Sep 2026,,Hamburger SV,Mainz 05,38,219,,,2026-09-06,https://d2zywfiolv4f83.cloudfront.net/img/teams/38.png,https://d2zywfiolv4f83.cloudfront.net/img/teams/219.png,2,2
81,3,11217,25666,Germany Bundesliga,2026-2027,1995399,https://www.whoscored.com/matches/1995399/show/germany-bundesliga-2026-2027-eintracht-frankfurt-augsburg,Sep 2026,,Eintracht Frankfurt,Augsburg,45,1730,,,2026-09-06,https://d2zywfiolv4f83.cloudfront.net/img/teams/45.png,https://d2zywfiolv4f83.cloudfront.net/img/teams/1730.png,2,2
81,3,11217,25666,Germany Bundesliga,2026-2027,1995427,https://www.whoscored.com/matches/1995427/show/germany-bundesliga-2026-2027-union-berlin-schalke-04,Sep 2026,,Union Berlin,Schalke 04,796,39,,,2026-09-11,https://d2zywfiolv4f83.cloudfront.net/img/teams/796.png,https://d2zywfiolv4f83.cloudfront.net/img/teams/39.png,3,3
81,3,11217,25666,Germany Bundesliga,2026-2027,1995419,https://www.whoscored.com/matches/1995419/show/germany-bundesliga-2026-2027-freiburg-borussia-m-gladbach,Sep 2026,,Freiburg,Borussia Mönchengladbach,50,134,,,2026-09-12,https://d2zywfiolv4f83.cloudfront.net/img/teams/50.png,https://d2zywfiolv4f83.cloudfront.net/img/teams/134.png,3,3
81,3,11217,25666,Germany Bundesliga,2026-2027,1995421,https://www.whoscored.com/matches/1995421/show/germany-bundesliga-2026-2027-hoffenheim-vfb-stuttgart,Sep 2026,,Hoffenheim,VfB Stuttgart,1211,41,,,2026-09-12,https://d2zywfiolv4f83.cloudfront.net/img/teams/1211.png,https://d2zywfiolv4f83.cloudfront.net/img/teams/41.png,3,3
81,3,11217,25666,Germany Bundesliga,2026-2027,1995423,https://www.whoscored.com/matches/1995423/show/germany-bundesliga-2026-2027-mainz-05-eintracht-frankfurt,Sep 2026,,Mainz 05,Eintracht Frankfurt,219,45,,,2026-09-12,https://d2zywfiolv4f83.cloudfront.net/img/teams/219.png,https://d2zywfiolv4f83.cloudfront.net/img/teams/45.png,3,3
81,3,11217,25666,Germany Bundesliga,2026-2027,1995412,https://www.whoscored.com/matches/1995412/show/germany-bundesliga-2026-2027-augsburg-bayer-leverkusen,Sep 2026,,Augsburg,Bayer Leverkusen,1730,36,,,2026-09-12,https://d2zywfiolv4f83.cloudfront.net/img/teams/1730.png,https://d2zywfiolv4f83.cloudfront.net/img/teams/36.png,3,3
81,3,11217,25666,Germany Bundesliga,2026-2027,1995413,https://www.whoscored.com/matches/1995413/show/germany-bundesliga-2026-2027-borussia-dortmund-paderborn,Sep 2026,,Borussia Dortmund,Paderborn,44,810,,,2026-09-12,https://d2zywfiolv4f83.cloudfront.net/img/teams/44.png,https://d2zywfiolv4f83.cloudfront.net/img/teams/810.png,3,3
81,3,11217,25666,Germany Bundesliga,2026-2027,1995417,https://www.whoscored.com/matches/1995417/show/germany-bundesliga-2026-2027-fc-koln-werder-bremen,Sep 2026,,1. FC Köln,Werder Bremen,282,42,,,2026-09-12,https://d2zywfiolv4f83.cloudfront.net/img/teams/282.png,https://d2zywfiolv4f83.cloudfront.net/img/teams/42.png,3,3
81,3,11217,25666,Germany Bundesliga,2026-2027,1995425,https://www.whoscored.com/matches/1995425/show/germany-bundesliga-2026-2027-rb-leipzig-hamburger-sv,Sep 2026,,RB Leipzig,Hamburger SV,7614,38,,,2026-09-13,https://d2zywfiolv4f83.cloudfront.net/img/teams/7614.png,https://d2zywfiolv4f83.cloudfront.net/img/teams/38.png,3,3
81,3,11217,25666,Germany Bundesliga,2026-2027,1995415,https://www.whoscored.com/matches/1995415/show/germany-bundesliga-2026-2027-elversberg-bayern-munich,Sep 2026,,Elversberg,Bayern München,1134,37,,,2026-09-13,https://d2zywfiolv4f83.cloudfront.net/img/teams/1134.png,https://d2zywfiolv4f83.cloudfront.net/img/teams/37.png,3,3
81,3,11217,25666,Germany Bundesliga,2026-2027,1995432,https://www.whoscored.com/matches/1995432/show/germany-bundesliga-2026-2027-bayern-munich-union-berlin,Sep 2026,,Bayern München,Union Berlin,37,796,,,2026-09-18,https://d2zywfiolv4f83.cloudfront.net/img/teams/37.png,https://d2zywfiolv4f83.cloudfront.net/img/teams/796.png,4,4
81,3,11217,25666,Germany Bundesliga,2026-2027,1995434,https://www.whoscored.com/matches/1995434/show/germany-bundesliga-2026-2027-borussia-m-gladbach-mainz-05,Sep 2026,,Borussia Mönchengladbach,Mainz 05,134,219,,,2026-09-19,https://d2zywfiolv4f83.cloudfront.net/img/teams/134.png,https://d2zywfiolv4f83.cloudfront.net/img/teams/219.png,4,4
81,3,11217,25666,Germany Bundesliga,2026-2027,1995436,https://www.whoscored.com/matches/1995436/show/germany-bundesliga-2026-2027-eintracht-frankfurt-freiburg,Sep 2026,,Eintracht Frankfurt,Freiburg,45,50,,,2026-09-19,https://d2zywfiolv4f83.cloudfront.net/img/teams/45.png,https://d2zywfiolv4f83.cloudfront.net/img/teams/50.png,4,4
81,3,11217,25666,Germany Bundesliga,2026-2027,1995438,https://www.whoscored.com/matches/1995438/show/germany-bundesliga-2026-2027-hamburger-sv-fc-koln,Sep 2026,,Hamburger SV,1. FC Köln,38,282,,,2026-09-19,https://d2zywfiolv4f83.cloudfront.net/img/teams/38.png,https://d2zywfiolv4f83.cloudfront.net/img/teams/282.png,4,4
81,3,11217,25666,Germany Bundesliga,2026-2027,1995445,https://www.whoscored.com/matches/1995445/show/germany-bundesliga-2026-2027-werder-bremen-augsburg,Sep 2026,,Werder Bremen,Augsburg,42,1730,,,2026-09-19,https://d2zywfiolv4f83.cloudfront.net/img/teams/42.png,https://d2zywfiolv4f83.cloudfront.net/img/teams/1730.png,4,4
81,3,11217,25666,Germany Bundesliga,2026-2027,1995443,https://www.whoscored.com/matches/1995443/show/germany-bundesliga-2026-2027-vfb-stuttgart-borussia-dortmund,Sep 2026,,VfB Stuttgart,Borussia Dortmund,41,44,,,2026-09-19,https://d2zywfiolv4f83.cloudfront.net/img/teams/41.png,https://d2zywfiolv4f83.cloudfront.net/img/teams/44.png,4,4
81,3,11217,25666,Germany Bundesliga,2026-2027,1995430,https://www.whoscored.com/matches/1995430/show/germany-bundesliga-2026-2027-bayer-leverkusen-rb-leipzig,Sep 2026,,Bayer Leverkusen,RB Leipzig,36,7614,,,2026-09-20,https://d2zywfiolv4f83.cloudfront.net/img/teams/36.png,https://d2zywfiolv4f83.cloudfront.net/img/teams/7614.png,4,4
81,3,11217,25666,Germany Bundesliga,2026-2027,1995442,https://www.whoscored.com/matches/1995442/show/germany-bundesliga-2026-2027-schalke-04-elversberg,Sep 2026,,Schalke 04,Elversberg,39,1134,,,2026-09-20,https://d2zywfiolv4f83.cloudfront.net/img/teams/39.png,https://d2zywfiolv4f83.cloudfront.net/img/teams/1134.png,4,4
81,3,11217,25666,Germany Bundesliga,2026-2027,1995440,https://www.whoscored.com/matches/1995440/show/germany-bundesliga-2026-2027-paderborn-hoffenheim,Sep 2026,,Paderborn,Hoffenheim,810,1211,,,2026-09-20,https://d2zywfiolv4f83.cloudfront.net/img/teams/810.png,https://d2zywfiolv4f83.cloudfront.net/img/teams/1211.png,4,4
81,3,11217,25666,Germany Bundesliga,2026-2027,1995402,https://www.whoscored.com/matches/1995402/show/germany-bundesliga-2026-2027-mainz-05-bayer-leverkusen,Oct 2026,,Mainz 05,Bayer Leverkusen,219,36,,,2026-10-10,https://d2zywfiolv4f83.cloudfront.net/img/teams/219.png,https://d2zywfiolv4f83.cloudfront.net/img/teams/36.png,5,5
81,3,11217,25666,Germany Bundesliga,2026-2027,1995404,https://www.whoscored.com/matches/1995404/show/germany-bundesliga-2026-2027-paderborn-vfb-stuttgart,Oct 2026,,Paderborn,VfB Stuttgart,810,41,,,2026-10-10,https://d2zywfiolv4f83.cloudfront.net/img/teams/810.png,https://d2zywfiolv4f83.cloudfront.net/img/teams/41.png,5,5
81,3,11217,25666,Germany Bundesliga,2026-2027,1995406,https://www.whoscored.com/matches/1995406/show/germany-bundesliga-2026-2027-rb-leipzig-eintracht-frankfurt,Oct 2026,,RB Leipzig,Eintracht Frankfurt,7614,45,,,2026-10-10,https://d2zywfiolv4f83.cloudfront.net/img/teams/7614.png,https://d2zywfiolv4f83.cloudfront.net/img/teams/45.png,5,5
81,3,11217,25666,Germany Bundesliga,2026-2027,1995407,https://www.whoscored.com/matches/1995407/show/germany-bundesliga-2026-2027-union-berlin-elversberg,Oct 2026,,Union Berlin,Elversberg,796,1134,,,2026-10-10,https://d2zywfiolv4f83.cloudfront.net/img/teams/796.png,https://d2zywfiolv4f83.cloudfront.net/img/teams/1134.png,5,5
81,3,11217,25666,Germany Bundesliga,2026-2027,1995447,https://www.whoscored.com/matches/1995447/show/germany-bundesliga-2026-2027-augsburg-bayern-munich,Oct 2026,,Augsburg,Bayern München,1730,37,,,2026-10-10,https://d2zywfiolv4f83.cloudfront.net/img/teams/1730.png,https://d2zywfiolv4f83.cloudfront.net/img/teams/37.png,5,5
81,3,11217,25666,Germany Bundesliga,2026-2027,1995449,https://www.whoscored.com/matches/1995449/show/germany-bundesliga-2026-2027-borussia-dortmund-werder-bremen,Oct 2026,,Borussia Dortmund,Werder Bremen,44,42,,,2026-10-10,https://d2zywfiolv4f83.cloudfront.net/img/teams/44.png,https://d2zywfiolv4f83.cloudfront.net/img/teams/42.png,5,5
81,3,11217,25666,Germany Bundesliga,2026-2027,1995451,https://www.whoscored.com/matches/1995451/show/germany-bundesliga-2026-2027-fc-koln-borussia-m-gladbach,Oct 2026,,1. FC Köln,Borussia Mönchengladbach,282,134,,,2026-10-10,https://d2zywfiolv4f83.cloudfront.net/img/teams/282.png,https://d2zywfiolv4f83.cloudfront.net/img/teams/134.png,5,5
81,3,11217,25666,Germany Bundesliga,2026-2027,1995454,https://www.whoscored.com/matches/1995454/show/germany-bundesliga-2026-2027-freiburg-schalke-04,Oct 2026,,Freiburg,Schalke 04,50,39,,,2026-10-10,https://d2zywfiolv4f83.cloudfront.net/img/teams/50.png,https://d2zywfiolv4f83.cloudfront.net/img/teams/39.png,5,5
81,3,11217,25666,Germany Bundesliga,2026-2027,1995456,https://www.whoscored.com/matches/1995456/show/germany-bundesliga-2026-2027-hoffenheim-hamburger-sv,Oct 2026,,Hoffenheim,Hamburger SV,1211,38,,,2026-10-10,https://d2zywfiolv4f83.cloudfront.net/img/teams/1211.png,https://d2zywfiolv4f83.cloudfront.net/img/teams/38.png,5,5
81,3,11217,25666,Germany Bundesliga,2026-2027,1995409,https://www.whoscored.com/matches/1995409/show/germany-bundesliga-2026-2027-bayer-leverkusen-freiburg,Oct 2026,,Bayer Leverkusen,Freiburg,36,50,,,2026-10-17,https://d2zywfiolv4f83.cloudfront.net/img/teams/36.png,https://d2zywfiolv4f83.cloudfront.net/img/teams/50.png,6,6
81,3,11217,25666,Germany Bundesliga,2026-2027,1995411,https://www.whoscored.com/matches/1995411/show/germany-bundesliga-2026-2027-bayern-munich-rb-leipzig,Oct 2026,,Bayern München,RB Leipzig,37,7614,,,2026-10-17,https://d2zywfiolv4f83.cloudfront.net/img/teams/37.png,https://d2zywfiolv4f83.cloudfront.net/img/teams/7614.png,6,6
81,3,11217,25666,Germany Bundesliga,2026-2027,1995414,https://www.whoscored.com/matches/1995414/show/germany-bundesliga-2026-2027-borussia-m-gladbach-hoffenheim,Oct 2026,,Borussia Mönchengladbach,Hoffenheim,134,1211,,,2026-10-17,https://d2zywfiolv4f83.cloudfront.net/img/teams/134.png,https://d2zywfiolv4f83.cloudfront.net/img/teams/1211.png,6,6
81,3,11217,25666,Germany Bundesliga,2026-2027,1995416,https://www.whoscored.com/matches/1995416/show/germany-bundesliga-2026-2027-eintracht-frankfurt-fc-koln,Oct 2026,,Eintracht Frankfurt,1. FC Köln,45,282,,,2026-10-17,https://d2zywfiolv4f83.cloudfront.net/img/teams/45.png,https://d2zywfiolv4f83.cloudfront.net/img/teams/282.png,6,6
81,3,11217,25666,Germany Bundesliga,2026-2027,1995418,https://www.whoscored.com/matches/1995418/show/germany-bundesliga-2026-2027-elversberg-augsburg,Oct 2026,,Elversberg,Augsburg,1134,1730,,,2026-10-17,https://d2zywfiolv4f83.cloudfront.net/img/teams/1134.png,https://d2zywfiolv4f83.cloudfront.net/img/teams/1730.png,6,6
81,3,11217,25666,Germany Bundesliga,2026-2027,1995420,https://www.whoscored.com/matches/1995420/show/germany-bundesliga-2026-2027-hamburger-sv-vfb-stuttgart,Oct 2026,,Hamburger SV,VfB Stuttgart,38,41,,,2026-10-17,https://d2zywfiolv4f83.cloudfront.net/img/teams/38.png,https://d2zywfiolv4f83.cloudfront.net/img/teams/41.png,6,6
81,3,11217,25666,Germany Bundesliga,2026-2027,1995422,https://www.whoscored.com/matches/1995422/show/germany-bundesliga-2026-2027-schalke-04-mainz-05,Oct 2026,,Schalke 04,Mainz 05,39,219,,,2026-10-17,https://d2zywfiolv4f83.cloudfront.net/img/teams/39.png,https://d2zywfiolv4f83.cloudfront.net/img/teams/219.png,6,6
81,3,11217,25666,Germany Bundesliga,2026-2027,1995424,https://www.whoscored.com/matches/1995424/show/germany-bundesliga-2026-2027-union-berlin-borussia-dortmund,Oct 2026,,Union Berlin,Borussia Dortmund,796,44,,,2026-10-17,https://d2zywfiolv4f83.cloudfront.net/img/teams/796.png,https://d2zywfiolv4f83.cloudfront.net/img/teams/44.png,6,6
81,3,11217,25666,Germany Bundesliga,2026-2027,1995426,https://www.whoscored.com/matches/1995426/show/germany-bundesliga-2026-2027-werder-bremen-paderborn,Oct 2026,,Werder Bremen,Paderborn,42,810,,,2026-10-17,https://d2zywfiolv4f83.cloudfront.net/img/teams/42.png,https://d2zywfiolv4f83.cloudfront.net/img/teams/810.png,6,6
81,3,11217,25666,Germany Bundesliga,2026-2027,1995428,https://www.whoscored.com/matches/1995428/show/germany-bundesliga-2026-2027-augsburg-union-berlin,Oct 2026,,Augsburg,Union Berlin,1730,796,,,2026-10-24,https://d2zywfiolv4f83.cloudfront.net/img/teams/1730.png,https://d2zywfiolv4f83.cloudfront.net/img/teams/796.png,7,7
81,3,11217,25666,Germany Bundesliga,2026-2027,1995429,https://www.whoscored.com/matches/1995429/show/germany-bundesliga-2026-2027-borussia-dortmund-eintracht-frankfurt,Oct 2026,,Borussia Dortmund,Eintracht Frankfurt,44,45,,,2026-10-24,https://d2zywfiolv4f83.cloudfront.net/img/teams/44.png,https://d2zywfiolv4f83.cloudfront.net/img/teams/45.png,7,7
81,3,11217,25666,Germany Bundesliga,2026-2027,1995431,https://www.whoscored.com/matches/1995431/show/germany-bundesliga-2026-2027-fc-koln-schalke-04,Oct 2026,,1. FC Köln,Schalke 04,282,39,,,2026-10-24,https://d2zywfiolv4f83.cloudfront.net/img/teams/282.png,https://d2zywfiolv4f83.cloudfront.net/img/teams/39.png,7,7
81,3,11217,25666,Germany Bundesliga,2026-2027,1995433,https://www.whoscored.com/matches/1995433/show/germany-bundesliga-2026-2027-freiburg-bayern-munich,Oct 2026,,Freiburg,Bayern München,50,37,,,2026-10-24,https://d2zywfiolv4f83.cloudfront.net/img/teams/50.png,https://d2zywfiolv4f83.cloudfront.net/img/teams/37.png,7,7
81,3,11217,25666,Germany Bundesliga,2026-2027,1995435,https://www.whoscored.com/matches/1995435/show/germany-bundesliga-2026-2027-hoffenheim-bayer-leverkusen,Oct 2026,,Hoffenheim,Bayer Leverkusen,1211,36,,,2026-10-24,https://d2zywfiolv4f83.cloudfront.net/img/teams/1211.png,https://d2zywfiolv4f83.cloudfront.net/img/teams/36.png,7,7
81,3,11217,25666,Germany Bundesliga,2026-2027,1995437,https://www.whoscored.com/matches/1995437/show/germany-bundesliga-2026-2027-mainz-05-werder-bremen,Oct 2026,,Mainz 05,Werder Bremen,219,42,,,2026-10-24,https://d2zywfiolv4f83.cloudfront.net/img/teams/219.png,https://d2zywfiolv4f83.cloudfront.net/img/teams/42.png,7,7
81,3,11217,25666,Germany Bundesliga,2026-2027,1995439,https://www.whoscored.com/matches/1995439/show/germany-bundesliga-2026-2027-paderborn-hamburger-sv,Oct 2026,,Paderborn,Hamburger SV,810,38,,,2026-10-24,https://d2zywfiolv4f83.cloudfront.net/img/teams/810.png,https://d2zywfiolv4f83.cloudfront.net/img/teams/38.png,7,7
81,3,11217,25666,Germany Bundesliga,2026-2027,1995441,https://www.whoscored.com/matches/1995441/show/germany-bundesliga-2026-2027-rb-leipzig-elversberg,Oct 2026,,RB Leipzig,Elversberg,7614,1134,,,2026-10-24,https://d2zywfiolv4f83.cloudfront.net/img/teams/7614.png,https://d2zywfiolv4f83.cloudfront.net/img/teams/1134.png,7,7
81,3,11217,25666,Germany Bundesliga,2026-2027,1995444,https://www.whoscored.com/matches/1995444/show/germany-bundesliga-2026-2027-vfb-stuttgart-borussia-m-gladbach,Oct 2026,,VfB Stuttgart,Borussia Mönchengladbach,41,134,,,2026-10-24,https://d2zywfiolv4f83.cloudfront.net/img/teams/41.png,https://d2zywfiolv4f83.cloudfront.net/img/teams/134.png,7,7
81,3,11217,25666,Germany Bundesliga,2026-2027,1995446,https://www.whoscored.com/matches/1995446/show/germany-bundesliga-2026-2027-augsburg-freiburg,Oct 2026,,Augsburg,Freiburg,1730,50,,,2026-10-31,https://d2zywfiolv4f83.cloudfront.net/img/teams/1730.png,https://d2zywfiolv4f83.cloudfront.net/img/teams/50.png,8,8
81,3,11217,25666,Germany Bundesliga,2026-2027,1995457,https://www.whoscored.com/matches/1995457/show/germany-bundesliga-2026-2027-schalke-04-rb-leipzig,Oct 2026,,Schalke 04,RB Leipzig,39,7614,,,2026-10-31,https://d2zywfiolv4f83.cloudfront.net/img/teams/39.png,https://d2zywfiolv4f83.cloudfront.net/img/teams/7614.png,8,8
81,3,11217,25666,Germany Bundesliga,2026-2027,1995458,https://www.whoscored.com/matches/1995458/show/germany-bundesliga-2026-2027-union-berlin-fc-koln,Oct 2026,,Union Berlin,1. FC Köln,796,282,,,2026-10-31,https://d2zywfiolv4f83.cloudfront.net/img/teams/796.png,https://d2zywfiolv4f83.cloudfront.net/img/teams/282.png,8,8
81,3,11217,25666,Germany Bundesliga,2026-2027,1995459,https://www.whoscored.com/matches/1995459/show/germany-bundesliga-2026-2027-werder-bremen-hoffenheim,Oct 2026,,Werder Bremen,Hoffenheim,42,1211,,,2026-10-31,https://d2zywfiolv4f83.cloudfront.net/img/teams/42.png,https://d2zywfiolv4f83.cloudfront.net/img/teams/1211.png,8,8
81,3,11217,25666,Germany Bundesliga,2026-2027,1995455,https://www.whoscored.com/matches/1995455/show/germany-bundesliga-2026-2027-elversberg-mainz-05,Oct 2026,,Elversberg,Mainz 05,1134,219,,,2026-10-31,https://d2zywfiolv4f83.cloudfront.net/img/teams/1134.png,https://d2zywfiolv4f83.cloudfront.net/img/teams/219.png,8,8
81,3,11217,25666,Germany Bundesliga,2026-2027,1995452,https://www.whoscored.com/matches/1995452/show/germany-bundesliga-2026-2027-borussia-m-gladbach-paderborn,Oct 2026,,Borussia Mönchengladbach,Paderborn,134,810,,,2026-10-31,https://d2zywfiolv4f83.cloudfront.net/img/teams/134.png,https://d2zywfiolv4f83.cloudfront.net/img/teams/810.png,8,8
81,3,11217,25666,Germany Bundesliga,2026-2027,1995453,https://www.whoscored.com/matches/1995453/show/germany-bundesliga-2026-2027-eintracht-frankfurt-hamburger-sv,Oct 2026,,Eintracht Frankfurt,Hamburger SV,45,38,,,2026-10-31,https://d2zywfiolv4f83.cloudfront.net/img/teams/45.png,https://d2zywfiolv4f83.cloudfront.net/img/teams/38.png,8,8
81,3,11217,25666,Germany Bundesliga,2026-2027,1995450,https://www.whoscored.com/matches/1995450/show/germany-bundesliga-2026-2027-bayern-munich-borussia-dortmund,Oct 2026,,Bayern München,Borussia Dortmund,37,44,,,2026-10-31,https://d2zywfiolv4f83.cloudfront.net/img/teams/37.png,https://d2zywfiolv4f83.cloudfront.net/img/teams/44.png,8,8
81,3,11217,25666,Germany Bundesliga,2026-2027,1995448,https://www.whoscored.com/matches/1995448/show/germany-bundesliga-2026-2027-bayer-leverkusen-vfb-stuttgart,Oct 2026,,Bayer Leverkusen,VfB Stuttgart,36,41,,,2026-10-31,https://d2zywfiolv4f83.cloudfront.net/img/teams/36.png,https://d2zywfiolv4f83.cloudfront.net/img/teams/41.png,8,8
81,3,11217,25666,Germany Bundesliga,2026-2027,1995460,https://www.whoscored.com/matches/1995460/show/germany-bundesliga-2026-2027-borussia-dortmund-elversberg,Nov 2026,,Borussia Dortmund,Elversberg,44,1134,,,2026-11-07,https://d2zywfiolv4f83.cloudfront.net/img/teams/44.png,https://d2zywfiolv4f83.cloudfront.net/img/teams/1134.png,9,9
81,3,11217,25666,Germany Bundesliga,2026-2027,1995461,https://www.whoscored.com/matches/1995461/show/germany-bundesliga-2026-2027-fc-koln-bayer-leverkusen,Nov 2026,,1. FC Köln,Bayer Leverkusen,282,36,,,2026-11-07,https://d2zywfiolv4f83.cloudfront.net/img/teams/282.png,https://d2zywfiolv4f83.cloudfront.net/img/teams/36.png,9,9
81,3,11217,25666,Germany Bundesliga,2026-2027,1995462,https://www.whoscored.com/matches/1995462/show/germany-bundesliga-2026-2027-freiburg-union-berlin,Nov 2026,,Freiburg,Union Berlin,50,796,,,2026-11-07,https://d2zywfiolv4f83.cloudfront.net/img/teams/50.png,https://d2zywfiolv4f83.cloudfront.net/img/teams/796.png,9,9
81,3,11217,25666,Germany Bundesliga,2026-2027,1995463,https://www.whoscored.com/matches/1995463/show/germany-bundesliga-2026-2027-hamburger-sv-borussia-m-gladbach,Nov 2026,,Hamburger SV,Borussia Mönchengladbach,38,134,,,2026-11-07,https://d2zywfiolv4f83.cloudfront.net/img/teams/38.png,https://d2zywfiolv4f83.cloudfront.net/img/teams/134.png,9,9
81,3,11217,25666,Germany Bundesliga,2026-2027,1995464,https://www.whoscored.com/matches/1995464/show/germany-bundesliga-2026-2027-hoffenheim-schalke-04,Nov 2026,,Hoffenheim,Schalke 04,1211,39,,,2026-11-07,https://d2zywfiolv4f83.cloudfront.net/img/teams/1211.png,https://d2zywfiolv4f83.cloudfront.net/img/teams/39.png,9,9
81,3,11217,25666,Germany Bundesliga,2026-2027,1995465,https://www.whoscored.com/matches/1995465/show/germany-bundesliga-2026-2027-mainz-05-bayern-munich,Nov 2026,,Mainz 05,Bayern München,219,37,,,2026-11-07,https://d2zywfiolv4f83.cloudfront.net/img/teams/219.png,https://d2zywfiolv4f83.cloudfront.net/img/teams/37.png,9,9
81,3,11217,25666,Germany Bundesliga,2026-2027,1995466,https://www.whoscored.com/matches/1995466/show/germany-bundesliga-2026-2027-paderborn-eintracht-frankfurt,Nov 2026,,Paderborn,Eintracht Frankfurt,810,45,,,2026-11-07,https://d2zywfiolv4f83.cloudfront.net/img/teams/810.png,https://d2zywfiolv4f83.cloudfront.net/img/teams/45.png,9,9
81,3,11217,25666,Germany Bundesliga,2026-2027,1995467,https://www.whoscored.com/matches/1995467/show/germany-bundesliga-2026-2027-rb-leipzig-augsburg,Nov 2026,,RB Leipzig,Augsburg,7614,1730,,,2026-11-07,https://d2zywfiolv4f83.cloudfront.net/img/teams/7614.png,https://d2zywfiolv4f83.cloudfront.net/img/teams/1730.png,9,9
81,3,11217,25666,Germany Bundesliga,2026-2027,1995468,https://www.whoscored.com/matches/1995468/show/germany-bundesliga-2026-2027-vfb-stuttgart-werder-bremen,Nov 2026,,VfB Stuttgart,Werder Bremen,41,42,,,2026-11-07,https://d2zywfiolv4f83.cloudfront.net/img/teams/41.png,https://d2zywfiolv4f83.cloudfront.net/img/teams/42.png,9,9
81,3,11217,25666,Germany Bundesliga,2026-2027,1995469,https://www.whoscored.com/matches/1995469/show/germany-bundesliga-2026-2027-augsburg-mainz-05,Nov 2026,,Augsburg,Mainz 05,1730,219,,,2026-11-21,https://d2zywfiolv4f83.cloudfront.net/img/teams/1730.png,https://d2zywfiolv4f83.cloudfront.net/img/teams/219.png,10,10
81,3,11217,25666,Germany Bundesliga,2026-2027,1995470,https://www.whoscored.com/matches/1995470/show/germany-bundesliga-2026-2027-bayer-leverkusen-paderborn,Nov 2026,,Bayer Leverkusen,Paderborn,36,810,,,2026-11-21,https://d2zywfiolv4f83.cloudfront.net/img/teams/36.png,https://d2zywfiolv4f83.cloudfront.net/img/teams/810.png,10,10
81,3,11217,25666,Germany Bundesliga,2026-2027,1995471,https://www.whoscored.com/matches/1995471/show/germany-bundesliga-2026-2027-bayern-munich-fc-koln,Nov 2026,,Bayern München,1. FC Köln,37,282,,,2026-11-21,https://d2zywfiolv4f83.cloudfront.net/img/teams/37.png,https://d2zywfiolv4f83.cloudfront.net/img/teams/282.png,10,10
81,3,11217,25666,Germany Bundesliga,2026-2027,1995472,https://www.whoscored.com/matches/1995472/show/germany-bundesliga-2026-2027-borussia-m-gladbach-borussia-dortmund,Nov 2026,,Borussia Mönchengladbach,Borussia Dortmund,134,44,,,2026-11-21,https://d2zywfiolv4f83.cloudfront.net/img/teams/134.png,https://d2zywfiolv4f83.cloudfront.net/img/teams/44.png,10,10
81,3,11217,25666,Germany Bundesliga,2026-2027,1995473,https://www.whoscored.com/matches/1995473/show/germany-bundesliga-2026-2027-eintracht-frankfurt-hoffenheim,Nov 2026,,Eintracht Frankfurt,Hoffenheim,45,1211,,,2026-11-21,https://d2zywfiolv4f83.cloudfront.net/img/teams/45.png,https://d2zywfiolv4f83.cloudfront.net/img/teams/1211.png,10,10
81,3,11217,25666,Germany Bundesliga,2026-2027,1995474,https://www.whoscored.com/matches/1995474/show/germany-bundesliga-2026-2027-elversberg-freiburg,Nov 2026,,Elversberg,Freiburg,1134,50,,,2026-11-21,https://d2zywfiolv4f83.cloudfront.net/img/teams/1134.png,https://d2zywfiolv4f83.cloudfront.net/img/teams/50.png,10,10
81,3,11217,25666,Germany Bundesliga,2026-2027,1995475,https://www.whoscored.com/matches/1995475/show/germany-bundesliga-2026-2027-schalke-04-vfb-stuttgart,Nov 2026,,Schalke 04,VfB Stuttgart,39,41,,,2026-11-21,https://d2zywfiolv4f83.cloudfront.net/img/teams/39.png,https://d2zywfiolv4f83.cloudfront.net/img/teams/41.png,10,10
81,3,11217,25666,Germany Bundesliga,2026-2027,1995476,https://www.whoscored.com/matches/1995476/show/germany-bundesliga-2026-2027-union-berlin-rb-leipzig,Nov 2026,,Union Berlin,RB Leipzig,796,7614,,,2026-11-21,https://d2zywfiolv4f83.cloudfront.net/img/teams/796.png,https://d2zywfiolv4f83.cloudfront.net/img/teams/7614.png,10,10
81,3,11217,25666,Germany Bundesliga,2026-2027,1995477,https://www.whoscored.com/matches/1995477/show/germany-bundesliga-2026-2027-werder-bremen-hamburger-sv,Nov 2026,,Werder Bremen,Hamburger SV,42,38,,,2026-11-21,https://d2zywfiolv4f83.cloudfront.net/img/teams/42.png,https://d2zywfiolv4f83.cloudfront.net/img/teams/38.png,10,10
81,3,11217,25666,Germany Bundesliga,2026-2027,1995478,https://www.whoscored.com/matches/1995478/show/germany-bundesliga-2026-2027-borussia-dortmund-bayer-leverkusen,Nov 2026,,Borussia Dortmund,Bayer Leverkusen,44,36,,,2026-11-28,https://d2zywfiolv4f83.cloudfront.net/img/teams/44.png,https://d2zywfiolv4f83.cloudfront.net/img/teams/36.png,11,11
81,3,11217,25666,Germany Bundesliga,2026-2027,1995479,https://www.whoscored.com/matches/1995479/show/germany-bundesliga-2026-2027-fc-koln-elversberg,Nov 2026,,1. FC Köln,Elversberg,282,1134,,,2026-11-28,https://d2zywfiolv4f83.cloudfront.net/img/teams/282.png,https://d2zywfiolv4f83.cloudfront.net/img/teams/1134.png,11,11
81,3,11217,25666,Germany Bundesliga,2026-2027,1995480,https://www.whoscored.com/matches/1995480/show/germany-bundesliga-2026-2027-freiburg-rb-leipzig,Nov 2026,,Freiburg,RB Leipzig,50,7614,,,2026-11-28,https://d2zywfiolv4f83.cloudfront.net/img/teams/50.png,https://d2zywfiolv4f83.cloudfront.net/img/teams/7614.png,11,11
81,3,11217,25666,Germany Bundesliga,2026-2027,1995687,https://www.whoscored.com/matches/1995687/show/germany-bundesliga-2026-2027-hamburger-sv-bayern-munich,Nov 2026,,Hamburger SV,Bayern München,38,37,,,2026-11-28,https://d2zywfiolv4f83.cloudfront.net/img/teams/38.png,https://d2zywfiolv4f83.cloudfront.net/img/teams/37.png,11,11
81,3,11217,25666,Germany Bundesliga,2026-2027,1995688,https://www.whoscored.com/matches/1995688/show/germany-bundesliga-2026-2027-hoffenheim-augsburg,Nov 2026,,Hoffenheim,Augsburg,1211,1730,,,2026-11-28,https://d2zywfiolv4f83.cloudfront.net/img/teams/1211.png,https://d2zywfiolv4f83.cloudfront.net/img/teams/1730.png,11,11
81,3,11217,25666,Germany Bundesliga,2026-2027,1995689,https://www.whoscored.com/matches/1995689/show/germany-bundesliga-2026-2027-mainz-05-union-berlin,Nov 2026,,Mainz 05,Union Berlin,219,796,,,2026-11-28,https://d2zywfiolv4f83.cloudfront.net/img/teams/219.png,https://d2zywfiolv4f83.cloudfront.net/img/teams/796.png,11,11
81,3,11217,25666,Germany Bundesliga,2026-2027,1995690,https://www.whoscored.com/matches/1995690/show/germany-bundesliga-2026-2027-paderborn-schalke-04,Nov 2026,,Paderborn,Schalke 04,810,39,,,2026-11-28,https://d2zywfiolv4f83.cloudfront.net/img/teams/810.png,https://d2zywfiolv4f83.cloudfront.net/img/teams/39.png,11,11
81,3,11217,25666,Germany Bundesliga,2026-2027,1995691,https://www.whoscored.com/matches/1995691/show/germany-bundesliga-2026-2027-vfb-stuttgart-eintracht-frankfurt,Nov 2026,,VfB Stuttgart,Eintracht Frankfurt,41,45,,,2026-11-28,https://d2zywfiolv4f83.cloudfront.net/img/teams/41.png,https://d2zywfiolv4f83.cloudfront.net/img/teams/45.png,11,11
81,3,11217,25666,Germany Bundesliga,2026-2027,1995692,https://www.whoscored.com/matches/1995692/show/germany-bundesliga-2026-2027-werder-bremen-borussia-m-gladbach,Nov 2026,,Werder Bremen,Borussia Mönchengladbach,42,134,,,2026-11-28,https://d2zywfiolv4f83.cloudfront.net/img/teams/42.png,https://d2zywfiolv4f83.cloudfront.net/img/teams/134.png,11,11
81,3,11217,25666,Germany Bundesliga,2026-2027,1995485,https://www.whoscored.com/matches/1995485/show/germany-bundesliga-2026-2027-bayer-leverkusen-borussia-m-gladbach,Dec 2026,,Bayer Leverkusen,Borussia Mönchengladbach,36,134,,,2026-12-05,https://d2zywfiolv4f83.cloudfront.net/img/teams/36.png,https://d2zywfiolv4f83.cloudfront.net/img/teams/134.png,12,12
81,3,11217,25666,Germany Bundesliga,2026-2027,1995489,https://www.whoscored.com/matches/1995489/show/germany-bundesliga-2026-2027-bayern-munich-paderborn,Dec 2026,,Bayern München,Paderborn,37,810,,,2026-12-05,https://d2zywfiolv4f83.cloudfront.net/img/teams/37.png,https://d2zywfiolv4f83.cloudfront.net/img/teams/810.png,12,12
81,3,11217,25666,Germany Bundesliga,2026-2027,1995492,https://www.whoscored.com/matches/1995492/show/germany-bundesliga-2026-2027-eintracht-frankfurt-werder-bremen,Dec 2026,,Eintracht Frankfurt,Werder Bremen,45,42,,,2026-12-05,https://d2zywfiolv4f83.cloudfront.net/img/teams/45.png,https://d2zywfiolv4f83.cloudfront.net/img/teams/42.png,12,12
81,3,11217,25666,Germany Bundesliga,2026-2027,1995495,https://www.whoscored.com/matches/1995495/show/germany-bundesliga-2026-2027-elversberg-vfb-stuttgart,Dec 2026,,Elversberg,VfB Stuttgart,1134,41,,,2026-12-05,https://d2zywfiolv4f83.cloudfront.net/img/teams/1134.png,https://d2zywfiolv4f83.cloudfront.net/img/teams/41.png,12,12
81,3,11217,25666,Germany Bundesliga,2026-2027,1995499,https://www.whoscored.com/matches/1995499/show/germany-bundesliga-2026-2027-freiburg-hoffenheim,Dec 2026,,Freiburg,Hoffenheim,50,1211,,,2026-12-05,https://d2zywfiolv4f83.cloudfront.net/img/teams/50.png,https://d2zywfiolv4f83.cloudfront.net/img/teams/1211.png,12,12
81,3,11217,25666,Germany Bundesliga,2026-2027,1995502,https://www.whoscored.com/matches/1995502/show/germany-bundesliga-2026-2027-rb-leipzig-mainz-05,Dec 2026,,RB Leipzig,Mainz 05,7614,219,,,2026-12-05,https://d2zywfiolv4f83.cloudfront.net/img/teams/7614.png,https://d2zywfiolv4f83.cloudfront.net/img/teams/219.png,12,12
81,3,11217,25666,Germany Bundesliga,2026-2027,1995506,https://www.whoscored.com/matches/1995506/show/germany-bundesliga-2026-2027-schalke-04-borussia-dortmund,Dec 2026,,Schalke 04,Borussia Dortmund,39,44,,,2026-12-05,https://d2zywfiolv4f83.cloudfront.net/img/teams/39.png,https://d2zywfiolv4f83.cloudfront.net/img/teams/44.png,12,12
81,3,11217,25666,Germany Bundesliga,2026-2027,1995508,https://www.whoscored.com/matches/1995508/show/germany-bundesliga-2026-2027-union-berlin-hamburger-sv,Dec 2026,,Union Berlin,Hamburger SV,796,38,,,2026-12-05,https://d2zywfiolv4f83.cloudfront.net/img/teams/796.png,https://d2zywfiolv4f83.cloudfront.net/img/teams/38.png,12,12
81,3,11217,25666,Germany Bundesliga,2026-2027,1995693,https://www.whoscored.com/matches/1995693/show/germany-bundesliga-2026-2027-augsburg-fc-koln,Dec 2026,,Augsburg,1. FC Köln,1730,282,,,2026-12-05,https://d2zywfiolv4f83.cloudfront.net/img/teams/1730.png,https://d2zywfiolv4f83.cloudfront.net/img/teams/282.png,12,12
81,3,11217,25666,Germany Bundesliga,2026-2027,1995511,https://www.whoscored.com/matches/1995511/show/germany-bundesliga-2026-2027-borussia-m-gladbach-eintracht-frankfurt,Dec 2026,,Borussia Mönchengladbach,Eintracht Frankfurt,134,45,,,2026-12-12,https://d2zywfiolv4f83.cloudfront.net/img/teams/134.png,https://d2zywfiolv4f83.cloudfront.net/img/teams/45.png,13,13
81,3,11217,25666,Germany Bundesliga,2026-2027,1995514,https://www.whoscored.com/matches/1995514/show/germany-bundesliga-2026-2027-borussia-dortmund-augsburg,Dec 2026,,Borussia Dortmund,Augsburg,44,1730,,,2026-12-12,https://d2zywfiolv4f83.cloudfront.net/img/teams/44.png,https://d2zywfiolv4f83.cloudfront.net/img/teams/1730.png,13,13
81,3,11217,25666,Germany Bundesliga,2026-2027,1995520,https://www.whoscored.com/matches/1995520/show/germany-bundesliga-2026-2027-fc-koln-rb-leipzig,Dec 2026,,1. FC Köln,RB Leipzig,282,7614,,,2026-12-12,https://d2zywfiolv4f83.cloudfront.net/img/teams/282.png,https://d2zywfiolv4f83.cloudfront.net/img/teams/7614.png,13,13
81,3,11217,25666,Germany Bundesliga,2026-2027,1995526,https://www.whoscored.com/matches/1995526/show/germany-bundesliga-2026-2027-hamburger-sv-schalke-04,Dec 2026,,Hamburger SV,Schalke 04,38,39,,,2026-12-12,https://d2zywfiolv4f83.cloudfront.net/img/teams/38.png,https://d2zywfiolv4f83.cloudfront.net/img/teams/39.png,13,13
81,3,11217,25666,Germany Bundesliga,2026-2027,1995530,https://www.whoscored.com/matches/1995530/show/germany-bundesliga-2026-2027-hoffenheim-bayern-munich,Dec 2026,,Hoffenheim,Bayern München,1211,37,,,2026-12-12,https://d2zywfiolv4f83.cloudfront.net/img/teams/1211.png,https://d2zywfiolv4f83.cloudfront.net/img/teams/37.png,13,13
81,3,11217,25666,Germany Bundesliga,2026-2027,1995533,https://www.whoscored.com/matches/1995533/show/germany-bundesliga-2026-2027-mainz-05-freiburg,Dec 2026,,Mainz 05,Freiburg,219,50,,,2026-12-12,https://d2zywfiolv4f83.cloudfront.net/img/teams/219.png,https://d2zywfiolv4f83.cloudfront.net/img/teams/50.png,13,13
81,3,11217,25666,Germany Bundesliga,2026-2027,1995537,https://www.whoscored.com/matches/1995537/show/germany-bundesliga-2026-2027-paderborn-elversberg,Dec 2026,,Paderborn,Elversberg,810,1134,,,2026-12-12,https://d2zywfiolv4f83.cloudfront.net/img/teams/810.png,https://d2zywfiolv4f83.cloudfront.net/img/teams/1134.png,13,13
81,3,11217,25666,Germany Bundesliga,2026-2027,1995540,https://www.whoscored.com/matches/1995540/show/germany-bundesliga-2026-2027-vfb-stuttgart-union-berlin,Dec 2026,,VfB Stuttgart,Union Berlin,41,796,,,2026-12-12,https://d2zywfiolv4f83.cloudfront.net/img/teams/41.png,https://d2zywfiolv4f83.cloudfront.net/img/teams/796.png,13,13
81,3,11217,25666,Germany Bundesliga,2026-2027,1995546,https://www.whoscored.com/matches/1995546/show/germany-bundesliga-2026-2027-werder-bremen-bayer-leverkusen,Dec 2026,,Werder Bremen,Bayer Leverkusen,42,36,,,2026-12-12,https://d2zywfiolv4f83.cloudfront.net/img/teams/42.png,https://d2zywfiolv4f83.cloudfront.net/img/teams/36.png,13,13
81,3,11217,25666,Germany Bundesliga,2026-2027,1995550,https://www.whoscored.com/matches/1995550/show/germany-bundesliga-2026-2027-augsburg-paderborn,Dec 2026,,Augsburg,Paderborn,1730,810,,,2026-12-19,https://d2zywfiolv4f83.cloudfront.net/img/teams/1730.png,https://d2zywfiolv4f83.cloudfront.net/img/teams/810.png,14,14
81,3,11217,25666,Germany Bundesliga,2026-2027,1995553,https://www.whoscored.com/matches/1995553/show/germany-bundesliga-2026-2027-bayer-leverkusen-eintracht-frankfurt,Dec 2026,,Bayer Leverkusen,Eintracht Frankfurt,36,45,,,2026-12-19,https://d2zywfiolv4f83.cloudfront.net/img/teams/36.png,https://d2zywfiolv4f83.cloudfront.net/img/teams/45.png,14,14
81,3,11217,25666,Germany Bundesliga,2026-2027,1995557,https://www.whoscored.com/matches/1995557/show/germany-bundesliga-2026-2027-bayern-munich-werder-bremen,Dec 2026,,Bayern München,Werder Bremen,37,42,,,2026-12-19,https://d2zywfiolv4f83.cloudfront.net/img/teams/37.png,https://d2zywfiolv4f83.cloudfront.net/img/teams/42.png,14,14
81,3,11217,25666,Germany Bundesliga,2026-2027,1995561,https://www.whoscored.com/matches/1995561/show/germany-bundesliga-2026-2027-elversberg-hamburger-sv,Dec 2026,,Elversberg,Hamburger SV,1134,38,,,2026-12-19,https://d2zywfiolv4f83.cloudfront.net/img/teams/1134.png,https://d2zywfiolv4f83.cloudfront.net/img/teams/38.png,14,14
81,3,11217,25666,Germany Bundesliga,2026-2027,1995564,https://www.whoscored.com/matches/1995564/show/germany-bundesliga-2026-2027-freiburg-vfb-stuttgart,Dec 2026,,Freiburg,VfB Stuttgart,50,41,,,2026-12-19,https://d2zywfiolv4f83.cloudfront.net/img/teams/50.png,https://d2zywfiolv4f83.cloudfront.net/img/teams/41.png,14,14
81,3,11217,25666,Germany Bundesliga,2026-2027,1995568,https://www.whoscored.com/matches/1995568/show/germany-bundesliga-2026-2027-mainz-05-fc-koln,Dec 2026,,Mainz 05,1. FC Köln,219,282,,,2026-12-19,https://d2zywfiolv4f83.cloudfront.net/img/teams/219.png,https://d2zywfiolv4f83.cloudfront.net/img/teams/282.png,14,14
81,3,11217,25666,Germany Bundesliga,2026-2027,1995571,https://www.whoscored.com/matches/1995571/show/germany-bundesliga-2026-2027-rb-leipzig-borussia-dortmund,Dec 2026,,RB Leipzig,Borussia Dortmund,7614,44,,,2026-12-19,https://d2zywfiolv4f83.cloudfront.net/img/teams/7614.png,https://d2zywfiolv4f83.cloudfront.net/img/teams/44.png,14,14
81,3,11217,25666,Germany Bundesliga,2026-2027,1995575,https://www.whoscored.com/matches/1995575/show/germany-bundesliga-2026-2027-schalke-04-borussia-m-gladbach,Dec 2026,,Schalke 04,Borussia Mönchengladbach,39,134,,,2026-12-19,https://d2zywfiolv4f83.cloudfront.net/img/teams/39.png,https://d2zywfiolv4f83.cloudfront.net/img/teams/134.png,14,14
81,3,11217,25666,Germany Bundesliga,2026-2027,1995579,https://www.whoscored.com/matches/1995579/show/germany-bundesliga-2026-2027-union-berlin-hoffenheim,Dec 2026,,Union Berlin,Hoffenheim,796,1211,,,2026-12-19,https://d2zywfiolv4f83.cloudfront.net/img/teams/796.png,https://d2zywfiolv4f83.cloudfront.net/img/teams/1211.png,14,14
81,3,11217,25666,Germany Bundesliga,2026-2027,1995481,https://www.whoscored.com/matches/1995481/show/germany-bundesliga-2026-2027-fc-koln-freiburg,Jan 2027,,1. FC Köln,Freiburg,282,50,,,2027-01-09,https://d2zywfiolv4f83.cloudfront.net/img/teams/282.png,https://d2zywfiolv4f83.cloudfront.net/img/teams/50.png,15,15
81,3,11217,25666,Germany Bundesliga,2026-2027,1995483,https://www.whoscored.com/matches/1995483/show/germany-bundesliga-2026-2027-hamburger-sv-bayer-leverkusen,Jan 2027,,Hamburger SV,Bayer Leverkusen,38,36,,,2027-01-09,https://d2zywfiolv4f83.cloudfront.net/img/teams/38.png,https://d2zywfiolv4f83.cloudfront.net/img/teams/36.png,15,15
81,3,11217,25666,Germany Bundesliga,2026-2027,1995496,https://www.whoscored.com/matches/1995496/show/germany-bundesliga-2026-2027-paderborn-rb-leipzig,Jan 2027,,Paderborn,RB Leipzig,810,7614,,,2027-01-09,https://d2zywfiolv4f83.cloudfront.net/img/teams/810.png,https://d2zywfiolv4f83.cloudfront.net/img/teams/7614.png,15,15
81,3,11217,25666,Germany Bundesliga,2026-2027,1995487,https://www.whoscored.com/matches/1995487/show/germany-bundesliga-2026-2027-hoffenheim-elversberg,Jan 2027,,Hoffenheim,Elversberg,1211,1134,,,2027-01-09,https://d2zywfiolv4f83.cloudfront.net/img/teams/1211.png,https://d2zywfiolv4f83.cloudfront.net/img/teams/1134.png,15,15
81,3,11217,25666,Germany Bundesliga,2026-2027,1995504,https://www.whoscored.com/matches/1995504/show/germany-bundesliga-2026-2027-vfb-stuttgart-augsburg,Jan 2027,,VfB Stuttgart,Augsburg,41,1730,,,2027-01-09,https://d2zywfiolv4f83.cloudfront.net/img/teams/41.png,https://d2zywfiolv4f83.cloudfront.net/img/teams/1730.png,15,15
81,3,11217,25666,Germany Bundesliga,2026-2027,1995510,https://www.whoscored.com/matches/1995510/show/germany-bundesliga-2026-2027-werder-bremen-union-berlin,Jan 2027,,Werder Bremen,Union Berlin,42,796,,,2027-01-09,https://d2zywfiolv4f83.cloudfront.net/img/teams/42.png,https://d2zywfiolv4f83.cloudfront.net/img/teams/796.png,15,15
81,3,11217,25666,Germany Bundesliga,2026-2027,1995584,https://www.whoscored.com/matches/1995584/show/germany-bundesliga-2026-2027-borussia-m-gladbach-bayern-munich,Jan 2027,,Borussia Mönchengladbach,Bayern München,134,37,,,2027-01-09,https://d2zywfiolv4f83.cloudfront.net/img/teams/134.png,https://d2zywfiolv4f83.cloudfront.net/img/teams/37.png,15,15
81,3,11217,25666,Germany Bundesliga,2026-2027,1995588,https://www.whoscored.com/matches/1995588/show/germany-bundesliga-2026-2027-borussia-dortmund-mainz-05,Jan 2027,,Borussia Dortmund,Mainz 05,44,219,,,2027-01-09,https://d2zywfiolv4f83.cloudfront.net/img/teams/44.png,https://d2zywfiolv4f83.cloudfront.net/img/teams/219.png,15,15
81,3,11217,25666,Germany Bundesliga,2026-2027,1995592,https://www.whoscored.com/matches/1995592/show/germany-bundesliga-2026-2027-eintracht-frankfurt-schalke-04,Jan 2027,,Eintracht Frankfurt,Schalke 04,45,39,,,2027-01-09,https://d2zywfiolv4f83.cloudfront.net/img/teams/45.png,https://d2zywfiolv4f83.cloudfront.net/img/teams/39.png,15,15
81,3,11217,25666,Germany Bundesliga,2026-2027,1995517,https://www.whoscored.com/matches/1995517/show/germany-bundesliga-2026-2027-augsburg-borussia-m-gladbach,Jan 2027,,Augsburg,Borussia Mönchengladbach,1730,134,,,2027-01-12,https://d2zywfiolv4f83.cloudfront.net/img/teams/1730.png,https://d2zywfiolv4f83.cloudfront.net/img/teams/134.png,16,16
81,3,11217,25666,Germany Bundesliga,2026-2027,1995521,https://www.whoscored.com/matches/1995521/show/germany-bundesliga-2026-2027-bayern-munich-bayer-leverkusen,Jan 2027,,Bayern München,Bayer Leverkusen,37,36,,,2027-01-12,https://d2zywfiolv4f83.cloudfront.net/img/teams/37.png,https://d2zywfiolv4f83.cloudfront.net/img/teams/36.png,16,16
81,3,11217,25666,Germany Bundesliga,2026-2027,1995524,https://www.whoscored.com/matches/1995524/show/germany-bundesliga-2026-2027-elversberg-eintracht-frankfurt,Jan 2027,,Elversberg,Eintracht Frankfurt,1134,45,,,2027-01-12,https://d2zywfiolv4f83.cloudfront.net/img/teams/1134.png,https://d2zywfiolv4f83.cloudfront.net/img/teams/45.png,16,16
81,3,11217,25666,Germany Bundesliga,2026-2027,1995527,https://www.whoscored.com/matches/1995527/show/germany-bundesliga-2026-2027-fc-koln-borussia-dortmund,Jan 2027,,1. FC Köln,Borussia Dortmund,282,44,,,2027-01-12,https://d2zywfiolv4f83.cloudfront.net/img/teams/282.png,https://d2zywfiolv4f83.cloudfront.net/img/teams/44.png,16,16
81,3,11217,25666,Germany Bundesliga,2026-2027,1995531,https://www.whoscored.com/matches/1995531/show/germany-bundesliga-2026-2027-freiburg-hamburger-sv,Jan 2027,,Freiburg,Hamburger SV,50,38,,,2027-01-12,https://d2zywfiolv4f83.cloudfront.net/img/teams/50.png,https://d2zywfiolv4f83.cloudfront.net/img/teams/38.png,16,16
81,3,11217,25666,Germany Bundesliga,2026-2027,1995534,https://www.whoscored.com/matches/1995534/show/germany-bundesliga-2026-2027-mainz-05-hoffenheim,Jan 2027,,Mainz 05,Hoffenheim,219,1211,,,2027-01-12,https://d2zywfiolv4f83.cloudfront.net/img/teams/219.png,https://d2zywfiolv4f83.cloudfront.net/img/teams/1211.png,16,16
81,3,11217,25666,Germany Bundesliga,2026-2027,1995538,https://www.whoscored.com/matches/1995538/show/germany-bundesliga-2026-2027-rb-leipzig-vfb-stuttgart,Jan 2027,,RB Leipzig,VfB Stuttgart,7614,41,,,2027-01-12,https://d2zywfiolv4f83.cloudfront.net/img/teams/7614.png,https://d2zywfiolv4f83.cloudfront.net/img/teams/41.png,16,16
81,3,11217,25666,Germany Bundesliga,2026-2027,1995541,https://www.whoscored.com/matches/1995541/show/germany-bundesliga-2026-2027-schalke-04-werder-bremen,Jan 2027,,Schalke 04,Werder Bremen,39,42,,,2027-01-12,https://d2zywfiolv4f83.cloudfront.net/img/teams/39.png,https://d2zywfiolv4f83.cloudfront.net/img/teams/42.png,16,16
81,3,11217,25666,Germany Bundesliga,2026-2027,1995544,https://www.whoscored.com/matches/1995544/show/germany-bundesliga-2026-2027-union-berlin-paderborn,Jan 2027,,Union Berlin,Paderborn,796,810,,,2027-01-12,https://d2zywfiolv4f83.cloudfront.net/img/teams/796.png,https://d2zywfiolv4f83.cloudfront.net/img/teams/810.png,16,16
81,3,11217,25666,Germany Bundesliga,2026-2027,1995548,https://www.whoscored.com/matches/1995548/show/germany-bundesliga-2026-2027-bayer-leverkusen-schalke-04,Jan 2027,,Bayer Leverkusen,Schalke 04,36,39,,,2027-01-16,https://d2zywfiolv4f83.cloudfront.net/img/teams/36.png,https://d2zywfiolv4f83.cloudfront.net/img/teams/39.png,17,17
81,3,11217,25666,Germany Bundesliga,2026-2027,1995552,https://www.whoscored.com/matches/1995552/show/germany-bundesliga-2026-2027-borussia-m-gladbach-union-berlin,Jan 2027,,Borussia Mönchengladbach,Union Berlin,134,796,,,2027-01-16,https://d2zywfiolv4f83.cloudfront.net/img/teams/134.png,https://d2zywfiolv4f83.cloudfront.net/img/teams/796.png,17,17
81,3,11217,25666,Germany Bundesliga,2026-2027,1995556,https://www.whoscored.com/matches/1995556/show/germany-bundesliga-2026-2027-borussia-dortmund-freiburg,Jan 2027,,Borussia Dortmund,Freiburg,44,50,,,2027-01-16,https://d2zywfiolv4f83.cloudfront.net/img/teams/44.png,https://d2zywfiolv4f83.cloudfront.net/img/teams/50.png,17,17
81,3,11217,25666,Germany Bundesliga,2026-2027,1995560,https://www.whoscored.com/matches/1995560/show/germany-bundesliga-2026-2027-eintracht-frankfurt-bayern-munich,Jan 2027,,Eintracht Frankfurt,Bayern München,45,37,,,2027-01-16,https://d2zywfiolv4f83.cloudfront.net/img/teams/45.png,https://d2zywfiolv4f83.cloudfront.net/img/teams/37.png,17,17
81,3,11217,25666,Germany Bundesliga,2026-2027,1995563,https://www.whoscored.com/matches/1995563/show/germany-bundesliga-2026-2027-hamburger-sv-augsburg,Jan 2027,,Hamburger SV,Augsburg,38,1730,,,2027-01-16,https://d2zywfiolv4f83.cloudfront.net/img/teams/38.png,https://d2zywfiolv4f83.cloudfront.net/img/teams/1730.png,17,17
81,3,11217,25666,Germany Bundesliga,2026-2027,1995567,https://www.whoscored.com/matches/1995567/show/germany-bundesliga-2026-2027-hoffenheim-rb-leipzig,Jan 2027,,Hoffenheim,RB Leipzig,1211,7614,,,2027-01-16,https://d2zywfiolv4f83.cloudfront.net/img/teams/1211.png,https://d2zywfiolv4f83.cloudfront.net/img/teams/7614.png,17,17
81,3,11217,25666,Germany Bundesliga,2026-2027,1995570,https://www.whoscored.com/matches/1995570/show/germany-bundesliga-2026-2027-paderborn-fc-koln,Jan 2027,,Paderborn,1. FC Köln,810,282,,,2027-01-16,https://d2zywfiolv4f83.cloudfront.net/img/teams/810.png,https://d2zywfiolv4f83.cloudfront.net/img/teams/282.png,17,17
81,3,11217,25666,Germany Bundesliga,2026-2027,1995573,https://www.whoscored.com/matches/1995573/show/germany-bundesliga-2026-2027-vfb-stuttgart-mainz-05,Jan 2027,,VfB Stuttgart,Mainz 05,41,219,,,2027-01-16,https://d2zywfiolv4f83.cloudfront.net/img/teams/41.png,https://d2zywfiolv4f83.cloudfront.net/img/teams/219.png,17,17
81,3,11217,25666,Germany Bundesliga,2026-2027,1995577,https://www.whoscored.com/matches/1995577/show/germany-bundesliga-2026-2027-werder-bremen-elversberg,Jan 2027,,Werder Bremen,Elversberg,42,1134,,,2027-01-16,https://d2zywfiolv4f83.cloudfront.net/img/teams/42.png,https://d2zywfiolv4f83.cloudfront.net/img/teams/1134.png,17,17
81,3,11217,25666,Germany Bundesliga,2026-2027,1995581,https://www.whoscored.com/matches/1995581/show/germany-bundesliga-2026-2027-bayer-leverkusen-elversberg,Jan 2027,,Bayer Leverkusen,Elversberg,36,1134,,,2027-01-23,https://d2zywfiolv4f83.cloudfront.net/img/teams/36.png,https://d2zywfiolv4f83.cloudfront.net/img/teams/1134.png,18,18
81,3,11217,25666,Germany Bundesliga,2026-2027,1995486,https://www.whoscored.com/matches/1995486/show/germany-bundesliga-2026-2027-werder-bremen-freiburg,Jan 2027,,Werder Bremen,Freiburg,42,50,,,2027-01-23,https://d2zywfiolv4f83.cloudfront.net/img/teams/42.png,https://d2zywfiolv4f83.cloudfront.net/img/teams/50.png,18,18
81,3,11217,25666,Germany Bundesliga,2026-2027,1995482,https://www.whoscored.com/matches/1995482/show/germany-bundesliga-2026-2027-vfb-stuttgart-bayern-munich,Jan 2027,,VfB Stuttgart,Bayern München,41,37,,,2027-01-23,https://d2zywfiolv4f83.cloudfront.net/img/teams/41.png,https://d2zywfiolv4f83.cloudfront.net/img/teams/37.png,18,18
81,3,11217,25666,Germany Bundesliga,2026-2027,1995593,https://www.whoscored.com/matches/1995593/show/germany-bundesliga-2026-2027-hamburger-sv-borussia-dortmund,Jan 2027,,Hamburger SV,Borussia Dortmund,38,44,,,2027-01-23,https://d2zywfiolv4f83.cloudfront.net/img/teams/38.png,https://d2zywfiolv4f83.cloudfront.net/img/teams/44.png,18,18
81,3,11217,25666,Germany Bundesliga,2026-2027,1995596,https://www.whoscored.com/matches/1995596/show/germany-bundesliga-2026-2027-hoffenheim-fc-koln,Jan 2027,,Hoffenheim,1. FC Köln,1211,282,,,2027-01-23,https://d2zywfiolv4f83.cloudfront.net/img/teams/1211.png,https://d2zywfiolv4f83.cloudfront.net/img/teams/282.png,18,18
81,3,11217,25666,Germany Bundesliga,2026-2027,1995599,https://www.whoscored.com/matches/1995599/show/germany-bundesliga-2026-2027-paderborn-mainz-05,Jan 2027,,Paderborn,Mainz 05,810,219,,,2027-01-23,https://d2zywfiolv4f83.cloudfront.net/img/teams/810.png,https://d2zywfiolv4f83.cloudfront.net/img/teams/219.png,18,18
81,3,11217,25666,Germany Bundesliga,2026-2027,1995602,https://www.whoscored.com/matches/1995602/show/germany-bundesliga-2026-2027-schalke-04-augsburg,Jan 2027,,Schalke 04,Augsburg,39,1730,,,2027-01-23,https://d2zywfiolv4f83.cloudfront.net/img/teams/39.png,https://d2zywfiolv4f83.cloudfront.net/img/teams/1730.png,18,18
81,3,11217,25666,Germany Bundesliga,2026-2027,1995589,https://www.whoscored.com/matches/1995589/show/germany-bundesliga-2026-2027-eintracht-frankfurt-union-berlin,Jan 2027,,Eintracht Frankfurt,Union Berlin,45,796,,,2027-01-23,https://d2zywfiolv4f83.cloudfront.net/img/teams/45.png,https://d2zywfiolv4f83.cloudfront.net/img/teams/796.png,18,18
81,3,11217,25666,Germany Bundesliga,2026-2027,1995585,https://www.whoscored.com/matches/1995585/show/germany-bundesliga-2026-2027-borussia-m-gladbach-rb-leipzig,Jan 2027,,Borussia Mönchengladbach,RB Leipzig,134,7614,,,2027-01-23,https://d2zywfiolv4f83.cloudfront.net/img/teams/134.png,https://d2zywfiolv4f83.cloudfront.net/img/teams/7614.png,18,18
81,3,11217,25666,Germany Bundesliga,2026-2027,1995497,https://www.whoscored.com/matches/1995497/show/germany-bundesliga-2026-2027-borussia-dortmund-hoffenheim,Jan 2027,,Borussia Dortmund,Hoffenheim,44,1211,,,2027-01-30,https://d2zywfiolv4f83.cloudfront.net/img/teams/44.png,https://d2zywfiolv4f83.cloudfront.net/img/teams/1211.png,19,19
81,3,11217,25666,Germany Bundesliga,2026-2027,1995500,https://www.whoscored.com/matches/1995500/show/germany-bundesliga-2026-2027-elversberg-borussia-m-gladbach,Jan 2027,,Elversberg,Borussia Mönchengladbach,1134,134,,,2027-01-30,https://d2zywfiolv4f83.cloudfront.net/img/teams/1134.png,https://d2zywfiolv4f83.cloudfront.net/img/teams/134.png,19,19
81,3,11217,25666,Germany Bundesliga,2026-2027,1995503,https://www.whoscored.com/matches/1995503/show/germany-bundesliga-2026-2027-fc-koln-vfb-stuttgart,Jan 2027,,1. FC Köln,VfB Stuttgart,282,41,,,2027-01-30,https://d2zywfiolv4f83.cloudfront.net/img/teams/282.png,https://d2zywfiolv4f83.cloudfront.net/img/teams/41.png,19,19
81,3,11217,25666,Germany Bundesliga,2026-2027,1995519,https://www.whoscored.com/matches/1995519/show/germany-bundesliga-2026-2027-union-berlin-bayer-leverkusen,Jan 2027,,Union Berlin,Bayer Leverkusen,796,36,,,2027-01-30,https://d2zywfiolv4f83.cloudfront.net/img/teams/796.png,https://d2zywfiolv4f83.cloudfront.net/img/teams/36.png,19,19
81,3,11217,25666,Germany Bundesliga,2026-2027,1995513,https://www.whoscored.com/matches/1995513/show/germany-bundesliga-2026-2027-mainz-05-hamburger-sv,Jan 2027,,Mainz 05,Hamburger SV,219,38,,,2027-01-30,https://d2zywfiolv4f83.cloudfront.net/img/teams/219.png,https://d2zywfiolv4f83.cloudfront.net/img/teams/38.png,19,19
81,3,11217,25666,Germany Bundesliga,2026-2027,1995516,https://www.whoscored.com/matches/1995516/show/germany-bundesliga-2026-2027-rb-leipzig-werder-bremen,Jan 2027,,RB Leipzig,Werder Bremen,7614,42,,,2027-01-30,https://d2zywfiolv4f83.cloudfront.net/img/teams/7614.png,https://d2zywfiolv4f83.cloudfront.net/img/teams/42.png,19,19
81,3,11217,25666,Germany Bundesliga,2026-2027,1995507,https://www.whoscored.com/matches/1995507/show/germany-bundesliga-2026-2027-freiburg-paderborn,Jan 2027,,Freiburg,Paderborn,50,810,,,2027-01-30,https://d2zywfiolv4f83.cloudfront.net/img/teams/50.png,https://d2zywfiolv4f83.cloudfront.net/img/teams/810.png,19,19
81,3,11217,25666,Germany Bundesliga,2026-2027,1995490,https://www.whoscored.com/matches/1995490/show/germany-bundesliga-2026-2027-augsburg-eintracht-frankfurt,Jan 2027,,Augsburg,Eintracht Frankfurt,1730,45,,,2027-01-30,https://d2zywfiolv4f83.cloudfront.net/img/teams/1730.png,https://d2zywfiolv4f83.cloudfront.net/img/teams/45.png,19,19
81,3,11217,25666,Germany Bundesliga,2026-2027,1995493,https://www.whoscored.com/matches/1995493/show/germany-bundesliga-2026-2027-bayern-munich-schalke-04,Jan 2027,,Bayern München,Schalke 04,37,39,,,2027-01-30,https://d2zywfiolv4f83.cloudfront.net/img/teams/37.png,https://d2zywfiolv4f83.cloudfront.net/img/teams/39.png,19,19
81,3,11217,25666,Germany Bundesliga,2026-2027,1995523,https://www.whoscored.com/matches/1995523/show/germany-bundesliga-2026-2027-bayer-leverkusen-augsburg,Feb 2027,,Bayer Leverkusen,Augsburg,36,1730,,,2027-02-06,https://d2zywfiolv4f83.cloudfront.net/img/teams/36.png,https://d2zywfiolv4f83.cloudfront.net/img/teams/1730.png,20,20
81,3,11217,25666,Germany Bundesliga,2026-2027,1995529,https://www.whoscored.com/matches/1995529/show/germany-bundesliga-2026-2027-bayern-munich-elversberg,Feb 2027,,Bayern München,Elversberg,37,1134,,,2027-02-06,https://d2zywfiolv4f83.cloudfront.net/img/teams/37.png,https://d2zywfiolv4f83.cloudfront.net/img/teams/1134.png,20,20
81,3,11217,25666,Germany Bundesliga,2026-2027,1995536,https://www.whoscored.com/matches/1995536/show/germany-bundesliga-2026-2027-borussia-m-gladbach-freiburg,Feb 2027,,Borussia Mönchengladbach,Freiburg,134,50,,,2027-02-06,https://d2zywfiolv4f83.cloudfront.net/img/teams/134.png,https://d2zywfiolv4f83.cloudfront.net/img/teams/50.png,20,20
81,3,11217,25666,Germany Bundesliga,2026-2027,1995542,https://www.whoscored.com/matches/1995542/show/germany-bundesliga-2026-2027-eintracht-frankfurt-mainz-05,Feb 2027,,Eintracht Frankfurt,Mainz 05,45,219,,,2027-02-06,https://d2zywfiolv4f83.cloudfront.net/img/teams/45.png,https://d2zywfiolv4f83.cloudfront.net/img/teams/219.png,20,20
81,3,11217,25666,Germany Bundesliga,2026-2027,1995555,https://www.whoscored.com/matches/1995555/show/germany-bundesliga-2026-2027-schalke-04-union-berlin,Feb 2027,,Schalke 04,Union Berlin,39,796,,,2027-02-06,https://d2zywfiolv4f83.cloudfront.net/img/teams/39.png,https://d2zywfiolv4f83.cloudfront.net/img/teams/796.png,20,20
81,3,11217,25666,Germany Bundesliga,2026-2027,1995559,https://www.whoscored.com/matches/1995559/show/germany-bundesliga-2026-2027-vfb-stuttgart-hoffenheim,Feb 2027,,VfB Stuttgart,Hoffenheim,41,1211,,,2027-02-06,https://d2zywfiolv4f83.cloudfront.net/img/teams/41.png,https://d2zywfiolv4f83.cloudfront.net/img/teams/1211.png,20,20
81,3,11217,25666,Germany Bundesliga,2026-2027,1995562,https://www.whoscored.com/matches/1995562/show/germany-bundesliga-2026-2027-werder-bremen-fc-koln,Feb 2027,,Werder Bremen,1. FC Köln,42,282,,,2027-02-06,https://d2zywfiolv4f83.cloudfront.net/img/teams/42.png,https://d2zywfiolv4f83.cloudfront.net/img/teams/282.png,20,20
81,3,11217,25666,Germany Bundesliga,2026-2027,1995545,https://www.whoscored.com/matches/1995545/show/germany-bundesliga-2026-2027-hamburger-sv-rb-leipzig,Feb 2027,,Hamburger SV,RB Leipzig,38,7614,,,2027-02-06,https://d2zywfiolv4f83.cloudfront.net/img/teams/38.png,https://d2zywfiolv4f83.cloudfront.net/img/teams/7614.png,20,20
81,3,11217,25666,Germany Bundesliga,2026-2027,1995549,https://www.whoscored.com/matches/1995549/show/germany-bundesliga-2026-2027-paderborn-borussia-dortmund,Feb 2027,,Paderborn,Borussia Dortmund,810,44,,,2027-02-06,https://d2zywfiolv4f83.cloudfront.net/img/teams/810.png,https://d2zywfiolv4f83.cloudfront.net/img/teams/44.png,20,20
81,3,11217,25666,Germany Bundesliga,2026-2027,1995566,https://www.whoscored.com/matches/1995566/show/germany-bundesliga-2026-2027-augsburg-werder-bremen,Feb 2027,,Augsburg,Werder Bremen,1730,42,,,2027-02-13,https://d2zywfiolv4f83.cloudfront.net/img/teams/1730.png,https://d2zywfiolv4f83.cloudfront.net/img/teams/42.png,21,21
81,3,11217,25666,Germany Bundesliga,2026-2027,1995569,https://www.whoscored.com/matches/1995569/show/germany-bundesliga-2026-2027-borussia-dortmund-vfb-stuttgart,Feb 2027,,Borussia Dortmund,VfB Stuttgart,44,41,,,2027-02-13,https://d2zywfiolv4f83.cloudfront.net/img/teams/44.png,https://d2zywfiolv4f83.cloudfront.net/img/teams/41.png,21,21
81,3,11217,25666,Germany Bundesliga,2026-2027,1995572,https://www.whoscored.com/matches/1995572/show/germany-bundesliga-2026-2027-elversberg-schalke-04,Feb 2027,,Elversberg,Schalke 04,1134,39,,,2027-02-13,https://d2zywfiolv4f83.cloudfront.net/img/teams/1134.png,https://d2zywfiolv4f83.cloudfront.net/img/teams/39.png,21,21
81,3,11217,25666,Germany Bundesliga,2026-2027,1995576,https://www.whoscored.com/matches/1995576/show/germany-bundesliga-2026-2027-fc-koln-hamburger-sv,Feb 2027,,1. FC Köln,Hamburger SV,282,38,,,2027-02-13,https://d2zywfiolv4f83.cloudfront.net/img/teams/282.png,https://d2zywfiolv4f83.cloudfront.net/img/teams/38.png,21,21
81,3,11217,25666,Germany Bundesliga,2026-2027,1995580,https://www.whoscored.com/matches/1995580/show/germany-bundesliga-2026-2027-freiburg-eintracht-frankfurt,Feb 2027,,Freiburg,Eintracht Frankfurt,50,45,,,2027-02-13,https://d2zywfiolv4f83.cloudfront.net/img/teams/50.png,https://d2zywfiolv4f83.cloudfront.net/img/teams/45.png,21,21
81,3,11217,25666,Germany Bundesliga,2026-2027,1995583,https://www.whoscored.com/matches/1995583/show/germany-bundesliga-2026-2027-hoffenheim-paderborn,Feb 2027,,Hoffenheim,Paderborn,1211,810,,,2027-02-13,https://d2zywfiolv4f83.cloudfront.net/img/teams/1211.png,https://d2zywfiolv4f83.cloudfront.net/img/teams/810.png,21,21
81,3,11217,25666,Germany Bundesliga,2026-2027,1995587,https://www.whoscored.com/matches/1995587/show/germany-bundesliga-2026-2027-mainz-05-borussia-m-gladbach,Feb 2027,,Mainz 05,Borussia Mönchengladbach,219,134,,,2027-02-13,https://d2zywfiolv4f83.cloudfront.net/img/teams/219.png,https://d2zywfiolv4f83.cloudfront.net/img/teams/134.png,21,21
81,3,11217,25666,Germany Bundesliga,2026-2027,1995484,https://www.whoscored.com/matches/1995484/show/germany-bundesliga-2026-2027-rb-leipzig-bayer-leverkusen,Feb 2027,,RB Leipzig,Bayer Leverkusen,7614,36,,,2027-02-13,https://d2zywfiolv4f83.cloudfront.net/img/teams/7614.png,https://d2zywfiolv4f83.cloudfront.net/img/teams/36.png,21,21
81,3,11217,25666,Germany Bundesliga,2026-2027,1995488,https://www.whoscored.com/matches/1995488/show/germany-bundesliga-2026-2027-union-berlin-bayern-munich,Feb 2027,,Union Berlin,Bayern München,796,37,,,2027-02-13,https://d2zywfiolv4f83.cloudfront.net/img/teams/796.png,https://d2zywfiolv4f83.cloudfront.net/img/teams/37.png,21,21
81,3,11217,25666,Germany Bundesliga,2026-2027,1995491,https://www.whoscored.com/matches/1995491/show/germany-bundesliga-2026-2027-bayer-leverkusen-mainz-05,Feb 2027,,Bayer Leverkusen,Mainz 05,36,219,,,2027-02-20,https://d2zywfiolv4f83.cloudfront.net/img/teams/36.png,https://d2zywfiolv4f83.cloudfront.net/img/teams/219.png,22,22
81,3,11217,25666,Germany Bundesliga,2026-2027,1995494,https://www.whoscored.com/matches/1995494/show/germany-bundesliga-2026-2027-bayern-munich-augsburg,Feb 2027,,Bayern München,Augsburg,37,1730,,,2027-02-20,https://d2zywfiolv4f83.cloudfront.net/img/teams/37.png,https://d2zywfiolv4f83.cloudfront.net/img/teams/1730.png,22,22
81,3,11217,25666,Germany Bundesliga,2026-2027,1995498,https://www.whoscored.com/matches/1995498/show/germany-bundesliga-2026-2027-borussia-m-gladbach-fc-koln,Feb 2027,,Borussia Mönchengladbach,1. FC Köln,134,282,,,2027-02-20,https://d2zywfiolv4f83.cloudfront.net/img/teams/134.png,https://d2zywfiolv4f83.cloudfront.net/img/teams/282.png,22,22
81,3,11217,25666,Germany Bundesliga,2026-2027,1995501,https://www.whoscored.com/matches/1995501/show/germany-bundesliga-2026-2027-eintracht-frankfurt-rb-leipzig,Feb 2027,,Eintracht Frankfurt,RB Leipzig,45,7614,,,2027-02-20,https://d2zywfiolv4f83.cloudfront.net/img/teams/45.png,https://d2zywfiolv4f83.cloudfront.net/img/teams/7614.png,22,22
81,3,11217,25666,Germany Bundesliga,2026-2027,1995505,https://www.whoscored.com/matches/1995505/show/germany-bundesliga-2026-2027-elversberg-union-berlin,Feb 2027,,Elversberg,Union Berlin,1134,796,,,2027-02-20,https://d2zywfiolv4f83.cloudfront.net/img/teams/1134.png,https://d2zywfiolv4f83.cloudfront.net/img/teams/796.png,22,22
81,3,11217,25666,Germany Bundesliga,2026-2027,1995509,https://www.whoscored.com/matches/1995509/show/germany-bundesliga-2026-2027-hamburger-sv-hoffenheim,Feb 2027,,Hamburger SV,Hoffenheim,38,1211,,,2027-02-20,https://d2zywfiolv4f83.cloudfront.net/img/teams/38.png,https://d2zywfiolv4f83.cloudfront.net/img/teams/1211.png,22,22
81,3,11217,25666,Germany Bundesliga,2026-2027,1995512,https://www.whoscored.com/matches/1995512/show/germany-bundesliga-2026-2027-schalke-04-freiburg,Feb 2027,,Schalke 04,Freiburg,39,50,,,2027-02-20,https://d2zywfiolv4f83.cloudfront.net/img/teams/39.png,https://d2zywfiolv4f83.cloudfront.net/img/teams/50.png,22,22
81,3,11217,25666,Germany Bundesliga,2026-2027,1995515,https://www.whoscored.com/matches/1995515/show/germany-bundesliga-2026-2027-vfb-stuttgart-paderborn,Feb 2027,,VfB Stuttgart,Paderborn,41,810,,,2027-02-20,https://d2zywfiolv4f83.cloudfront.net/img/teams/41.png,https://d2zywfiolv4f83.cloudfront.net/img/teams/810.png,22,22
81,3,11217,25666,Germany Bundesliga,2026-2027,1995518,https://www.whoscored.com/matches/1995518/show/germany-bundesliga-2026-2027-werder-bremen-borussia-dortmund,Feb 2027,,Werder Bremen,Borussia Dortmund,42,44,,,2027-02-20,https://d2zywfiolv4f83.cloudfront.net/img/teams/42.png,https://d2zywfiolv4f83.cloudfront.net/img/teams/44.png,22,22
81,3,11217,25666,Germany Bundesliga,2026-2027,1995522,https://www.whoscored.com/matches/1995522/show/germany-bundesliga-2026-2027-augsburg-elversberg,Feb 2027,,Augsburg,Elversberg,1730,1134,,,2027-02-27,https://d2zywfiolv4f83.cloudfront.net/img/teams/1730.png,https://d2zywfiolv4f83.cloudfront.net/img/teams/1134.png,23,23
81,3,11217,25666,Germany Bundesliga,2026-2027,1995543,https://www.whoscored.com/matches/1995543/show/germany-bundesliga-2026-2027-paderborn-werder-bremen,Feb 2027,,Paderborn,Werder Bremen,810,42,,,2027-02-27,https://d2zywfiolv4f83.cloudfront.net/img/teams/810.png,https://d2zywfiolv4f83.cloudfront.net/img/teams/42.png,23,23
81,3,11217,25666,Germany Bundesliga,2026-2027,1995539,https://www.whoscored.com/matches/1995539/show/germany-bundesliga-2026-2027-mainz-05-schalke-04,Feb 2027,,Mainz 05,Schalke 04,219,39,,,2027-02-27,https://d2zywfiolv4f83.cloudfront.net/img/teams/219.png,https://d2zywfiolv4f83.cloudfront.net/img/teams/39.png,23,23
81,3,11217,25666,Germany Bundesliga,2026-2027,1995532,https://www.whoscored.com/matches/1995532/show/germany-bundesliga-2026-2027-freiburg-bayer-leverkusen,Feb 2027,,Freiburg,Bayer Leverkusen,50,36,,,2027-02-27,https://d2zywfiolv4f83.cloudfront.net/img/teams/50.png,https://d2zywfiolv4f83.cloudfront.net/img/teams/36.png,23,23
81,3,11217,25666,Germany Bundesliga,2026-2027,1995535,https://www.whoscored.com/matches/1995535/show/germany-bundesliga-2026-2027-hoffenheim-borussia-m-gladbach,Feb 2027,,Hoffenheim,Borussia Mönchengladbach,1211,134,,,2027-02-27,https://d2zywfiolv4f83.cloudfront.net/img/teams/1211.png,https://d2zywfiolv4f83.cloudfront.net/img/teams/134.png,23,23
81,3,11217,25666,Germany Bundesliga,2026-2027,1995525,https://www.whoscored.com/matches/1995525/show/germany-bundesliga-2026-2027-borussia-dortmund-union-berlin,Feb 2027,,Borussia Dortmund,Union Berlin,44,796,,,2027-02-27,https://d2zywfiolv4f83.cloudfront.net/img/teams/44.png,https://d2zywfiolv4f83.cloudfront.net/img/teams/796.png,23,23
81,3,11217,25666,Germany Bundesliga,2026-2027,1995528,https://www.whoscored.com/matches/1995528/show/germany-bundesliga-2026-2027-fc-koln-eintracht-frankfurt,Feb 2027,,1. FC Köln,Eintracht Frankfurt,282,45,,,2027-02-27,https://d2zywfiolv4f83.cloudfront.net/img/teams/282.png,https://d2zywfiolv4f83.cloudfront.net/img/teams/45.png,23,23
81,3,11217,25666,Germany Bundesliga,2026-2027,1995551,https://www.whoscored.com/matches/1995551/show/germany-bundesliga-2026-2027-vfb-stuttgart-hamburger-sv,Feb 2027,,VfB Stuttgart,Hamburger SV,41,38,,,2027-02-27,https://d2zywfiolv4f83.cloudfront.net/img/teams/41.png,https://d2zywfiolv4f83.cloudfront.net/img/teams/38.png,23,23
81,3,11217,25666,Germany Bundesliga,2026-2027,1995547,https://www.whoscored.com/matches/1995547/show/germany-bundesliga-2026-2027-rb-leipzig-bayern-munich,Feb 2027,,RB Leipzig,Bayern München,7614,37,,,2027-02-27,https://d2zywfiolv4f83.cloudfront.net/img/teams/7614.png,https://d2zywfiolv4f83.cloudfront.net/img/teams/37.png,23,23
81,3,11217,25666,Germany Bundesliga,2026-2027,1995554,https://www.whoscored.com/matches/1995554/show/germany-bundesliga-2026-2027-bayer-leverkusen-hoffenheim,Mar 2027,,Bayer Leverkusen,Hoffenheim,36,1211,,,2027-03-02,https://d2zywfiolv4f83.cloudfront.net/img/teams/36.png,https://d2zywfiolv4f83.cloudfront.net/img/teams/1211.png,24,24
81,3,11217,25666,Germany Bundesliga,2026-2027,1995558,https://www.whoscored.com/matches/1995558/show/germany-bundesliga-2026-2027-bayern-munich-freiburg,Mar 2027,,Bayern München,Freiburg,37,50,,,2027-03-02,https://d2zywfiolv4f83.cloudfront.net/img/teams/37.png,https://d2zywfiolv4f83.cloudfront.net/img/teams/50.png,24,24
81,3,11217,25666,Germany Bundesliga,2026-2027,1995565,https://www.whoscored.com/matches/1995565/show/germany-bundesliga-2026-2027-borussia-m-gladbach-vfb-stuttgart,Mar 2027,,Borussia Mönchengladbach,VfB Stuttgart,134,41,,,2027-03-02,https://d2zywfiolv4f83.cloudfront.net/img/teams/134.png,https://d2zywfiolv4f83.cloudfront.net/img/teams/41.png,24,24
81,3,11217,25666,Germany Bundesliga,2026-2027,1995574,https://www.whoscored.com/matches/1995574/show/germany-bundesliga-2026-2027-eintracht-frankfurt-borussia-dortmund,Mar 2027,,Eintracht Frankfurt,Borussia Dortmund,45,44,,,2027-03-02,https://d2zywfiolv4f83.cloudfront.net/img/teams/45.png,https://d2zywfiolv4f83.cloudfront.net/img/teams/44.png,24,24
81,3,11217,25666,Germany Bundesliga,2026-2027,1995578,https://www.whoscored.com/matches/1995578/show/germany-bundesliga-2026-2027-elversberg-rb-leipzig,Mar 2027,,Elversberg,RB Leipzig,1134,7614,,,2027-03-02,https://d2zywfiolv4f83.cloudfront.net/img/teams/1134.png,https://d2zywfiolv4f83.cloudfront.net/img/teams/7614.png,24,24
81,3,11217,25666,Germany Bundesliga,2026-2027,1995582,https://www.whoscored.com/matches/1995582/show/germany-bundesliga-2026-2027-hamburger-sv-paderborn,Mar 2027,,Hamburger SV,Paderborn,38,810,,,2027-03-02,https://d2zywfiolv4f83.cloudfront.net/img/teams/38.png,https://d2zywfiolv4f83.cloudfront.net/img/teams/810.png,24,24
81,3,11217,25666,Germany Bundesliga,2026-2027,1995586,https://www.whoscored.com/matches/1995586/show/germany-bundesliga-2026-2027-schalke-04-fc-koln,Mar 2027,,Schalke 04,1. FC Köln,39,282,,,2027-03-02,https://d2zywfiolv4f83.cloudfront.net/img/teams/39.png,https://d2zywfiolv4f83.cloudfront.net/img/teams/282.png,24,24
81,3,11217,25666,Germany Bundesliga,2026-2027,1995590,https://www.whoscored.com/matches/1995590/show/germany-bundesliga-2026-2027-union-berlin-augsburg,Mar 2027,,Union Berlin,Augsburg,796,1730,,,2027-03-02,https://d2zywfiolv4f83.cloudfront.net/img/teams/796.png,https://d2zywfiolv4f83.cloudfront.net/img/teams/1730.png,24,24
81,3,11217,25666,Germany Bundesliga,2026-2027,1995643,https://www.whoscored.com/matches/1995643/show/germany-bundesliga-2026-2027-werder-bremen-mainz-05,Mar 2027,,Werder Bremen,Mainz 05,42,219,,,2027-03-02,https://d2zywfiolv4f83.cloudfront.net/img/teams/42.png,https://d2zywfiolv4f83.cloudfront.net/img/teams/219.png,24,24
81,3,11217,25666,Germany Bundesliga,2026-2027,1995647,https://www.whoscored.com/matches/1995647/show/germany-bundesliga-2026-2027-borussia-dortmund-bayern-munich,Mar 2027,,Borussia Dortmund,Bayern München,44,37,,,2027-03-06,https://d2zywfiolv4f83.cloudfront.net/img/teams/44.png,https://d2zywfiolv4f83.cloudfront.net/img/teams/37.png,25,25
81,3,11217,25666,Germany Bundesliga,2026-2027,1995650,https://www.whoscored.com/matches/1995650/show/germany-bundesliga-2026-2027-fc-koln-union-berlin,Mar 2027,,1. FC Köln,Union Berlin,282,796,,,2027-03-06,https://d2zywfiolv4f83.cloudfront.net/img/teams/282.png,https://d2zywfiolv4f83.cloudfront.net/img/teams/796.png,25,25
81,3,11217,25666,Germany Bundesliga,2026-2027,1995653,https://www.whoscored.com/matches/1995653/show/germany-bundesliga-2026-2027-freiburg-augsburg,Mar 2027,,Freiburg,Augsburg,50,1730,,,2027-03-06,https://d2zywfiolv4f83.cloudfront.net/img/teams/50.png,https://d2zywfiolv4f83.cloudfront.net/img/teams/1730.png,25,25
81,3,11217,25666,Germany Bundesliga,2026-2027,1995591,https://www.whoscored.com/matches/1995591/show/germany-bundesliga-2026-2027-hamburger-sv-eintracht-frankfurt,Mar 2027,,Hamburger SV,Eintracht Frankfurt,38,45,,,2027-03-06,https://d2zywfiolv4f83.cloudfront.net/img/teams/38.png,https://d2zywfiolv4f83.cloudfront.net/img/teams/45.png,25,25
81,3,11217,25666,Germany Bundesliga,2026-2027,1995595,https://www.whoscored.com/matches/1995595/show/germany-bundesliga-2026-2027-hoffenheim-werder-bremen,Mar 2027,,Hoffenheim,Werder Bremen,1211,42,,,2027-03-06,https://d2zywfiolv4f83.cloudfront.net/img/teams/1211.png,https://d2zywfiolv4f83.cloudfront.net/img/teams/42.png,25,25
81,3,11217,25666,Germany Bundesliga,2026-2027,1995598,https://www.whoscored.com/matches/1995598/show/germany-bundesliga-2026-2027-mainz-05-elversberg,Mar 2027,,Mainz 05,Elversberg,219,1134,,,2027-03-06,https://d2zywfiolv4f83.cloudfront.net/img/teams/219.png,https://d2zywfiolv4f83.cloudfront.net/img/teams/1134.png,25,25
81,3,11217,25666,Germany Bundesliga,2026-2027,1995601,https://www.whoscored.com/matches/1995601/show/germany-bundesliga-2026-2027-paderborn-borussia-m-gladbach,Mar 2027,,Paderborn,Borussia Mönchengladbach,810,134,,,2027-03-06,https://d2zywfiolv4f83.cloudfront.net/img/teams/810.png,https://d2zywfiolv4f83.cloudfront.net/img/teams/134.png,25,25
81,3,11217,25666,Germany Bundesliga,2026-2027,1995604,https://www.whoscored.com/matches/1995604/show/germany-bundesliga-2026-2027-rb-leipzig-schalke-04,Mar 2027,,RB Leipzig,Schalke 04,7614,39,,,2027-03-06,https://d2zywfiolv4f83.cloudfront.net/img/teams/7614.png,https://d2zywfiolv4f83.cloudfront.net/img/teams/39.png,25,25
81,3,11217,25666,Germany Bundesliga,2026-2027,1995606,https://www.whoscored.com/matches/1995606/show/germany-bundesliga-2026-2027-vfb-stuttgart-bayer-leverkusen,Mar 2027,,VfB Stuttgart,Bayer Leverkusen,41,36,,,2027-03-06,https://d2zywfiolv4f83.cloudfront.net/img/teams/41.png,https://d2zywfiolv4f83.cloudfront.net/img/teams/36.png,25,25
81,3,11217,25666,Germany Bundesliga,2026-2027,1995608,https://www.whoscored.com/matches/1995608/show/germany-bundesliga-2026-2027-augsburg-rb-leipzig,Mar 2027,,Augsburg,RB Leipzig,1730,7614,,,2027-03-13,https://d2zywfiolv4f83.cloudfront.net/img/teams/1730.png,https://d2zywfiolv4f83.cloudfront.net/img/teams/7614.png,26,26
81,3,11217,25666,Germany Bundesliga,2026-2027,1995610,https://www.whoscored.com/matches/1995610/show/germany-bundesliga-2026-2027-bayer-leverkusen-fc-koln,Mar 2027,,Bayer Leverkusen,1. FC Köln,36,282,,,2027-03-13,https://d2zywfiolv4f83.cloudfront.net/img/teams/36.png,https://d2zywfiolv4f83.cloudfront.net/img/teams/282.png,26,26
81,3,11217,25666,Germany Bundesliga,2026-2027,1995612,https://www.whoscored.com/matches/1995612/show/germany-bundesliga-2026-2027-bayern-munich-mainz-05,Mar 2027,,Bayern München,Mainz 05,37,219,,,2027-03-13,https://d2zywfiolv4f83.cloudfront.net/img/teams/37.png,https://d2zywfiolv4f83.cloudfront.net/img/teams/219.png,26,26
81,3,11217,25666,Germany Bundesliga,2026-2027,1995613,https://www.whoscored.com/matches/1995613/show/germany-bundesliga-2026-2027-borussia-m-gladbach-hamburger-sv,Mar 2027,,Borussia Mönchengladbach,Hamburger SV,134,38,,,2027-03-13,https://d2zywfiolv4f83.cloudfront.net/img/teams/134.png,https://d2zywfiolv4f83.cloudfront.net/img/teams/38.png,26,26
81,3,11217,25666,Germany Bundesliga,2026-2027,1995615,https://www.whoscored.com/matches/1995615/show/germany-bundesliga-2026-2027-eintracht-frankfurt-paderborn,Mar 2027,,Eintracht Frankfurt,Paderborn,45,810,,,2027-03-13,https://d2zywfiolv4f83.cloudfront.net/img/teams/45.png,https://d2zywfiolv4f83.cloudfront.net/img/teams/810.png,26,26
81,3,11217,25666,Germany Bundesliga,2026-2027,1995617,https://www.whoscored.com/matches/1995617/show/germany-bundesliga-2026-2027-elversberg-borussia-dortmund,Mar 2027,,Elversberg,Borussia Dortmund,1134,44,,,2027-03-13,https://d2zywfiolv4f83.cloudfront.net/img/teams/1134.png,https://d2zywfiolv4f83.cloudfront.net/img/teams/44.png,26,26
81,3,11217,25666,Germany Bundesliga,2026-2027,1995619,https://www.whoscored.com/matches/1995619/show/germany-bundesliga-2026-2027-schalke-04-hoffenheim,Mar 2027,,Schalke 04,Hoffenheim,39,1211,,,2027-03-13,https://d2zywfiolv4f83.cloudfront.net/img/teams/39.png,https://d2zywfiolv4f83.cloudfront.net/img/teams/1211.png,26,26
81,3,11217,25666,Germany Bundesliga,2026-2027,1995622,https://www.whoscored.com/matches/1995622/show/germany-bundesliga-2026-2027-union-berlin-freiburg,Mar 2027,,Union Berlin,Freiburg,796,50,,,2027-03-13,https://d2zywfiolv4f83.cloudfront.net/img/teams/796.png,https://d2zywfiolv4f83.cloudfront.net/img/teams/50.png,26,26
81,3,11217,25666,Germany Bundesliga,2026-2027,1995624,https://www.whoscored.com/matches/1995624/show/germany-bundesliga-2026-2027-werder-bremen-vfb-stuttgart,Mar 2027,,Werder Bremen,VfB Stuttgart,42,41,,,2027-03-13,https://d2zywfiolv4f83.cloudfront.net/img/teams/42.png,https://d2zywfiolv4f83.cloudfront.net/img/teams/41.png,26,26
81,3,11217,25666,Germany Bundesliga,2026-2027,1995626,https://www.whoscored.com/matches/1995626/show/germany-bundesliga-2026-2027-borussia-dortmund-borussia-m-gladbach,Mar 2027,,Borussia Dortmund,Borussia Mönchengladbach,44,134,,,2027-03-20,https://d2zywfiolv4f83.cloudfront.net/img/teams/44.png,https://d2zywfiolv4f83.cloudfront.net/img/teams/134.png,27,27
81,3,11217,25666,Germany Bundesliga,2026-2027,1995628,https://www.whoscored.com/matches/1995628/show/germany-bundesliga-2026-2027-fc-koln-bayern-munich,Mar 2027,,1. FC Köln,Bayern München,282,37,,,2027-03-20,https://d2zywfiolv4f83.cloudfront.net/img/teams/282.png,https://d2zywfiolv4f83.cloudfront.net/img/teams/37.png,27,27
81,3,11217,25666,Germany Bundesliga,2026-2027,1995630,https://www.whoscored.com/matches/1995630/show/germany-bundesliga-2026-2027-freiburg-elversberg,Mar 2027,,Freiburg,Elversberg,50,1134,,,2027-03-20,https://d2zywfiolv4f83.cloudfront.net/img/teams/50.png,https://d2zywfiolv4f83.cloudfront.net/img/teams/1134.png,27,27
81,3,11217,25666,Germany Bundesliga,2026-2027,1995632,https://www.whoscored.com/matches/1995632/show/germany-bundesliga-2026-2027-hamburger-sv-werder-bremen,Mar 2027,,Hamburger SV,Werder Bremen,38,42,,,2027-03-20,https://d2zywfiolv4f83.cloudfront.net/img/teams/38.png,https://d2zywfiolv4f83.cloudfront.net/img/teams/42.png,27,27
81,3,11217,25666,Germany Bundesliga,2026-2027,1995634,https://www.whoscored.com/matches/1995634/show/germany-bundesliga-2026-2027-hoffenheim-eintracht-frankfurt,Mar 2027,,Hoffenheim,Eintracht Frankfurt,1211,45,,,2027-03-20,https://d2zywfiolv4f83.cloudfront.net/img/teams/1211.png,https://d2zywfiolv4f83.cloudfront.net/img/teams/45.png,27,27
81,3,11217,25666,Germany Bundesliga,2026-2027,1995636,https://www.whoscored.com/matches/1995636/show/germany-bundesliga-2026-2027-mainz-05-augsburg,Mar 2027,,Mainz 05,Augsburg,219,1730,,,2027-03-20,https://d2zywfiolv4f83.cloudfront.net/img/teams/219.png,https://d2zywfiolv4f83.cloudfront.net/img/teams/1730.png,27,27
81,3,11217,25666,Germany Bundesliga,2026-2027,1995638,https://www.whoscored.com/matches/1995638/show/germany-bundesliga-2026-2027-paderborn-bayer-leverkusen,Mar 2027,,Paderborn,Bayer Leverkusen,810,36,,,2027-03-20,https://d2zywfiolv4f83.cloudfront.net/img/teams/810.png,https://d2zywfiolv4f83.cloudfront.net/img/teams/36.png,27,27
81,3,11217,25666,Germany Bundesliga,2026-2027,1995640,https://www.whoscored.com/matches/1995640/show/germany-bundesliga-2026-2027-rb-leipzig-union-berlin,Mar 2027,,RB Leipzig,Union Berlin,7614,796,,,2027-03-20,https://d2zywfiolv4f83.cloudfront.net/img/teams/7614.png,https://d2zywfiolv4f83.cloudfront.net/img/teams/796.png,27,27
81,3,11217,25666,Germany Bundesliga,2026-2027,1995642,https://www.whoscored.com/matches/1995642/show/germany-bundesliga-2026-2027-vfb-stuttgart-schalke-04,Mar 2027,,VfB Stuttgart,Schalke 04,41,39,,,2027-03-20,https://d2zywfiolv4f83.cloudfront.net/img/teams/41.png,https://d2zywfiolv4f83.cloudfront.net/img/teams/39.png,27,27
81,3,11217,25666,Germany Bundesliga,2026-2027,1995645,https://www.whoscored.com/matches/1995645/show/germany-bundesliga-2026-2027-augsburg-hoffenheim,Apr 2027,,Augsburg,Hoffenheim,1730,1211,,,2027-04-03,https://d2zywfiolv4f83.cloudfront.net/img/teams/1730.png,https://d2zywfiolv4f83.cloudfront.net/img/teams/1211.png,28,28
81,3,11217,25666,Germany Bundesliga,2026-2027,1995648,https://www.whoscored.com/matches/1995648/show/germany-bundesliga-2026-2027-bayer-leverkusen-borussia-dortmund,Apr 2027,,Bayer Leverkusen,Borussia Dortmund,36,44,,,2027-04-03,https://d2zywfiolv4f83.cloudfront.net/img/teams/36.png,https://d2zywfiolv4f83.cloudfront.net/img/teams/44.png,28,28
81,3,11217,25666,Germany Bundesliga,2026-2027,1995651,https://www.whoscored.com/matches/1995651/show/germany-bundesliga-2026-2027-bayern-munich-hamburger-sv,Apr 2027,,Bayern München,Hamburger SV,37,38,,,2027-04-03,https://d2zywfiolv4f83.cloudfront.net/img/teams/37.png,https://d2zywfiolv4f83.cloudfront.net/img/teams/38.png,28,28
81,3,11217,25666,Germany Bundesliga,2026-2027,1995656,https://www.whoscored.com/matches/1995656/show/germany-bundesliga-2026-2027-borussia-m-gladbach-werder-bremen,Apr 2027,,Borussia Mönchengladbach,Werder Bremen,134,42,,,2027-04-03,https://d2zywfiolv4f83.cloudfront.net/img/teams/134.png,https://d2zywfiolv4f83.cloudfront.net/img/teams/42.png,28,28
81,3,11217,25666,Germany Bundesliga,2026-2027,1995658,https://www.whoscored.com/matches/1995658/show/germany-bundesliga-2026-2027-eintracht-frankfurt-vfb-stuttgart,Apr 2027,,Eintracht Frankfurt,VfB Stuttgart,45,41,,,2027-04-03,https://d2zywfiolv4f83.cloudfront.net/img/teams/45.png,https://d2zywfiolv4f83.cloudfront.net/img/teams/41.png,28,28
81,3,11217,25666,Germany Bundesliga,2026-2027,1995661,https://www.whoscored.com/matches/1995661/show/germany-bundesliga-2026-2027-elversberg-fc-koln,Apr 2027,,Elversberg,1. FC Köln,1134,282,,,2027-04-03,https://d2zywfiolv4f83.cloudfront.net/img/teams/1134.png,https://d2zywfiolv4f83.cloudfront.net/img/teams/282.png,28,28
81,3,11217,25666,Germany Bundesliga,2026-2027,1995663,https://www.whoscored.com/matches/1995663/show/germany-bundesliga-2026-2027-rb-leipzig-freiburg,Apr 2027,,RB Leipzig,Freiburg,7614,50,,,2027-04-03,https://d2zywfiolv4f83.cloudfront.net/img/teams/7614.png,https://d2zywfiolv4f83.cloudfront.net/img/teams/50.png,28,28
81,3,11217,25666,Germany Bundesliga,2026-2027,1995665,https://www.whoscored.com/matches/1995665/show/germany-bundesliga-2026-2027-schalke-04-paderborn,Apr 2027,,Schalke 04,Paderborn,39,810,,,2027-04-03,https://d2zywfiolv4f83.cloudfront.net/img/teams/39.png,https://d2zywfiolv4f83.cloudfront.net/img/teams/810.png,28,28
81,3,11217,25666,Germany Bundesliga,2026-2027,1995667,https://www.whoscored.com/matches/1995667/show/germany-bundesliga-2026-2027-union-berlin-mainz-05,Apr 2027,,Union Berlin,Mainz 05,796,219,,,2027-04-03,https://d2zywfiolv4f83.cloudfront.net/img/teams/796.png,https://d2zywfiolv4f83.cloudfront.net/img/teams/219.png,28,28
81,3,11217,25666,Germany Bundesliga,2026-2027,1995669,https://www.whoscored.com/matches/1995669/show/germany-bundesliga-2026-2027-borussia-m-gladbach-bayer-leverkusen,Apr 2027,,Borussia Mönchengladbach,Bayer Leverkusen,134,36,,,2027-04-10,https://d2zywfiolv4f83.cloudfront.net/img/teams/134.png,https://d2zywfiolv4f83.cloudfront.net/img/teams/36.png,29,29
81,3,11217,25666,Germany Bundesliga,2026-2027,1995671,https://www.whoscored.com/matches/1995671/show/germany-bundesliga-2026-2027-borussia-dortmund-schalke-04,Apr 2027,,Borussia Dortmund,Schalke 04,44,39,,,2027-04-10,https://d2zywfiolv4f83.cloudfront.net/img/teams/44.png,https://d2zywfiolv4f83.cloudfront.net/img/teams/39.png,29,29
81,3,11217,25666,Germany Bundesliga,2026-2027,1995673,https://www.whoscored.com/matches/1995673/show/germany-bundesliga-2026-2027-fc-koln-augsburg,Apr 2027,,1. FC Köln,Augsburg,282,1730,,,2027-04-10,https://d2zywfiolv4f83.cloudfront.net/img/teams/282.png,https://d2zywfiolv4f83.cloudfront.net/img/teams/1730.png,29,29
81,3,11217,25666,Germany Bundesliga,2026-2027,1995675,https://www.whoscored.com/matches/1995675/show/germany-bundesliga-2026-2027-hamburger-sv-union-berlin,Apr 2027,,Hamburger SV,Union Berlin,38,796,,,2027-04-10,https://d2zywfiolv4f83.cloudfront.net/img/teams/38.png,https://d2zywfiolv4f83.cloudfront.net/img/teams/796.png,29,29
81,3,11217,25666,Germany Bundesliga,2026-2027,1995677,https://www.whoscored.com/matches/1995677/show/germany-bundesliga-2026-2027-hoffenheim-freiburg,Apr 2027,,Hoffenheim,Freiburg,1211,50,,,2027-04-10,https://d2zywfiolv4f83.cloudfront.net/img/teams/1211.png,https://d2zywfiolv4f83.cloudfront.net/img/teams/50.png,29,29
81,3,11217,25666,Germany Bundesliga,2026-2027,1995679,https://www.whoscored.com/matches/1995679/show/germany-bundesliga-2026-2027-mainz-05-rb-leipzig,Apr 2027,,Mainz 05,RB Leipzig,219,7614,,,2027-04-10,https://d2zywfiolv4f83.cloudfront.net/img/teams/219.png,https://d2zywfiolv4f83.cloudfront.net/img/teams/7614.png,29,29
81,3,11217,25666,Germany Bundesliga,2026-2027,1995681,https://www.whoscored.com/matches/1995681/show/germany-bundesliga-2026-2027-paderborn-bayern-munich,Apr 2027,,Paderborn,Bayern München,810,37,,,2027-04-10,https://d2zywfiolv4f83.cloudfront.net/img/teams/810.png,https://d2zywfiolv4f83.cloudfront.net/img/teams/37.png,29,29
81,3,11217,25666,Germany Bundesliga,2026-2027,1995683,https://www.whoscored.com/matches/1995683/show/germany-bundesliga-2026-2027-vfb-stuttgart-elversberg,Apr 2027,,VfB Stuttgart,Elversberg,41,1134,,,2027-04-10,https://d2zywfiolv4f83.cloudfront.net/img/teams/41.png,https://d2zywfiolv4f83.cloudfront.net/img/teams/1134.png,29,29
81,3,11217,25666,Germany Bundesliga,2026-2027,1995684,https://www.whoscored.com/matches/1995684/show/germany-bundesliga-2026-2027-werder-bremen-eintracht-frankfurt,Apr 2027,,Werder Bremen,Eintracht Frankfurt,42,45,,,2027-04-10,https://d2zywfiolv4f83.cloudfront.net/img/teams/42.png,https://d2zywfiolv4f83.cloudfront.net/img/teams/45.png,29,29
81,3,11217,25666,Germany Bundesliga,2026-2027,1995685,https://www.whoscored.com/matches/1995685/show/germany-bundesliga-2026-2027-augsburg-borussia-dortmund,Apr 2027,,Augsburg,Borussia Dortmund,1730,44,,,2027-04-17,https://d2zywfiolv4f83.cloudfront.net/img/teams/1730.png,https://d2zywfiolv4f83.cloudfront.net/img/teams/44.png,30,30
81,3,11217,25666,Germany Bundesliga,2026-2027,1995594,https://www.whoscored.com/matches/1995594/show/germany-bundesliga-2026-2027-bayer-leverkusen-werder-bremen,Apr 2027,,Bayer Leverkusen,Werder Bremen,36,42,,,2027-04-17,https://d2zywfiolv4f83.cloudfront.net/img/teams/36.png,https://d2zywfiolv4f83.cloudfront.net/img/teams/42.png,30,30
81,3,11217,25666,Germany Bundesliga,2026-2027,1995597,https://www.whoscored.com/matches/1995597/show/germany-bundesliga-2026-2027-bayern-munich-hoffenheim,Apr 2027,,Bayern München,Hoffenheim,37,1211,,,2027-04-17,https://d2zywfiolv4f83.cloudfront.net/img/teams/37.png,https://d2zywfiolv4f83.cloudfront.net/img/teams/1211.png,30,30
81,3,11217,25666,Germany Bundesliga,2026-2027,1995600,https://www.whoscored.com/matches/1995600/show/germany-bundesliga-2026-2027-eintracht-frankfurt-borussia-m-gladbach,Apr 2027,,Eintracht Frankfurt,Borussia Mönchengladbach,45,134,,,2027-04-17,https://d2zywfiolv4f83.cloudfront.net/img/teams/45.png,https://d2zywfiolv4f83.cloudfront.net/img/teams/134.png,30,30
81,3,11217,25666,Germany Bundesliga,2026-2027,1995603,https://www.whoscored.com/matches/1995603/show/germany-bundesliga-2026-2027-elversberg-paderborn,Apr 2027,,Elversberg,Paderborn,1134,810,,,2027-04-17,https://d2zywfiolv4f83.cloudfront.net/img/teams/1134.png,https://d2zywfiolv4f83.cloudfront.net/img/teams/810.png,30,30
81,3,11217,25666,Germany Bundesliga,2026-2027,1995605,https://www.whoscored.com/matches/1995605/show/germany-bundesliga-2026-2027-freiburg-mainz-05,Apr 2027,,Freiburg,Mainz 05,50,219,,,2027-04-17,https://d2zywfiolv4f83.cloudfront.net/img/teams/50.png,https://d2zywfiolv4f83.cloudfront.net/img/teams/219.png,30,30
81,3,11217,25666,Germany Bundesliga,2026-2027,1995607,https://www.whoscored.com/matches/1995607/show/germany-bundesliga-2026-2027-rb-leipzig-fc-koln,Apr 2027,,RB Leipzig,1. FC Köln,7614,282,,,2027-04-17,https://d2zywfiolv4f83.cloudfront.net/img/teams/7614.png,https://d2zywfiolv4f83.cloudfront.net/img/teams/282.png,30,30
81,3,11217,25666,Germany Bundesliga,2026-2027,1995609,https://www.whoscored.com/matches/1995609/show/germany-bundesliga-2026-2027-schalke-04-hamburger-sv,Apr 2027,,Schalke 04,Hamburger SV,39,38,,,2027-04-17,https://d2zywfiolv4f83.cloudfront.net/img/teams/39.png,https://d2zywfiolv4f83.cloudfront.net/img/teams/38.png,30,30
81,3,11217,25666,Germany Bundesliga,2026-2027,1995611,https://www.whoscored.com/matches/1995611/show/germany-bundesliga-2026-2027-union-berlin-vfb-stuttgart,Apr 2027,,Union Berlin,VfB Stuttgart,796,41,,,2027-04-17,https://d2zywfiolv4f83.cloudfront.net/img/teams/796.png,https://d2zywfiolv4f83.cloudfront.net/img/teams/41.png,30,30
81,3,11217,25666,Germany Bundesliga,2026-2027,1995614,https://www.whoscored.com/matches/1995614/show/germany-bundesliga-2026-2027-borussia-m-gladbach-schalke-04,Apr 2027,,Borussia Mönchengladbach,Schalke 04,134,39,,,2027-04-24,https://d2zywfiolv4f83.cloudfront.net/img/teams/134.png,https://d2zywfiolv4f83.cloudfront.net/img/teams/39.png,31,31
81,3,11217,25666,Germany Bundesliga,2026-2027,1995616,https://www.whoscored.com/matches/1995616/show/germany-bundesliga-2026-2027-borussia-dortmund-rb-leipzig,Apr 2027,,Borussia Dortmund,RB Leipzig,44,7614,,,2027-04-24,https://d2zywfiolv4f83.cloudfront.net/img/teams/44.png,https://d2zywfiolv4f83.cloudfront.net/img/teams/7614.png,31,31
81,3,11217,25666,Germany Bundesliga,2026-2027,1995618,https://www.whoscored.com/matches/1995618/show/germany-bundesliga-2026-2027-eintracht-frankfurt-bayer-leverkusen,Apr 2027,,Eintracht Frankfurt,Bayer Leverkusen,45,36,,,2027-04-24,https://d2zywfiolv4f83.cloudfront.net/img/teams/45.png,https://d2zywfiolv4f83.cloudfront.net/img/teams/36.png,31,31
81,3,11217,25666,Germany Bundesliga,2026-2027,1995620,https://www.whoscored.com/matches/1995620/show/germany-bundesliga-2026-2027-fc-koln-mainz-05,Apr 2027,,1. FC Köln,Mainz 05,282,219,,,2027-04-24,https://d2zywfiolv4f83.cloudfront.net/img/teams/282.png,https://d2zywfiolv4f83.cloudfront.net/img/teams/219.png,31,31
81,3,11217,25666,Germany Bundesliga,2026-2027,1995621,https://www.whoscored.com/matches/1995621/show/germany-bundesliga-2026-2027-hamburger-sv-elversberg,Apr 2027,,Hamburger SV,Elversberg,38,1134,,,2027-04-24,https://d2zywfiolv4f83.cloudfront.net/img/teams/38.png,https://d2zywfiolv4f83.cloudfront.net/img/teams/1134.png,31,31
81,3,11217,25666,Germany Bundesliga,2026-2027,1995623,https://www.whoscored.com/matches/1995623/show/germany-bundesliga-2026-2027-hoffenheim-union-berlin,Apr 2027,,Hoffenheim,Union Berlin,1211,796,,,2027-04-24,https://d2zywfiolv4f83.cloudfront.net/img/teams/1211.png,https://d2zywfiolv4f83.cloudfront.net/img/teams/796.png,31,31
81,3,11217,25666,Germany Bundesliga,2026-2027,1995625,https://www.whoscored.com/matches/1995625/show/germany-bundesliga-2026-2027-paderborn-augsburg,Apr 2027,,Paderborn,Augsburg,810,1730,,,2027-04-24,https://d2zywfiolv4f83.cloudfront.net/img/teams/810.png,https://d2zywfiolv4f83.cloudfront.net/img/teams/1730.png,31,31
81,3,11217,25666,Germany Bundesliga,2026-2027,1995627,https://www.whoscored.com/matches/1995627/show/germany-bundesliga-2026-2027-vfb-stuttgart-freiburg,Apr 2027,,VfB Stuttgart,Freiburg,41,50,,,2027-04-24,https://d2zywfiolv4f83.cloudfront.net/img/teams/41.png,https://d2zywfiolv4f83.cloudfront.net/img/teams/50.png,31,31
81,3,11217,25666,Germany Bundesliga,2026-2027,1995629,https://www.whoscored.com/matches/1995629/show/germany-bundesliga-2026-2027-werder-bremen-bayern-munich,Apr 2027,,Werder Bremen,Bayern München,42,37,,,2027-04-24,https://d2zywfiolv4f83.cloudfront.net/img/teams/42.png,https://d2zywfiolv4f83.cloudfront.net/img/teams/37.png,31,31
81,3,11217,25666,Germany Bundesliga,2026-2027,1995631,https://www.whoscored.com/matches/1995631/show/germany-bundesliga-2026-2027-augsburg-vfb-stuttgart,May 2027,,Augsburg,VfB Stuttgart,1730,41,,,2027-05-08,https://d2zywfiolv4f83.cloudfront.net/img/teams/1730.png,https://d2zywfiolv4f83.cloudfront.net/img/teams/41.png,32,32
81,3,11217,25666,Germany Bundesliga,2026-2027,1995633,https://www.whoscored.com/matches/1995633/show/germany-bundesliga-2026-2027-bayer-leverkusen-hamburger-sv,May 2027,,Bayer Leverkusen,Hamburger SV,36,38,,,2027-05-08,https://d2zywfiolv4f83.cloudfront.net/img/teams/36.png,https://d2zywfiolv4f83.cloudfront.net/img/teams/38.png,32,32
81,3,11217,25666,Germany Bundesliga,2026-2027,1995635,https://www.whoscored.com/matches/1995635/show/germany-bundesliga-2026-2027-bayern-munich-borussia-m-gladbach,May 2027,,Bayern München,Borussia Mönchengladbach,37,134,,,2027-05-08,https://d2zywfiolv4f83.cloudfront.net/img/teams/37.png,https://d2zywfiolv4f83.cloudfront.net/img/teams/134.png,32,32
81,3,11217,25666,Germany Bundesliga,2026-2027,1995637,https://www.whoscored.com/matches/1995637/show/germany-bundesliga-2026-2027-elversberg-hoffenheim,May 2027,,Elversberg,Hoffenheim,1134,1211,,,2027-05-08,https://d2zywfiolv4f83.cloudfront.net/img/teams/1134.png,https://d2zywfiolv4f83.cloudfront.net/img/teams/1211.png,32,32
81,3,11217,25666,Germany Bundesliga,2026-2027,1995639,https://www.whoscored.com/matches/1995639/show/germany-bundesliga-2026-2027-freiburg-fc-koln,May 2027,,Freiburg,1. FC Köln,50,282,,,2027-05-08,https://d2zywfiolv4f83.cloudfront.net/img/teams/50.png,https://d2zywfiolv4f83.cloudfront.net/img/teams/282.png,32,32
81,3,11217,25666,Germany Bundesliga,2026-2027,1995641,https://www.whoscored.com/matches/1995641/show/germany-bundesliga-2026-2027-mainz-05-borussia-dortmund,May 2027,,Mainz 05,Borussia Dortmund,219,44,,,2027-05-08,https://d2zywfiolv4f83.cloudfront.net/img/teams/219.png,https://d2zywfiolv4f83.cloudfront.net/img/teams/44.png,32,32
81,3,11217,25666,Germany Bundesliga,2026-2027,1995644,https://www.whoscored.com/matches/1995644/show/germany-bundesliga-2026-2027-rb-leipzig-paderborn,May 2027,,RB Leipzig,Paderborn,7614,810,,,2027-05-08,https://d2zywfiolv4f83.cloudfront.net/img/teams/7614.png,https://d2zywfiolv4f83.cloudfront.net/img/teams/810.png,32,32
81,3,11217,25666,Germany Bundesliga,2026-2027,1995646,https://www.whoscored.com/matches/1995646/show/germany-bundesliga-2026-2027-schalke-04-eintracht-frankfurt,May 2027,,Schalke 04,Eintracht Frankfurt,39,45,,,2027-05-08,https://d2zywfiolv4f83.cloudfront.net/img/teams/39.png,https://d2zywfiolv4f83.cloudfront.net/img/teams/45.png,32,32
81,3,11217,25666,Germany Bundesliga,2026-2027,1995649,https://www.whoscored.com/matches/1995649/show/germany-bundesliga-2026-2027-union-berlin-werder-bremen,May 2027,,Union Berlin,Werder Bremen,796,42,,,2027-05-08,https://d2zywfiolv4f83.cloudfront.net/img/teams/796.png,https://d2zywfiolv4f83.cloudfront.net/img/teams/42.png,32,32
81,3,11217,25666,Germany Bundesliga,2026-2027,1995652,https://www.whoscored.com/matches/1995652/show/germany-bundesliga-2026-2027-bayer-leverkusen-bayern-munich,May 2027,,Bayer Leverkusen,Bayern München,36,37,,,2027-05-15,https://d2zywfiolv4f83.cloudfront.net/img/teams/36.png,https://d2zywfiolv4f83.cloudfront.net/img/teams/37.png,33,33
81,3,11217,25666,Germany Bundesliga,2026-2027,1995654,https://www.whoscored.com/matches/1995654/show/germany-bundesliga-2026-2027-borussia-m-gladbach-augsburg,May 2027,,Borussia Mönchengladbach,Augsburg,134,1730,,,2027-05-15,https://d2zywfiolv4f83.cloudfront.net/img/teams/134.png,https://d2zywfiolv4f83.cloudfront.net/img/teams/1730.png,33,33
81,3,11217,25666,Germany Bundesliga,2026-2027,1995655,https://www.whoscored.com/matches/1995655/show/germany-bundesliga-2026-2027-borussia-dortmund-fc-koln,May 2027,,Borussia Dortmund,1. FC Köln,44,282,,,2027-05-15,https://d2zywfiolv4f83.cloudfront.net/img/teams/44.png,https://d2zywfiolv4f83.cloudfront.net/img/teams/282.png,33,33
81,3,11217,25666,Germany Bundesliga,2026-2027,1995657,https://www.whoscored.com/matches/1995657/show/germany-bundesliga-2026-2027-eintracht-frankfurt-elversberg,May 2027,,Eintracht Frankfurt,Elversberg,45,1134,,,2027-05-15,https://d2zywfiolv4f83.cloudfront.net/img/teams/45.png,https://d2zywfiolv4f83.cloudfront.net/img/teams/1134.png,33,33
81,3,11217,25666,Germany Bundesliga,2026-2027,1995659,https://www.whoscored.com/matches/1995659/show/germany-bundesliga-2026-2027-hamburger-sv-freiburg,May 2027,,Hamburger SV,Freiburg,38,50,,,2027-05-15,https://d2zywfiolv4f83.cloudfront.net/img/teams/38.png,https://d2zywfiolv4f83.cloudfront.net/img/teams/50.png,33,33
81,3,11217,25666,Germany Bundesliga,2026-2027,1995660,https://www.whoscored.com/matches/1995660/show/germany-bundesliga-2026-2027-hoffenheim-mainz-05,May 2027,,Hoffenheim,Mainz 05,1211,219,,,2027-05-15,https://d2zywfiolv4f83.cloudfront.net/img/teams/1211.png,https://d2zywfiolv4f83.cloudfront.net/img/teams/219.png,33,33
81,3,11217,25666,Germany Bundesliga,2026-2027,1995662,https://www.whoscored.com/matches/1995662/show/germany-bundesliga-2026-2027-paderborn-union-berlin,May 2027,,Paderborn,Union Berlin,810,796,,,2027-05-15,https://d2zywfiolv4f83.cloudfront.net/img/teams/810.png,https://d2zywfiolv4f83.cloudfront.net/img/teams/796.png,33,33
81,3,11217,25666,Germany Bundesliga,2026-2027,1995664,https://www.whoscored.com/matches/1995664/show/germany-bundesliga-2026-2027-vfb-stuttgart-rb-leipzig,May 2027,,VfB Stuttgart,RB Leipzig,41,7614,,,2027-05-15,https://d2zywfiolv4f83.cloudfront.net/img/teams/41.png,https://d2zywfiolv4f83.cloudfront.net/img/teams/7614.png,33,33
81,3,11217,25666,Germany Bundesliga,2026-2027,1995666,https://www.whoscored.com/matches/1995666/show/germany-bundesliga-2026-2027-werder-bremen-schalke-04,May 2027,,Werder Bremen,Schalke 04,42,39,,,2027-05-15,https://d2zywfiolv4f83.cloudfront.net/img/teams/42.png,https://d2zywfiolv4f83.cloudfront.net/img/teams/39.png,33,33
81,3,11217,25666,Germany Bundesliga,2026-2027,1995668,https://www.whoscored.com/matches/1995668/show/germany-bundesliga-2026-2027-augsburg-hamburger-sv,May 2027,,Augsburg,Hamburger SV,1730,38,,,2027-05-22,https://d2zywfiolv4f83.cloudfront.net/img/teams/1730.png,https://d2zywfiolv4f83.cloudfront.net/img/teams/38.png,34,34
81,3,11217,25666,Germany Bundesliga,2026-2027,1995670,https://www.whoscored.com/matches/1995670/show/germany-bundesliga-2026-2027-bayern-munich-eintracht-frankfurt,May 2027,,Bayern München,Eintracht Frankfurt,37,45,,,2027-05-22,https://d2zywfiolv4f83.cloudfront.net/img/teams/37.png,https://d2zywfiolv4f83.cloudfront.net/img/teams/45.png,34,34
81,3,11217,25666,Germany Bundesliga,2026-2027,1995672,https://www.whoscored.com/matches/1995672/show/germany-bundesliga-2026-2027-elversberg-werder-bremen,May 2027,,Elversberg,Werder Bremen,1134,42,,,2027-05-22,https://d2zywfiolv4f83.cloudfront.net/img/teams/1134.png,https://d2zywfiolv4f83.cloudfront.net/img/teams/42.png,34,34
81,3,11217,25666,Germany Bundesliga,2026-2027,1995674,https://www.whoscored.com/matches/1995674/show/germany-bundesliga-2026-2027-fc-koln-paderborn,May 2027,,1. FC Köln,Paderborn,282,810,,,2027-05-22,https://d2zywfiolv4f83.cloudfront.net/img/teams/282.png,https://d2zywfiolv4f83.cloudfront.net/img/teams/810.png,34,34
81,3,11217,25666,Germany Bundesliga,2026-2027,1995676,https://www.whoscored.com/matches/1995676/show/germany-bundesliga-2026-2027-freiburg-borussia-dortmund,May 2027,,Freiburg,Borussia Dortmund,50,44,,,2027-05-22,https://d2zywfiolv4f83.cloudfront.net/img/teams/50.png,https://d2zywfiolv4f83.cloudfront.net/img/teams/44.png,34,34
81,3,11217,25666,Germany Bundesliga,2026-2027,1995678,https://www.whoscored.com/matches/1995678/show/germany-bundesliga-2026-2027-mainz-05-vfb-stuttgart,May 2027,,Mainz 05,VfB Stuttgart,219,41,,,2027-05-22,https://d2zywfiolv4f83.cloudfront.net/img/teams/219.png,https://d2zywfiolv4f83.cloudfront.net/img/teams/41.png,34,34
81,3,11217,25666,Germany Bundesliga,2026-2027,1995680,https://www.whoscored.com/matches/1995680/show/germany-bundesliga-2026-2027-rb-leipzig-hoffenheim,May 2027,,RB Leipzig,Hoffenheim,7614,1211,,,2027-05-22,https://d2zywfiolv4f83.cloudfront.net/img/teams/7614.png,https://d2zywfiolv4f83.cloudfront.net/img/teams/1211.png,34,34
81,3,11217,25666,Germany Bundesliga,2026-2027,1995682,https://www.whoscored.com/matches/1995682/show/germany-bundesliga-2026-2027-schalke-04-bayer-leverkusen,May 2027,,Schalke 04,Bayer Leverkusen,39,36,,,2027-05-22,https://d2zywfiolv4f83.cloudfront.net/img/teams/39.png,https://d2zywfiolv4f83.cloudfront.net/img/teams/36.png,34,34
81,3,11217,25666,Germany Bundesliga,2026-2027,1995686,https://www.whoscored.com/matches/1995686/show/germany-bundesliga-2026-2027-union-berlin-borussia-m-gladbach,May 2027,,Union Berlin,Borussia Mönchengladbach,796,134,,,2027-05-22,https://d2zywfiolv4f83.cloudfront.net/img/teams/796.png,https://d2zywfiolv4f83.cloudfront.net/img/teams/134.png,34,34
108,5,11126,25518,Italy Serie A,2026-2027,1980886,https://www.whoscored.com/matches/1980886/show/italy-serie-a-2026-2027-inter-monza,Aug 2026,,Inter,Monza,75,269,,,2026-08-22,https://d2zywfiolv4f83.cloudfront.net/img/teams/75.png,https://d2zywfiolv4f83.cloudfront.net/img/teams/269.png,1,1
108,5,11126,25518,Italy Serie A,2026-2027,1980897,https://www.whoscored.com/matches/1980897/show/italy-serie-a-2026-2027-udinese-como,Aug 2026,,Udinese,Como,86,1290,,,2026-08-22,https://d2zywfiolv4f83.cloudfront.net/img/teams/86.png,https://d2zywfiolv4f83.cloudfront.net/img/teams/1290.png,1,1
108,5,11126,25518,Italy Serie A,2026-2027,1980890,https://www.whoscored.com/matches/1980890/show/italy-serie-a-2026-2027-parma-calcio-1913-cagliari,Aug 2026,,Parma,Cagliari,24341,78,,,2026-08-22,https://d2zywfiolv4f83.cloudfront.net/img/teams/24341.png,https://d2zywfiolv4f83.cloudfront.net/img/teams/78.png,1,1
108,5,11126,25518,Italy Serie A,2026-2027,1980882,https://www.whoscored.com/matches/1980882/show/italy-serie-a-2026-2027-genoa-napoli,Aug 2026,,Genoa,Napoli,278,276,,,2026-08-22,https://d2zywfiolv4f83.cloudfront.net/img/teams/278.png,https://d2zywfiolv4f83.cloudfront.net/img/teams/276.png,1,1
108,5,11126,25518,Italy Serie A,2026-2027,1980891,https://www.whoscored.com/matches/1980891/show/italy-serie-a-2026-2027-frosinone-juventus,Aug 2026,,Frosinone,Juventus,2732,87,,,2026-08-23,https://d2zywfiolv4f83.cloudfront.net/img/teams/2732.png,https://d2zywfiolv4f83.cloudfront.net/img/teams/87.png,1,1
108,5,11126,25518,Italy Serie A,2026-2027,1980900,https://www.whoscored.com/matches/1980900/show/italy-serie-a-2026-2027-venezia-lecce,Aug 2026,,Venezia,Lecce,85,79,,,2026-08-23,https://d2zywfiolv4f83.cloudfront.net/img/teams/85.png,https://d2zywfiolv4f83.cloudfront.net/img/teams/79.png,1,1
108,5,11126,25518,Italy Serie A,2026-2027,1980894,https://www.whoscored.com/matches/1980894/show/italy-serie-a-2026-2027-torino-ac-milan,Aug 2026,,Torino,Milan,72,80,,,2026-08-23,https://d2zywfiolv4f83.cloudfront.net/img/teams/72.png,https://d2zywfiolv4f83.cloudfront.net/img/teams/80.png,1,1
108,5,11126,25518,Italy Serie A,2026-2027,1980883,https://www.whoscored.com/matches/1980883/show/italy-serie-a-2026-2027-atalanta-sassuolo,Aug 2026,,Atalanta,Sassuolo,300,2889,,,2026-08-23,https://d2zywfiolv4f83.cloudfront.net/img/teams/300.png,https://d2zywfiolv4f83.cloudfront.net/img/teams/2889.png,1,1
108,5,11126,25518,Italy Serie A,2026-2027,1980887,https://www.whoscored.com/matches/1980887/show/italy-serie-a-2026-2027-bologna-lazio,Aug 2026,,Bologna,Lazio,71,77,,,2026-08-24,https://d2zywfiolv4f83.cloudfront.net/img/teams/71.png,https://d2zywfiolv4f83.cloudfront.net/img/teams/77.png,1,1
108,5,11126,25518,Italy Serie A,2026-2027,1980879,https://www.whoscored.com/matches/1980879/show/italy-serie-a-2026-2027-roma-fiorentina,Aug 2026,,Roma,Fiorentina,84,73,,,2026-08-24,https://d2zywfiolv4f83.cloudfront.net/img/teams/84.png,https://d2zywfiolv4f83.cloudfront.net/img/teams/73.png,1,1
108,5,11126,25518,Italy Serie A,2026-2027,1980881,https://www.whoscored.com/matches/1980881/show/italy-serie-a-2026-2027-ac-milan-venezia,Aug 2026,,Milan,Venezia,80,85,,,2026-08-28,https://d2zywfiolv4f83.cloudfront.net/img/teams/80.png,https://d2zywfiolv4f83.cloudfront.net/img/teams/85.png,2,2
108,5,11126,25518,Italy Serie A,2026-2027,1980903,https://www.whoscored.com/matches/1980903/show/italy-serie-a-2026-2027-monza-udinese,Aug 2026,,Monza,Udinese,269,86,,,2026-08-29,https://d2zywfiolv4f83.cloudfront.net/img/teams/269.png,https://d2zywfiolv4f83.cloudfront.net/img/teams/86.png,2,2
108,5,11126,25518,Italy Serie A,2026-2027,1980884,https://www.whoscored.com/matches/1980884/show/italy-serie-a-2026-2027-sassuolo-torino,Aug 2026,,Sassuolo,Torino,2889,72,,,2026-08-29,https://d2zywfiolv4f83.cloudfront.net/img/teams/2889.png,https://d2zywfiolv4f83.cloudfront.net/img/teams/72.png,2,2
108,5,11126,25518,Italy Serie A,2026-2027,1980893,https://www.whoscored.com/matches/1980893/show/italy-serie-a-2026-2027-fiorentina-frosinone,Aug 2026,,Fiorentina,Frosinone,73,2732,,,2026-08-29,https://d2zywfiolv4f83.cloudfront.net/img/teams/73.png,https://d2zywfiolv4f83.cloudfront.net/img/teams/2732.png,2,2
108,5,11126,25518,Italy Serie A,2026-2027,1980896,https://www.whoscored.com/matches/1980896/show/italy-serie-a-2026-2027-juventus-parma-calcio-1913,Aug 2026,,Juventus,Parma,87,24341,,,2026-08-29,https://d2zywfiolv4f83.cloudfront.net/img/teams/87.png,https://d2zywfiolv4f83.cloudfront.net/img/teams/24341.png,2,2
108,5,11126,25518,Italy Serie A,2026-2027,1980880,https://www.whoscored.com/matches/1980880/show/italy-serie-a-2026-2027-napoli-como,Aug 2026,,Napoli,Como,276,1290,,,2026-08-30,https://d2zywfiolv4f83.cloudfront.net/img/teams/276.png,https://d2zywfiolv4f83.cloudfront.net/img/teams/1290.png,2,2
108,5,11126,25518,Italy Serie A,2026-2027,1980889,https://www.whoscored.com/matches/1980889/show/italy-serie-a-2026-2027-cagliari-inter,Aug 2026,,Cagliari,Inter,78,75,,,2026-08-30,https://d2zywfiolv4f83.cloudfront.net/img/teams/78.png,https://d2zywfiolv4f83.cloudfront.net/img/teams/75.png,2,2
108,5,11126,25518,Italy Serie A,2026-2027,1980899,https://www.whoscored.com/matches/1980899/show/italy-serie-a-2026-2027-lazio-genoa,Aug 2026,,Lazio,Genoa,77,278,,,2026-08-30,https://d2zywfiolv4f83.cloudfront.net/img/teams/77.png,https://d2zywfiolv4f83.cloudfront.net/img/teams/278.png,2,2
108,5,11126,25518,Italy Serie A,2026-2027,1980902,https://www.whoscored.com/matches/1980902/show/italy-serie-a-2026-2027-lecce-roma,Aug 2026,,Lecce,Roma,79,84,,,2026-08-31,https://d2zywfiolv4f83.cloudfront.net/img/teams/79.png,https://d2zywfiolv4f83.cloudfront.net/img/teams/84.png,2,2
108,5,11126,25518,Italy Serie A,2026-2027,1980885,https://www.whoscored.com/matches/1980885/show/italy-serie-a-2026-2027-atalanta-bologna,Aug 2026,,Atalanta,Bologna,300,71,,,2026-08-31,https://d2zywfiolv4f83.cloudfront.net/img/teams/300.png,https://d2zywfiolv4f83.cloudfront.net/img/teams/71.png,2,2
108,5,11126,25518,Italy Serie A,2026-2027,1980905,https://www.whoscored.com/matches/1980905/show/italy-serie-a-2026-2027-genoa-como,Sep 2026,,Genoa,Como,278,1290,,,2026-09-04,https://d2zywfiolv4f83.cloudfront.net/img/teams/278.png,https://d2zywfiolv4f83.cloudfront.net/img/teams/1290.png,3,3
108,5,11126,25518,Italy Serie A,2026-2027,1980898,https://www.whoscored.com/matches/1980898/show/italy-serie-a-2026-2027-fiorentina-torino,Sep 2026,,Fiorentina,Torino,73,72,,,2026-09-05,https://d2zywfiolv4f83.cloudfront.net/img/teams/73.png,https://d2zywfiolv4f83.cloudfront.net/img/teams/72.png,3,3
108,5,11126,25518,Italy Serie A,2026-2027,1980909,https://www.whoscored.com/matches/1980909/show/italy-serie-a-2026-2027-inter-napoli,Sep 2026,,Inter,Napoli,75,276,,,2026-09-05,https://d2zywfiolv4f83.cloudfront.net/img/teams/75.png,https://d2zywfiolv4f83.cloudfront.net/img/teams/276.png,3,3
108,5,11126,25518,Italy Serie A,2026-2027,1980888,https://www.whoscored.com/matches/1980888/show/italy-serie-a-2026-2027-roma-atalanta,Sep 2026,,Roma,Atalanta,84,300,,,2026-09-05,https://d2zywfiolv4f83.cloudfront.net/img/teams/84.png,https://d2zywfiolv4f83.cloudfront.net/img/teams/300.png,3,3
108,5,11126,25518,Italy Serie A,2026-2027,1980901,https://www.whoscored.com/matches/1980901/show/italy-serie-a-2026-2027-frosinone-venezia,Sep 2026,,Frosinone,Venezia,2732,85,,,2026-09-06,https://d2zywfiolv4f83.cloudfront.net/img/teams/2732.png,https://d2zywfiolv4f83.cloudfront.net/img/teams/85.png,3,3
108,5,11126,25518,Italy Serie A,2026-2027,1980921,https://www.whoscored.com/matches/1980921/show/italy-serie-a-2026-2027-parma-calcio-1913-monza,Sep 2026,,Parma,Monza,24341,269,,,2026-09-06,https://d2zywfiolv4f83.cloudfront.net/img/teams/24341.png,https://d2zywfiolv4f83.cloudfront.net/img/teams/269.png,3,3
108,5,11126,25518,Italy Serie A,2026-2027,1980892,https://www.whoscored.com/matches/1980892/show/italy-serie-a-2026-2027-bologna-sassuolo,Sep 2026,,Bologna,Sassuolo,71,2889,,,2026-09-06,https://d2zywfiolv4f83.cloudfront.net/img/teams/71.png,https://d2zywfiolv4f83.cloudfront.net/img/teams/2889.png,3,3
108,5,11126,25518,Italy Serie A,2026-2027,1980918,https://www.whoscored.com/matches/1980918/show/italy-serie-a-2026-2027-juventus-ac-milan,Sep 2026,,Juventus,Milan,87,80,,,2026-09-06,https://d2zywfiolv4f83.cloudfront.net/img/teams/87.png,https://d2zywfiolv4f83.cloudfront.net/img/teams/80.png,3,3
108,5,11126,25518,Italy Serie A,2026-2027,1980895,https://www.whoscored.com/matches/1980895/show/italy-serie-a-2026-2027-cagliari-lecce,Sep 2026,,Cagliari,Lecce,78,79,,,2026-09-07,https://d2zywfiolv4f83.cloudfront.net/img/teams/78.png,https://d2zywfiolv4f83.cloudfront.net/img/teams/79.png,3,3
108,5,11126,25518,Italy Serie A,2026-2027,1980924,https://www.whoscored.com/matches/1980924/show/italy-serie-a-2026-2027-udinese-lazio,Sep 2026,,Udinese,Lazio,86,77,,,2026-09-07,https://d2zywfiolv4f83.cloudfront.net/img/teams/86.png,https://d2zywfiolv4f83.cloudfront.net/img/teams/77.png,3,3
108,5,11126,25518,Italy Serie A,2026-2027,1980955,https://www.whoscored.com/matches/1980955/show/italy-serie-a-2026-2027-venezia-fiorentina,Sep 2026,,Venezia,Fiorentina,85,73,,,2026-09-11,https://d2zywfiolv4f83.cloudfront.net/img/teams/85.png,https://d2zywfiolv4f83.cloudfront.net/img/teams/73.png,4,4
108,5,11126,25518,Italy Serie A,2026-2027,1980933,https://www.whoscored.com/matches/1980933/show/italy-serie-a-2026-2027-genoa-frosinone,Sep 2026,,Genoa,Frosinone,278,2732,,,2026-09-12,https://d2zywfiolv4f83.cloudfront.net/img/teams/278.png,https://d2zywfiolv4f83.cloudfront.net/img/teams/2732.png,4,4
108,5,11126,25518,Italy Serie A,2026-2027,1980949,https://www.whoscored.com/matches/1980949/show/italy-serie-a-2026-2027-sassuolo-juventus,Sep 2026,,Sassuolo,Juventus,2889,87,,,2026-09-12,https://d2zywfiolv4f83.cloudfront.net/img/teams/2889.png,https://d2zywfiolv4f83.cloudfront.net/img/teams/87.png,4,4
108,5,11126,25518,Italy Serie A,2026-2027,1980927,https://www.whoscored.com/matches/1980927/show/italy-serie-a-2026-2027-atalanta-cagliari,Sep 2026,,Atalanta,Cagliari,300,78,,,2026-09-12,https://d2zywfiolv4f83.cloudfront.net/img/teams/300.png,https://d2zywfiolv4f83.cloudfront.net/img/teams/78.png,4,4
108,5,11126,25518,Italy Serie A,2026-2027,1980952,https://www.whoscored.com/matches/1980952/show/italy-serie-a-2026-2027-torino-roma,Sep 2026,,Torino,Roma,72,84,,,2026-09-13,https://d2zywfiolv4f83.cloudfront.net/img/teams/72.png,https://d2zywfiolv4f83.cloudfront.net/img/teams/84.png,4,4
108,5,11126,25518,Italy Serie A,2026-2027,1980942,https://www.whoscored.com/matches/1980942/show/italy-serie-a-2026-2027-lecce-monza,Sep 2026,,Lecce,Monza,79,269,,,2026-09-13,https://d2zywfiolv4f83.cloudfront.net/img/teams/79.png,https://d2zywfiolv4f83.cloudfront.net/img/teams/269.png,4,4
108,5,11126,25518,Italy Serie A,2026-2027,1980930,https://www.whoscored.com/matches/1980930/show/italy-serie-a-2026-2027-como-parma-calcio-1913,Sep 2026,,Como,Parma,1290,24341,,,2026-09-13,https://d2zywfiolv4f83.cloudfront.net/img/teams/1290.png,https://d2zywfiolv4f83.cloudfront.net/img/teams/24341.png,4,4
108,5,11126,25518,Italy Serie A,2026-2027,1980946,https://www.whoscored.com/matches/1980946/show/italy-serie-a-2026-2027-napoli-bologna,Sep 2026,,Napoli,Bologna,276,71,,,2026-09-13,https://d2zywfiolv4f83.cloudfront.net/img/teams/276.png,https://d2zywfiolv4f83.cloudfront.net/img/teams/71.png,4,4
108,5,11126,25518,Italy Serie A,2026-2027,1980938,https://www.whoscored.com/matches/1980938/show/italy-serie-a-2026-2027-lazio-ac-milan,Sep 2026,,Lazio,Milan,77,80,,,2026-09-13,https://d2zywfiolv4f83.cloudfront.net/img/teams/77.png,https://d2zywfiolv4f83.cloudfront.net/img/teams/80.png,4,4
108,5,11126,25518,Italy Serie A,2026-2027,1980936,https://www.whoscored.com/matches/1980936/show/italy-serie-a-2026-2027-inter-udinese,Sep 2026,,Inter,Udinese,75,86,,,2026-09-14,https://d2zywfiolv4f83.cloudfront.net/img/teams/75.png,https://d2zywfiolv4f83.cloudfront.net/img/teams/86.png,4,4
108,5,11126,25518,Italy Serie A,2026-2027,1980976,https://www.whoscored.com/matches/1980976/show/italy-serie-a-2026-2027-monza-sassuolo,Sep 2026,,Monza,Sassuolo,269,2889,,,2026-09-18,https://d2zywfiolv4f83.cloudfront.net/img/teams/269.png,https://d2zywfiolv4f83.cloudfront.net/img/teams/2889.png,5,5
108,5,11126,25518,Italy Serie A,2026-2027,1980980,https://www.whoscored.com/matches/1980980/show/italy-serie-a-2026-2027-udinese-cagliari,Sep 2026,,Udinese,Cagliari,86,78,,,2026-09-19,https://d2zywfiolv4f83.cloudfront.net/img/teams/86.png,https://d2zywfiolv4f83.cloudfront.net/img/teams/78.png,5,5
108,5,11126,25518,Italy Serie A,2026-2027,1980964,https://www.whoscored.com/matches/1980964/show/italy-serie-a-2026-2027-bologna-torino,Sep 2026,,Bologna,Torino,71,72,,,2026-09-19,https://d2zywfiolv4f83.cloudfront.net/img/teams/71.png,https://d2zywfiolv4f83.cloudfront.net/img/teams/72.png,5,5
108,5,11126,25518,Italy Serie A,2026-2027,1980961,https://www.whoscored.com/matches/1980961/show/italy-serie-a-2026-2027-roma-inter,Sep 2026,,Roma,Inter,84,75,,,2026-09-19,https://d2zywfiolv4f83.cloudfront.net/img/teams/84.png,https://d2zywfiolv4f83.cloudfront.net/img/teams/75.png,5,5
108,5,11126,25518,Italy Serie A,2026-2027,1980981,https://www.whoscored.com/matches/1980981/show/italy-serie-a-2026-2027-venezia-lazio,Sep 2026,,Venezia,Lazio,85,77,,,2026-09-19,https://d2zywfiolv4f83.cloudfront.net/img/teams/85.png,https://d2zywfiolv4f83.cloudfront.net/img/teams/77.png,5,5
108,5,11126,25518,Italy Serie A,2026-2027,1980967,https://www.whoscored.com/matches/1980967/show/italy-serie-a-2026-2027-fiorentina-napoli,Sep 2026,,Fiorentina,Napoli,73,276,,,2026-09-20,https://d2zywfiolv4f83.cloudfront.net/img/teams/73.png,https://d2zywfiolv4f83.cloudfront.net/img/teams/276.png,5,5
108,5,11126,25518,Italy Serie A,2026-2027,1980970,https://www.whoscored.com/matches/1980970/show/italy-serie-a-2026-2027-frosinone-como,Sep 2026,,Frosinone,Como,2732,1290,,,2026-09-20,https://d2zywfiolv4f83.cloudfront.net/img/teams/2732.png,https://d2zywfiolv4f83.cloudfront.net/img/teams/1290.png,5,5
108,5,11126,25518,Italy Serie A,2026-2027,1980978,https://www.whoscored.com/matches/1980978/show/italy-serie-a-2026-2027-parma-calcio-1913-genoa,Sep 2026,,Parma,Genoa,24341,278,,,2026-09-20,https://d2zywfiolv4f83.cloudfront.net/img/teams/24341.png,https://d2zywfiolv4f83.cloudfront.net/img/teams/278.png,5,5
108,5,11126,25518,Italy Serie A,2026-2027,1980973,https://www.whoscored.com/matches/1980973/show/italy-serie-a-2026-2027-juventus-atalanta,Sep 2026,,Juventus,Atalanta,87,300,,,2026-09-20,https://d2zywfiolv4f83.cloudfront.net/img/teams/87.png,https://d2zywfiolv4f83.cloudfront.net/img/teams/300.png,5,5
108,5,11126,25518,Italy Serie A,2026-2027,1980958,https://www.whoscored.com/matches/1980958/show/italy-serie-a-2026-2027-ac-milan-lecce,Sep 2026,,Milan,Lecce,80,79,,,2026-09-20,https://d2zywfiolv4f83.cloudfront.net/img/teams/80.png,https://d2zywfiolv4f83.cloudfront.net/img/teams/79.png,5,5
108,5,11126,25518,Italy Serie A,2026-2027,1980983,https://www.whoscored.com/matches/1980983/show/italy-serie-a-2026-2027-atalanta-venezia,Oct 2026,,Atalanta,Venezia,300,85,,,2026-10-11,https://d2zywfiolv4f83.cloudfront.net/img/teams/300.png,https://d2zywfiolv4f83.cloudfront.net/img/teams/85.png,6,6
108,5,11126,25518,Italy Serie A,2026-2027,1980985,https://www.whoscored.com/matches/1980985/show/italy-serie-a-2026-2027-cagliari-juventus,Oct 2026,,Cagliari,Juventus,78,87,,,2026-10-11,https://d2zywfiolv4f83.cloudfront.net/img/teams/78.png,https://d2zywfiolv4f83.cloudfront.net/img/teams/87.png,6,6
108,5,11126,25518,Italy Serie A,2026-2027,1980987,https://www.whoscored.com/matches/1980987/show/italy-serie-a-2026-2027-como-roma,Oct 2026,,Como,Roma,1290,84,,,2026-10-11,https://d2zywfiolv4f83.cloudfront.net/img/teams/1290.png,https://d2zywfiolv4f83.cloudfront.net/img/teams/84.png,6,6
108,5,11126,25518,Italy Serie A,2026-2027,1980989,https://www.whoscored.com/matches/1980989/show/italy-serie-a-2026-2027-genoa-fiorentina,Oct 2026,,Genoa,Fiorentina,278,73,,,2026-10-11,https://d2zywfiolv4f83.cloudfront.net/img/teams/278.png,https://d2zywfiolv4f83.cloudfront.net/img/teams/73.png,6,6
108,5,11126,25518,Italy Serie A,2026-2027,1980991,https://www.whoscored.com/matches/1980991/show/italy-serie-a-2026-2027-inter-parma-calcio-1913,Oct 2026,,Inter,Parma,75,24341,,,2026-10-11,https://d2zywfiolv4f83.cloudfront.net/img/teams/75.png,https://d2zywfiolv4f83.cloudfront.net/img/teams/24341.png,6,6
108,5,11126,25518,Italy Serie A,2026-2027,1980993,https://www.whoscored.com/matches/1980993/show/italy-serie-a-2026-2027-lazio-monza,Oct 2026,,Lazio,Monza,77,269,,,2026-10-11,https://d2zywfiolv4f83.cloudfront.net/img/teams/77.png,https://d2zywfiolv4f83.cloudfront.net/img/teams/269.png,6,6
108,5,11126,25518,Italy Serie A,2026-2027,1980995,https://www.whoscored.com/matches/1980995/show/italy-serie-a-2026-2027-lecce-bologna,Oct 2026,,Lecce,Bologna,79,71,,,2026-10-11,https://d2zywfiolv4f83.cloudfront.net/img/teams/79.png,https://d2zywfiolv4f83.cloudfront.net/img/teams/71.png,6,6
108,5,11126,25518,Italy Serie A,2026-2027,1980997,https://www.whoscored.com/matches/1980997/show/italy-serie-a-2026-2027-napoli-frosinone,Oct 2026,,Napoli,Frosinone,276,2732,,,2026-10-11,https://d2zywfiolv4f83.cloudfront.net/img/teams/276.png,https://d2zywfiolv4f83.cloudfront.net/img/teams/2732.png,6,6
108,5,11126,25518,Italy Serie A,2026-2027,1980999,https://www.whoscored.com/matches/1980999/show/italy-serie-a-2026-2027-sassuolo-ac-milan,Oct 2026,,Sassuolo,Milan,2889,80,,,2026-10-11,https://d2zywfiolv4f83.cloudfront.net/img/teams/2889.png,https://d2zywfiolv4f83.cloudfront.net/img/teams/80.png,6,6
108,5,11126,25518,Italy Serie A,2026-2027,1981001,https://www.whoscored.com/matches/1981001/show/italy-serie-a-2026-2027-torino-udinese,Oct 2026,,Torino,Udinese,72,86,,,2026-10-11,https://d2zywfiolv4f83.cloudfront.net/img/teams/72.png,https://d2zywfiolv4f83.cloudfront.net/img/teams/86.png,6,6
108,5,11126,25518,Italy Serie A,2026-2027,1981002,https://www.whoscored.com/matches/1981002/show/italy-serie-a-2026-2027-ac-milan-atalanta,Oct 2026,,Milan,Atalanta,80,300,,,2026-10-17,https://d2zywfiolv4f83.cloudfront.net/img/teams/80.png,https://d2zywfiolv4f83.cloudfront.net/img/teams/300.png,7,7
108,5,11126,25518,Italy Serie A,2026-2027,1981004,https://www.whoscored.com/matches/1981004/show/italy-serie-a-2026-2027-roma-genoa,Oct 2026,,Roma,Genoa,84,278,,,2026-10-17,https://d2zywfiolv4f83.cloudfront.net/img/teams/84.png,https://d2zywfiolv4f83.cloudfront.net/img/teams/278.png,7,7
108,5,11126,25518,Italy Serie A,2026-2027,1981006,https://www.whoscored.com/matches/1981006/show/italy-serie-a-2026-2027-bologna-inter,Oct 2026,,Bologna,Inter,71,75,,,2026-10-17,https://d2zywfiolv4f83.cloudfront.net/img/teams/71.png,https://d2zywfiolv4f83.cloudfront.net/img/teams/75.png,7,7
108,5,11126,25518,Italy Serie A,2026-2027,1981008,https://www.whoscored.com/matches/1981008/show/italy-serie-a-2026-2027-fiorentina-como,Oct 2026,,Fiorentina,Como,73,1290,,,2026-10-17,https://d2zywfiolv4f83.cloudfront.net/img/teams/73.png,https://d2zywfiolv4f83.cloudfront.net/img/teams/1290.png,7,7
108,5,11126,25518,Italy Serie A,2026-2027,1981010,https://www.whoscored.com/matches/1981010/show/italy-serie-a-2026-2027-frosinone-sassuolo,Oct 2026,,Frosinone,Sassuolo,2732,2889,,,2026-10-17,https://d2zywfiolv4f83.cloudfront.net/img/teams/2732.png,https://d2zywfiolv4f83.cloudfront.net/img/teams/2889.png,7,7
108,5,11126,25518,Italy Serie A,2026-2027,1981013,https://www.whoscored.com/matches/1981013/show/italy-serie-a-2026-2027-juventus-lazio,Oct 2026,,Juventus,Lazio,87,77,,,2026-10-17,https://d2zywfiolv4f83.cloudfront.net/img/teams/87.png,https://d2zywfiolv4f83.cloudfront.net/img/teams/77.png,7,7
108,5,11126,25518,Italy Serie A,2026-2027,1981015,https://www.whoscored.com/matches/1981015/show/italy-serie-a-2026-2027-monza-cagliari,Oct 2026,,Monza,Cagliari,269,78,,,2026-10-17,https://d2zywfiolv4f83.cloudfront.net/img/teams/269.png,https://d2zywfiolv4f83.cloudfront.net/img/teams/78.png,7,7
108,5,11126,25518,Italy Serie A,2026-2027,1981017,https://www.whoscored.com/matches/1981017/show/italy-serie-a-2026-2027-parma-calcio-1913-torino,Oct 2026,,Parma,Torino,24341,72,,,2026-10-17,https://d2zywfiolv4f83.cloudfront.net/img/teams/24341.png,https://d2zywfiolv4f83.cloudfront.net/img/teams/72.png,7,7
108,5,11126,25518,Italy Serie A,2026-2027,1981019,https://www.whoscored.com/matches/1981019/show/italy-serie-a-2026-2027-udinese-lecce,Oct 2026,,Udinese,Lecce,86,79,,,2026-10-17,https://d2zywfiolv4f83.cloudfront.net/img/teams/86.png,https://d2zywfiolv4f83.cloudfront.net/img/teams/79.png,7,7
108,5,11126,25518,Italy Serie A,2026-2027,1981021,https://www.whoscored.com/matches/1981021/show/italy-serie-a-2026-2027-venezia-napoli,Oct 2026,,Venezia,Napoli,85,276,,,2026-10-17,https://d2zywfiolv4f83.cloudfront.net/img/teams/85.png,https://d2zywfiolv4f83.cloudfront.net/img/teams/276.png,7,7
108,5,11126,25518,Italy Serie A,2026-2027,1981023,https://www.whoscored.com/matches/1981023/show/italy-serie-a-2026-2027-atalanta-frosinone,Oct 2026,,Atalanta,Frosinone,300,2732,,,2026-10-25,https://d2zywfiolv4f83.cloudfront.net/img/teams/300.png,https://d2zywfiolv4f83.cloudfront.net/img/teams/2732.png,8,8
108,5,11126,25518,Italy Serie A,2026-2027,1981025,https://www.whoscored.com/matches/1981025/show/italy-serie-a-2026-2027-cagliari-bologna,Oct 2026,,Cagliari,Bologna,78,71,,,2026-10-25,https://d2zywfiolv4f83.cloudfront.net/img/teams/78.png,https://d2zywfiolv4f83.cloudfront.net/img/teams/71.png,8,8
108,5,11126,25518,Italy Serie A,2026-2027,1981027,https://www.whoscored.com/matches/1981027/show/italy-serie-a-2026-2027-como-sassuolo,Oct 2026,,Como,Sassuolo,1290,2889,,,2026-10-25,https://d2zywfiolv4f83.cloudfront.net/img/teams/1290.png,https://d2zywfiolv4f83.cloudfront.net/img/teams/2889.png,8,8
108,5,11126,25518,Italy Serie A,2026-2027,1981029,https://www.whoscored.com/matches/1981029/show/italy-serie-a-2026-2027-genoa-venezia,Oct 2026,,Genoa,Venezia,278,85,,,2026-10-25,https://d2zywfiolv4f83.cloudfront.net/img/teams/278.png,https://d2zywfiolv4f83.cloudfront.net/img/teams/85.png,8,8
108,5,11126,25518,Italy Serie A,2026-2027,1981031,https://www.whoscored.com/matches/1981031/show/italy-serie-a-2026-2027-inter-fiorentina,Oct 2026,,Inter,Fiorentina,75,73,,,2026-10-25,https://d2zywfiolv4f83.cloudfront.net/img/teams/75.png,https://d2zywfiolv4f83.cloudfront.net/img/teams/73.png,8,8
108,5,11126,25518,Italy Serie A,2026-2027,1981033,https://www.whoscored.com/matches/1981033/show/italy-serie-a-2026-2027-lazio-parma-calcio-1913,Oct 2026,,Lazio,Parma,77,24341,,,2026-10-25,https://d2zywfiolv4f83.cloudfront.net/img/teams/77.png,https://d2zywfiolv4f83.cloudfront.net/img/teams/24341.png,8,8
108,5,11126,25518,Italy Serie A,2026-2027,1981034,https://www.whoscored.com/matches/1981034/show/italy-serie-a-2026-2027-lecce-juventus,Oct 2026,,Lecce,Juventus,79,87,,,2026-10-25,https://d2zywfiolv4f83.cloudfront.net/img/teams/79.png,https://d2zywfiolv4f83.cloudfront.net/img/teams/87.png,8,8
108,5,11126,25518,Italy Serie A,2026-2027,1981036,https://www.whoscored.com/matches/1981036/show/italy-serie-a-2026-2027-napoli-roma,Oct 2026,,Napoli,Roma,276,84,,,2026-10-25,https://d2zywfiolv4f83.cloudfront.net/img/teams/276.png,https://d2zywfiolv4f83.cloudfront.net/img/teams/84.png,8,8
108,5,11126,25518,Italy Serie A,2026-2027,1981038,https://www.whoscored.com/matches/1981038/show/italy-serie-a-2026-2027-torino-monza,Oct 2026,,Torino,Monza,72,269,,,2026-10-25,https://d2zywfiolv4f83.cloudfront.net/img/teams/72.png,https://d2zywfiolv4f83.cloudfront.net/img/teams/269.png,8,8
108,5,11126,25518,Italy Serie A,2026-2027,1981040,https://www.whoscored.com/matches/1981040/show/italy-serie-a-2026-2027-udinese-ac-milan,Oct 2026,,Udinese,Milan,86,80,,,2026-10-25,https://d2zywfiolv4f83.cloudfront.net/img/teams/86.png,https://d2zywfiolv4f83.cloudfront.net/img/teams/80.png,8,8
108,5,11126,25518,Italy Serie A,2026-2027,1981042,https://www.whoscored.com/matches/1981042/show/italy-serie-a-2026-2027-ac-milan-bologna,Oct 2026,,Milan,Bologna,80,71,,,2026-10-28,https://d2zywfiolv4f83.cloudfront.net/img/teams/80.png,https://d2zywfiolv4f83.cloudfront.net/img/teams/71.png,9,9
108,5,11126,25518,Italy Serie A,2026-2027,1981044,https://www.whoscored.com/matches/1981044/show/italy-serie-a-2026-2027-roma-cagliari,Oct 2026,,Roma,Cagliari,84,78,,,2026-10-28,https://d2zywfiolv4f83.cloudfront.net/img/teams/84.png,https://d2zywfiolv4f83.cloudfront.net/img/teams/78.png,9,9
108,5,11126,25518,Italy Serie A,2026-2027,1981046,https://www.whoscored.com/matches/1981046/show/italy-serie-a-2026-2027-fiorentina-atalanta,Oct 2026,,Fiorentina,Atalanta,73,300,,,2026-10-28,https://d2zywfiolv4f83.cloudfront.net/img/teams/73.png,https://d2zywfiolv4f83.cloudfront.net/img/teams/300.png,9,9
108,5,11126,25518,Italy Serie A,2026-2027,1981048,https://www.whoscored.com/matches/1981048/show/italy-serie-a-2026-2027-frosinone-lecce,Oct 2026,,Frosinone,Lecce,2732,79,,,2026-10-28,https://d2zywfiolv4f83.cloudfront.net/img/teams/2732.png,https://d2zywfiolv4f83.cloudfront.net/img/teams/79.png,9,9
108,5,11126,25518,Italy Serie A,2026-2027,1981050,https://www.whoscored.com/matches/1981050/show/italy-serie-a-2026-2027-genoa-juventus,Oct 2026,,Genoa,Juventus,278,87,,,2026-10-28,https://d2zywfiolv4f83.cloudfront.net/img/teams/278.png,https://d2zywfiolv4f83.cloudfront.net/img/teams/87.png,9,9
108,5,11126,25518,Italy Serie A,2026-2027,1981052,https://www.whoscored.com/matches/1981052/show/italy-serie-a-2026-2027-monza-napoli,Oct 2026,,Monza,Napoli,269,276,,,2026-10-28,https://d2zywfiolv4f83.cloudfront.net/img/teams/269.png,https://d2zywfiolv4f83.cloudfront.net/img/teams/276.png,9,9
108,5,11126,25518,Italy Serie A,2026-2027,1981054,https://www.whoscored.com/matches/1981054/show/italy-serie-a-2026-2027-parma-calcio-1913-udinese,Oct 2026,,Parma,Udinese,24341,86,,,2026-10-28,https://d2zywfiolv4f83.cloudfront.net/img/teams/24341.png,https://d2zywfiolv4f83.cloudfront.net/img/teams/86.png,9,9
108,5,11126,25518,Italy Serie A,2026-2027,1981056,https://www.whoscored.com/matches/1981056/show/italy-serie-a-2026-2027-sassuolo-lazio,Oct 2026,,Sassuolo,Lazio,2889,77,,,2026-10-28,https://d2zywfiolv4f83.cloudfront.net/img/teams/2889.png,https://d2zywfiolv4f83.cloudfront.net/img/teams/77.png,9,9
108,5,11126,25518,Italy Serie A,2026-2027,1980906,https://www.whoscored.com/matches/1980906/show/italy-serie-a-2026-2027-torino-como,Oct 2026,,Torino,Como,72,1290,,,2026-10-28,https://d2zywfiolv4f83.cloudfront.net/img/teams/72.png,https://d2zywfiolv4f83.cloudfront.net/img/teams/1290.png,9,9
108,5,11126,25518,Italy Serie A,2026-2027,1980907,https://www.whoscored.com/matches/1980907/show/italy-serie-a-2026-2027-venezia-inter,Oct 2026,,Venezia,Inter,85,75,,,2026-10-28,https://d2zywfiolv4f83.cloudfront.net/img/teams/85.png,https://d2zywfiolv4f83.cloudfront.net/img/teams/75.png,9,9
108,5,11126,25518,Italy Serie A,2026-2027,1980910,https://www.whoscored.com/matches/1980910/show/italy-serie-a-2026-2027-ac-milan-inter,Nov 2026,,Milan,Inter,80,75,,,2026-11-01,https://d2zywfiolv4f83.cloudfront.net/img/teams/80.png,https://d2zywfiolv4f83.cloudfront.net/img/teams/75.png,10,10
108,5,11126,25518,Italy Serie A,2026-2027,1980912,https://www.whoscored.com/matches/1980912/show/italy-serie-a-2026-2027-atalanta-parma-calcio-1913,Nov 2026,,Atalanta,Parma,300,24341,,,2026-11-01,https://d2zywfiolv4f83.cloudfront.net/img/teams/300.png,https://d2zywfiolv4f83.cloudfront.net/img/teams/24341.png,10,10
108,5,11126,25518,Italy Serie A,2026-2027,1980914,https://www.whoscored.com/matches/1980914/show/italy-serie-a-2026-2027-bologna-monza,Nov 2026,,Bologna,Monza,71,269,,,2026-11-01,https://d2zywfiolv4f83.cloudfront.net/img/teams/71.png,https://d2zywfiolv4f83.cloudfront.net/img/teams/269.png,10,10
108,5,11126,25518,Italy Serie A,2026-2027,1980916,https://www.whoscored.com/matches/1980916/show/italy-serie-a-2026-2027-como-venezia,Nov 2026,,Como,Venezia,1290,85,,,2026-11-01,https://d2zywfiolv4f83.cloudfront.net/img/teams/1290.png,https://d2zywfiolv4f83.cloudfront.net/img/teams/85.png,10,10
108,5,11126,25518,Italy Serie A,2026-2027,1980919,https://www.whoscored.com/matches/1980919/show/italy-serie-a-2026-2027-frosinone-torino,Nov 2026,,Frosinone,Torino,2732,72,,,2026-11-01,https://d2zywfiolv4f83.cloudfront.net/img/teams/2732.png,https://d2zywfiolv4f83.cloudfront.net/img/teams/72.png,10,10
108,5,11126,25518,Italy Serie A,2026-2027,1980922,https://www.whoscored.com/matches/1980922/show/italy-serie-a-2026-2027-juventus-napoli,Nov 2026,,Juventus,Napoli,87,276,,,2026-11-01,https://d2zywfiolv4f83.cloudfront.net/img/teams/87.png,https://d2zywfiolv4f83.cloudfront.net/img/teams/276.png,10,10
108,5,11126,25518,Italy Serie A,2026-2027,1980925,https://www.whoscored.com/matches/1980925/show/italy-serie-a-2026-2027-lazio-cagliari,Nov 2026,,Lazio,Cagliari,77,78,,,2026-11-01,https://d2zywfiolv4f83.cloudfront.net/img/teams/77.png,https://d2zywfiolv4f83.cloudfront.net/img/teams/78.png,10,10
108,5,11126,25518,Italy Serie A,2026-2027,1980928,https://www.whoscored.com/matches/1980928/show/italy-serie-a-2026-2027-lecce-genoa,Nov 2026,,Lecce,Genoa,79,278,,,2026-11-01,https://d2zywfiolv4f83.cloudfront.net/img/teams/79.png,https://d2zywfiolv4f83.cloudfront.net/img/teams/278.png,10,10
108,5,11126,25518,Italy Serie A,2026-2027,1980931,https://www.whoscored.com/matches/1980931/show/italy-serie-a-2026-2027-sassuolo-fiorentina,Nov 2026,,Sassuolo,Fiorentina,2889,73,,,2026-11-01,https://d2zywfiolv4f83.cloudfront.net/img/teams/2889.png,https://d2zywfiolv4f83.cloudfront.net/img/teams/73.png,10,10
108,5,11126,25518,Italy Serie A,2026-2027,1980934,https://www.whoscored.com/matches/1980934/show/italy-serie-a-2026-2027-udinese-roma,Nov 2026,,Udinese,Roma,86,84,,,2026-11-01,https://d2zywfiolv4f83.cloudfront.net/img/teams/86.png,https://d2zywfiolv4f83.cloudfront.net/img/teams/84.png,10,10
108,5,11126,25518,Italy Serie A,2026-2027,1980937,https://www.whoscored.com/matches/1980937/show/italy-serie-a-2026-2027-roma-sassuolo,Nov 2026,,Roma,Sassuolo,84,2889,,,2026-11-08,https://d2zywfiolv4f83.cloudfront.net/img/teams/84.png,https://d2zywfiolv4f83.cloudfront.net/img/teams/2889.png,11,11
108,5,11126,25518,Italy Serie A,2026-2027,1980948,https://www.whoscored.com/matches/1980948/show/italy-serie-a-2026-2027-inter-como,Nov 2026,,Inter,Como,75,1290,,,2026-11-08,https://d2zywfiolv4f83.cloudfront.net/img/teams/75.png,https://d2zywfiolv4f83.cloudfront.net/img/teams/1290.png,11,11
108,5,11126,25518,Italy Serie A,2026-2027,1980950,https://www.whoscored.com/matches/1980950/show/italy-serie-a-2026-2027-monza-atalanta,Nov 2026,,Monza,Atalanta,269,300,,,2026-11-08,https://d2zywfiolv4f83.cloudfront.net/img/teams/269.png,https://d2zywfiolv4f83.cloudfront.net/img/teams/300.png,11,11
108,5,11126,25518,Italy Serie A,2026-2027,1980954,https://www.whoscored.com/matches/1980954/show/italy-serie-a-2026-2027-napoli-lazio,Nov 2026,,Napoli,Lazio,276,77,,,2026-11-08,https://d2zywfiolv4f83.cloudfront.net/img/teams/276.png,https://d2zywfiolv4f83.cloudfront.net/img/teams/77.png,11,11
108,5,11126,25518,Italy Serie A,2026-2027,1980957,https://www.whoscored.com/matches/1980957/show/italy-serie-a-2026-2027-parma-calcio-1913-bologna,Nov 2026,,Parma,Bologna,24341,71,,,2026-11-08,https://d2zywfiolv4f83.cloudfront.net/img/teams/24341.png,https://d2zywfiolv4f83.cloudfront.net/img/teams/71.png,11,11
108,5,11126,25518,Italy Serie A,2026-2027,1980960,https://www.whoscored.com/matches/1980960/show/italy-serie-a-2026-2027-torino-lecce,Nov 2026,,Torino,Lecce,72,79,,,2026-11-08,https://d2zywfiolv4f83.cloudfront.net/img/teams/72.png,https://d2zywfiolv4f83.cloudfront.net/img/teams/79.png,11,11
108,5,11126,25518,Italy Serie A,2026-2027,1980963,https://www.whoscored.com/matches/1980963/show/italy-serie-a-2026-2027-venezia-udinese,Nov 2026,,Venezia,Udinese,85,86,,,2026-11-08,https://d2zywfiolv4f83.cloudfront.net/img/teams/85.png,https://d2zywfiolv4f83.cloudfront.net/img/teams/86.png,11,11
108,5,11126,25518,Italy Serie A,2026-2027,1980940,https://www.whoscored.com/matches/1980940/show/italy-serie-a-2026-2027-cagliari-frosinone,Nov 2026,,Cagliari,Frosinone,78,2732,,,2026-11-08,https://d2zywfiolv4f83.cloudfront.net/img/teams/78.png,https://d2zywfiolv4f83.cloudfront.net/img/teams/2732.png,11,11
108,5,11126,25518,Italy Serie A,2026-2027,1980943,https://www.whoscored.com/matches/1980943/show/italy-serie-a-2026-2027-fiorentina-juventus,Nov 2026,,Fiorentina,Juventus,73,87,,,2026-11-08,https://d2zywfiolv4f83.cloudfront.net/img/teams/73.png,https://d2zywfiolv4f83.cloudfront.net/img/teams/87.png,11,11
108,5,11126,25518,Italy Serie A,2026-2027,1980945,https://www.whoscored.com/matches/1980945/show/italy-serie-a-2026-2027-genoa-ac-milan,Nov 2026,,Genoa,Milan,278,80,,,2026-11-08,https://d2zywfiolv4f83.cloudfront.net/img/teams/278.png,https://d2zywfiolv4f83.cloudfront.net/img/teams/80.png,11,11
108,5,11126,25518,Italy Serie A,2026-2027,1980966,https://www.whoscored.com/matches/1980966/show/italy-serie-a-2026-2027-ac-milan-frosinone,Nov 2026,,Milan,Frosinone,80,2732,,,2026-11-22,https://d2zywfiolv4f83.cloudfront.net/img/teams/80.png,https://d2zywfiolv4f83.cloudfront.net/img/teams/2732.png,12,12
108,5,11126,25518,Italy Serie A,2026-2027,1980969,https://www.whoscored.com/matches/1980969/show/italy-serie-a-2026-2027-atalanta-inter,Nov 2026,,Atalanta,Inter,300,75,,,2026-11-22,https://d2zywfiolv4f83.cloudfront.net/img/teams/300.png,https://d2zywfiolv4f83.cloudfront.net/img/teams/75.png,12,12
108,5,11126,25518,Italy Serie A,2026-2027,1980972,https://www.whoscored.com/matches/1980972/show/italy-serie-a-2026-2027-bologna-udinese,Nov 2026,,Bologna,Udinese,71,86,,,2026-11-22,https://d2zywfiolv4f83.cloudfront.net/img/teams/71.png,https://d2zywfiolv4f83.cloudfront.net/img/teams/86.png,12,12
108,5,11126,25518,Italy Serie A,2026-2027,1980975,https://www.whoscored.com/matches/1980975/show/italy-serie-a-2026-2027-como-cagliari,Nov 2026,,Como,Cagliari,1290,78,,,2026-11-22,https://d2zywfiolv4f83.cloudfront.net/img/teams/1290.png,https://d2zywfiolv4f83.cloudfront.net/img/teams/78.png,12,12
108,5,11126,25518,Italy Serie A,2026-2027,1980917,https://www.whoscored.com/matches/1980917/show/italy-serie-a-2026-2027-sassuolo-genoa,Nov 2026,,Sassuolo,Genoa,2889,278,,,2026-11-22,https://d2zywfiolv4f83.cloudfront.net/img/teams/2889.png,https://d2zywfiolv4f83.cloudfront.net/img/teams/278.png,12,12
108,5,11126,25518,Italy Serie A,2026-2027,1980915,https://www.whoscored.com/matches/1980915/show/italy-serie-a-2026-2027-parma-calcio-1913-roma,Nov 2026,,Parma,Roma,24341,84,,,2026-11-22,https://d2zywfiolv4f83.cloudfront.net/img/teams/24341.png,https://d2zywfiolv4f83.cloudfront.net/img/teams/84.png,12,12
108,5,11126,25518,Italy Serie A,2026-2027,1980913,https://www.whoscored.com/matches/1980913/show/italy-serie-a-2026-2027-napoli-torino,Nov 2026,,Napoli,Torino,276,72,,,2026-11-22,https://d2zywfiolv4f83.cloudfront.net/img/teams/276.png,https://d2zywfiolv4f83.cloudfront.net/img/teams/72.png,12,12
108,5,11126,25518,Italy Serie A,2026-2027,1980911,https://www.whoscored.com/matches/1980911/show/italy-serie-a-2026-2027-monza-fiorentina,Nov 2026,,Monza,Fiorentina,269,73,,,2026-11-22,https://d2zywfiolv4f83.cloudfront.net/img/teams/269.png,https://d2zywfiolv4f83.cloudfront.net/img/teams/73.png,12,12
108,5,11126,25518,Italy Serie A,2026-2027,1980904,https://www.whoscored.com/matches/1980904/show/italy-serie-a-2026-2027-juventus-venezia,Nov 2026,,Juventus,Venezia,87,85,,,2026-11-22,https://d2zywfiolv4f83.cloudfront.net/img/teams/87.png,https://d2zywfiolv4f83.cloudfront.net/img/teams/85.png,12,12
108,5,11126,25518,Italy Serie A,2026-2027,1980908,https://www.whoscored.com/matches/1980908/show/italy-serie-a-2026-2027-lazio-lecce,Nov 2026,,Lazio,Lecce,77,79,,,2026-11-22,https://d2zywfiolv4f83.cloudfront.net/img/teams/77.png,https://d2zywfiolv4f83.cloudfront.net/img/teams/79.png,12,12
108,5,11126,25518,Italy Serie A,2026-2027,1980920,https://www.whoscored.com/matches/1980920/show/italy-serie-a-2026-2027-roma-monza,Nov 2026,,Roma,Monza,84,269,,,2026-11-29,https://d2zywfiolv4f83.cloudfront.net/img/teams/84.png,https://d2zywfiolv4f83.cloudfront.net/img/teams/269.png,13,13
108,5,11126,25518,Italy Serie A,2026-2027,1980926,https://www.whoscored.com/matches/1980926/show/italy-serie-a-2026-2027-como-juventus,Nov 2026,,Como,Juventus,1290,87,,,2026-11-29,https://d2zywfiolv4f83.cloudfront.net/img/teams/1290.png,https://d2zywfiolv4f83.cloudfront.net/img/teams/87.png,13,13
108,5,11126,25518,Italy Serie A,2026-2027,1980923,https://www.whoscored.com/matches/1980923/show/italy-serie-a-2026-2027-cagliari-ac-milan,Nov 2026,,Cagliari,Milan,78,80,,,2026-11-29,https://d2zywfiolv4f83.cloudfront.net/img/teams/78.png,https://d2zywfiolv4f83.cloudfront.net/img/teams/80.png,13,13
108,5,11126,25518,Italy Serie A,2026-2027,1980939,https://www.whoscored.com/matches/1980939/show/italy-serie-a-2026-2027-sassuolo-napoli,Nov 2026,,Sassuolo,Napoli,2889,276,,,2026-11-29,https://d2zywfiolv4f83.cloudfront.net/img/teams/2889.png,https://d2zywfiolv4f83.cloudfront.net/img/teams/276.png,13,13
108,5,11126,25518,Italy Serie A,2026-2027,1980935,https://www.whoscored.com/matches/1980935/show/italy-serie-a-2026-2027-lecce-atalanta,Nov 2026,,Lecce,Atalanta,79,300,,,2026-11-29,https://d2zywfiolv4f83.cloudfront.net/img/teams/79.png,https://d2zywfiolv4f83.cloudfront.net/img/teams/300.png,13,13
108,5,11126,25518,Italy Serie A,2026-2027,1980932,https://www.whoscored.com/matches/1980932/show/italy-serie-a-2026-2027-inter-genoa,Nov 2026,,Inter,Genoa,75,278,,,2026-11-29,https://d2zywfiolv4f83.cloudfront.net/img/teams/75.png,https://d2zywfiolv4f83.cloudfront.net/img/teams/278.png,13,13
108,5,11126,25518,Italy Serie A,2026-2027,1980929,https://www.whoscored.com/matches/1980929/show/italy-serie-a-2026-2027-frosinone-parma-calcio-1913,Nov 2026,,Frosinone,Parma,2732,24341,,,2026-11-29,https://d2zywfiolv4f83.cloudfront.net/img/teams/2732.png,https://d2zywfiolv4f83.cloudfront.net/img/teams/24341.png,13,13
108,5,11126,25518,Italy Serie A,2026-2027,1980947,https://www.whoscored.com/matches/1980947/show/italy-serie-a-2026-2027-venezia-bologna,Nov 2026,,Venezia,Bologna,85,71,,,2026-11-29,https://d2zywfiolv4f83.cloudfront.net/img/teams/85.png,https://d2zywfiolv4f83.cloudfront.net/img/teams/71.png,13,13
108,5,11126,25518,Italy Serie A,2026-2027,1980944,https://www.whoscored.com/matches/1980944/show/italy-serie-a-2026-2027-udinese-fiorentina,Nov 2026,,Udinese,Fiorentina,86,73,,,2026-11-29,https://d2zywfiolv4f83.cloudfront.net/img/teams/86.png,https://d2zywfiolv4f83.cloudfront.net/img/teams/73.png,13,13
108,5,11126,25518,Italy Serie A,2026-2027,1980941,https://www.whoscored.com/matches/1980941/show/italy-serie-a-2026-2027-torino-lazio,Nov 2026,,Torino,Lazio,72,77,,,2026-11-29,https://d2zywfiolv4f83.cloudfront.net/img/teams/72.png,https://d2zywfiolv4f83.cloudfront.net/img/teams/77.png,13,13
108,5,11126,25518,Italy Serie A,2026-2027,1980951,https://www.whoscored.com/matches/1980951/show/italy-serie-a-2026-2027-ac-milan-parma-calcio-1913,Dec 2026,,Milan,Parma,80,24341,,,2026-12-06,https://d2zywfiolv4f83.cloudfront.net/img/teams/80.png,https://d2zywfiolv4f83.cloudfront.net/img/teams/24341.png,14,14
108,5,11126,25518,Italy Serie A,2026-2027,1980953,https://www.whoscored.com/matches/1980953/show/italy-serie-a-2026-2027-bologna-roma,Dec 2026,,Bologna,Roma,71,84,,,2026-12-06,https://d2zywfiolv4f83.cloudfront.net/img/teams/71.png,https://d2zywfiolv4f83.cloudfront.net/img/teams/84.png,14,14
108,5,11126,25518,Italy Serie A,2026-2027,1980956,https://www.whoscored.com/matches/1980956/show/italy-serie-a-2026-2027-fiorentina-cagliari,Dec 2026,,Fiorentina,Cagliari,73,78,,,2026-12-06,https://d2zywfiolv4f83.cloudfront.net/img/teams/73.png,https://d2zywfiolv4f83.cloudfront.net/img/teams/78.png,14,14
108,5,11126,25518,Italy Serie A,2026-2027,1980959,https://www.whoscored.com/matches/1980959/show/italy-serie-a-2026-2027-frosinone-inter,Dec 2026,,Frosinone,Inter,2732,75,,,2026-12-06,https://d2zywfiolv4f83.cloudfront.net/img/teams/2732.png,https://d2zywfiolv4f83.cloudfront.net/img/teams/75.png,14,14
108,5,11126,25518,Italy Serie A,2026-2027,1980962,https://www.whoscored.com/matches/1980962/show/italy-serie-a-2026-2027-genoa-torino,Dec 2026,,Genoa,Torino,278,72,,,2026-12-06,https://d2zywfiolv4f83.cloudfront.net/img/teams/278.png,https://d2zywfiolv4f83.cloudfront.net/img/teams/72.png,14,14
108,5,11126,25518,Italy Serie A,2026-2027,1980965,https://www.whoscored.com/matches/1980965/show/italy-serie-a-2026-2027-juventus-udinese,Dec 2026,,Juventus,Udinese,87,86,,,2026-12-06,https://d2zywfiolv4f83.cloudfront.net/img/teams/87.png,https://d2zywfiolv4f83.cloudfront.net/img/teams/86.png,14,14
108,5,11126,25518,Italy Serie A,2026-2027,1980968,https://www.whoscored.com/matches/1980968/show/italy-serie-a-2026-2027-lazio-atalanta,Dec 2026,,Lazio,Atalanta,77,300,,,2026-12-06,https://d2zywfiolv4f83.cloudfront.net/img/teams/77.png,https://d2zywfiolv4f83.cloudfront.net/img/teams/300.png,14,14
108,5,11126,25518,Italy Serie A,2026-2027,1980971,https://www.whoscored.com/matches/1980971/show/italy-serie-a-2026-2027-monza-como,Dec 2026,,Monza,Como,269,1290,,,2026-12-06,https://d2zywfiolv4f83.cloudfront.net/img/teams/269.png,https://d2zywfiolv4f83.cloudfront.net/img/teams/1290.png,14,14
108,5,11126,25518,Italy Serie A,2026-2027,1980974,https://www.whoscored.com/matches/1980974/show/italy-serie-a-2026-2027-napoli-lecce,Dec 2026,,Napoli,Lecce,276,79,,,2026-12-06,https://d2zywfiolv4f83.cloudfront.net/img/teams/276.png,https://d2zywfiolv4f83.cloudfront.net/img/teams/79.png,14,14
108,5,11126,25518,Italy Serie A,2026-2027,1980977,https://www.whoscored.com/matches/1980977/show/italy-serie-a-2026-2027-venezia-sassuolo,Dec 2026,,Venezia,Sassuolo,85,2889,,,2026-12-06,https://d2zywfiolv4f83.cloudfront.net/img/teams/85.png,https://d2zywfiolv4f83.cloudfront.net/img/teams/2889.png,14,14
108,5,11126,25518,Italy Serie A,2026-2027,1980979,https://www.whoscored.com/matches/1980979/show/italy-serie-a-2026-2027-atalanta-genoa,Dec 2026,,Atalanta,Genoa,300,278,,,2026-12-13,https://d2zywfiolv4f83.cloudfront.net/img/teams/300.png,https://d2zywfiolv4f83.cloudfront.net/img/teams/278.png,15,15
108,5,11126,25518,Italy Serie A,2026-2027,1980982,https://www.whoscored.com/matches/1980982/show/italy-serie-a-2026-2027-cagliari-venezia,Dec 2026,,Cagliari,Venezia,78,85,,,2026-12-13,https://d2zywfiolv4f83.cloudfront.net/img/teams/78.png,https://d2zywfiolv4f83.cloudfront.net/img/teams/85.png,15,15
108,5,11126,25518,Italy Serie A,2026-2027,1980984,https://www.whoscored.com/matches/1980984/show/italy-serie-a-2026-2027-como-bologna,Dec 2026,,Como,Bologna,1290,71,,,2026-12-13,https://d2zywfiolv4f83.cloudfront.net/img/teams/1290.png,https://d2zywfiolv4f83.cloudfront.net/img/teams/71.png,15,15
108,5,11126,25518,Italy Serie A,2026-2027,1980986,https://www.whoscored.com/matches/1980986/show/italy-serie-a-2026-2027-inter-torino,Dec 2026,,Inter,Torino,75,72,,,2026-12-13,https://d2zywfiolv4f83.cloudfront.net/img/teams/75.png,https://d2zywfiolv4f83.cloudfront.net/img/teams/72.png,15,15
108,5,11126,25518,Italy Serie A,2026-2027,1980988,https://www.whoscored.com/matches/1980988/show/italy-serie-a-2026-2027-juventus-monza,Dec 2026,,Juventus,Monza,87,269,,,2026-12-13,https://d2zywfiolv4f83.cloudfront.net/img/teams/87.png,https://d2zywfiolv4f83.cloudfront.net/img/teams/269.png,15,15
108,5,11126,25518,Italy Serie A,2026-2027,1980990,https://www.whoscored.com/matches/1980990/show/italy-serie-a-2026-2027-lazio-roma,Dec 2026,,Lazio,Roma,77,84,,,2026-12-13,https://d2zywfiolv4f83.cloudfront.net/img/teams/77.png,https://d2zywfiolv4f83.cloudfront.net/img/teams/84.png,15,15
108,5,11126,25518,Italy Serie A,2026-2027,1980992,https://www.whoscored.com/matches/1980992/show/italy-serie-a-2026-2027-lecce-sassuolo,Dec 2026,,Lecce,Sassuolo,79,2889,,,2026-12-13,https://d2zywfiolv4f83.cloudfront.net/img/teams/79.png,https://d2zywfiolv4f83.cloudfront.net/img/teams/2889.png,15,15
108,5,11126,25518,Italy Serie A,2026-2027,1980994,https://www.whoscored.com/matches/1980994/show/italy-serie-a-2026-2027-napoli-ac-milan,Dec 2026,,Napoli,Milan,276,80,,,2026-12-13,https://d2zywfiolv4f83.cloudfront.net/img/teams/276.png,https://d2zywfiolv4f83.cloudfront.net/img/teams/80.png,15,15
108,5,11126,25518,Italy Serie A,2026-2027,1980996,https://www.whoscored.com/matches/1980996/show/italy-serie-a-2026-2027-parma-calcio-1913-fiorentina,Dec 2026,,Parma,Fiorentina,24341,73,,,2026-12-13,https://d2zywfiolv4f83.cloudfront.net/img/teams/24341.png,https://d2zywfiolv4f83.cloudfront.net/img/teams/73.png,15,15
108,5,11126,25518,Italy Serie A,2026-2027,1980998,https://www.whoscored.com/matches/1980998/show/italy-serie-a-2026-2027-udinese-frosinone,Dec 2026,,Udinese,Frosinone,86,2732,,,2026-12-13,https://d2zywfiolv4f83.cloudfront.net/img/teams/86.png,https://d2zywfiolv4f83.cloudfront.net/img/teams/2732.png,15,15
108,5,11126,25518,Italy Serie A,2026-2027,1981000,https://www.whoscored.com/matches/1981000/show/italy-serie-a-2026-2027-ac-milan-como,Dec 2026,,Milan,Como,80,1290,,,2026-12-20,https://d2zywfiolv4f83.cloudfront.net/img/teams/80.png,https://d2zywfiolv4f83.cloudfront.net/img/teams/1290.png,16,16
108,5,11126,25518,Italy Serie A,2026-2027,1981003,https://www.whoscored.com/matches/1981003/show/italy-serie-a-2026-2027-roma-juventus,Dec 2026,,Roma,Juventus,84,87,,,2026-12-20,https://d2zywfiolv4f83.cloudfront.net/img/teams/84.png,https://d2zywfiolv4f83.cloudfront.net/img/teams/87.png,16,16
108,5,11126,25518,Italy Serie A,2026-2027,1981005,https://www.whoscored.com/matches/1981005/show/italy-serie-a-2026-2027-atalanta-napoli,Dec 2026,,Atalanta,Napoli,300,276,,,2026-12-20,https://d2zywfiolv4f83.cloudfront.net/img/teams/300.png,https://d2zywfiolv4f83.cloudfront.net/img/teams/276.png,16,16
108,5,11126,25518,Italy Serie A,2026-2027,1981007,https://www.whoscored.com/matches/1981007/show/italy-serie-a-2026-2027-fiorentina-bologna,Dec 2026,,Fiorentina,Bologna,73,71,,,2026-12-20,https://d2zywfiolv4f83.cloudfront.net/img/teams/73.png,https://d2zywfiolv4f83.cloudfront.net/img/teams/71.png,16,16
108,5,11126,25518,Italy Serie A,2026-2027,1981009,https://www.whoscored.com/matches/1981009/show/italy-serie-a-2026-2027-frosinone-lazio,Dec 2026,,Frosinone,Lazio,2732,77,,,2026-12-20,https://d2zywfiolv4f83.cloudfront.net/img/teams/2732.png,https://d2zywfiolv4f83.cloudfront.net/img/teams/77.png,16,16
108,5,11126,25518,Italy Serie A,2026-2027,1981011,https://www.whoscored.com/matches/1981011/show/italy-serie-a-2026-2027-genoa-udinese,Dec 2026,,Genoa,Udinese,278,86,,,2026-12-20,https://d2zywfiolv4f83.cloudfront.net/img/teams/278.png,https://d2zywfiolv4f83.cloudfront.net/img/teams/86.png,16,16
108,5,11126,25518,Italy Serie A,2026-2027,1981012,https://www.whoscored.com/matches/1981012/show/italy-serie-a-2026-2027-lecce-inter,Dec 2026,,Lecce,Inter,79,75,,,2026-12-20,https://d2zywfiolv4f83.cloudfront.net/img/teams/79.png,https://d2zywfiolv4f83.cloudfront.net/img/teams/75.png,16,16
108,5,11126,25518,Italy Serie A,2026-2027,1981014,https://www.whoscored.com/matches/1981014/show/italy-serie-a-2026-2027-sassuolo-parma-calcio-1913,Dec 2026,,Sassuolo,Parma,2889,24341,,,2026-12-20,https://d2zywfiolv4f83.cloudfront.net/img/teams/2889.png,https://d2zywfiolv4f83.cloudfront.net/img/teams/24341.png,16,16
108,5,11126,25518,Italy Serie A,2026-2027,1981016,https://www.whoscored.com/matches/1981016/show/italy-serie-a-2026-2027-torino-cagliari,Dec 2026,,Torino,Cagliari,72,78,,,2026-12-20,https://d2zywfiolv4f83.cloudfront.net/img/teams/72.png,https://d2zywfiolv4f83.cloudfront.net/img/teams/78.png,16,16
108,5,11126,25518,Italy Serie A,2026-2027,1981018,https://www.whoscored.com/matches/1981018/show/italy-serie-a-2026-2027-venezia-monza,Dec 2026,,Venezia,Monza,85,269,,,2026-12-20,https://d2zywfiolv4f83.cloudfront.net/img/teams/85.png,https://d2zywfiolv4f83.cloudfront.net/img/teams/269.png,16,16
108,5,11126,25518,Italy Serie A,2026-2027,1981020,https://www.whoscored.com/matches/1981020/show/italy-serie-a-2026-2027-roma-frosinone,Jan 2027,,Roma,Frosinone,84,2732,,,2027-01-03,https://d2zywfiolv4f83.cloudfront.net/img/teams/84.png,https://d2zywfiolv4f83.cloudfront.net/img/teams/2732.png,17,17
108,5,11126,25518,Italy Serie A,2026-2027,1981022,https://www.whoscored.com/matches/1981022/show/italy-serie-a-2026-2027-bologna-juventus,Jan 2027,,Bologna,Juventus,71,87,,,2027-01-03,https://d2zywfiolv4f83.cloudfront.net/img/teams/71.png,https://d2zywfiolv4f83.cloudfront.net/img/teams/87.png,17,17
108,5,11126,25518,Italy Serie A,2026-2027,1981024,https://www.whoscored.com/matches/1981024/show/italy-serie-a-2026-2027-cagliari-genoa,Jan 2027,,Cagliari,Genoa,78,278,,,2027-01-03,https://d2zywfiolv4f83.cloudfront.net/img/teams/78.png,https://d2zywfiolv4f83.cloudfront.net/img/teams/278.png,17,17
108,5,11126,25518,Italy Serie A,2026-2027,1981026,https://www.whoscored.com/matches/1981026/show/italy-serie-a-2026-2027-como-lecce,Jan 2027,,Como,Lecce,1290,79,,,2027-01-03,https://d2zywfiolv4f83.cloudfront.net/img/teams/1290.png,https://d2zywfiolv4f83.cloudfront.net/img/teams/79.png,17,17
108,5,11126,25518,Italy Serie A,2026-2027,1981028,https://www.whoscored.com/matches/1981028/show/italy-serie-a-2026-2027-fiorentina-lazio,Jan 2027,,Fiorentina,Lazio,73,77,,,2027-01-03,https://d2zywfiolv4f83.cloudfront.net/img/teams/73.png,https://d2zywfiolv4f83.cloudfront.net/img/teams/77.png,17,17
108,5,11126,25518,Italy Serie A,2026-2027,1981030,https://www.whoscored.com/matches/1981030/show/italy-serie-a-2026-2027-inter-sassuolo,Jan 2027,,Inter,Sassuolo,75,2889,,,2027-01-03,https://d2zywfiolv4f83.cloudfront.net/img/teams/75.png,https://d2zywfiolv4f83.cloudfront.net/img/teams/2889.png,17,17
108,5,11126,25518,Italy Serie A,2026-2027,1981032,https://www.whoscored.com/matches/1981032/show/italy-serie-a-2026-2027-monza-ac-milan,Jan 2027,,Monza,Milan,269,80,,,2027-01-03,https://d2zywfiolv4f83.cloudfront.net/img/teams/269.png,https://d2zywfiolv4f83.cloudfront.net/img/teams/80.png,17,17
108,5,11126,25518,Italy Serie A,2026-2027,1981035,https://www.whoscored.com/matches/1981035/show/italy-serie-a-2026-2027-parma-calcio-1913-napoli,Jan 2027,,Parma,Napoli,24341,276,,,2027-01-03,https://d2zywfiolv4f83.cloudfront.net/img/teams/24341.png,https://d2zywfiolv4f83.cloudfront.net/img/teams/276.png,17,17
108,5,11126,25518,Italy Serie A,2026-2027,1981037,https://www.whoscored.com/matches/1981037/show/italy-serie-a-2026-2027-torino-venezia,Jan 2027,,Torino,Venezia,72,85,,,2027-01-03,https://d2zywfiolv4f83.cloudfront.net/img/teams/72.png,https://d2zywfiolv4f83.cloudfront.net/img/teams/85.png,17,17
108,5,11126,25518,Italy Serie A,2026-2027,1981039,https://www.whoscored.com/matches/1981039/show/italy-serie-a-2026-2027-udinese-atalanta,Jan 2027,,Udinese,Atalanta,86,300,,,2027-01-03,https://d2zywfiolv4f83.cloudfront.net/img/teams/86.png,https://d2zywfiolv4f83.cloudfront.net/img/teams/300.png,17,17
108,5,11126,25518,Italy Serie A,2026-2027,1981041,https://www.whoscored.com/matches/1981041/show/italy-serie-a-2026-2027-ac-milan-fiorentina,Jan 2027,,Milan,Fiorentina,80,73,,,2027-01-06,https://d2zywfiolv4f83.cloudfront.net/img/teams/80.png,https://d2zywfiolv4f83.cloudfront.net/img/teams/73.png,18,18
108,5,11126,25518,Italy Serie A,2026-2027,1981043,https://www.whoscored.com/matches/1981043/show/italy-serie-a-2026-2027-atalanta-como,Jan 2027,,Atalanta,Como,300,1290,,,2027-01-06,https://d2zywfiolv4f83.cloudfront.net/img/teams/300.png,https://d2zywfiolv4f83.cloudfront.net/img/teams/1290.png,18,18
108,5,11126,25518,Italy Serie A,2026-2027,1981045,https://www.whoscored.com/matches/1981045/show/italy-serie-a-2026-2027-frosinone-bologna,Jan 2027,,Frosinone,Bologna,2732,71,,,2027-01-06,https://d2zywfiolv4f83.cloudfront.net/img/teams/2732.png,https://d2zywfiolv4f83.cloudfront.net/img/teams/71.png,18,18
108,5,11126,25518,Italy Serie A,2026-2027,1981047,https://www.whoscored.com/matches/1981047/show/italy-serie-a-2026-2027-genoa-monza,Jan 2027,,Genoa,Monza,278,269,,,2027-01-06,https://d2zywfiolv4f83.cloudfront.net/img/teams/278.png,https://d2zywfiolv4f83.cloudfront.net/img/teams/269.png,18,18
108,5,11126,25518,Italy Serie A,2026-2027,1981049,https://www.whoscored.com/matches/1981049/show/italy-serie-a-2026-2027-juventus-torino,Jan 2027,,Juventus,Torino,87,72,,,2027-01-06,https://d2zywfiolv4f83.cloudfront.net/img/teams/87.png,https://d2zywfiolv4f83.cloudfront.net/img/teams/72.png,18,18
108,5,11126,25518,Italy Serie A,2026-2027,1981051,https://www.whoscored.com/matches/1981051/show/italy-serie-a-2026-2027-lazio-inter,Jan 2027,,Lazio,Inter,77,75,,,2027-01-06,https://d2zywfiolv4f83.cloudfront.net/img/teams/77.png,https://d2zywfiolv4f83.cloudfront.net/img/teams/75.png,18,18
108,5,11126,25518,Italy Serie A,2026-2027,1981053,https://www.whoscored.com/matches/1981053/show/italy-serie-a-2026-2027-lecce-parma-calcio-1913,Jan 2027,,Lecce,Parma,79,24341,,,2027-01-06,https://d2zywfiolv4f83.cloudfront.net/img/teams/79.png,https://d2zywfiolv4f83.cloudfront.net/img/teams/24341.png,18,18
108,5,11126,25518,Italy Serie A,2026-2027,1981055,https://www.whoscored.com/matches/1981055/show/italy-serie-a-2026-2027-napoli-cagliari,Jan 2027,,Napoli,Cagliari,276,78,,,2027-01-06,https://d2zywfiolv4f83.cloudfront.net/img/teams/276.png,https://d2zywfiolv4f83.cloudfront.net/img/teams/78.png,18,18
108,5,11126,25518,Italy Serie A,2026-2027,1981057,https://www.whoscored.com/matches/1981057/show/italy-serie-a-2026-2027-sassuolo-udinese,Jan 2027,,Sassuolo,Udinese,2889,86,,,2027-01-06,https://d2zywfiolv4f83.cloudfront.net/img/teams/2889.png,https://d2zywfiolv4f83.cloudfront.net/img/teams/86.png,18,18
108,5,11126,25518,Italy Serie A,2026-2027,1981058,https://www.whoscored.com/matches/1981058/show/italy-serie-a-2026-2027-venezia-roma,Jan 2027,,Venezia,Roma,85,84,,,2027-01-06,https://d2zywfiolv4f83.cloudfront.net/img/teams/85.png,https://d2zywfiolv4f83.cloudfront.net/img/teams/84.png,18,18
108,5,11126,25518,Italy Serie A,2026-2027,1981059,https://www.whoscored.com/matches/1981059/show/italy-serie-a-2026-2027-roma-ac-milan,Jan 2027,,Roma,Milan,84,80,,,2027-01-10,https://d2zywfiolv4f83.cloudfront.net/img/teams/84.png,https://d2zywfiolv4f83.cloudfront.net/img/teams/80.png,19,19
108,5,11126,25518,Italy Serie A,2026-2027,1981060,https://www.whoscored.com/matches/1981060/show/italy-serie-a-2026-2027-bologna-genoa,Jan 2027,,Bologna,Genoa,71,278,,,2027-01-10,https://d2zywfiolv4f83.cloudfront.net/img/teams/71.png,https://d2zywfiolv4f83.cloudfront.net/img/teams/278.png,19,19
108,5,11126,25518,Italy Serie A,2026-2027,1981061,https://www.whoscored.com/matches/1981061/show/italy-serie-a-2026-2027-cagliari-sassuolo,Jan 2027,,Cagliari,Sassuolo,78,2889,,,2027-01-10,https://d2zywfiolv4f83.cloudfront.net/img/teams/78.png,https://d2zywfiolv4f83.cloudfront.net/img/teams/2889.png,19,19
108,5,11126,25518,Italy Serie A,2026-2027,1981062,https://www.whoscored.com/matches/1981062/show/italy-serie-a-2026-2027-como-lazio,Jan 2027,,Como,Lazio,1290,77,,,2027-01-10,https://d2zywfiolv4f83.cloudfront.net/img/teams/1290.png,https://d2zywfiolv4f83.cloudfront.net/img/teams/77.png,19,19
108,5,11126,25518,Italy Serie A,2026-2027,1981063,https://www.whoscored.com/matches/1981063/show/italy-serie-a-2026-2027-fiorentina-lecce,Jan 2027,,Fiorentina,Lecce,73,79,,,2027-01-10,https://d2zywfiolv4f83.cloudfront.net/img/teams/73.png,https://d2zywfiolv4f83.cloudfront.net/img/teams/79.png,19,19
108,5,11126,25518,Italy Serie A,2026-2027,1981064,https://www.whoscored.com/matches/1981064/show/italy-serie-a-2026-2027-inter-juventus,Jan 2027,,Inter,Juventus,75,87,,,2027-01-10,https://d2zywfiolv4f83.cloudfront.net/img/teams/75.png,https://d2zywfiolv4f83.cloudfront.net/img/teams/87.png,19,19
108,5,11126,25518,Italy Serie A,2026-2027,1981065,https://www.whoscored.com/matches/1981065/show/italy-serie-a-2026-2027-monza-frosinone,Jan 2027,,Monza,Frosinone,269,2732,,,2027-01-10,https://d2zywfiolv4f83.cloudfront.net/img/teams/269.png,https://d2zywfiolv4f83.cloudfront.net/img/teams/2732.png,19,19
108,5,11126,25518,Italy Serie A,2026-2027,1981066,https://www.whoscored.com/matches/1981066/show/italy-serie-a-2026-2027-parma-calcio-1913-venezia,Jan 2027,,Parma,Venezia,24341,85,,,2027-01-10,https://d2zywfiolv4f83.cloudfront.net/img/teams/24341.png,https://d2zywfiolv4f83.cloudfront.net/img/teams/85.png,19,19
108,5,11126,25518,Italy Serie A,2026-2027,1981067,https://www.whoscored.com/matches/1981067/show/italy-serie-a-2026-2027-torino-atalanta,Jan 2027,,Torino,Atalanta,72,300,,,2027-01-10,https://d2zywfiolv4f83.cloudfront.net/img/teams/72.png,https://d2zywfiolv4f83.cloudfront.net/img/teams/300.png,19,19
108,5,11126,25518,Italy Serie A,2026-2027,1981068,https://www.whoscored.com/matches/1981068/show/italy-serie-a-2026-2027-udinese-napoli,Jan 2027,,Udinese,Napoli,86,276,,,2027-01-10,https://d2zywfiolv4f83.cloudfront.net/img/teams/86.png,https://d2zywfiolv4f83.cloudfront.net/img/teams/276.png,19,19
108,5,11126,25518,Italy Serie A,2026-2027,1981069,https://www.whoscored.com/matches/1981069/show/italy-serie-a-2026-2027-ac-milan-torino,Jan 2027,,Milan,Torino,80,72,,,2027-01-17,https://d2zywfiolv4f83.cloudfront.net/img/teams/80.png,https://d2zywfiolv4f83.cloudfront.net/img/teams/72.png,20,20
108,5,11126,25518,Italy Serie A,2026-2027,1981070,https://www.whoscored.com/matches/1981070/show/italy-serie-a-2026-2027-atalanta-roma,Jan 2027,,Atalanta,Roma,300,84,,,2027-01-17,https://d2zywfiolv4f83.cloudfront.net/img/teams/300.png,https://d2zywfiolv4f83.cloudfront.net/img/teams/84.png,20,20
108,5,11126,25518,Italy Serie A,2026-2027,1981071,https://www.whoscored.com/matches/1981071/show/italy-serie-a-2026-2027-cagliari-como,Jan 2027,,Cagliari,Como,78,1290,,,2027-01-17,https://d2zywfiolv4f83.cloudfront.net/img/teams/78.png,https://d2zywfiolv4f83.cloudfront.net/img/teams/1290.png,20,20
108,5,11126,25518,Italy Serie A,2026-2027,1981072,https://www.whoscored.com/matches/1981072/show/italy-serie-a-2026-2027-juventus-genoa,Jan 2027,,Juventus,Genoa,87,278,,,2027-01-17,https://d2zywfiolv4f83.cloudfront.net/img/teams/87.png,https://d2zywfiolv4f83.cloudfront.net/img/teams/278.png,20,20
108,5,11126,25518,Italy Serie A,2026-2027,1981073,https://www.whoscored.com/matches/1981073/show/italy-serie-a-2026-2027-lazio-bologna,Jan 2027,,Lazio,Bologna,77,71,,,2027-01-17,https://d2zywfiolv4f83.cloudfront.net/img/teams/77.png,https://d2zywfiolv4f83.cloudfront.net/img/teams/71.png,20,20
108,5,11126,25518,Italy Serie A,2026-2027,1981074,https://www.whoscored.com/matches/1981074/show/italy-serie-a-2026-2027-lecce-udinese,Jan 2027,,Lecce,Udinese,79,86,,,2027-01-17,https://d2zywfiolv4f83.cloudfront.net/img/teams/79.png,https://d2zywfiolv4f83.cloudfront.net/img/teams/86.png,20,20
108,5,11126,25518,Italy Serie A,2026-2027,1981075,https://www.whoscored.com/matches/1981075/show/italy-serie-a-2026-2027-napoli-fiorentina,Jan 2027,,Napoli,Fiorentina,276,73,,,2027-01-17,https://d2zywfiolv4f83.cloudfront.net/img/teams/276.png,https://d2zywfiolv4f83.cloudfront.net/img/teams/73.png,20,20
108,5,11126,25518,Italy Serie A,2026-2027,1981076,https://www.whoscored.com/matches/1981076/show/italy-serie-a-2026-2027-parma-calcio-1913-inter,Jan 2027,,Parma,Inter,24341,75,,,2027-01-17,https://d2zywfiolv4f83.cloudfront.net/img/teams/24341.png,https://d2zywfiolv4f83.cloudfront.net/img/teams/75.png,20,20
108,5,11126,25518,Italy Serie A,2026-2027,1981077,https://www.whoscored.com/matches/1981077/show/italy-serie-a-2026-2027-sassuolo-monza,Jan 2027,,Sassuolo,Monza,2889,269,,,2027-01-17,https://d2zywfiolv4f83.cloudfront.net/img/teams/2889.png,https://d2zywfiolv4f83.cloudfront.net/img/teams/269.png,20,20
108,5,11126,25518,Italy Serie A,2026-2027,1981094,https://www.whoscored.com/matches/1981094/show/italy-serie-a-2026-2027-venezia-frosinone,Jan 2027,,Venezia,Frosinone,85,2732,,,2027-01-17,https://d2zywfiolv4f83.cloudfront.net/img/teams/85.png,https://d2zywfiolv4f83.cloudfront.net/img/teams/2732.png,20,20
108,5,11126,25518,Italy Serie A,2026-2027,1981096,https://www.whoscored.com/matches/1981096/show/italy-serie-a-2026-2027-roma-udinese,Jan 2027,,Roma,Udinese,84,86,,,2027-01-24,https://d2zywfiolv4f83.cloudfront.net/img/teams/84.png,https://d2zywfiolv4f83.cloudfront.net/img/teams/86.png,21,21
108,5,11126,25518,Italy Serie A,2026-2027,1981099,https://www.whoscored.com/matches/1981099/show/italy-serie-a-2026-2027-bologna-atalanta,Jan 2027,,Bologna,Atalanta,71,300,,,2027-01-24,https://d2zywfiolv4f83.cloudfront.net/img/teams/71.png,https://d2zywfiolv4f83.cloudfront.net/img/teams/300.png,21,21
108,5,11126,25518,Italy Serie A,2026-2027,1981101,https://www.whoscored.com/matches/1981101/show/italy-serie-a-2026-2027-como-napoli,Jan 2027,,Como,Napoli,1290,276,,,2027-01-24,https://d2zywfiolv4f83.cloudfront.net/img/teams/1290.png,https://d2zywfiolv4f83.cloudfront.net/img/teams/276.png,21,21
108,5,11126,25518,Italy Serie A,2026-2027,1981104,https://www.whoscored.com/matches/1981104/show/italy-serie-a-2026-2027-fiorentina-sassuolo,Jan 2027,,Fiorentina,Sassuolo,73,2889,,,2027-01-24,https://d2zywfiolv4f83.cloudfront.net/img/teams/73.png,https://d2zywfiolv4f83.cloudfront.net/img/teams/2889.png,21,21
108,5,11126,25518,Italy Serie A,2026-2027,1981106,https://www.whoscored.com/matches/1981106/show/italy-serie-a-2026-2027-frosinone-ac-milan,Jan 2027,,Frosinone,Milan,2732,80,,,2027-01-24,https://d2zywfiolv4f83.cloudfront.net/img/teams/2732.png,https://d2zywfiolv4f83.cloudfront.net/img/teams/80.png,21,21
108,5,11126,25518,Italy Serie A,2026-2027,1981110,https://www.whoscored.com/matches/1981110/show/italy-serie-a-2026-2027-genoa-parma-calcio-1913,Jan 2027,,Genoa,Parma,278,24341,,,2027-01-24,https://d2zywfiolv4f83.cloudfront.net/img/teams/278.png,https://d2zywfiolv4f83.cloudfront.net/img/teams/24341.png,21,21
108,5,11126,25518,Italy Serie A,2026-2027,1981112,https://www.whoscored.com/matches/1981112/show/italy-serie-a-2026-2027-inter-venezia,Jan 2027,,Inter,Venezia,75,85,,,2027-01-24,https://d2zywfiolv4f83.cloudfront.net/img/teams/75.png,https://d2zywfiolv4f83.cloudfront.net/img/teams/85.png,21,21
108,5,11126,25518,Italy Serie A,2026-2027,1981115,https://www.whoscored.com/matches/1981115/show/italy-serie-a-2026-2027-juventus-cagliari,Jan 2027,,Juventus,Cagliari,87,78,,,2027-01-24,https://d2zywfiolv4f83.cloudfront.net/img/teams/87.png,https://d2zywfiolv4f83.cloudfront.net/img/teams/78.png,21,21
108,5,11126,25518,Italy Serie A,2026-2027,1981118,https://www.whoscored.com/matches/1981118/show/italy-serie-a-2026-2027-lecce-torino,Jan 2027,,Lecce,Torino,79,72,,,2027-01-24,https://d2zywfiolv4f83.cloudfront.net/img/teams/79.png,https://d2zywfiolv4f83.cloudfront.net/img/teams/72.png,21,21
108,5,11126,25518,Italy Serie A,2026-2027,1981121,https://www.whoscored.com/matches/1981121/show/italy-serie-a-2026-2027-monza-lazio,Jan 2027,,Monza,Lazio,269,77,,,2027-01-24,https://d2zywfiolv4f83.cloudfront.net/img/teams/269.png,https://d2zywfiolv4f83.cloudfront.net/img/teams/77.png,21,21
108,5,11126,25518,Italy Serie A,2026-2027,1981124,https://www.whoscored.com/matches/1981124/show/italy-serie-a-2026-2027-ac-milan-juventus,Jan 2027,,Milan,Juventus,80,87,,,2027-01-31,https://d2zywfiolv4f83.cloudfront.net/img/teams/80.png,https://d2zywfiolv4f83.cloudfront.net/img/teams/87.png,22,22
108,5,11126,25518,Italy Serie A,2026-2027,1981126,https://www.whoscored.com/matches/1981126/show/italy-serie-a-2026-2027-atalanta-fiorentina,Jan 2027,,Atalanta,Fiorentina,300,73,,,2027-01-31,https://d2zywfiolv4f83.cloudfront.net/img/teams/300.png,https://d2zywfiolv4f83.cloudfront.net/img/teams/73.png,22,22
108,5,11126,25518,Italy Serie A,2026-2027,1981129,https://www.whoscored.com/matches/1981129/show/italy-serie-a-2026-2027-cagliari-parma-calcio-1913,Jan 2027,,Cagliari,Parma,78,24341,,,2027-01-31,https://d2zywfiolv4f83.cloudfront.net/img/teams/78.png,https://d2zywfiolv4f83.cloudfront.net/img/teams/24341.png,22,22
108,5,11126,25518,Italy Serie A,2026-2027,1981134,https://www.whoscored.com/matches/1981134/show/italy-serie-a-2026-2027-genoa-lecce,Jan 2027,,Genoa,Lecce,278,79,,,2027-01-31,https://d2zywfiolv4f83.cloudfront.net/img/teams/278.png,https://d2zywfiolv4f83.cloudfront.net/img/teams/79.png,22,22
108,5,11126,25518,Italy Serie A,2026-2027,1981137,https://www.whoscored.com/matches/1981137/show/italy-serie-a-2026-2027-lazio-venezia,Jan 2027,,Lazio,Venezia,77,85,,,2027-01-31,https://d2zywfiolv4f83.cloudfront.net/img/teams/77.png,https://d2zywfiolv4f83.cloudfront.net/img/teams/85.png,22,22
108,5,11126,25518,Italy Serie A,2026-2027,1981140,https://www.whoscored.com/matches/1981140/show/italy-serie-a-2026-2027-monza-roma,Jan 2027,,Monza,Roma,269,84,,,2027-01-31,https://d2zywfiolv4f83.cloudfront.net/img/teams/269.png,https://d2zywfiolv4f83.cloudfront.net/img/teams/84.png,22,22
108,5,11126,25518,Italy Serie A,2026-2027,1981142,https://www.whoscored.com/matches/1981142/show/italy-serie-a-2026-2027-napoli-inter,Jan 2027,,Napoli,Inter,276,75,,,2027-01-31,https://d2zywfiolv4f83.cloudfront.net/img/teams/276.png,https://d2zywfiolv4f83.cloudfront.net/img/teams/75.png,22,22
108,5,11126,25518,Italy Serie A,2026-2027,1981088,https://www.whoscored.com/matches/1981088/show/italy-serie-a-2026-2027-sassuolo-como,Jan 2027,,Sassuolo,Como,2889,1290,,,2027-01-31,https://d2zywfiolv4f83.cloudfront.net/img/teams/2889.png,https://d2zywfiolv4f83.cloudfront.net/img/teams/1290.png,22,22
108,5,11126,25518,Italy Serie A,2026-2027,1981090,https://www.whoscored.com/matches/1981090/show/italy-serie-a-2026-2027-torino-frosinone,Jan 2027,,Torino,Frosinone,72,2732,,,2027-01-31,https://d2zywfiolv4f83.cloudfront.net/img/teams/72.png,https://d2zywfiolv4f83.cloudfront.net/img/teams/2732.png,22,22
108,5,11126,25518,Italy Serie A,2026-2027,1981092,https://www.whoscored.com/matches/1981092/show/italy-serie-a-2026-2027-udinese-bologna,Jan 2027,,Udinese,Bologna,86,71,,,2027-01-31,https://d2zywfiolv4f83.cloudfront.net/img/teams/86.png,https://d2zywfiolv4f83.cloudfront.net/img/teams/71.png,22,22
108,5,11126,25518,Italy Serie A,2026-2027,1981098,https://www.whoscored.com/matches/1981098/show/italy-serie-a-2026-2027-bologna-ac-milan,Feb 2027,,Bologna,Milan,71,80,,,2027-02-07,https://d2zywfiolv4f83.cloudfront.net/img/teams/71.png,https://d2zywfiolv4f83.cloudfront.net/img/teams/80.png,23,23
108,5,11126,25518,Italy Serie A,2026-2027,1981100,https://www.whoscored.com/matches/1981100/show/italy-serie-a-2026-2027-como-monza,Feb 2027,,Como,Monza,1290,269,,,2027-02-07,https://d2zywfiolv4f83.cloudfront.net/img/teams/1290.png,https://d2zywfiolv4f83.cloudfront.net/img/teams/269.png,23,23
108,5,11126,25518,Italy Serie A,2026-2027,1981103,https://www.whoscored.com/matches/1981103/show/italy-serie-a-2026-2027-fiorentina-udinese,Feb 2027,,Fiorentina,Udinese,73,86,,,2027-02-07,https://d2zywfiolv4f83.cloudfront.net/img/teams/73.png,https://d2zywfiolv4f83.cloudfront.net/img/teams/86.png,23,23
108,5,11126,25518,Italy Serie A,2026-2027,1981107,https://www.whoscored.com/matches/1981107/show/italy-serie-a-2026-2027-inter-cagliari,Feb 2027,,Inter,Cagliari,75,78,,,2027-02-07,https://d2zywfiolv4f83.cloudfront.net/img/teams/75.png,https://d2zywfiolv4f83.cloudfront.net/img/teams/78.png,23,23
108,5,11126,25518,Italy Serie A,2026-2027,1981113,https://www.whoscored.com/matches/1981113/show/italy-serie-a-2026-2027-juventus-sassuolo,Feb 2027,,Juventus,Sassuolo,87,2889,,,2027-02-07,https://d2zywfiolv4f83.cloudfront.net/img/teams/87.png,https://d2zywfiolv4f83.cloudfront.net/img/teams/2889.png,23,23
108,5,11126,25518,Italy Serie A,2026-2027,1981116,https://www.whoscored.com/matches/1981116/show/italy-serie-a-2026-2027-lecce-napoli,Feb 2027,,Lecce,Napoli,79,276,,,2027-02-07,https://d2zywfiolv4f83.cloudfront.net/img/teams/79.png,https://d2zywfiolv4f83.cloudfront.net/img/teams/276.png,23,23
108,5,11126,25518,Italy Serie A,2026-2027,1981119,https://www.whoscored.com/matches/1981119/show/italy-serie-a-2026-2027-parma-calcio-1913-frosinone,Feb 2027,,Parma,Frosinone,24341,2732,,,2027-02-07,https://d2zywfiolv4f83.cloudfront.net/img/teams/24341.png,https://d2zywfiolv4f83.cloudfront.net/img/teams/2732.png,23,23
108,5,11126,25518,Italy Serie A,2026-2027,1981122,https://www.whoscored.com/matches/1981122/show/italy-serie-a-2026-2027-venezia-genoa,Feb 2027,,Venezia,Genoa,85,278,,,2027-02-07,https://d2zywfiolv4f83.cloudfront.net/img/teams/85.png,https://d2zywfiolv4f83.cloudfront.net/img/teams/278.png,23,23
108,5,11126,25518,Italy Serie A,2026-2027,1981093,https://www.whoscored.com/matches/1981093/show/italy-serie-a-2026-2027-roma-torino,Feb 2027,,Roma,Torino,84,72,,,2027-02-07,https://d2zywfiolv4f83.cloudfront.net/img/teams/84.png,https://d2zywfiolv4f83.cloudfront.net/img/teams/72.png,23,23
108,5,11126,25518,Italy Serie A,2026-2027,1981095,https://www.whoscored.com/matches/1981095/show/italy-serie-a-2026-2027-atalanta-lazio,Feb 2027,,Atalanta,Lazio,300,77,,,2027-02-07,https://d2zywfiolv4f83.cloudfront.net/img/teams/300.png,https://d2zywfiolv4f83.cloudfront.net/img/teams/77.png,23,23
108,5,11126,25518,Italy Serie A,2026-2027,1981138,https://www.whoscored.com/matches/1981138/show/italy-serie-a-2026-2027-genoa-atalanta,Feb 2027,,Genoa,Atalanta,278,300,,,2027-02-14,https://d2zywfiolv4f83.cloudfront.net/img/teams/278.png,https://d2zywfiolv4f83.cloudfront.net/img/teams/300.png,24,24
108,5,11126,25518,Italy Serie A,2026-2027,1981139,https://www.whoscored.com/matches/1981139/show/italy-serie-a-2026-2027-inter-ac-milan,Feb 2027,,Inter,Milan,75,80,,,2027-02-14,https://d2zywfiolv4f83.cloudfront.net/img/teams/75.png,https://d2zywfiolv4f83.cloudfront.net/img/teams/80.png,24,24
108,5,11126,25518,Italy Serie A,2026-2027,1981128,https://www.whoscored.com/matches/1981128/show/italy-serie-a-2026-2027-bologna-como,Feb 2027,,Bologna,Como,71,1290,,,2027-02-14,https://d2zywfiolv4f83.cloudfront.net/img/teams/71.png,https://d2zywfiolv4f83.cloudfront.net/img/teams/1290.png,24,24
108,5,11126,25518,Italy Serie A,2026-2027,1981125,https://www.whoscored.com/matches/1981125/show/italy-serie-a-2026-2027-roma-parma-calcio-1913,Feb 2027,,Roma,Parma,84,24341,,,2027-02-14,https://d2zywfiolv4f83.cloudfront.net/img/teams/84.png,https://d2zywfiolv4f83.cloudfront.net/img/teams/24341.png,24,24
108,5,11126,25518,Italy Serie A,2026-2027,1981143,https://www.whoscored.com/matches/1981143/show/italy-serie-a-2026-2027-napoli-juventus,Feb 2027,,Napoli,Juventus,276,87,,,2027-02-14,https://d2zywfiolv4f83.cloudfront.net/img/teams/276.png,https://d2zywfiolv4f83.cloudfront.net/img/teams/87.png,24,24
108,5,11126,25518,Italy Serie A,2026-2027,1981146,https://www.whoscored.com/matches/1981146/show/italy-serie-a-2026-2027-torino-sassuolo,Feb 2027,,Torino,Sassuolo,72,2889,,,2027-02-14,https://d2zywfiolv4f83.cloudfront.net/img/teams/72.png,https://d2zywfiolv4f83.cloudfront.net/img/teams/2889.png,24,24
108,5,11126,25518,Italy Serie A,2026-2027,1981141,https://www.whoscored.com/matches/1981141/show/italy-serie-a-2026-2027-monza-lecce,Feb 2027,,Monza,Lecce,269,79,,,2027-02-14,https://d2zywfiolv4f83.cloudfront.net/img/teams/269.png,https://d2zywfiolv4f83.cloudfront.net/img/teams/79.png,24,24
108,5,11126,25518,Italy Serie A,2026-2027,1981131,https://www.whoscored.com/matches/1981131/show/italy-serie-a-2026-2027-cagliari-lazio,Feb 2027,,Cagliari,Lazio,78,77,,,2027-02-14,https://d2zywfiolv4f83.cloudfront.net/img/teams/78.png,https://d2zywfiolv4f83.cloudfront.net/img/teams/77.png,24,24
108,5,11126,25518,Italy Serie A,2026-2027,1981133,https://www.whoscored.com/matches/1981133/show/italy-serie-a-2026-2027-frosinone-fiorentina,Feb 2027,,Frosinone,Fiorentina,2732,73,,,2027-02-14,https://d2zywfiolv4f83.cloudfront.net/img/teams/2732.png,https://d2zywfiolv4f83.cloudfront.net/img/teams/73.png,24,24
108,5,11126,25518,Italy Serie A,2026-2027,1981149,https://www.whoscored.com/matches/1981149/show/italy-serie-a-2026-2027-udinese-venezia,Feb 2027,,Udinese,Venezia,86,85,,,2027-02-14,https://d2zywfiolv4f83.cloudfront.net/img/teams/86.png,https://d2zywfiolv4f83.cloudfront.net/img/teams/85.png,24,24
108,5,11126,25518,Italy Serie A,2026-2027,1981153,https://www.whoscored.com/matches/1981153/show/italy-serie-a-2026-2027-ac-milan-genoa,Feb 2027,,Milan,Genoa,80,278,,,2027-02-21,https://d2zywfiolv4f83.cloudfront.net/img/teams/80.png,https://d2zywfiolv4f83.cloudfront.net/img/teams/278.png,25,25
108,5,11126,25518,Italy Serie A,2026-2027,1981156,https://www.whoscored.com/matches/1981156/show/italy-serie-a-2026-2027-atalanta-monza,Feb 2027,,Atalanta,Monza,300,269,,,2027-02-21,https://d2zywfiolv4f83.cloudfront.net/img/teams/300.png,https://d2zywfiolv4f83.cloudfront.net/img/teams/269.png,25,25
108,5,11126,25518,Italy Serie A,2026-2027,1981159,https://www.whoscored.com/matches/1981159/show/italy-serie-a-2026-2027-como-torino,Feb 2027,,Como,Torino,1290,72,,,2027-02-21,https://d2zywfiolv4f83.cloudfront.net/img/teams/1290.png,https://d2zywfiolv4f83.cloudfront.net/img/teams/72.png,25,25
108,5,11126,25518,Italy Serie A,2026-2027,1981162,https://www.whoscored.com/matches/1981162/show/italy-serie-a-2026-2027-fiorentina-inter,Feb 2027,,Fiorentina,Inter,73,75,,,2027-02-21,https://d2zywfiolv4f83.cloudfront.net/img/teams/73.png,https://d2zywfiolv4f83.cloudfront.net/img/teams/75.png,25,25
108,5,11126,25518,Italy Serie A,2026-2027,1981148,https://www.whoscored.com/matches/1981148/show/italy-serie-a-2026-2027-juventus-bologna,Feb 2027,,Juventus,Bologna,87,71,,,2027-02-21,https://d2zywfiolv4f83.cloudfront.net/img/teams/87.png,https://d2zywfiolv4f83.cloudfront.net/img/teams/71.png,25,25
108,5,11126,25518,Italy Serie A,2026-2027,1981078,https://www.whoscored.com/matches/1981078/show/italy-serie-a-2026-2027-lazio-napoli,Feb 2027,,Lazio,Napoli,77,276,,,2027-02-21,https://d2zywfiolv4f83.cloudfront.net/img/teams/77.png,https://d2zywfiolv4f83.cloudfront.net/img/teams/276.png,25,25
108,5,11126,25518,Italy Serie A,2026-2027,1981079,https://www.whoscored.com/matches/1981079/show/italy-serie-a-2026-2027-lecce-frosinone,Feb 2027,,Lecce,Frosinone,79,2732,,,2027-02-21,https://d2zywfiolv4f83.cloudfront.net/img/teams/79.png,https://d2zywfiolv4f83.cloudfront.net/img/teams/2732.png,25,25
108,5,11126,25518,Italy Serie A,2026-2027,1981080,https://www.whoscored.com/matches/1981080/show/italy-serie-a-2026-2027-sassuolo-roma,Feb 2027,,Sassuolo,Roma,2889,84,,,2027-02-21,https://d2zywfiolv4f83.cloudfront.net/img/teams/2889.png,https://d2zywfiolv4f83.cloudfront.net/img/teams/84.png,25,25
108,5,11126,25518,Italy Serie A,2026-2027,1981081,https://www.whoscored.com/matches/1981081/show/italy-serie-a-2026-2027-udinese-parma-calcio-1913,Feb 2027,,Udinese,Parma,86,24341,,,2027-02-21,https://d2zywfiolv4f83.cloudfront.net/img/teams/86.png,https://d2zywfiolv4f83.cloudfront.net/img/teams/24341.png,25,25
108,5,11126,25518,Italy Serie A,2026-2027,1981082,https://www.whoscored.com/matches/1981082/show/italy-serie-a-2026-2027-venezia-cagliari,Feb 2027,,Venezia,Cagliari,85,78,,,2027-02-21,https://d2zywfiolv4f83.cloudfront.net/img/teams/85.png,https://d2zywfiolv4f83.cloudfront.net/img/teams/78.png,25,25
108,5,11126,25518,Italy Serie A,2026-2027,1981083,https://www.whoscored.com/matches/1981083/show/italy-serie-a-2026-2027-roma-venezia,Feb 2027,,Roma,Venezia,84,85,,,2027-02-28,https://d2zywfiolv4f83.cloudfront.net/img/teams/84.png,https://d2zywfiolv4f83.cloudfront.net/img/teams/85.png,26,26
108,5,11126,25518,Italy Serie A,2026-2027,1981084,https://www.whoscored.com/matches/1981084/show/italy-serie-a-2026-2027-bologna-lecce,Feb 2027,,Bologna,Lecce,71,79,,,2027-02-28,https://d2zywfiolv4f83.cloudfront.net/img/teams/71.png,https://d2zywfiolv4f83.cloudfront.net/img/teams/79.png,26,26
108,5,11126,25518,Italy Serie A,2026-2027,1981085,https://www.whoscored.com/matches/1981085/show/italy-serie-a-2026-2027-cagliari-udinese,Feb 2027,,Cagliari,Udinese,78,86,,,2027-02-28,https://d2zywfiolv4f83.cloudfront.net/img/teams/78.png,https://d2zywfiolv4f83.cloudfront.net/img/teams/86.png,26,26
108,5,11126,25518,Italy Serie A,2026-2027,1981086,https://www.whoscored.com/matches/1981086/show/italy-serie-a-2026-2027-como-ac-milan,Feb 2027,,Como,Milan,1290,80,,,2027-02-28,https://d2zywfiolv4f83.cloudfront.net/img/teams/1290.png,https://d2zywfiolv4f83.cloudfront.net/img/teams/80.png,26,26
108,5,11126,25518,Italy Serie A,2026-2027,1981087,https://www.whoscored.com/matches/1981087/show/italy-serie-a-2026-2027-frosinone-napoli,Feb 2027,,Frosinone,Napoli,2732,276,,,2027-02-28,https://d2zywfiolv4f83.cloudfront.net/img/teams/2732.png,https://d2zywfiolv4f83.cloudfront.net/img/teams/276.png,26,26
108,5,11126,25518,Italy Serie A,2026-2027,1981097,https://www.whoscored.com/matches/1981097/show/italy-serie-a-2026-2027-monza-juventus,Feb 2027,,Monza,Juventus,269,87,,,2027-02-28,https://d2zywfiolv4f83.cloudfront.net/img/teams/269.png,https://d2zywfiolv4f83.cloudfront.net/img/teams/87.png,26,26
108,5,11126,25518,Italy Serie A,2026-2027,1981091,https://www.whoscored.com/matches/1981091/show/italy-serie-a-2026-2027-inter-atalanta,Feb 2027,,Inter,Atalanta,75,300,,,2027-02-28,https://d2zywfiolv4f83.cloudfront.net/img/teams/75.png,https://d2zywfiolv4f83.cloudfront.net/img/teams/300.png,26,26
108,5,11126,25518,Italy Serie A,2026-2027,1981089,https://www.whoscored.com/matches/1981089/show/italy-serie-a-2026-2027-genoa-lazio,Feb 2027,,Genoa,Lazio,278,77,,,2027-02-28,https://d2zywfiolv4f83.cloudfront.net/img/teams/278.png,https://d2zywfiolv4f83.cloudfront.net/img/teams/77.png,26,26
108,5,11126,25518,Italy Serie A,2026-2027,1981105,https://www.whoscored.com/matches/1981105/show/italy-serie-a-2026-2027-torino-fiorentina,Feb 2027,,Torino,Fiorentina,72,73,,,2027-02-28,https://d2zywfiolv4f83.cloudfront.net/img/teams/72.png,https://d2zywfiolv4f83.cloudfront.net/img/teams/73.png,26,26
108,5,11126,25518,Italy Serie A,2026-2027,1981102,https://www.whoscored.com/matches/1981102/show/italy-serie-a-2026-2027-parma-calcio-1913-sassuolo,Feb 2027,,Parma,Sassuolo,24341,2889,,,2027-02-28,https://d2zywfiolv4f83.cloudfront.net/img/teams/24341.png,https://d2zywfiolv4f83.cloudfront.net/img/teams/2889.png,26,26
108,5,11126,25518,Italy Serie A,2026-2027,1981108,https://www.whoscored.com/matches/1981108/show/italy-serie-a-2026-2027-ac-milan-cagliari,Mar 2027,,Milan,Cagliari,80,78,,,2027-03-07,https://d2zywfiolv4f83.cloudfront.net/img/teams/80.png,https://d2zywfiolv4f83.cloudfront.net/img/teams/78.png,27,27
108,5,11126,25518,Italy Serie A,2026-2027,1981109,https://www.whoscored.com/matches/1981109/show/italy-serie-a-2026-2027-atalanta-torino,Mar 2027,,Atalanta,Torino,300,72,,,2027-03-07,https://d2zywfiolv4f83.cloudfront.net/img/teams/300.png,https://d2zywfiolv4f83.cloudfront.net/img/teams/72.png,27,27
108,5,11126,25518,Italy Serie A,2026-2027,1981111,https://www.whoscored.com/matches/1981111/show/italy-serie-a-2026-2027-fiorentina-venezia,Mar 2027,,Fiorentina,Venezia,73,85,,,2027-03-07,https://d2zywfiolv4f83.cloudfront.net/img/teams/73.png,https://d2zywfiolv4f83.cloudfront.net/img/teams/85.png,27,27
108,5,11126,25518,Italy Serie A,2026-2027,1981114,https://www.whoscored.com/matches/1981114/show/italy-serie-a-2026-2027-juventus-roma,Mar 2027,,Juventus,Roma,87,84,,,2027-03-07,https://d2zywfiolv4f83.cloudfront.net/img/teams/87.png,https://d2zywfiolv4f83.cloudfront.net/img/teams/84.png,27,27
108,5,11126,25518,Italy Serie A,2026-2027,1981117,https://www.whoscored.com/matches/1981117/show/italy-serie-a-2026-2027-lazio-frosinone,Mar 2027,,Lazio,Frosinone,77,2732,,,2027-03-07,https://d2zywfiolv4f83.cloudfront.net/img/teams/77.png,https://d2zywfiolv4f83.cloudfront.net/img/teams/2732.png,27,27
108,5,11126,25518,Italy Serie A,2026-2027,1981120,https://www.whoscored.com/matches/1981120/show/italy-serie-a-2026-2027-lecce-como,Mar 2027,,Lecce,Como,79,1290,,,2027-03-07,https://d2zywfiolv4f83.cloudfront.net/img/teams/79.png,https://d2zywfiolv4f83.cloudfront.net/img/teams/1290.png,27,27
108,5,11126,25518,Italy Serie A,2026-2027,1981123,https://www.whoscored.com/matches/1981123/show/italy-serie-a-2026-2027-monza-genoa,Mar 2027,,Monza,Genoa,269,278,,,2027-03-07,https://d2zywfiolv4f83.cloudfront.net/img/teams/269.png,https://d2zywfiolv4f83.cloudfront.net/img/teams/278.png,27,27
108,5,11126,25518,Italy Serie A,2026-2027,1981127,https://www.whoscored.com/matches/1981127/show/italy-serie-a-2026-2027-napoli-parma-calcio-1913,Mar 2027,,Napoli,Parma,276,24341,,,2027-03-07,https://d2zywfiolv4f83.cloudfront.net/img/teams/276.png,https://d2zywfiolv4f83.cloudfront.net/img/teams/24341.png,27,27
108,5,11126,25518,Italy Serie A,2026-2027,1981130,https://www.whoscored.com/matches/1981130/show/italy-serie-a-2026-2027-sassuolo-bologna,Mar 2027,,Sassuolo,Bologna,2889,71,,,2027-03-07,https://d2zywfiolv4f83.cloudfront.net/img/teams/2889.png,https://d2zywfiolv4f83.cloudfront.net/img/teams/71.png,27,27
108,5,11126,25518,Italy Serie A,2026-2027,1981132,https://www.whoscored.com/matches/1981132/show/italy-serie-a-2026-2027-udinese-inter,Mar 2027,,Udinese,Inter,86,75,,,2027-03-07,https://d2zywfiolv4f83.cloudfront.net/img/teams/86.png,https://d2zywfiolv4f83.cloudfront.net/img/teams/75.png,27,27
108,5,11126,25518,Italy Serie A,2026-2027,1981135,https://www.whoscored.com/matches/1981135/show/italy-serie-a-2026-2027-ac-milan-sassuolo,Mar 2027,,Milan,Sassuolo,80,2889,,,2027-03-14,https://d2zywfiolv4f83.cloudfront.net/img/teams/80.png,https://d2zywfiolv4f83.cloudfront.net/img/teams/2889.png,28,28
108,5,11126,25518,Italy Serie A,2026-2027,1981136,https://www.whoscored.com/matches/1981136/show/italy-serie-a-2026-2027-bologna-napoli,Mar 2027,,Bologna,Napoli,71,276,,,2027-03-14,https://d2zywfiolv4f83.cloudfront.net/img/teams/71.png,https://d2zywfiolv4f83.cloudfront.net/img/teams/276.png,28,28
108,5,11126,25518,Italy Serie A,2026-2027,1981144,https://www.whoscored.com/matches/1981144/show/italy-serie-a-2026-2027-cagliari-fiorentina,Mar 2027,,Cagliari,Fiorentina,78,73,,,2027-03-14,https://d2zywfiolv4f83.cloudfront.net/img/teams/78.png,https://d2zywfiolv4f83.cloudfront.net/img/teams/73.png,28,28
108,5,11126,25518,Italy Serie A,2026-2027,1981150,https://www.whoscored.com/matches/1981150/show/italy-serie-a-2026-2027-como-udinese,Mar 2027,,Como,Udinese,1290,86,,,2027-03-14,https://d2zywfiolv4f83.cloudfront.net/img/teams/1290.png,https://d2zywfiolv4f83.cloudfront.net/img/teams/86.png,28,28
108,5,11126,25518,Italy Serie A,2026-2027,1981151,https://www.whoscored.com/matches/1981151/show/italy-serie-a-2026-2027-frosinone-monza,Mar 2027,,Frosinone,Monza,2732,269,,,2027-03-14,https://d2zywfiolv4f83.cloudfront.net/img/teams/2732.png,https://d2zywfiolv4f83.cloudfront.net/img/teams/269.png,28,28
108,5,11126,25518,Italy Serie A,2026-2027,1981154,https://www.whoscored.com/matches/1981154/show/italy-serie-a-2026-2027-genoa-roma,Mar 2027,,Genoa,Roma,278,84,,,2027-03-14,https://d2zywfiolv4f83.cloudfront.net/img/teams/278.png,https://d2zywfiolv4f83.cloudfront.net/img/teams/84.png,28,28
108,5,11126,25518,Italy Serie A,2026-2027,1981157,https://www.whoscored.com/matches/1981157/show/italy-serie-a-2026-2027-lazio-juventus,Mar 2027,,Lazio,Juventus,77,87,,,2027-03-14,https://d2zywfiolv4f83.cloudfront.net/img/teams/77.png,https://d2zywfiolv4f83.cloudfront.net/img/teams/87.png,28,28
108,5,11126,25518,Italy Serie A,2026-2027,1981161,https://www.whoscored.com/matches/1981161/show/italy-serie-a-2026-2027-parma-calcio-1913-lecce,Mar 2027,,Parma,Lecce,24341,79,,,2027-03-14,https://d2zywfiolv4f83.cloudfront.net/img/teams/24341.png,https://d2zywfiolv4f83.cloudfront.net/img/teams/79.png,28,28
108,5,11126,25518,Italy Serie A,2026-2027,1981188,https://www.whoscored.com/matches/1981188/show/italy-serie-a-2026-2027-torino-inter,Mar 2027,,Torino,Inter,72,75,,,2027-03-14,https://d2zywfiolv4f83.cloudfront.net/img/teams/72.png,https://d2zywfiolv4f83.cloudfront.net/img/teams/75.png,28,28
108,5,11126,25518,Italy Serie A,2026-2027,1981191,https://www.whoscored.com/matches/1981191/show/italy-serie-a-2026-2027-venezia-atalanta,Mar 2027,,Venezia,Atalanta,85,300,,,2027-03-14,https://d2zywfiolv4f83.cloudfront.net/img/teams/85.png,https://d2zywfiolv4f83.cloudfront.net/img/teams/300.png,28,28
108,5,11126,25518,Italy Serie A,2026-2027,1981193,https://www.whoscored.com/matches/1981193/show/italy-serie-a-2026-2027-roma-lecce,Mar 2027,,Roma,Lecce,84,79,,,2027-03-21,https://d2zywfiolv4f83.cloudfront.net/img/teams/84.png,https://d2zywfiolv4f83.cloudfront.net/img/teams/79.png,29,29
108,5,11126,25518,Italy Serie A,2026-2027,1981198,https://www.whoscored.com/matches/1981198/show/italy-serie-a-2026-2027-atalanta-ac-milan,Mar 2027,,Atalanta,Milan,300,80,,,2027-03-21,https://d2zywfiolv4f83.cloudfront.net/img/teams/300.png,https://d2zywfiolv4f83.cloudfront.net/img/teams/80.png,29,29
108,5,11126,25518,Italy Serie A,2026-2027,1981205,https://www.whoscored.com/matches/1981205/show/italy-serie-a-2026-2027-fiorentina-genoa,Mar 2027,,Fiorentina,Genoa,73,278,,,2027-03-21,https://d2zywfiolv4f83.cloudfront.net/img/teams/73.png,https://d2zywfiolv4f83.cloudfront.net/img/teams/278.png,29,29
108,5,11126,25518,Italy Serie A,2026-2027,1981208,https://www.whoscored.com/matches/1981208/show/italy-serie-a-2026-2027-inter-frosinone,Mar 2027,,Inter,Frosinone,75,2732,,,2027-03-21,https://d2zywfiolv4f83.cloudfront.net/img/teams/75.png,https://d2zywfiolv4f83.cloudfront.net/img/teams/2732.png,29,29
108,5,11126,25518,Italy Serie A,2026-2027,1981210,https://www.whoscored.com/matches/1981210/show/italy-serie-a-2026-2027-juventus-como,Mar 2027,,Juventus,Como,87,1290,,,2027-03-21,https://d2zywfiolv4f83.cloudfront.net/img/teams/87.png,https://d2zywfiolv4f83.cloudfront.net/img/teams/1290.png,29,29
108,5,11126,25518,Italy Serie A,2026-2027,1981213,https://www.whoscored.com/matches/1981213/show/italy-serie-a-2026-2027-monza-bologna,Mar 2027,,Monza,Bologna,269,71,,,2027-03-21,https://d2zywfiolv4f83.cloudfront.net/img/teams/269.png,https://d2zywfiolv4f83.cloudfront.net/img/teams/71.png,29,29
108,5,11126,25518,Italy Serie A,2026-2027,1981216,https://www.whoscored.com/matches/1981216/show/italy-serie-a-2026-2027-napoli-venezia,Mar 2027,,Napoli,Venezia,276,85,,,2027-03-21,https://d2zywfiolv4f83.cloudfront.net/img/teams/276.png,https://d2zywfiolv4f83.cloudfront.net/img/teams/85.png,29,29
108,5,11126,25518,Italy Serie A,2026-2027,1981226,https://www.whoscored.com/matches/1981226/show/italy-serie-a-2026-2027-parma-calcio-1913-lazio,Mar 2027,,Parma,Lazio,24341,77,,,2027-03-21,https://d2zywfiolv4f83.cloudfront.net/img/teams/24341.png,https://d2zywfiolv4f83.cloudfront.net/img/teams/77.png,29,29
108,5,11126,25518,Italy Serie A,2026-2027,1981145,https://www.whoscored.com/matches/1981145/show/italy-serie-a-2026-2027-sassuolo-cagliari,Mar 2027,,Sassuolo,Cagliari,2889,78,,,2027-03-21,https://d2zywfiolv4f83.cloudfront.net/img/teams/2889.png,https://d2zywfiolv4f83.cloudfront.net/img/teams/78.png,29,29
108,5,11126,25518,Italy Serie A,2026-2027,1981147,https://www.whoscored.com/matches/1981147/show/italy-serie-a-2026-2027-udinese-torino,Mar 2027,,Udinese,Torino,86,72,,,2027-03-21,https://d2zywfiolv4f83.cloudfront.net/img/teams/86.png,https://d2zywfiolv4f83.cloudfront.net/img/teams/72.png,29,29
108,5,11126,25518,Italy Serie A,2026-2027,1981152,https://www.whoscored.com/matches/1981152/show/italy-serie-a-2026-2027-ac-milan-monza,Apr 2027,,Milan,Monza,80,269,,,2027-04-04,https://d2zywfiolv4f83.cloudfront.net/img/teams/80.png,https://d2zywfiolv4f83.cloudfront.net/img/teams/269.png,30,30
108,5,11126,25518,Italy Serie A,2026-2027,1981155,https://www.whoscored.com/matches/1981155/show/italy-serie-a-2026-2027-roma-bologna,Apr 2027,,Roma,Bologna,84,71,,,2027-04-04,https://d2zywfiolv4f83.cloudfront.net/img/teams/84.png,https://d2zywfiolv4f83.cloudfront.net/img/teams/71.png,30,30
108,5,11126,25518,Italy Serie A,2026-2027,1981158,https://www.whoscored.com/matches/1981158/show/italy-serie-a-2026-2027-cagliari-napoli,Apr 2027,,Cagliari,Napoli,78,276,,,2027-04-04,https://d2zywfiolv4f83.cloudfront.net/img/teams/78.png,https://d2zywfiolv4f83.cloudfront.net/img/teams/276.png,30,30
108,5,11126,25518,Italy Serie A,2026-2027,1981160,https://www.whoscored.com/matches/1981160/show/italy-serie-a-2026-2027-como-fiorentina,Apr 2027,,Como,Fiorentina,1290,73,,,2027-04-04,https://d2zywfiolv4f83.cloudfront.net/img/teams/1290.png,https://d2zywfiolv4f83.cloudfront.net/img/teams/73.png,30,30
108,5,11126,25518,Italy Serie A,2026-2027,1981163,https://www.whoscored.com/matches/1981163/show/italy-serie-a-2026-2027-frosinone-udinese,Apr 2027,,Frosinone,Udinese,2732,86,,,2027-04-04,https://d2zywfiolv4f83.cloudfront.net/img/teams/2732.png,https://d2zywfiolv4f83.cloudfront.net/img/teams/86.png,30,30
108,5,11126,25518,Italy Serie A,2026-2027,1981164,https://www.whoscored.com/matches/1981164/show/italy-serie-a-2026-2027-genoa-inter,Apr 2027,,Genoa,Inter,278,75,,,2027-04-04,https://d2zywfiolv4f83.cloudfront.net/img/teams/278.png,https://d2zywfiolv4f83.cloudfront.net/img/teams/75.png,30,30
108,5,11126,25518,Italy Serie A,2026-2027,1981166,https://www.whoscored.com/matches/1981166/show/italy-serie-a-2026-2027-lecce-lazio,Apr 2027,,Lecce,Lazio,79,77,,,2027-04-04,https://d2zywfiolv4f83.cloudfront.net/img/teams/79.png,https://d2zywfiolv4f83.cloudfront.net/img/teams/77.png,30,30
108,5,11126,25518,Italy Serie A,2026-2027,1981168,https://www.whoscored.com/matches/1981168/show/italy-serie-a-2026-2027-sassuolo-atalanta,Apr 2027,,Sassuolo,Atalanta,2889,300,,,2027-04-04,https://d2zywfiolv4f83.cloudfront.net/img/teams/2889.png,https://d2zywfiolv4f83.cloudfront.net/img/teams/300.png,30,30
108,5,11126,25518,Italy Serie A,2026-2027,1981170,https://www.whoscored.com/matches/1981170/show/italy-serie-a-2026-2027-torino-juventus,Apr 2027,,Torino,Juventus,72,87,,,2027-04-04,https://d2zywfiolv4f83.cloudfront.net/img/teams/72.png,https://d2zywfiolv4f83.cloudfront.net/img/teams/87.png,30,30
108,5,11126,25518,Italy Serie A,2026-2027,1981172,https://www.whoscored.com/matches/1981172/show/italy-serie-a-2026-2027-venezia-parma-calcio-1913,Apr 2027,,Venezia,Parma,85,24341,,,2027-04-04,https://d2zywfiolv4f83.cloudfront.net/img/teams/85.png,https://d2zywfiolv4f83.cloudfront.net/img/teams/24341.png,30,30
108,5,11126,25518,Italy Serie A,2026-2027,1981174,https://www.whoscored.com/matches/1981174/show/italy-serie-a-2026-2027-bologna-venezia,Apr 2027,,Bologna,Venezia,71,85,,,2027-04-11,https://d2zywfiolv4f83.cloudfront.net/img/teams/71.png,https://d2zywfiolv4f83.cloudfront.net/img/teams/85.png,31,31
108,5,11126,25518,Italy Serie A,2026-2027,1981176,https://www.whoscored.com/matches/1981176/show/italy-serie-a-2026-2027-cagliari-atalanta,Apr 2027,,Cagliari,Atalanta,78,300,,,2027-04-11,https://d2zywfiolv4f83.cloudfront.net/img/teams/78.png,https://d2zywfiolv4f83.cloudfront.net/img/teams/300.png,31,31
108,5,11126,25518,Italy Serie A,2026-2027,1981178,https://www.whoscored.com/matches/1981178/show/italy-serie-a-2026-2027-fiorentina-ac-milan,Apr 2027,,Fiorentina,Milan,73,80,,,2027-04-11,https://d2zywfiolv4f83.cloudfront.net/img/teams/73.png,https://d2zywfiolv4f83.cloudfront.net/img/teams/80.png,31,31
108,5,11126,25518,Italy Serie A,2026-2027,1981180,https://www.whoscored.com/matches/1981180/show/italy-serie-a-2026-2027-frosinone-genoa,Apr 2027,,Frosinone,Genoa,2732,278,,,2027-04-11,https://d2zywfiolv4f83.cloudfront.net/img/teams/2732.png,https://d2zywfiolv4f83.cloudfront.net/img/teams/278.png,31,31
108,5,11126,25518,Italy Serie A,2026-2027,1981183,https://www.whoscored.com/matches/1981183/show/italy-serie-a-2026-2027-inter-roma,Apr 2027,,Inter,Roma,75,84,,,2027-04-11,https://d2zywfiolv4f83.cloudfront.net/img/teams/75.png,https://d2zywfiolv4f83.cloudfront.net/img/teams/84.png,31,31
108,5,11126,25518,Italy Serie A,2026-2027,1981185,https://www.whoscored.com/matches/1981185/show/italy-serie-a-2026-2027-juventus-lecce,Apr 2027,,Juventus,Lecce,87,79,,,2027-04-11,https://d2zywfiolv4f83.cloudfront.net/img/teams/87.png,https://d2zywfiolv4f83.cloudfront.net/img/teams/79.png,31,31
108,5,11126,25518,Italy Serie A,2026-2027,1981186,https://www.whoscored.com/matches/1981186/show/italy-serie-a-2026-2027-lazio-torino,Apr 2027,,Lazio,Torino,77,72,,,2027-04-11,https://d2zywfiolv4f83.cloudfront.net/img/teams/77.png,https://d2zywfiolv4f83.cloudfront.net/img/teams/72.png,31,31
108,5,11126,25518,Italy Serie A,2026-2027,1981190,https://www.whoscored.com/matches/1981190/show/italy-serie-a-2026-2027-napoli-sassuolo,Apr 2027,,Napoli,Sassuolo,276,2889,,,2027-04-11,https://d2zywfiolv4f83.cloudfront.net/img/teams/276.png,https://d2zywfiolv4f83.cloudfront.net/img/teams/2889.png,31,31
108,5,11126,25518,Italy Serie A,2026-2027,1981195,https://www.whoscored.com/matches/1981195/show/italy-serie-a-2026-2027-parma-calcio-1913-como,Apr 2027,,Parma,Como,24341,1290,,,2027-04-11,https://d2zywfiolv4f83.cloudfront.net/img/teams/24341.png,https://d2zywfiolv4f83.cloudfront.net/img/teams/1290.png,31,31
108,5,11126,25518,Italy Serie A,2026-2027,1981197,https://www.whoscored.com/matches/1981197/show/italy-serie-a-2026-2027-udinese-monza,Apr 2027,,Udinese,Monza,86,269,,,2027-04-11,https://d2zywfiolv4f83.cloudfront.net/img/teams/86.png,https://d2zywfiolv4f83.cloudfront.net/img/teams/269.png,31,31
108,5,11126,25518,Italy Serie A,2026-2027,1981200,https://www.whoscored.com/matches/1981200/show/italy-serie-a-2026-2027-ac-milan-napoli,Apr 2027,,Milan,Napoli,80,276,,,2027-04-18,https://d2zywfiolv4f83.cloudfront.net/img/teams/80.png,https://d2zywfiolv4f83.cloudfront.net/img/teams/276.png,32,32
108,5,11126,25518,Italy Serie A,2026-2027,1981202,https://www.whoscored.com/matches/1981202/show/italy-serie-a-2026-2027-roma-lazio,Apr 2027,,Roma,Lazio,84,77,,,2027-04-18,https://d2zywfiolv4f83.cloudfront.net/img/teams/84.png,https://d2zywfiolv4f83.cloudfront.net/img/teams/77.png,32,32
108,5,11126,25518,Italy Serie A,2026-2027,1981204,https://www.whoscored.com/matches/1981204/show/italy-serie-a-2026-2027-atalanta-udinese,Apr 2027,,Atalanta,Udinese,300,86,,,2027-04-18,https://d2zywfiolv4f83.cloudfront.net/img/teams/300.png,https://d2zywfiolv4f83.cloudfront.net/img/teams/86.png,32,32
108,5,11126,25518,Italy Serie A,2026-2027,1981207,https://www.whoscored.com/matches/1981207/show/italy-serie-a-2026-2027-bologna-cagliari,Apr 2027,,Bologna,Cagliari,71,78,,,2027-04-18,https://d2zywfiolv4f83.cloudfront.net/img/teams/71.png,https://d2zywfiolv4f83.cloudfront.net/img/teams/78.png,32,32
108,5,11126,25518,Italy Serie A,2026-2027,1981211,https://www.whoscored.com/matches/1981211/show/italy-serie-a-2026-2027-como-frosinone,Apr 2027,,Como,Frosinone,1290,2732,,,2027-04-18,https://d2zywfiolv4f83.cloudfront.net/img/teams/1290.png,https://d2zywfiolv4f83.cloudfront.net/img/teams/2732.png,32,32
108,5,11126,25518,Italy Serie A,2026-2027,1981214,https://www.whoscored.com/matches/1981214/show/italy-serie-a-2026-2027-fiorentina-parma-calcio-1913,Apr 2027,,Fiorentina,Parma,73,24341,,,2027-04-18,https://d2zywfiolv4f83.cloudfront.net/img/teams/73.png,https://d2zywfiolv4f83.cloudfront.net/img/teams/24341.png,32,32
108,5,11126,25518,Italy Serie A,2026-2027,1981218,https://www.whoscored.com/matches/1981218/show/italy-serie-a-2026-2027-monza-inter,Apr 2027,,Monza,Inter,269,75,,,2027-04-18,https://d2zywfiolv4f83.cloudfront.net/img/teams/269.png,https://d2zywfiolv4f83.cloudfront.net/img/teams/75.png,32,32
108,5,11126,25518,Italy Serie A,2026-2027,1981220,https://www.whoscored.com/matches/1981220/show/italy-serie-a-2026-2027-sassuolo-lecce,Apr 2027,,Sassuolo,Lecce,2889,79,,,2027-04-18,https://d2zywfiolv4f83.cloudfront.net/img/teams/2889.png,https://d2zywfiolv4f83.cloudfront.net/img/teams/79.png,32,32
108,5,11126,25518,Italy Serie A,2026-2027,1981222,https://www.whoscored.com/matches/1981222/show/italy-serie-a-2026-2027-torino-genoa,Apr 2027,,Torino,Genoa,72,278,,,2027-04-18,https://d2zywfiolv4f83.cloudfront.net/img/teams/72.png,https://d2zywfiolv4f83.cloudfront.net/img/teams/278.png,32,32
108,5,11126,25518,Italy Serie A,2026-2027,1981224,https://www.whoscored.com/matches/1981224/show/italy-serie-a-2026-2027-venezia-juventus,Apr 2027,,Venezia,Juventus,85,87,,,2027-04-18,https://d2zywfiolv4f83.cloudfront.net/img/teams/85.png,https://d2zywfiolv4f83.cloudfront.net/img/teams/87.png,32,32
108,5,11126,25518,Italy Serie A,2026-2027,1981227,https://www.whoscored.com/matches/1981227/show/italy-serie-a-2026-2027-cagliari-monza,Apr 2027,,Cagliari,Monza,78,269,,,2027-04-25,https://d2zywfiolv4f83.cloudfront.net/img/teams/78.png,https://d2zywfiolv4f83.cloudfront.net/img/teams/269.png,33,33
108,5,11126,25518,Italy Serie A,2026-2027,1981229,https://www.whoscored.com/matches/1981229/show/italy-serie-a-2026-2027-frosinone-roma,Apr 2027,,Frosinone,Roma,2732,84,,,2027-04-25,https://d2zywfiolv4f83.cloudfront.net/img/teams/2732.png,https://d2zywfiolv4f83.cloudfront.net/img/teams/84.png,33,33
108,5,11126,25518,Italy Serie A,2026-2027,1981231,https://www.whoscored.com/matches/1981231/show/italy-serie-a-2026-2027-genoa-sassuolo,Apr 2027,,Genoa,Sassuolo,278,2889,,,2027-04-25,https://d2zywfiolv4f83.cloudfront.net/img/teams/278.png,https://d2zywfiolv4f83.cloudfront.net/img/teams/2889.png,33,33
108,5,11126,25518,Italy Serie A,2026-2027,1981233,https://www.whoscored.com/matches/1981233/show/italy-serie-a-2026-2027-inter-bologna,Apr 2027,,Inter,Bologna,75,71,,,2027-04-25,https://d2zywfiolv4f83.cloudfront.net/img/teams/75.png,https://d2zywfiolv4f83.cloudfront.net/img/teams/71.png,33,33
108,5,11126,25518,Italy Serie A,2026-2027,1981235,https://www.whoscored.com/matches/1981235/show/italy-serie-a-2026-2027-juventus-fiorentina,Apr 2027,,Juventus,Fiorentina,87,73,,,2027-04-25,https://d2zywfiolv4f83.cloudfront.net/img/teams/87.png,https://d2zywfiolv4f83.cloudfront.net/img/teams/73.png,33,33
108,5,11126,25518,Italy Serie A,2026-2027,1981237,https://www.whoscored.com/matches/1981237/show/italy-serie-a-2026-2027-lazio-como,Apr 2027,,Lazio,Como,77,1290,,,2027-04-25,https://d2zywfiolv4f83.cloudfront.net/img/teams/77.png,https://d2zywfiolv4f83.cloudfront.net/img/teams/1290.png,33,33
108,5,11126,25518,Italy Serie A,2026-2027,1981238,https://www.whoscored.com/matches/1981238/show/italy-serie-a-2026-2027-lecce-ac-milan,Apr 2027,,Lecce,Milan,79,80,,,2027-04-25,https://d2zywfiolv4f83.cloudfront.net/img/teams/79.png,https://d2zywfiolv4f83.cloudfront.net/img/teams/80.png,33,33
108,5,11126,25518,Italy Serie A,2026-2027,1981240,https://www.whoscored.com/matches/1981240/show/italy-serie-a-2026-2027-napoli-udinese,Apr 2027,,Napoli,Udinese,276,86,,,2027-04-25,https://d2zywfiolv4f83.cloudfront.net/img/teams/276.png,https://d2zywfiolv4f83.cloudfront.net/img/teams/86.png,33,33
108,5,11126,25518,Italy Serie A,2026-2027,1981243,https://www.whoscored.com/matches/1981243/show/italy-serie-a-2026-2027-parma-calcio-1913-atalanta,Apr 2027,,Parma,Atalanta,24341,300,,,2027-04-25,https://d2zywfiolv4f83.cloudfront.net/img/teams/24341.png,https://d2zywfiolv4f83.cloudfront.net/img/teams/300.png,33,33
108,5,11126,25518,Italy Serie A,2026-2027,1981245,https://www.whoscored.com/matches/1981245/show/italy-serie-a-2026-2027-venezia-torino,Apr 2027,,Venezia,Torino,85,72,,,2027-04-25,https://d2zywfiolv4f83.cloudfront.net/img/teams/85.png,https://d2zywfiolv4f83.cloudfront.net/img/teams/72.png,33,33
108,5,11126,25518,Italy Serie A,2026-2027,1981165,https://www.whoscored.com/matches/1981165/show/italy-serie-a-2026-2027-lecce-cagliari,May 2027,,Lecce,Cagliari,79,78,,,2027-05-02,https://d2zywfiolv4f83.cloudfront.net/img/teams/79.png,https://d2zywfiolv4f83.cloudfront.net/img/teams/78.png,34,34
108,5,11126,25518,Italy Serie A,2026-2027,1981167,https://www.whoscored.com/matches/1981167/show/italy-serie-a-2026-2027-monza-venezia,May 2027,,Monza,Venezia,269,85,,,2027-05-02,https://d2zywfiolv4f83.cloudfront.net/img/teams/269.png,https://d2zywfiolv4f83.cloudfront.net/img/teams/85.png,34,34
108,5,11126,25518,Italy Serie A,2026-2027,1981169,https://www.whoscored.com/matches/1981169/show/italy-serie-a-2026-2027-sassuolo-frosinone,May 2027,,Sassuolo,Frosinone,2889,2732,,,2027-05-02,https://d2zywfiolv4f83.cloudfront.net/img/teams/2889.png,https://d2zywfiolv4f83.cloudfront.net/img/teams/2732.png,34,34
108,5,11126,25518,Italy Serie A,2026-2027,1981171,https://www.whoscored.com/matches/1981171/show/italy-serie-a-2026-2027-torino-parma-calcio-1913,May 2027,,Torino,Parma,72,24341,,,2027-05-02,https://d2zywfiolv4f83.cloudfront.net/img/teams/72.png,https://d2zywfiolv4f83.cloudfront.net/img/teams/24341.png,34,34
108,5,11126,25518,Italy Serie A,2026-2027,1981173,https://www.whoscored.com/matches/1981173/show/italy-serie-a-2026-2027-udinese-genoa,May 2027,,Udinese,Genoa,86,278,,,2027-05-02,https://d2zywfiolv4f83.cloudfront.net/img/teams/86.png,https://d2zywfiolv4f83.cloudfront.net/img/teams/278.png,34,34
108,5,11126,25518,Italy Serie A,2026-2027,1981247,https://www.whoscored.com/matches/1981247/show/italy-serie-a-2026-2027-ac-milan-lazio,May 2027,,Milan,Lazio,80,77,,,2027-05-02,https://d2zywfiolv4f83.cloudfront.net/img/teams/80.png,https://d2zywfiolv4f83.cloudfront.net/img/teams/77.png,34,34
108,5,11126,25518,Italy Serie A,2026-2027,1981249,https://www.whoscored.com/matches/1981249/show/italy-serie-a-2026-2027-roma-napoli,May 2027,,Roma,Napoli,84,276,,,2027-05-02,https://d2zywfiolv4f83.cloudfront.net/img/teams/84.png,https://d2zywfiolv4f83.cloudfront.net/img/teams/276.png,34,34
108,5,11126,25518,Italy Serie A,2026-2027,1981251,https://www.whoscored.com/matches/1981251/show/italy-serie-a-2026-2027-atalanta-juventus,May 2027,,Atalanta,Juventus,300,87,,,2027-05-02,https://d2zywfiolv4f83.cloudfront.net/img/teams/300.png,https://d2zywfiolv4f83.cloudfront.net/img/teams/87.png,34,34
108,5,11126,25518,Italy Serie A,2026-2027,1981252,https://www.whoscored.com/matches/1981252/show/italy-serie-a-2026-2027-bologna-fiorentina,May 2027,,Bologna,Fiorentina,71,73,,,2027-05-02,https://d2zywfiolv4f83.cloudfront.net/img/teams/71.png,https://d2zywfiolv4f83.cloudfront.net/img/teams/73.png,34,34
108,5,11126,25518,Italy Serie A,2026-2027,1981255,https://www.whoscored.com/matches/1981255/show/italy-serie-a-2026-2027-como-inter,May 2027,,Como,Inter,1290,75,,,2027-05-02,https://d2zywfiolv4f83.cloudfront.net/img/teams/1290.png,https://d2zywfiolv4f83.cloudfront.net/img/teams/75.png,34,34
108,5,11126,25518,Italy Serie A,2026-2027,1981175,https://www.whoscored.com/matches/1981175/show/italy-serie-a-2026-2027-fiorentina-roma,May 2027,,Fiorentina,Roma,73,84,,,2027-05-09,https://d2zywfiolv4f83.cloudfront.net/img/teams/73.png,https://d2zywfiolv4f83.cloudfront.net/img/teams/84.png,35,35
108,5,11126,25518,Italy Serie A,2026-2027,1981177,https://www.whoscored.com/matches/1981177/show/italy-serie-a-2026-2027-frosinone-atalanta,May 2027,,Frosinone,Atalanta,2732,300,,,2027-05-09,https://d2zywfiolv4f83.cloudfront.net/img/teams/2732.png,https://d2zywfiolv4f83.cloudfront.net/img/teams/300.png,35,35
108,5,11126,25518,Italy Serie A,2026-2027,1981179,https://www.whoscored.com/matches/1981179/show/italy-serie-a-2026-2027-genoa-cagliari,May 2027,,Genoa,Cagliari,278,78,,,2027-05-09,https://d2zywfiolv4f83.cloudfront.net/img/teams/278.png,https://d2zywfiolv4f83.cloudfront.net/img/teams/78.png,35,35
108,5,11126,25518,Italy Serie A,2026-2027,1981181,https://www.whoscored.com/matches/1981181/show/italy-serie-a-2026-2027-inter-lecce,May 2027,,Inter,Lecce,75,79,,,2027-05-09,https://d2zywfiolv4f83.cloudfront.net/img/teams/75.png,https://d2zywfiolv4f83.cloudfront.net/img/teams/79.png,35,35
108,5,11126,25518,Italy Serie A,2026-2027,1981182,https://www.whoscored.com/matches/1981182/show/italy-serie-a-2026-2027-lazio-sassuolo,May 2027,,Lazio,Sassuolo,77,2889,,,2027-05-09,https://d2zywfiolv4f83.cloudfront.net/img/teams/77.png,https://d2zywfiolv4f83.cloudfront.net/img/teams/2889.png,35,35
108,5,11126,25518,Italy Serie A,2026-2027,1981184,https://www.whoscored.com/matches/1981184/show/italy-serie-a-2026-2027-napoli-monza,May 2027,,Napoli,Monza,276,269,,,2027-05-09,https://d2zywfiolv4f83.cloudfront.net/img/teams/276.png,https://d2zywfiolv4f83.cloudfront.net/img/teams/269.png,35,35
108,5,11126,25518,Italy Serie A,2026-2027,1981187,https://www.whoscored.com/matches/1981187/show/italy-serie-a-2026-2027-parma-calcio-1913-ac-milan,May 2027,,Parma,Milan,24341,80,,,2027-05-09,https://d2zywfiolv4f83.cloudfront.net/img/teams/24341.png,https://d2zywfiolv4f83.cloudfront.net/img/teams/80.png,35,35
108,5,11126,25518,Italy Serie A,2026-2027,1981189,https://www.whoscored.com/matches/1981189/show/italy-serie-a-2026-2027-torino-bologna,May 2027,,Torino,Bologna,72,71,,,2027-05-09,https://d2zywfiolv4f83.cloudfront.net/img/teams/72.png,https://d2zywfiolv4f83.cloudfront.net/img/teams/71.png,35,35
108,5,11126,25518,Italy Serie A,2026-2027,1981192,https://www.whoscored.com/matches/1981192/show/italy-serie-a-2026-2027-udinese-juventus,May 2027,,Udinese,Juventus,86,87,,,2027-05-09,https://d2zywfiolv4f83.cloudfront.net/img/teams/86.png,https://d2zywfiolv4f83.cloudfront.net/img/teams/87.png,35,35
108,5,11126,25518,Italy Serie A,2026-2027,1981194,https://www.whoscored.com/matches/1981194/show/italy-serie-a-2026-2027-venezia-como,May 2027,,Venezia,Como,85,1290,,,2027-05-09,https://d2zywfiolv4f83.cloudfront.net/img/teams/85.png,https://d2zywfiolv4f83.cloudfront.net/img/teams/1290.png,35,35
108,5,11126,25518,Italy Serie A,2026-2027,1981196,https://www.whoscored.com/matches/1981196/show/italy-serie-a-2026-2027-ac-milan-roma,May 2027,,Milan,Roma,80,84,,,2027-05-16,https://d2zywfiolv4f83.cloudfront.net/img/teams/80.png,https://d2zywfiolv4f83.cloudfront.net/img/teams/84.png,36,36
108,5,11126,25518,Italy Serie A,2026-2027,1981199,https://www.whoscored.com/matches/1981199/show/italy-serie-a-2026-2027-bologna-frosinone,May 2027,,Bologna,Frosinone,71,2732,,,2027-05-16,https://d2zywfiolv4f83.cloudfront.net/img/teams/71.png,https://d2zywfiolv4f83.cloudfront.net/img/teams/2732.png,36,36
108,5,11126,25518,Italy Serie A,2026-2027,1981201,https://www.whoscored.com/matches/1981201/show/italy-serie-a-2026-2027-cagliari-torino,May 2027,,Cagliari,Torino,78,72,,,2027-05-16,https://d2zywfiolv4f83.cloudfront.net/img/teams/78.png,https://d2zywfiolv4f83.cloudfront.net/img/teams/72.png,36,36
108,5,11126,25518,Italy Serie A,2026-2027,1981203,https://www.whoscored.com/matches/1981203/show/italy-serie-a-2026-2027-como-atalanta,May 2027,,Como,Atalanta,1290,300,,,2027-05-16,https://d2zywfiolv4f83.cloudfront.net/img/teams/1290.png,https://d2zywfiolv4f83.cloudfront.net/img/teams/300.png,36,36
108,5,11126,25518,Italy Serie A,2026-2027,1981206,https://www.whoscored.com/matches/1981206/show/italy-serie-a-2026-2027-juventus-inter,May 2027,,Juventus,Inter,87,75,,,2027-05-16,https://d2zywfiolv4f83.cloudfront.net/img/teams/87.png,https://d2zywfiolv4f83.cloudfront.net/img/teams/75.png,36,36
108,5,11126,25518,Italy Serie A,2026-2027,1981209,https://www.whoscored.com/matches/1981209/show/italy-serie-a-2026-2027-lazio-udinese,May 2027,,Lazio,Udinese,77,86,,,2027-05-16,https://d2zywfiolv4f83.cloudfront.net/img/teams/77.png,https://d2zywfiolv4f83.cloudfront.net/img/teams/86.png,36,36
108,5,11126,25518,Italy Serie A,2026-2027,1981212,https://www.whoscored.com/matches/1981212/show/italy-serie-a-2026-2027-lecce-fiorentina,May 2027,,Lecce,Fiorentina,79,73,,,2027-05-16,https://d2zywfiolv4f83.cloudfront.net/img/teams/79.png,https://d2zywfiolv4f83.cloudfront.net/img/teams/73.png,36,36
108,5,11126,25518,Italy Serie A,2026-2027,1981215,https://www.whoscored.com/matches/1981215/show/italy-serie-a-2026-2027-monza-parma-calcio-1913,May 2027,,Monza,Parma,269,24341,,,2027-05-16,https://d2zywfiolv4f83.cloudfront.net/img/teams/269.png,https://d2zywfiolv4f83.cloudfront.net/img/teams/24341.png,36,36
108,5,11126,25518,Italy Serie A,2026-2027,1981217,https://www.whoscored.com/matches/1981217/show/italy-serie-a-2026-2027-napoli-genoa,May 2027,,Napoli,Genoa,276,278,,,2027-05-16,https://d2zywfiolv4f83.cloudfront.net/img/teams/276.png,https://d2zywfiolv4f83.cloudfront.net/img/teams/278.png,36,36
108,5,11126,25518,Italy Serie A,2026-2027,1981219,https://www.whoscored.com/matches/1981219/show/italy-serie-a-2026-2027-sassuolo-venezia,May 2027,,Sassuolo,Venezia,2889,85,,,2027-05-16,https://d2zywfiolv4f83.cloudfront.net/img/teams/2889.png,https://d2zywfiolv4f83.cloudfront.net/img/teams/85.png,36,36
108,5,11126,25518,Italy Serie A,2026-2027,1981221,https://www.whoscored.com/matches/1981221/show/italy-serie-a-2026-2027-roma-como,May 2027,,Roma,Como,84,1290,,,2027-05-23,https://d2zywfiolv4f83.cloudfront.net/img/teams/84.png,https://d2zywfiolv4f83.cloudfront.net/img/teams/1290.png,37,37
108,5,11126,25518,Italy Serie A,2026-2027,1981223,https://www.whoscored.com/matches/1981223/show/italy-serie-a-2026-2027-atalanta-lecce,May 2027,,Atalanta,Lecce,300,79,,,2027-05-23,https://d2zywfiolv4f83.cloudfront.net/img/teams/300.png,https://d2zywfiolv4f83.cloudfront.net/img/teams/79.png,37,37
108,5,11126,25518,Italy Serie A,2026-2027,1981225,https://www.whoscored.com/matches/1981225/show/italy-serie-a-2026-2027-fiorentina-monza,May 2027,,Fiorentina,Monza,73,269,,,2027-05-23,https://d2zywfiolv4f83.cloudfront.net/img/teams/73.png,https://d2zywfiolv4f83.cloudfront.net/img/teams/269.png,37,37
108,5,11126,25518,Italy Serie A,2026-2027,1981228,https://www.whoscored.com/matches/1981228/show/italy-serie-a-2026-2027-frosinone-cagliari,May 2027,,Frosinone,Cagliari,2732,78,,,2027-05-23,https://d2zywfiolv4f83.cloudfront.net/img/teams/2732.png,https://d2zywfiolv4f83.cloudfront.net/img/teams/78.png,37,37
108,5,11126,25518,Italy Serie A,2026-2027,1981230,https://www.whoscored.com/matches/1981230/show/italy-serie-a-2026-2027-genoa-bologna,May 2027,,Genoa,Bologna,278,71,,,2027-05-23,https://d2zywfiolv4f83.cloudfront.net/img/teams/278.png,https://d2zywfiolv4f83.cloudfront.net/img/teams/71.png,37,37
108,5,11126,25518,Italy Serie A,2026-2027,1981232,https://www.whoscored.com/matches/1981232/show/italy-serie-a-2026-2027-inter-lazio,May 2027,,Inter,Lazio,75,77,,,2027-05-23,https://d2zywfiolv4f83.cloudfront.net/img/teams/75.png,https://d2zywfiolv4f83.cloudfront.net/img/teams/77.png,37,37
108,5,11126,25518,Italy Serie A,2026-2027,1981234,https://www.whoscored.com/matches/1981234/show/italy-serie-a-2026-2027-parma-calcio-1913-juventus,May 2027,,Parma,Juventus,24341,87,,,2027-05-23,https://d2zywfiolv4f83.cloudfront.net/img/teams/24341.png,https://d2zywfiolv4f83.cloudfront.net/img/teams/87.png,37,37
108,5,11126,25518,Italy Serie A,2026-2027,1981236,https://www.whoscored.com/matches/1981236/show/italy-serie-a-2026-2027-torino-napoli,May 2027,,Torino,Napoli,72,276,,,2027-05-23,https://d2zywfiolv4f83.cloudfront.net/img/teams/72.png,https://d2zywfiolv4f83.cloudfront.net/img/teams/276.png,37,37
108,5,11126,25518,Italy Serie A,2026-2027,1981239,https://www.whoscored.com/matches/1981239/show/italy-serie-a-2026-2027-udinese-sassuolo,May 2027,,Udinese,Sassuolo,86,2889,,,2027-05-23,https://d2zywfiolv4f83.cloudfront.net/img/teams/86.png,https://d2zywfiolv4f83.cloudfront.net/img/teams/2889.png,37,37
108,5,11126,25518,Italy Serie A,2026-2027,1981241,https://www.whoscored.com/matches/1981241/show/italy-serie-a-2026-2027-venezia-ac-milan,May 2027,,Venezia,Milan,85,80,,,2027-05-23,https://d2zywfiolv4f83.cloudfront.net/img/teams/85.png,https://d2zywfiolv4f83.cloudfront.net/img/teams/80.png,37,37
108,5,11126,25518,Italy Serie A,2026-2027,1981242,https://www.whoscored.com/matches/1981242/show/italy-serie-a-2026-2027-ac-milan-udinese,May 2027,,Milan,Udinese,80,86,,,2027-05-30,https://d2zywfiolv4f83.cloudfront.net/img/teams/80.png,https://d2zywfiolv4f83.cloudfront.net/img/teams/86.png,38,38
108,5,11126,25518,Italy Serie A,2026-2027,1981244,https://www.whoscored.com/matches/1981244/show/italy-serie-a-2026-2027-bologna-parma-calcio-1913,May 2027,,Bologna,Parma,71,24341,,,2027-05-30,https://d2zywfiolv4f83.cloudfront.net/img/teams/71.png,https://d2zywfiolv4f83.cloudfront.net/img/teams/24341.png,38,38
108,5,11126,25518,Italy Serie A,2026-2027,1981246,https://www.whoscored.com/matches/1981246/show/italy-serie-a-2026-2027-cagliari-roma,May 2027,,Cagliari,Roma,78,84,,,2027-05-30,https://d2zywfiolv4f83.cloudfront.net/img/teams/78.png,https://d2zywfiolv4f83.cloudfront.net/img/teams/84.png,38,38
108,5,11126,25518,Italy Serie A,2026-2027,1981256,https://www.whoscored.com/matches/1981256/show/italy-serie-a-2026-2027-monza-torino,May 2027,,Monza,Torino,269,72,,,2027-05-30,https://d2zywfiolv4f83.cloudfront.net/img/teams/269.png,https://d2zywfiolv4f83.cloudfront.net/img/teams/72.png,38,38
108,5,11126,25518,Italy Serie A,2026-2027,1981257,https://www.whoscored.com/matches/1981257/show/italy-serie-a-2026-2027-napoli-atalanta,May 2027,,Napoli,Atalanta,276,300,,,2027-05-30,https://d2zywfiolv4f83.cloudfront.net/img/teams/276.png,https://d2zywfiolv4f83.cloudfront.net/img/teams/300.png,38,38
108,5,11126,25518,Italy Serie A,2026-2027,1981258,https://www.whoscored.com/matches/1981258/show/italy-serie-a-2026-2027-sassuolo-inter,May 2027,,Sassuolo,Inter,2889,75,,,2027-05-30,https://d2zywfiolv4f83.cloudfront.net/img/teams/2889.png,https://d2zywfiolv4f83.cloudfront.net/img/teams/75.png,38,38
108,5,11126,25518,Italy Serie A,2026-2027,1981253,https://www.whoscored.com/matches/1981253/show/italy-serie-a-2026-2027-lazio-fiorentina,May 2027,,Lazio,Fiorentina,77,73,,,2027-05-30,https://d2zywfiolv4f83.cloudfront.net/img/teams/77.png,https://d2zywfiolv4f83.cloudfront.net/img/teams/73.png,38,38
108,5,11126,25518,Italy Serie A,2026-2027,1981254,https://www.whoscored.com/matches/1981254/show/italy-serie-a-2026-2027-lecce-venezia,May 2027,,Lecce,Venezia,79,85,,,2027-05-30,https://d2zywfiolv4f83.cloudfront.net/img/teams/79.png,https://d2zywfiolv4f83.cloudfront.net/img/teams/85.png,38,38
108,5,11126,25518,Italy Serie A,2026-2027,1981250,https://www.whoscored.com/matches/1981250/show/italy-serie-a-2026-2027-juventus-frosinone,May 2027,,Juventus,Frosinone,87,2732,,,2027-05-30,https://d2zywfiolv4f83.cloudfront.net/img/teams/87.png,https://d2zywfiolv4f83.cloudfront.net/img/teams/2732.png,38,38
108,5,11126,25518,Italy Serie A,2026-2027,1981248,https://www.whoscored.com/matches/1981248/show/italy-serie-a-2026-2027-como-genoa,May 2027,,Como,Genoa,1290,278,,,2027-05-30,https://d2zywfiolv4f83.cloudfront.net/img/teams/1290.png,https://d2zywfiolv4f83.cloudfront.net/img/teams/278.png,38,38
74,22,11150,25554,France Ligue 1,2026-2027,1984273,https://www.whoscored.com/matches/1984273/show/france-ligue-1-2026-2027-marseille-strasbourg,Aug 2026,,Marseille,Strasbourg,249,148,,,2026-08-21,https://d2zywfiolv4f83.cloudfront.net/img/teams/249.png,https://d2zywfiolv4f83.cloudfront.net/img/teams/148.png,1,1
74,22,11150,25554,France Ligue 1,2026-2027,1984272,https://www.whoscored.com/matches/1984272/show/france-ligue-1-2026-2027-lens-auxerre,Aug 2026,,Lens,Auxerre,309,308,,,2026-08-22,https://d2zywfiolv4f83.cloudfront.net/img/teams/309.png,https://d2zywfiolv4f83.cloudfront.net/img/teams/308.png,1,1
74,22,11150,25554,France Ligue 1,2026-2027,1984070,https://www.whoscored.com/matches/1984070/show/france-ligue-1-2026-2027-toulouse-lyon,Aug 2026,,Toulouse,Lyon,246,228,,,2026-08-22,https://d2zywfiolv4f83.cloudfront.net/img/teams/246.png,https://d2zywfiolv4f83.cloudfront.net/img/teams/228.png,1,1
74,22,11150,25554,France Ligue 1,2026-2027,1984074,https://www.whoscored.com/matches/1984074/show/france-ligue-1-2026-2027-troyes-paris-fc,Aug 2026,,Troyes,Paris FC,229,2832,,,2026-08-22,https://d2zywfiolv4f83.cloudfront.net/img/teams/229.png,https://d2zywfiolv4f83.cloudfront.net/img/teams/2832.png,1,1
74,22,11150,25554,France Ligue 1,2026-2027,1984060,https://www.whoscored.com/matches/1984060/show/france-ligue-1-2026-2027-le-mans-brest,Aug 2026,,Le Mans,Brest,611,2332,,,2026-08-22,https://d2zywfiolv4f83.cloudfront.net/img/teams/611.png,https://d2zywfiolv4f83.cloudfront.net/img/teams/2332.png,1,1
74,22,11150,25554,France Ligue 1,2026-2027,1984062,https://www.whoscored.com/matches/1984062/show/france-ligue-1-2026-2027-nice-lorient,Aug 2026,,Nice,Lorient,613,146,,,2026-08-22,https://d2zywfiolv4f83.cloudfront.net/img/teams/613.png,https://d2zywfiolv4f83.cloudfront.net/img/teams/146.png,1,1
74,22,11150,25554,France Ligue 1,2026-2027,1984058,https://www.whoscored.com/matches/1984058/show/france-ligue-1-2026-2027-angers-lille,Aug 2026,,Angers,Lille,614,607,,,2026-08-23,https://d2zywfiolv4f83.cloudfront.net/img/teams/614.png,https://d2zywfiolv4f83.cloudfront.net/img/teams/607.png,1,1
74,22,11150,25554,France Ligue 1,2026-2027,1984059,https://www.whoscored.com/matches/1984059/show/france-ligue-1-2026-2027-le-havre-monaco,Aug 2026,,Le Havre,Monaco,217,248,,,2026-08-23,https://d2zywfiolv4f83.cloudfront.net/img/teams/217.png,https://d2zywfiolv4f83.cloudfront.net/img/teams/248.png,1,1
74,22,11150,25554,France Ligue 1,2026-2027,1984066,https://www.whoscored.com/matches/1984066/show/france-ligue-1-2026-2027-paris-saint-germain-rennes,Aug 2026,,Paris Saint-Germain,Rennes,304,313,,,2026-08-23,https://d2zywfiolv4f83.cloudfront.net/img/teams/304.png,https://d2zywfiolv4f83.cloudfront.net/img/teams/313.png,1,1
74,22,11150,25554,France Ligue 1,2026-2027,1984076,https://www.whoscored.com/matches/1984076/show/france-ligue-1-2026-2027-lille-paris-saint-germain,Aug 2026,,Lille,Paris Saint-Germain,607,304,,,2026-08-28,https://d2zywfiolv4f83.cloudfront.net/img/teams/607.png,https://d2zywfiolv4f83.cloudfront.net/img/teams/304.png,2,2
74,22,11150,25554,France Ligue 1,2026-2027,1984073,https://www.whoscored.com/matches/1984073/show/france-ligue-1-2026-2027-strasbourg-lens,Aug 2026,,Strasbourg,Lens,148,309,,,2026-08-29,https://d2zywfiolv4f83.cloudfront.net/img/teams/148.png,https://d2zywfiolv4f83.cloudfront.net/img/teams/309.png,2,2
74,22,11150,25554,France Ligue 1,2026-2027,1984079,https://www.whoscored.com/matches/1984079/show/france-ligue-1-2026-2027-auxerre-angers,Aug 2026,,Auxerre,Angers,308,614,,,2026-08-29,https://d2zywfiolv4f83.cloudfront.net/img/teams/308.png,https://d2zywfiolv4f83.cloudfront.net/img/teams/614.png,2,2
74,22,11150,25554,France Ligue 1,2026-2027,1984083,https://www.whoscored.com/matches/1984083/show/france-ligue-1-2026-2027-brest-toulouse,Aug 2026,,Brest,Toulouse,2332,246,,,2026-08-29,https://d2zywfiolv4f83.cloudfront.net/img/teams/2332.png,https://d2zywfiolv4f83.cloudfront.net/img/teams/246.png,2,2
74,22,11150,25554,France Ligue 1,2026-2027,1984087,https://www.whoscored.com/matches/1984087/show/france-ligue-1-2026-2027-lorient-troyes,Aug 2026,,Lorient,Troyes,146,229,,,2026-08-29,https://d2zywfiolv4f83.cloudfront.net/img/teams/146.png,https://d2zywfiolv4f83.cloudfront.net/img/teams/229.png,2,2
74,22,11150,25554,France Ligue 1,2026-2027,1984090,https://www.whoscored.com/matches/1984090/show/france-ligue-1-2026-2027-lyon-le-havre,Aug 2026,,Lyon,Le Havre,228,217,,,2026-08-29,https://d2zywfiolv4f83.cloudfront.net/img/teams/228.png,https://d2zywfiolv4f83.cloudfront.net/img/teams/217.png,2,2
74,22,11150,25554,France Ligue 1,2026-2027,1984065,https://www.whoscored.com/matches/1984065/show/france-ligue-1-2026-2027-paris-fc-nice,Aug 2026,,Paris FC,Nice,2832,613,,,2026-08-30,https://d2zywfiolv4f83.cloudfront.net/img/teams/2832.png,https://d2zywfiolv4f83.cloudfront.net/img/teams/613.png,2,2
74,22,11150,25554,France Ligue 1,2026-2027,1984069,https://www.whoscored.com/matches/1984069/show/france-ligue-1-2026-2027-rennes-le-mans,Aug 2026,,Rennes,Le Mans,313,611,,,2026-08-30,https://d2zywfiolv4f83.cloudfront.net/img/teams/313.png,https://d2zywfiolv4f83.cloudfront.net/img/teams/611.png,2,2
74,22,11150,25554,France Ligue 1,2026-2027,1984061,https://www.whoscored.com/matches/1984061/show/france-ligue-1-2026-2027-monaco-marseille,Aug 2026,,Monaco,Marseille,248,249,,,2026-08-30,https://d2zywfiolv4f83.cloudfront.net/img/teams/248.png,https://d2zywfiolv4f83.cloudfront.net/img/teams/249.png,2,2
74,22,11150,25554,France Ligue 1,2026-2027,1984085,https://www.whoscored.com/matches/1984085/show/france-ligue-1-2026-2027-toulouse-lille,Sep 2026,,Toulouse,Lille,246,607,,,2026-09-03,https://d2zywfiolv4f83.cloudfront.net/img/teams/246.png,https://d2zywfiolv4f83.cloudfront.net/img/teams/607.png,3,3
74,22,11150,25554,France Ligue 1,2026-2027,1984068,https://www.whoscored.com/matches/1984068/show/france-ligue-1-2026-2027-lyon-auxerre,Sep 2026,,Lyon,Auxerre,228,308,,,2026-09-04,https://d2zywfiolv4f83.cloudfront.net/img/teams/228.png,https://d2zywfiolv4f83.cloudfront.net/img/teams/308.png,3,3
74,22,11150,25554,France Ligue 1,2026-2027,1984081,https://www.whoscored.com/matches/1984081/show/france-ligue-1-2026-2027-paris-saint-germain-monaco,Sep 2026,,Paris Saint-Germain,Monaco,304,248,,,2026-09-04,https://d2zywfiolv4f83.cloudfront.net/img/teams/304.png,https://d2zywfiolv4f83.cloudfront.net/img/teams/248.png,3,3
74,22,11150,25554,France Ligue 1,2026-2027,1984064,https://www.whoscored.com/matches/1984064/show/france-ligue-1-2026-2027-lens-lorient,Sep 2026,,Lens,Lorient,309,146,,,2026-09-05,https://d2zywfiolv4f83.cloudfront.net/img/teams/309.png,https://d2zywfiolv4f83.cloudfront.net/img/teams/146.png,3,3
74,22,11150,25554,France Ligue 1,2026-2027,1984077,https://www.whoscored.com/matches/1984077/show/france-ligue-1-2026-2027-nice-le-mans,Sep 2026,,Nice,Le Mans,613,611,,,2026-09-05,https://d2zywfiolv4f83.cloudfront.net/img/teams/613.png,https://d2zywfiolv4f83.cloudfront.net/img/teams/611.png,3,3
74,22,11150,25554,France Ligue 1,2026-2027,1984084,https://www.whoscored.com/matches/1984084/show/france-ligue-1-2026-2027-le-havre-brest,Sep 2026,,Le Havre,Brest,217,2332,,,2026-09-05,https://d2zywfiolv4f83.cloudfront.net/img/teams/217.png,https://d2zywfiolv4f83.cloudfront.net/img/teams/2332.png,3,3
74,22,11150,25554,France Ligue 1,2026-2027,1984063,https://www.whoscored.com/matches/1984063/show/france-ligue-1-2026-2027-troyes-strasbourg,Sep 2026,,Troyes,Strasbourg,229,148,,,2026-09-06,https://d2zywfiolv4f83.cloudfront.net/img/teams/229.png,https://d2zywfiolv4f83.cloudfront.net/img/teams/148.png,3,3
74,22,11150,25554,France Ligue 1,2026-2027,1984080,https://www.whoscored.com/matches/1984080/show/france-ligue-1-2026-2027-angers-rennes,Sep 2026,,Angers,Rennes,614,313,,,2026-09-06,https://d2zywfiolv4f83.cloudfront.net/img/teams/614.png,https://d2zywfiolv4f83.cloudfront.net/img/teams/313.png,3,3
74,22,11150,25554,France Ligue 1,2026-2027,1984072,https://www.whoscored.com/matches/1984072/show/france-ligue-1-2026-2027-marseille-paris-fc,Sep 2026,,Marseille,Paris FC,249,2832,,,2026-09-06,https://d2zywfiolv4f83.cloudfront.net/img/teams/249.png,https://d2zywfiolv4f83.cloudfront.net/img/teams/2832.png,3,3
74,22,11150,25554,France Ligue 1,2026-2027,1984275,https://www.whoscored.com/matches/1984275/show/france-ligue-1-2026-2027-rennes-marseille,Sep 2026,,Rennes,Marseille,313,249,,,2026-09-11,https://d2zywfiolv4f83.cloudfront.net/img/teams/313.png,https://d2zywfiolv4f83.cloudfront.net/img/teams/249.png,4,4
74,22,11150,25554,France Ligue 1,2026-2027,1984276,https://www.whoscored.com/matches/1984276/show/france-ligue-1-2026-2027-strasbourg-monaco,Sep 2026,,Strasbourg,Monaco,148,248,,,2026-09-12,https://d2zywfiolv4f83.cloudfront.net/img/teams/148.png,https://d2zywfiolv4f83.cloudfront.net/img/teams/248.png,4,4
74,22,11150,25554,France Ligue 1,2026-2027,1984274,https://www.whoscored.com/matches/1984274/show/france-ligue-1-2026-2027-paris-fc-lyon,Sep 2026,,Paris FC,Lyon,2832,228,,,2026-09-12,https://d2zywfiolv4f83.cloudfront.net/img/teams/2832.png,https://d2zywfiolv4f83.cloudfront.net/img/teams/228.png,4,4
74,22,11150,25554,France Ligue 1,2026-2027,1984075,https://www.whoscored.com/matches/1984075/show/france-ligue-1-2026-2027-le-havre-angers,Sep 2026,,Le Havre,Angers,217,614,,,2026-09-12,https://d2zywfiolv4f83.cloudfront.net/img/teams/217.png,https://d2zywfiolv4f83.cloudfront.net/img/teams/614.png,4,4
74,22,11150,25554,France Ligue 1,2026-2027,1984067,https://www.whoscored.com/matches/1984067/show/france-ligue-1-2026-2027-auxerre-nice,Sep 2026,,Auxerre,Nice,308,613,,,2026-09-12,https://d2zywfiolv4f83.cloudfront.net/img/teams/308.png,https://d2zywfiolv4f83.cloudfront.net/img/teams/613.png,4,4
74,22,11150,25554,France Ligue 1,2026-2027,1984086,https://www.whoscored.com/matches/1984086/show/france-ligue-1-2026-2027-lorient-toulouse,Sep 2026,,Lorient,Toulouse,146,246,,,2026-09-12,https://d2zywfiolv4f83.cloudfront.net/img/teams/146.png,https://d2zywfiolv4f83.cloudfront.net/img/teams/246.png,4,4
74,22,11150,25554,France Ligue 1,2026-2027,1984082,https://www.whoscored.com/matches/1984082/show/france-ligue-1-2026-2027-lille-troyes,Sep 2026,,Lille,Troyes,607,229,,,2026-09-13,https://d2zywfiolv4f83.cloudfront.net/img/teams/607.png,https://d2zywfiolv4f83.cloudfront.net/img/teams/229.png,4,4
74,22,11150,25554,France Ligue 1,2026-2027,1984078,https://www.whoscored.com/matches/1984078/show/france-ligue-1-2026-2027-le-mans-lens,Sep 2026,,Le Mans,Lens,611,309,,,2026-09-13,https://d2zywfiolv4f83.cloudfront.net/img/teams/611.png,https://d2zywfiolv4f83.cloudfront.net/img/teams/309.png,4,4
74,22,11150,25554,France Ligue 1,2026-2027,1984071,https://www.whoscored.com/matches/1984071/show/france-ligue-1-2026-2027-brest-paris-saint-germain,Sep 2026,,Brest,Paris Saint-Germain,2332,304,,,2026-09-13,https://d2zywfiolv4f83.cloudfront.net/img/teams/2332.png,https://d2zywfiolv4f83.cloudfront.net/img/teams/304.png,4,4
74,22,11150,25554,France Ligue 1,2026-2027,1984091,https://www.whoscored.com/matches/1984091/show/france-ligue-1-2026-2027-monaco-lens,Sep 2026,,Monaco,Lens,248,309,,,2026-09-19,https://d2zywfiolv4f83.cloudfront.net/img/teams/248.png,https://d2zywfiolv4f83.cloudfront.net/img/teams/309.png,5,5
74,22,11150,25554,France Ligue 1,2026-2027,1984094,https://www.whoscored.com/matches/1984094/show/france-ligue-1-2026-2027-nice-lille,Sep 2026,,Nice,Lille,613,607,,,2026-09-19,https://d2zywfiolv4f83.cloudfront.net/img/teams/613.png,https://d2zywfiolv4f83.cloudfront.net/img/teams/607.png,5,5
74,22,11150,25554,France Ligue 1,2026-2027,1984097,https://www.whoscored.com/matches/1984097/show/france-ligue-1-2026-2027-paris-fc-strasbourg,Sep 2026,,Paris FC,Strasbourg,2832,148,,,2026-09-19,https://d2zywfiolv4f83.cloudfront.net/img/teams/2832.png,https://d2zywfiolv4f83.cloudfront.net/img/teams/148.png,5,5
74,22,11150,25554,France Ligue 1,2026-2027,1984100,https://www.whoscored.com/matches/1984100/show/france-ligue-1-2026-2027-toulouse-le-havre,Sep 2026,,Toulouse,Le Havre,246,217,,,2026-09-19,https://d2zywfiolv4f83.cloudfront.net/img/teams/246.png,https://d2zywfiolv4f83.cloudfront.net/img/teams/217.png,5,5
74,22,11150,25554,France Ligue 1,2026-2027,1984277,https://www.whoscored.com/matches/1984277/show/france-ligue-1-2026-2027-angers-troyes,Sep 2026,,Angers,Troyes,614,229,,,2026-09-19,https://d2zywfiolv4f83.cloudfront.net/img/teams/614.png,https://d2zywfiolv4f83.cloudfront.net/img/teams/229.png,5,5
74,22,11150,25554,France Ligue 1,2026-2027,1984278,https://www.whoscored.com/matches/1984278/show/france-ligue-1-2026-2027-auxerre-brest,Sep 2026,,Auxerre,Brest,308,2332,,,2026-09-19,https://d2zywfiolv4f83.cloudfront.net/img/teams/308.png,https://d2zywfiolv4f83.cloudfront.net/img/teams/2332.png,5,5
74,22,11150,25554,France Ligue 1,2026-2027,1984279,https://www.whoscored.com/matches/1984279/show/france-ligue-1-2026-2027-le-mans-lorient,Sep 2026,,Le Mans,Lorient,611,146,,,2026-09-19,https://d2zywfiolv4f83.cloudfront.net/img/teams/611.png,https://d2zywfiolv4f83.cloudfront.net/img/teams/146.png,5,5
74,22,11150,25554,France Ligue 1,2026-2027,1984280,https://www.whoscored.com/matches/1984280/show/france-ligue-1-2026-2027-lyon-rennes,Sep 2026,,Lyon,Rennes,228,313,,,2026-09-19,https://d2zywfiolv4f83.cloudfront.net/img/teams/228.png,https://d2zywfiolv4f83.cloudfront.net/img/teams/313.png,5,5
74,22,11150,25554,France Ligue 1,2026-2027,1984103,https://www.whoscored.com/matches/1984103/show/france-ligue-1-2026-2027-marseille-paris-saint-germain,Sep 2026,,Marseille,Paris Saint-Germain,249,304,,,2026-09-20,https://d2zywfiolv4f83.cloudfront.net/img/teams/249.png,https://d2zywfiolv4f83.cloudfront.net/img/teams/304.png,5,5
74,22,11150,25554,France Ligue 1,2026-2027,1984107,https://www.whoscored.com/matches/1984107/show/france-ligue-1-2026-2027-brest-angers,Oct 2026,,Brest,Angers,2332,614,,,2026-10-10,https://d2zywfiolv4f83.cloudfront.net/img/teams/2332.png,https://d2zywfiolv4f83.cloudfront.net/img/teams/614.png,6,6
74,22,11150,25554,France Ligue 1,2026-2027,1984111,https://www.whoscored.com/matches/1984111/show/france-ligue-1-2026-2027-lens-lyon,Oct 2026,,Lens,Lyon,309,228,,,2026-10-10,https://d2zywfiolv4f83.cloudfront.net/img/teams/309.png,https://d2zywfiolv4f83.cloudfront.net/img/teams/228.png,6,6
74,22,11150,25554,France Ligue 1,2026-2027,1984115,https://www.whoscored.com/matches/1984115/show/france-ligue-1-2026-2027-lille-le-havre,Oct 2026,,Lille,Le Havre,607,217,,,2026-10-10,https://d2zywfiolv4f83.cloudfront.net/img/teams/607.png,https://d2zywfiolv4f83.cloudfront.net/img/teams/217.png,6,6
74,22,11150,25554,France Ligue 1,2026-2027,1984119,https://www.whoscored.com/matches/1984119/show/france-ligue-1-2026-2027-lorient-paris-fc,Oct 2026,,Lorient,Paris FC,146,2832,,,2026-10-10,https://d2zywfiolv4f83.cloudfront.net/img/teams/146.png,https://d2zywfiolv4f83.cloudfront.net/img/teams/2832.png,6,6
74,22,11150,25554,France Ligue 1,2026-2027,1984123,https://www.whoscored.com/matches/1984123/show/france-ligue-1-2026-2027-monaco-toulouse,Oct 2026,,Monaco,Toulouse,248,246,,,2026-10-10,https://d2zywfiolv4f83.cloudfront.net/img/teams/248.png,https://d2zywfiolv4f83.cloudfront.net/img/teams/246.png,6,6
74,22,11150,25554,France Ligue 1,2026-2027,1984127,https://www.whoscored.com/matches/1984127/show/france-ligue-1-2026-2027-nice-strasbourg,Oct 2026,,Nice,Strasbourg,613,148,,,2026-10-10,https://d2zywfiolv4f83.cloudfront.net/img/teams/613.png,https://d2zywfiolv4f83.cloudfront.net/img/teams/148.png,6,6
74,22,11150,25554,France Ligue 1,2026-2027,1984130,https://www.whoscored.com/matches/1984130/show/france-ligue-1-2026-2027-paris-saint-germain-le-mans,Oct 2026,,Paris Saint-Germain,Le Mans,304,611,,,2026-10-10,https://d2zywfiolv4f83.cloudfront.net/img/teams/304.png,https://d2zywfiolv4f83.cloudfront.net/img/teams/611.png,6,6
74,22,11150,25554,France Ligue 1,2026-2027,1984134,https://www.whoscored.com/matches/1984134/show/france-ligue-1-2026-2027-rennes-auxerre,Oct 2026,,Rennes,Auxerre,313,308,,,2026-10-10,https://d2zywfiolv4f83.cloudfront.net/img/teams/313.png,https://d2zywfiolv4f83.cloudfront.net/img/teams/308.png,6,6
74,22,11150,25554,France Ligue 1,2026-2027,1984138,https://www.whoscored.com/matches/1984138/show/france-ligue-1-2026-2027-troyes-marseille,Oct 2026,,Troyes,Marseille,229,249,,,2026-10-10,https://d2zywfiolv4f83.cloudfront.net/img/teams/229.png,https://d2zywfiolv4f83.cloudfront.net/img/teams/249.png,6,6
74,22,11150,25554,France Ligue 1,2026-2027,1984143,https://www.whoscored.com/matches/1984143/show/france-ligue-1-2026-2027-angers-marseille,Oct 2026,,Angers,Marseille,614,249,,,2026-10-17,https://d2zywfiolv4f83.cloudfront.net/img/teams/614.png,https://d2zywfiolv4f83.cloudfront.net/img/teams/249.png,7,7
74,22,11150,25554,France Ligue 1,2026-2027,1984147,https://www.whoscored.com/matches/1984147/show/france-ligue-1-2026-2027-le-havre-auxerre,Oct 2026,,Le Havre,Auxerre,217,308,,,2026-10-17,https://d2zywfiolv4f83.cloudfront.net/img/teams/217.png,https://d2zywfiolv4f83.cloudfront.net/img/teams/308.png,7,7
74,22,11150,25554,France Ligue 1,2026-2027,1984151,https://www.whoscored.com/matches/1984151/show/france-ligue-1-2026-2027-le-mans-toulouse,Oct 2026,,Le Mans,Toulouse,611,246,,,2026-10-17,https://d2zywfiolv4f83.cloudfront.net/img/teams/611.png,https://d2zywfiolv4f83.cloudfront.net/img/teams/246.png,7,7
74,22,11150,25554,France Ligue 1,2026-2027,1984155,https://www.whoscored.com/matches/1984155/show/france-ligue-1-2026-2027-lille-brest,Oct 2026,,Lille,Brest,607,2332,,,2026-10-17,https://d2zywfiolv4f83.cloudfront.net/img/teams/607.png,https://d2zywfiolv4f83.cloudfront.net/img/teams/2332.png,7,7
74,22,11150,25554,France Ligue 1,2026-2027,1984159,https://www.whoscored.com/matches/1984159/show/france-ligue-1-2026-2027-lorient-monaco,Oct 2026,,Lorient,Monaco,146,248,,,2026-10-17,https://d2zywfiolv4f83.cloudfront.net/img/teams/146.png,https://d2zywfiolv4f83.cloudfront.net/img/teams/248.png,7,7
74,22,11150,25554,France Ligue 1,2026-2027,1984164,https://www.whoscored.com/matches/1984164/show/france-ligue-1-2026-2027-lyon-nice,Oct 2026,,Lyon,Nice,228,613,,,2026-10-17,https://d2zywfiolv4f83.cloudfront.net/img/teams/228.png,https://d2zywfiolv4f83.cloudfront.net/img/teams/613.png,7,7
74,22,11150,25554,France Ligue 1,2026-2027,1984168,https://www.whoscored.com/matches/1984168/show/france-ligue-1-2026-2027-paris-fc-rennes,Oct 2026,,Paris FC,Rennes,2832,313,,,2026-10-17,https://d2zywfiolv4f83.cloudfront.net/img/teams/2832.png,https://d2zywfiolv4f83.cloudfront.net/img/teams/313.png,7,7
74,22,11150,25554,France Ligue 1,2026-2027,1984172,https://www.whoscored.com/matches/1984172/show/france-ligue-1-2026-2027-strasbourg-paris-saint-germain,Oct 2026,,Strasbourg,Paris Saint-Germain,148,304,,,2026-10-17,https://d2zywfiolv4f83.cloudfront.net/img/teams/148.png,https://d2zywfiolv4f83.cloudfront.net/img/teams/304.png,7,7
74,22,11150,25554,France Ligue 1,2026-2027,1984176,https://www.whoscored.com/matches/1984176/show/france-ligue-1-2026-2027-troyes-lens,Oct 2026,,Troyes,Lens,229,309,,,2026-10-17,https://d2zywfiolv4f83.cloudfront.net/img/teams/229.png,https://d2zywfiolv4f83.cloudfront.net/img/teams/309.png,7,7
74,22,11150,25554,France Ligue 1,2026-2027,1984180,https://www.whoscored.com/matches/1984180/show/france-ligue-1-2026-2027-angers-lorient,Oct 2026,,Angers,Lorient,614,146,,,2026-10-24,https://d2zywfiolv4f83.cloudfront.net/img/teams/614.png,https://d2zywfiolv4f83.cloudfront.net/img/teams/146.png,8,8
74,22,11150,25554,France Ligue 1,2026-2027,1984184,https://www.whoscored.com/matches/1984184/show/france-ligue-1-2026-2027-auxerre-le-mans,Oct 2026,,Auxerre,Le Mans,308,611,,,2026-10-24,https://d2zywfiolv4f83.cloudfront.net/img/teams/308.png,https://d2zywfiolv4f83.cloudfront.net/img/teams/611.png,8,8
74,22,11150,25554,France Ligue 1,2026-2027,1984189,https://www.whoscored.com/matches/1984189/show/france-ligue-1-2026-2027-brest-nice,Oct 2026,,Brest,Nice,2332,613,,,2026-10-24,https://d2zywfiolv4f83.cloudfront.net/img/teams/2332.png,https://d2zywfiolv4f83.cloudfront.net/img/teams/613.png,8,8
74,22,11150,25554,France Ligue 1,2026-2027,1984193,https://www.whoscored.com/matches/1984193/show/france-ligue-1-2026-2027-lens-paris-fc,Oct 2026,,Lens,Paris FC,309,2832,,,2026-10-24,https://d2zywfiolv4f83.cloudfront.net/img/teams/309.png,https://d2zywfiolv4f83.cloudfront.net/img/teams/2832.png,8,8
74,22,11150,25554,France Ligue 1,2026-2027,1984197,https://www.whoscored.com/matches/1984197/show/france-ligue-1-2026-2027-marseille-le-havre,Oct 2026,,Marseille,Le Havre,249,217,,,2026-10-24,https://d2zywfiolv4f83.cloudfront.net/img/teams/249.png,https://d2zywfiolv4f83.cloudfront.net/img/teams/217.png,8,8
74,22,11150,25554,France Ligue 1,2026-2027,1984201,https://www.whoscored.com/matches/1984201/show/france-ligue-1-2026-2027-monaco-lille,Oct 2026,,Monaco,Lille,248,607,,,2026-10-24,https://d2zywfiolv4f83.cloudfront.net/img/teams/248.png,https://d2zywfiolv4f83.cloudfront.net/img/teams/607.png,8,8
74,22,11150,25554,France Ligue 1,2026-2027,1984206,https://www.whoscored.com/matches/1984206/show/france-ligue-1-2026-2027-rennes-strasbourg,Oct 2026,,Rennes,Strasbourg,313,148,,,2026-10-24,https://d2zywfiolv4f83.cloudfront.net/img/teams/313.png,https://d2zywfiolv4f83.cloudfront.net/img/teams/148.png,8,8
74,22,11150,25554,France Ligue 1,2026-2027,1984210,https://www.whoscored.com/matches/1984210/show/france-ligue-1-2026-2027-toulouse-troyes,Oct 2026,,Toulouse,Troyes,246,229,,,2026-10-24,https://d2zywfiolv4f83.cloudfront.net/img/teams/246.png,https://d2zywfiolv4f83.cloudfront.net/img/teams/229.png,8,8
74,22,11150,25554,France Ligue 1,2026-2027,1984214,https://www.whoscored.com/matches/1984214/show/france-ligue-1-2026-2027-paris-saint-germain-lyon,Oct 2026,,Paris Saint-Germain,Lyon,304,228,,,2026-10-25,https://d2zywfiolv4f83.cloudfront.net/img/teams/304.png,https://d2zywfiolv4f83.cloudfront.net/img/teams/228.png,8,8
74,22,11150,25554,France Ligue 1,2026-2027,1984218,https://www.whoscored.com/matches/1984218/show/france-ligue-1-2026-2027-le-havre-paris-saint-germain,Oct 2026,,Le Havre,Paris Saint-Germain,217,304,,,2026-10-31,https://d2zywfiolv4f83.cloudfront.net/img/teams/217.png,https://d2zywfiolv4f83.cloudfront.net/img/teams/304.png,9,9
74,22,11150,25554,France Ligue 1,2026-2027,1984221,https://www.whoscored.com/matches/1984221/show/france-ligue-1-2026-2027-lille-lens,Oct 2026,,Lille,Lens,607,309,,,2026-10-31,https://d2zywfiolv4f83.cloudfront.net/img/teams/607.png,https://d2zywfiolv4f83.cloudfront.net/img/teams/309.png,9,9
74,22,11150,25554,France Ligue 1,2026-2027,1984222,https://www.whoscored.com/matches/1984222/show/france-ligue-1-2026-2027-lorient-brest,Oct 2026,,Lorient,Brest,146,2332,,,2026-10-31,https://d2zywfiolv4f83.cloudfront.net/img/teams/146.png,https://d2zywfiolv4f83.cloudfront.net/img/teams/2332.png,9,9
74,22,11150,25554,France Ligue 1,2026-2027,1984225,https://www.whoscored.com/matches/1984225/show/france-ligue-1-2026-2027-lyon-angers,Oct 2026,,Lyon,Angers,228,614,,,2026-10-31,https://d2zywfiolv4f83.cloudfront.net/img/teams/228.png,https://d2zywfiolv4f83.cloudfront.net/img/teams/614.png,9,9
74,22,11150,25554,France Ligue 1,2026-2027,1984088,https://www.whoscored.com/matches/1984088/show/france-ligue-1-2026-2027-marseille-toulouse,Oct 2026,,Marseille,Toulouse,249,246,,,2026-10-31,https://d2zywfiolv4f83.cloudfront.net/img/teams/249.png,https://d2zywfiolv4f83.cloudfront.net/img/teams/246.png,9,9
74,22,11150,25554,France Ligue 1,2026-2027,1984093,https://www.whoscored.com/matches/1984093/show/france-ligue-1-2026-2027-nice-rennes,Oct 2026,,Nice,Rennes,613,313,,,2026-10-31,https://d2zywfiolv4f83.cloudfront.net/img/teams/613.png,https://d2zywfiolv4f83.cloudfront.net/img/teams/313.png,9,9
74,22,11150,25554,France Ligue 1,2026-2027,1984096,https://www.whoscored.com/matches/1984096/show/france-ligue-1-2026-2027-paris-fc-monaco,Oct 2026,,Paris FC,Monaco,2832,248,,,2026-10-31,https://d2zywfiolv4f83.cloudfront.net/img/teams/2832.png,https://d2zywfiolv4f83.cloudfront.net/img/teams/248.png,9,9
74,22,11150,25554,France Ligue 1,2026-2027,1984098,https://www.whoscored.com/matches/1984098/show/france-ligue-1-2026-2027-strasbourg-auxerre,Oct 2026,,Strasbourg,Auxerre,148,308,,,2026-10-31,https://d2zywfiolv4f83.cloudfront.net/img/teams/148.png,https://d2zywfiolv4f83.cloudfront.net/img/teams/308.png,9,9
74,22,11150,25554,France Ligue 1,2026-2027,1984102,https://www.whoscored.com/matches/1984102/show/france-ligue-1-2026-2027-troyes-le-mans,Oct 2026,,Troyes,Le Mans,229,611,,,2026-10-31,https://d2zywfiolv4f83.cloudfront.net/img/teams/229.png,https://d2zywfiolv4f83.cloudfront.net/img/teams/611.png,9,9
74,22,11150,25554,France Ligue 1,2026-2027,1984106,https://www.whoscored.com/matches/1984106/show/france-ligue-1-2026-2027-angers-nice,Nov 2026,,Angers,Nice,614,613,,,2026-11-07,https://d2zywfiolv4f83.cloudfront.net/img/teams/614.png,https://d2zywfiolv4f83.cloudfront.net/img/teams/613.png,10,10
74,22,11150,25554,France Ligue 1,2026-2027,1984110,https://www.whoscored.com/matches/1984110/show/france-ligue-1-2026-2027-auxerre-paris-fc,Nov 2026,,Auxerre,Paris FC,308,2832,,,2026-11-07,https://d2zywfiolv4f83.cloudfront.net/img/teams/308.png,https://d2zywfiolv4f83.cloudfront.net/img/teams/2832.png,10,10
74,22,11150,25554,France Ligue 1,2026-2027,1984114,https://www.whoscored.com/matches/1984114/show/france-ligue-1-2026-2027-brest-lyon,Nov 2026,,Brest,Lyon,2332,228,,,2026-11-07,https://d2zywfiolv4f83.cloudfront.net/img/teams/2332.png,https://d2zywfiolv4f83.cloudfront.net/img/teams/228.png,10,10
74,22,11150,25554,France Ligue 1,2026-2027,1984118,https://www.whoscored.com/matches/1984118/show/france-ligue-1-2026-2027-le-havre-lorient,Nov 2026,,Le Havre,Lorient,217,146,,,2026-11-07,https://d2zywfiolv4f83.cloudfront.net/img/teams/217.png,https://d2zywfiolv4f83.cloudfront.net/img/teams/146.png,10,10
74,22,11150,25554,France Ligue 1,2026-2027,1984122,https://www.whoscored.com/matches/1984122/show/france-ligue-1-2026-2027-le-mans-monaco,Nov 2026,,Le Mans,Monaco,611,248,,,2026-11-07,https://d2zywfiolv4f83.cloudfront.net/img/teams/611.png,https://d2zywfiolv4f83.cloudfront.net/img/teams/248.png,10,10
74,22,11150,25554,France Ligue 1,2026-2027,1984126,https://www.whoscored.com/matches/1984126/show/france-ligue-1-2026-2027-paris-saint-germain-troyes,Nov 2026,,Paris Saint-Germain,Troyes,304,229,,,2026-11-07,https://d2zywfiolv4f83.cloudfront.net/img/teams/304.png,https://d2zywfiolv4f83.cloudfront.net/img/teams/229.png,10,10
74,22,11150,25554,France Ligue 1,2026-2027,1984131,https://www.whoscored.com/matches/1984131/show/france-ligue-1-2026-2027-rennes-lille,Nov 2026,,Rennes,Lille,313,607,,,2026-11-07,https://d2zywfiolv4f83.cloudfront.net/img/teams/313.png,https://d2zywfiolv4f83.cloudfront.net/img/teams/607.png,10,10
74,22,11150,25554,France Ligue 1,2026-2027,1984135,https://www.whoscored.com/matches/1984135/show/france-ligue-1-2026-2027-toulouse-strasbourg,Nov 2026,,Toulouse,Strasbourg,246,148,,,2026-11-07,https://d2zywfiolv4f83.cloudfront.net/img/teams/246.png,https://d2zywfiolv4f83.cloudfront.net/img/teams/148.png,10,10
74,22,11150,25554,France Ligue 1,2026-2027,1984140,https://www.whoscored.com/matches/1984140/show/france-ligue-1-2026-2027-lens-marseille,Nov 2026,,Lens,Marseille,309,249,,,2026-11-07,https://d2zywfiolv4f83.cloudfront.net/img/teams/309.png,https://d2zywfiolv4f83.cloudfront.net/img/teams/249.png,10,10
74,22,11150,25554,France Ligue 1,2026-2027,1984142,https://www.whoscored.com/matches/1984142/show/france-ligue-1-2026-2027-lens-toulouse,Nov 2026,,Lens,Toulouse,309,246,,,2026-11-21,https://d2zywfiolv4f83.cloudfront.net/img/teams/309.png,https://d2zywfiolv4f83.cloudfront.net/img/teams/246.png,11,11
74,22,11150,25554,France Ligue 1,2026-2027,1984146,https://www.whoscored.com/matches/1984146/show/france-ligue-1-2026-2027-lille-lyon,Nov 2026,,Lille,Lyon,607,228,,,2026-11-21,https://d2zywfiolv4f83.cloudfront.net/img/teams/607.png,https://d2zywfiolv4f83.cloudfront.net/img/teams/228.png,11,11
74,22,11150,25554,France Ligue 1,2026-2027,1984150,https://www.whoscored.com/matches/1984150/show/france-ligue-1-2026-2027-lorient-rennes,Nov 2026,,Lorient,Rennes,146,313,,,2026-11-21,https://d2zywfiolv4f83.cloudfront.net/img/teams/146.png,https://d2zywfiolv4f83.cloudfront.net/img/teams/313.png,11,11
74,22,11150,25554,France Ligue 1,2026-2027,1984154,https://www.whoscored.com/matches/1984154/show/france-ligue-1-2026-2027-marseille-le-mans,Nov 2026,,Marseille,Le Mans,249,611,,,2026-11-21,https://d2zywfiolv4f83.cloudfront.net/img/teams/249.png,https://d2zywfiolv4f83.cloudfront.net/img/teams/611.png,11,11
74,22,11150,25554,France Ligue 1,2026-2027,1984157,https://www.whoscored.com/matches/1984157/show/france-ligue-1-2026-2027-monaco-auxerre,Nov 2026,,Monaco,Auxerre,248,308,,,2026-11-21,https://d2zywfiolv4f83.cloudfront.net/img/teams/248.png,https://d2zywfiolv4f83.cloudfront.net/img/teams/308.png,11,11
74,22,11150,25554,France Ligue 1,2026-2027,1984161,https://www.whoscored.com/matches/1984161/show/france-ligue-1-2026-2027-nice-paris-saint-germain,Nov 2026,,Nice,Paris Saint-Germain,613,304,,,2026-11-21,https://d2zywfiolv4f83.cloudfront.net/img/teams/613.png,https://d2zywfiolv4f83.cloudfront.net/img/teams/304.png,11,11
74,22,11150,25554,France Ligue 1,2026-2027,1984165,https://www.whoscored.com/matches/1984165/show/france-ligue-1-2026-2027-paris-fc-angers,Nov 2026,,Paris FC,Angers,2832,614,,,2026-11-21,https://d2zywfiolv4f83.cloudfront.net/img/teams/2832.png,https://d2zywfiolv4f83.cloudfront.net/img/teams/614.png,11,11
74,22,11150,25554,France Ligue 1,2026-2027,1984169,https://www.whoscored.com/matches/1984169/show/france-ligue-1-2026-2027-strasbourg-brest,Nov 2026,,Strasbourg,Brest,148,2332,,,2026-11-21,https://d2zywfiolv4f83.cloudfront.net/img/teams/148.png,https://d2zywfiolv4f83.cloudfront.net/img/teams/2332.png,11,11
74,22,11150,25554,France Ligue 1,2026-2027,1984173,https://www.whoscored.com/matches/1984173/show/france-ligue-1-2026-2027-troyes-le-havre,Nov 2026,,Troyes,Le Havre,229,217,,,2026-11-21,https://d2zywfiolv4f83.cloudfront.net/img/teams/229.png,https://d2zywfiolv4f83.cloudfront.net/img/teams/217.png,11,11
74,22,11150,25554,France Ligue 1,2026-2027,1984177,https://www.whoscored.com/matches/1984177/show/france-ligue-1-2026-2027-angers-lens,Nov 2026,,Angers,Lens,614,309,,,2026-11-28,https://d2zywfiolv4f83.cloudfront.net/img/teams/614.png,https://d2zywfiolv4f83.cloudfront.net/img/teams/309.png,12,12
74,22,11150,25554,France Ligue 1,2026-2027,1984181,https://www.whoscored.com/matches/1984181/show/france-ligue-1-2026-2027-auxerre-marseille,Nov 2026,,Auxerre,Marseille,308,249,,,2026-11-28,https://d2zywfiolv4f83.cloudfront.net/img/teams/308.png,https://d2zywfiolv4f83.cloudfront.net/img/teams/249.png,12,12
74,22,11150,25554,France Ligue 1,2026-2027,1984185,https://www.whoscored.com/matches/1984185/show/france-ligue-1-2026-2027-brest-paris-fc,Nov 2026,,Brest,Paris FC,2332,2832,,,2026-11-28,https://d2zywfiolv4f83.cloudfront.net/img/teams/2332.png,https://d2zywfiolv4f83.cloudfront.net/img/teams/2832.png,12,12
74,22,11150,25554,France Ligue 1,2026-2027,1984188,https://www.whoscored.com/matches/1984188/show/france-ligue-1-2026-2027-le-havre-strasbourg,Nov 2026,,Le Havre,Strasbourg,217,148,,,2026-11-28,https://d2zywfiolv4f83.cloudfront.net/img/teams/217.png,https://d2zywfiolv4f83.cloudfront.net/img/teams/148.png,12,12
74,22,11150,25554,France Ligue 1,2026-2027,1984192,https://www.whoscored.com/matches/1984192/show/france-ligue-1-2026-2027-le-mans-lille,Nov 2026,,Le Mans,Lille,611,607,,,2026-11-28,https://d2zywfiolv4f83.cloudfront.net/img/teams/611.png,https://d2zywfiolv4f83.cloudfront.net/img/teams/607.png,12,12
74,22,11150,25554,France Ligue 1,2026-2027,1984196,https://www.whoscored.com/matches/1984196/show/france-ligue-1-2026-2027-lyon-monaco,Nov 2026,,Lyon,Monaco,228,248,,,2026-11-28,https://d2zywfiolv4f83.cloudfront.net/img/teams/228.png,https://d2zywfiolv4f83.cloudfront.net/img/teams/248.png,12,12
74,22,11150,25554,France Ligue 1,2026-2027,1984200,https://www.whoscored.com/matches/1984200/show/france-ligue-1-2026-2027-nice-troyes,Nov 2026,,Nice,Troyes,613,229,,,2026-11-28,https://d2zywfiolv4f83.cloudfront.net/img/teams/613.png,https://d2zywfiolv4f83.cloudfront.net/img/teams/229.png,12,12
74,22,11150,25554,France Ligue 1,2026-2027,1984204,https://www.whoscored.com/matches/1984204/show/france-ligue-1-2026-2027-paris-saint-germain-lorient,Nov 2026,,Paris Saint-Germain,Lorient,304,146,,,2026-11-28,https://d2zywfiolv4f83.cloudfront.net/img/teams/304.png,https://d2zywfiolv4f83.cloudfront.net/img/teams/146.png,12,12
74,22,11150,25554,France Ligue 1,2026-2027,1984208,https://www.whoscored.com/matches/1984208/show/france-ligue-1-2026-2027-toulouse-rennes,Nov 2026,,Toulouse,Rennes,246,313,,,2026-11-28,https://d2zywfiolv4f83.cloudfront.net/img/teams/246.png,https://d2zywfiolv4f83.cloudfront.net/img/teams/313.png,12,12
74,22,11150,25554,France Ligue 1,2026-2027,1984089,https://www.whoscored.com/matches/1984089/show/france-ligue-1-2026-2027-marseille-nice,Dec 2026,,Marseille,Nice,249,613,,,2026-12-05,https://d2zywfiolv4f83.cloudfront.net/img/teams/249.png,https://d2zywfiolv4f83.cloudfront.net/img/teams/613.png,13,13
74,22,11150,25554,France Ligue 1,2026-2027,1984095,https://www.whoscored.com/matches/1984095/show/france-ligue-1-2026-2027-monaco-angers,Dec 2026,,Monaco,Angers,248,614,,,2026-12-05,https://d2zywfiolv4f83.cloudfront.net/img/teams/248.png,https://d2zywfiolv4f83.cloudfront.net/img/teams/614.png,13,13
74,22,11150,25554,France Ligue 1,2026-2027,1984101,https://www.whoscored.com/matches/1984101/show/france-ligue-1-2026-2027-paris-fc-le-mans,Dec 2026,,Paris FC,Le Mans,2832,611,,,2026-12-05,https://d2zywfiolv4f83.cloudfront.net/img/teams/2832.png,https://d2zywfiolv4f83.cloudfront.net/img/teams/611.png,13,13
74,22,11150,25554,France Ligue 1,2026-2027,1984105,https://www.whoscored.com/matches/1984105/show/france-ligue-1-2026-2027-rennes-brest,Dec 2026,,Rennes,Brest,313,2332,,,2026-12-05,https://d2zywfiolv4f83.cloudfront.net/img/teams/313.png,https://d2zywfiolv4f83.cloudfront.net/img/teams/2332.png,13,13
74,22,11150,25554,France Ligue 1,2026-2027,1984109,https://www.whoscored.com/matches/1984109/show/france-ligue-1-2026-2027-strasbourg-lorient,Dec 2026,,Strasbourg,Lorient,148,146,,,2026-12-05,https://d2zywfiolv4f83.cloudfront.net/img/teams/148.png,https://d2zywfiolv4f83.cloudfront.net/img/teams/146.png,13,13
74,22,11150,25554,France Ligue 1,2026-2027,1984113,https://www.whoscored.com/matches/1984113/show/france-ligue-1-2026-2027-toulouse-paris-saint-germain,Dec 2026,,Toulouse,Paris Saint-Germain,246,304,,,2026-12-05,https://d2zywfiolv4f83.cloudfront.net/img/teams/246.png,https://d2zywfiolv4f83.cloudfront.net/img/teams/304.png,13,13
74,22,11150,25554,France Ligue 1,2026-2027,1984116,https://www.whoscored.com/matches/1984116/show/france-ligue-1-2026-2027-troyes-lyon,Dec 2026,,Troyes,Lyon,229,228,,,2026-12-05,https://d2zywfiolv4f83.cloudfront.net/img/teams/229.png,https://d2zywfiolv4f83.cloudfront.net/img/teams/228.png,13,13
74,22,11150,25554,France Ligue 1,2026-2027,1984212,https://www.whoscored.com/matches/1984212/show/france-ligue-1-2026-2027-lens-le-havre,Dec 2026,,Lens,Le Havre,309,217,,,2026-12-05,https://d2zywfiolv4f83.cloudfront.net/img/teams/309.png,https://d2zywfiolv4f83.cloudfront.net/img/teams/217.png,13,13
74,22,11150,25554,France Ligue 1,2026-2027,1984216,https://www.whoscored.com/matches/1984216/show/france-ligue-1-2026-2027-lille-auxerre,Dec 2026,,Lille,Auxerre,607,308,,,2026-12-05,https://d2zywfiolv4f83.cloudfront.net/img/teams/607.png,https://d2zywfiolv4f83.cloudfront.net/img/teams/308.png,13,13
74,22,11150,25554,France Ligue 1,2026-2027,1984120,https://www.whoscored.com/matches/1984120/show/france-ligue-1-2026-2027-angers-strasbourg,Dec 2026,,Angers,Strasbourg,614,148,,,2026-12-12,https://d2zywfiolv4f83.cloudfront.net/img/teams/614.png,https://d2zywfiolv4f83.cloudfront.net/img/teams/148.png,14,14
74,22,11150,25554,France Ligue 1,2026-2027,1984124,https://www.whoscored.com/matches/1984124/show/france-ligue-1-2026-2027-auxerre-toulouse,Dec 2026,,Auxerre,Toulouse,308,246,,,2026-12-12,https://d2zywfiolv4f83.cloudfront.net/img/teams/308.png,https://d2zywfiolv4f83.cloudfront.net/img/teams/246.png,14,14
74,22,11150,25554,France Ligue 1,2026-2027,1984128,https://www.whoscored.com/matches/1984128/show/france-ligue-1-2026-2027-brest-troyes,Dec 2026,,Brest,Troyes,2332,229,,,2026-12-12,https://d2zywfiolv4f83.cloudfront.net/img/teams/2332.png,https://d2zywfiolv4f83.cloudfront.net/img/teams/229.png,14,14
74,22,11150,25554,France Ligue 1,2026-2027,1984132,https://www.whoscored.com/matches/1984132/show/france-ligue-1-2026-2027-le-havre-le-mans,Dec 2026,,Le Havre,Le Mans,217,611,,,2026-12-12,https://d2zywfiolv4f83.cloudfront.net/img/teams/217.png,https://d2zywfiolv4f83.cloudfront.net/img/teams/611.png,14,14
74,22,11150,25554,France Ligue 1,2026-2027,1984136,https://www.whoscored.com/matches/1984136/show/france-ligue-1-2026-2027-lorient-lille,Dec 2026,,Lorient,Lille,146,607,,,2026-12-12,https://d2zywfiolv4f83.cloudfront.net/img/teams/146.png,https://d2zywfiolv4f83.cloudfront.net/img/teams/607.png,14,14
74,22,11150,25554,France Ligue 1,2026-2027,1984139,https://www.whoscored.com/matches/1984139/show/france-ligue-1-2026-2027-nice-lens,Dec 2026,,Nice,Lens,613,309,,,2026-12-12,https://d2zywfiolv4f83.cloudfront.net/img/teams/613.png,https://d2zywfiolv4f83.cloudfront.net/img/teams/309.png,14,14
74,22,11150,25554,France Ligue 1,2026-2027,1984144,https://www.whoscored.com/matches/1984144/show/france-ligue-1-2026-2027-paris-saint-germain-paris-fc,Dec 2026,,Paris Saint-Germain,Paris FC,304,2832,,,2026-12-12,https://d2zywfiolv4f83.cloudfront.net/img/teams/304.png,https://d2zywfiolv4f83.cloudfront.net/img/teams/2832.png,14,14
74,22,11150,25554,France Ligue 1,2026-2027,1984148,https://www.whoscored.com/matches/1984148/show/france-ligue-1-2026-2027-rennes-monaco,Dec 2026,,Rennes,Monaco,313,248,,,2026-12-12,https://d2zywfiolv4f83.cloudfront.net/img/teams/313.png,https://d2zywfiolv4f83.cloudfront.net/img/teams/248.png,14,14
74,22,11150,25554,France Ligue 1,2026-2027,1984152,https://www.whoscored.com/matches/1984152/show/france-ligue-1-2026-2027-lyon-marseille,Dec 2026,,Lyon,Marseille,228,249,,,2026-12-13,https://d2zywfiolv4f83.cloudfront.net/img/teams/228.png,https://d2zywfiolv4f83.cloudfront.net/img/teams/249.png,14,14
74,22,11150,25554,France Ligue 1,2026-2027,1984156,https://www.whoscored.com/matches/1984156/show/france-ligue-1-2026-2027-brest-marseille,Jan 2027,,Brest,Marseille,2332,249,,,2027-01-02,https://d2zywfiolv4f83.cloudfront.net/img/teams/2332.png,https://d2zywfiolv4f83.cloudfront.net/img/teams/249.png,15,15
74,22,11150,25554,France Ligue 1,2026-2027,1984160,https://www.whoscored.com/matches/1984160/show/france-ligue-1-2026-2027-le-mans-lyon,Jan 2027,,Le Mans,Lyon,611,228,,,2027-01-02,https://d2zywfiolv4f83.cloudfront.net/img/teams/611.png,https://d2zywfiolv4f83.cloudfront.net/img/teams/228.png,15,15
74,22,11150,25554,France Ligue 1,2026-2027,1984163,https://www.whoscored.com/matches/1984163/show/france-ligue-1-2026-2027-lille-strasbourg,Jan 2027,,Lille,Strasbourg,607,148,,,2027-01-02,https://d2zywfiolv4f83.cloudfront.net/img/teams/607.png,https://d2zywfiolv4f83.cloudfront.net/img/teams/148.png,15,15
74,22,11150,25554,France Ligue 1,2026-2027,1984167,https://www.whoscored.com/matches/1984167/show/france-ligue-1-2026-2027-lorient-auxerre,Jan 2027,,Lorient,Auxerre,146,308,,,2027-01-02,https://d2zywfiolv4f83.cloudfront.net/img/teams/146.png,https://d2zywfiolv4f83.cloudfront.net/img/teams/308.png,15,15
74,22,11150,25554,France Ligue 1,2026-2027,1984171,https://www.whoscored.com/matches/1984171/show/france-ligue-1-2026-2027-monaco-nice,Jan 2027,,Monaco,Nice,248,613,,,2027-01-02,https://d2zywfiolv4f83.cloudfront.net/img/teams/248.png,https://d2zywfiolv4f83.cloudfront.net/img/teams/613.png,15,15
74,22,11150,25554,France Ligue 1,2026-2027,1984175,https://www.whoscored.com/matches/1984175/show/france-ligue-1-2026-2027-paris-fc-le-havre,Jan 2027,,Paris FC,Le Havre,2832,217,,,2027-01-02,https://d2zywfiolv4f83.cloudfront.net/img/teams/2832.png,https://d2zywfiolv4f83.cloudfront.net/img/teams/217.png,15,15
74,22,11150,25554,France Ligue 1,2026-2027,1984179,https://www.whoscored.com/matches/1984179/show/france-ligue-1-2026-2027-toulouse-angers,Jan 2027,,Toulouse,Angers,246,614,,,2027-01-02,https://d2zywfiolv4f83.cloudfront.net/img/teams/246.png,https://d2zywfiolv4f83.cloudfront.net/img/teams/614.png,15,15
74,22,11150,25554,France Ligue 1,2026-2027,1984183,https://www.whoscored.com/matches/1984183/show/france-ligue-1-2026-2027-troyes-rennes,Jan 2027,,Troyes,Rennes,229,313,,,2027-01-02,https://d2zywfiolv4f83.cloudfront.net/img/teams/229.png,https://d2zywfiolv4f83.cloudfront.net/img/teams/313.png,15,15
74,22,11150,25554,France Ligue 1,2026-2027,1984187,https://www.whoscored.com/matches/1984187/show/france-ligue-1-2026-2027-lens-paris-saint-germain,Jan 2027,,Lens,Paris Saint-Germain,309,304,,,2027-01-03,https://d2zywfiolv4f83.cloudfront.net/img/teams/309.png,https://d2zywfiolv4f83.cloudfront.net/img/teams/304.png,15,15
74,22,11150,25554,France Ligue 1,2026-2027,1984191,https://www.whoscored.com/matches/1984191/show/france-ligue-1-2026-2027-angers-paris-saint-germain,Jan 2027,,Angers,Paris Saint-Germain,614,304,,,2027-01-16,https://d2zywfiolv4f83.cloudfront.net/img/teams/614.png,https://d2zywfiolv4f83.cloudfront.net/img/teams/304.png,16,16
74,22,11150,25554,France Ligue 1,2026-2027,1984195,https://www.whoscored.com/matches/1984195/show/france-ligue-1-2026-2027-auxerre-troyes,Jan 2027,,Auxerre,Troyes,308,229,,,2027-01-16,https://d2zywfiolv4f83.cloudfront.net/img/teams/308.png,https://d2zywfiolv4f83.cloudfront.net/img/teams/229.png,16,16
74,22,11150,25554,France Ligue 1,2026-2027,1984199,https://www.whoscored.com/matches/1984199/show/france-ligue-1-2026-2027-lyon-lorient,Jan 2027,,Lyon,Lorient,228,146,,,2027-01-16,https://d2zywfiolv4f83.cloudfront.net/img/teams/228.png,https://d2zywfiolv4f83.cloudfront.net/img/teams/146.png,16,16
74,22,11150,25554,France Ligue 1,2026-2027,1984203,https://www.whoscored.com/matches/1984203/show/france-ligue-1-2026-2027-marseille-lille,Jan 2027,,Marseille,Lille,249,607,,,2027-01-16,https://d2zywfiolv4f83.cloudfront.net/img/teams/249.png,https://d2zywfiolv4f83.cloudfront.net/img/teams/607.png,16,16
74,22,11150,25554,France Ligue 1,2026-2027,1984207,https://www.whoscored.com/matches/1984207/show/france-ligue-1-2026-2027-monaco-brest,Jan 2027,,Monaco,Brest,248,2332,,,2027-01-16,https://d2zywfiolv4f83.cloudfront.net/img/teams/248.png,https://d2zywfiolv4f83.cloudfront.net/img/teams/2332.png,16,16
74,22,11150,25554,France Ligue 1,2026-2027,1984211,https://www.whoscored.com/matches/1984211/show/france-ligue-1-2026-2027-nice-le-havre,Jan 2027,,Nice,Le Havre,613,217,,,2027-01-16,https://d2zywfiolv4f83.cloudfront.net/img/teams/613.png,https://d2zywfiolv4f83.cloudfront.net/img/teams/217.png,16,16
74,22,11150,25554,France Ligue 1,2026-2027,1984215,https://www.whoscored.com/matches/1984215/show/france-ligue-1-2026-2027-paris-fc-toulouse,Jan 2027,,Paris FC,Toulouse,2832,246,,,2027-01-16,https://d2zywfiolv4f83.cloudfront.net/img/teams/2832.png,https://d2zywfiolv4f83.cloudfront.net/img/teams/246.png,16,16
74,22,11150,25554,France Ligue 1,2026-2027,1984219,https://www.whoscored.com/matches/1984219/show/france-ligue-1-2026-2027-rennes-lens,Jan 2027,,Rennes,Lens,313,309,,,2027-01-16,https://d2zywfiolv4f83.cloudfront.net/img/teams/313.png,https://d2zywfiolv4f83.cloudfront.net/img/teams/309.png,16,16
74,22,11150,25554,France Ligue 1,2026-2027,1984092,https://www.whoscored.com/matches/1984092/show/france-ligue-1-2026-2027-strasbourg-le-mans,Jan 2027,,Strasbourg,Le Mans,148,611,,,2027-01-16,https://d2zywfiolv4f83.cloudfront.net/img/teams/148.png,https://d2zywfiolv4f83.cloudfront.net/img/teams/611.png,16,16
74,22,11150,25554,France Ligue 1,2026-2027,1984099,https://www.whoscored.com/matches/1984099/show/france-ligue-1-2026-2027-le-havre-rennes,Jan 2027,,Le Havre,Rennes,217,313,,,2027-01-23,https://d2zywfiolv4f83.cloudfront.net/img/teams/217.png,https://d2zywfiolv4f83.cloudfront.net/img/teams/313.png,17,17
74,22,11150,25554,France Ligue 1,2026-2027,1984104,https://www.whoscored.com/matches/1984104/show/france-ligue-1-2026-2027-le-mans-angers,Jan 2027,,Le Mans,Angers,611,614,,,2027-01-23,https://d2zywfiolv4f83.cloudfront.net/img/teams/611.png,https://d2zywfiolv4f83.cloudfront.net/img/teams/614.png,17,17
74,22,11150,25554,France Ligue 1,2026-2027,1984108,https://www.whoscored.com/matches/1984108/show/france-ligue-1-2026-2027-lens-brest,Jan 2027,,Lens,Brest,309,2332,,,2027-01-23,https://d2zywfiolv4f83.cloudfront.net/img/teams/309.png,https://d2zywfiolv4f83.cloudfront.net/img/teams/2332.png,17,17
74,22,11150,25554,France Ligue 1,2026-2027,1984112,https://www.whoscored.com/matches/1984112/show/france-ligue-1-2026-2027-lille-paris-fc,Jan 2027,,Lille,Paris FC,607,2832,,,2027-01-23,https://d2zywfiolv4f83.cloudfront.net/img/teams/607.png,https://d2zywfiolv4f83.cloudfront.net/img/teams/2832.png,17,17
74,22,11150,25554,France Ligue 1,2026-2027,1984117,https://www.whoscored.com/matches/1984117/show/france-ligue-1-2026-2027-lorient-marseille,Jan 2027,,Lorient,Marseille,146,249,,,2027-01-23,https://d2zywfiolv4f83.cloudfront.net/img/teams/146.png,https://d2zywfiolv4f83.cloudfront.net/img/teams/249.png,17,17
74,22,11150,25554,France Ligue 1,2026-2027,1984121,https://www.whoscored.com/matches/1984121/show/france-ligue-1-2026-2027-paris-saint-germain-auxerre,Jan 2027,,Paris Saint-Germain,Auxerre,304,308,,,2027-01-23,https://d2zywfiolv4f83.cloudfront.net/img/teams/304.png,https://d2zywfiolv4f83.cloudfront.net/img/teams/308.png,17,17
74,22,11150,25554,France Ligue 1,2026-2027,1984125,https://www.whoscored.com/matches/1984125/show/france-ligue-1-2026-2027-strasbourg-lyon,Jan 2027,,Strasbourg,Lyon,148,228,,,2027-01-23,https://d2zywfiolv4f83.cloudfront.net/img/teams/148.png,https://d2zywfiolv4f83.cloudfront.net/img/teams/228.png,17,17
74,22,11150,25554,France Ligue 1,2026-2027,1984129,https://www.whoscored.com/matches/1984129/show/france-ligue-1-2026-2027-toulouse-nice,Jan 2027,,Toulouse,Nice,246,613,,,2027-01-23,https://d2zywfiolv4f83.cloudfront.net/img/teams/246.png,https://d2zywfiolv4f83.cloudfront.net/img/teams/613.png,17,17
74,22,11150,25554,France Ligue 1,2026-2027,1984133,https://www.whoscored.com/matches/1984133/show/france-ligue-1-2026-2027-troyes-monaco,Jan 2027,,Troyes,Monaco,229,248,,,2027-01-23,https://d2zywfiolv4f83.cloudfront.net/img/teams/229.png,https://d2zywfiolv4f83.cloudfront.net/img/teams/248.png,17,17
74,22,11150,25554,France Ligue 1,2026-2027,1984137,https://www.whoscored.com/matches/1984137/show/france-ligue-1-2026-2027-angers-le-havre,Jan 2027,,Angers,Le Havre,614,217,,,2027-01-30,https://d2zywfiolv4f83.cloudfront.net/img/teams/614.png,https://d2zywfiolv4f83.cloudfront.net/img/teams/217.png,18,18
74,22,11150,25554,France Ligue 1,2026-2027,1984141,https://www.whoscored.com/matches/1984141/show/france-ligue-1-2026-2027-brest-strasbourg,Jan 2027,,Brest,Strasbourg,2332,148,,,2027-01-30,https://d2zywfiolv4f83.cloudfront.net/img/teams/2332.png,https://d2zywfiolv4f83.cloudfront.net/img/teams/148.png,18,18
74,22,11150,25554,France Ligue 1,2026-2027,1984145,https://www.whoscored.com/matches/1984145/show/france-ligue-1-2026-2027-le-mans-nice,Jan 2027,,Le Mans,Nice,611,613,,,2027-01-30,https://d2zywfiolv4f83.cloudfront.net/img/teams/611.png,https://d2zywfiolv4f83.cloudfront.net/img/teams/613.png,18,18
74,22,11150,25554,France Ligue 1,2026-2027,1984149,https://www.whoscored.com/matches/1984149/show/france-ligue-1-2026-2027-lyon-lille,Jan 2027,,Lyon,Lille,228,607,,,2027-01-30,https://d2zywfiolv4f83.cloudfront.net/img/teams/228.png,https://d2zywfiolv4f83.cloudfront.net/img/teams/607.png,18,18
74,22,11150,25554,France Ligue 1,2026-2027,1984153,https://www.whoscored.com/matches/1984153/show/france-ligue-1-2026-2027-marseille-troyes,Jan 2027,,Marseille,Troyes,249,229,,,2027-01-30,https://d2zywfiolv4f83.cloudfront.net/img/teams/249.png,https://d2zywfiolv4f83.cloudfront.net/img/teams/229.png,18,18
74,22,11150,25554,France Ligue 1,2026-2027,1984170,https://www.whoscored.com/matches/1984170/show/france-ligue-1-2026-2027-toulouse-lens,Jan 2027,,Toulouse,Lens,246,309,,,2027-01-30,https://d2zywfiolv4f83.cloudfront.net/img/teams/246.png,https://d2zywfiolv4f83.cloudfront.net/img/teams/309.png,18,18
74,22,11150,25554,France Ligue 1,2026-2027,1984166,https://www.whoscored.com/matches/1984166/show/france-ligue-1-2026-2027-rennes-lorient,Jan 2027,,Rennes,Lorient,313,146,,,2027-01-30,https://d2zywfiolv4f83.cloudfront.net/img/teams/313.png,https://d2zywfiolv4f83.cloudfront.net/img/teams/146.png,18,18
74,22,11150,25554,France Ligue 1,2026-2027,1984162,https://www.whoscored.com/matches/1984162/show/france-ligue-1-2026-2027-paris-fc-auxerre,Jan 2027,,Paris FC,Auxerre,2832,308,,,2027-01-30,https://d2zywfiolv4f83.cloudfront.net/img/teams/2832.png,https://d2zywfiolv4f83.cloudfront.net/img/teams/308.png,18,18
74,22,11150,25554,France Ligue 1,2026-2027,1984158,https://www.whoscored.com/matches/1984158/show/france-ligue-1-2026-2027-monaco-paris-saint-germain,Jan 2027,,Monaco,Paris Saint-Germain,248,304,,,2027-01-30,https://d2zywfiolv4f83.cloudfront.net/img/teams/248.png,https://d2zywfiolv4f83.cloudfront.net/img/teams/304.png,18,18
74,22,11150,25554,France Ligue 1,2026-2027,1984174,https://www.whoscored.com/matches/1984174/show/france-ligue-1-2026-2027-auxerre-monaco,Feb 2027,,Auxerre,Monaco,308,248,,,2027-02-06,https://d2zywfiolv4f83.cloudfront.net/img/teams/308.png,https://d2zywfiolv4f83.cloudfront.net/img/teams/248.png,19,19
74,22,11150,25554,France Ligue 1,2026-2027,1984178,https://www.whoscored.com/matches/1984178/show/france-ligue-1-2026-2027-le-havre-toulouse,Feb 2027,,Le Havre,Toulouse,217,246,,,2027-02-06,https://d2zywfiolv4f83.cloudfront.net/img/teams/217.png,https://d2zywfiolv4f83.cloudfront.net/img/teams/246.png,19,19
74,22,11150,25554,France Ligue 1,2026-2027,1984182,https://www.whoscored.com/matches/1984182/show/france-ligue-1-2026-2027-lens-angers,Feb 2027,,Lens,Angers,309,614,,,2027-02-06,https://d2zywfiolv4f83.cloudfront.net/img/teams/309.png,https://d2zywfiolv4f83.cloudfront.net/img/teams/614.png,19,19
74,22,11150,25554,France Ligue 1,2026-2027,1984186,https://www.whoscored.com/matches/1984186/show/france-ligue-1-2026-2027-lorient-le-mans,Feb 2027,,Lorient,Le Mans,146,611,,,2027-02-06,https://d2zywfiolv4f83.cloudfront.net/img/teams/146.png,https://d2zywfiolv4f83.cloudfront.net/img/teams/611.png,19,19
74,22,11150,25554,France Ligue 1,2026-2027,1984190,https://www.whoscored.com/matches/1984190/show/france-ligue-1-2026-2027-nice-brest,Feb 2027,,Nice,Brest,613,2332,,,2027-02-06,https://d2zywfiolv4f83.cloudfront.net/img/teams/613.png,https://d2zywfiolv4f83.cloudfront.net/img/teams/2332.png,19,19
74,22,11150,25554,France Ligue 1,2026-2027,1984194,https://www.whoscored.com/matches/1984194/show/france-ligue-1-2026-2027-rennes-lyon,Feb 2027,,Rennes,Lyon,313,228,,,2027-02-06,https://d2zywfiolv4f83.cloudfront.net/img/teams/313.png,https://d2zywfiolv4f83.cloudfront.net/img/teams/228.png,19,19
74,22,11150,25554,France Ligue 1,2026-2027,1984198,https://www.whoscored.com/matches/1984198/show/france-ligue-1-2026-2027-strasbourg-paris-fc,Feb 2027,,Strasbourg,Paris FC,148,2832,,,2027-02-06,https://d2zywfiolv4f83.cloudfront.net/img/teams/148.png,https://d2zywfiolv4f83.cloudfront.net/img/teams/2832.png,19,19
74,22,11150,25554,France Ligue 1,2026-2027,1984202,https://www.whoscored.com/matches/1984202/show/france-ligue-1-2026-2027-troyes-lille,Feb 2027,,Troyes,Lille,229,607,,,2027-02-06,https://d2zywfiolv4f83.cloudfront.net/img/teams/229.png,https://d2zywfiolv4f83.cloudfront.net/img/teams/607.png,19,19
74,22,11150,25554,France Ligue 1,2026-2027,1984205,https://www.whoscored.com/matches/1984205/show/france-ligue-1-2026-2027-paris-saint-germain-marseille,Feb 2027,,Paris Saint-Germain,Marseille,304,249,,,2027-02-07,https://d2zywfiolv4f83.cloudfront.net/img/teams/304.png,https://d2zywfiolv4f83.cloudfront.net/img/teams/249.png,19,19
74,22,11150,25554,France Ligue 1,2026-2027,1984209,https://www.whoscored.com/matches/1984209/show/france-ligue-1-2026-2027-auxerre-strasbourg,Feb 2027,,Auxerre,Strasbourg,308,148,,,2027-02-13,https://d2zywfiolv4f83.cloudfront.net/img/teams/308.png,https://d2zywfiolv4f83.cloudfront.net/img/teams/148.png,20,20
74,22,11150,25554,France Ligue 1,2026-2027,1984213,https://www.whoscored.com/matches/1984213/show/france-ligue-1-2026-2027-brest-rennes,Feb 2027,,Brest,Rennes,2332,313,,,2027-02-13,https://d2zywfiolv4f83.cloudfront.net/img/teams/2332.png,https://d2zywfiolv4f83.cloudfront.net/img/teams/313.png,20,20
74,22,11150,25554,France Ligue 1,2026-2027,1984217,https://www.whoscored.com/matches/1984217/show/france-ligue-1-2026-2027-le-mans-paris-saint-germain,Feb 2027,,Le Mans,Paris Saint-Germain,611,304,,,2027-02-13,https://d2zywfiolv4f83.cloudfront.net/img/teams/611.png,https://d2zywfiolv4f83.cloudfront.net/img/teams/304.png,20,20
74,22,11150,25554,France Ligue 1,2026-2027,1984220,https://www.whoscored.com/matches/1984220/show/france-ligue-1-2026-2027-lille-nice,Feb 2027,,Lille,Nice,607,613,,,2027-02-13,https://d2zywfiolv4f83.cloudfront.net/img/teams/607.png,https://d2zywfiolv4f83.cloudfront.net/img/teams/613.png,20,20
74,22,11150,25554,France Ligue 1,2026-2027,1984223,https://www.whoscored.com/matches/1984223/show/france-ligue-1-2026-2027-lorient-le-havre,Feb 2027,,Lorient,Le Havre,146,217,,,2027-02-13,https://d2zywfiolv4f83.cloudfront.net/img/teams/146.png,https://d2zywfiolv4f83.cloudfront.net/img/teams/217.png,20,20
74,22,11150,25554,France Ligue 1,2026-2027,1984244,https://www.whoscored.com/matches/1984244/show/france-ligue-1-2026-2027-lyon-lens,Feb 2027,,Lyon,Lens,228,309,,,2027-02-13,https://d2zywfiolv4f83.cloudfront.net/img/teams/228.png,https://d2zywfiolv4f83.cloudfront.net/img/teams/309.png,20,20
74,22,11150,25554,France Ligue 1,2026-2027,1984246,https://www.whoscored.com/matches/1984246/show/france-ligue-1-2026-2027-marseille-angers,Feb 2027,,Marseille,Angers,249,614,,,2027-02-13,https://d2zywfiolv4f83.cloudfront.net/img/teams/249.png,https://d2zywfiolv4f83.cloudfront.net/img/teams/614.png,20,20
74,22,11150,25554,France Ligue 1,2026-2027,1984248,https://www.whoscored.com/matches/1984248/show/france-ligue-1-2026-2027-paris-fc-troyes,Feb 2027,,Paris FC,Troyes,2832,229,,,2027-02-13,https://d2zywfiolv4f83.cloudfront.net/img/teams/2832.png,https://d2zywfiolv4f83.cloudfront.net/img/teams/229.png,20,20
74,22,11150,25554,France Ligue 1,2026-2027,1984251,https://www.whoscored.com/matches/1984251/show/france-ligue-1-2026-2027-toulouse-monaco,Feb 2027,,Toulouse,Monaco,246,248,,,2027-02-13,https://d2zywfiolv4f83.cloudfront.net/img/teams/246.png,https://d2zywfiolv4f83.cloudfront.net/img/teams/248.png,20,20
74,22,11150,25554,France Ligue 1,2026-2027,1984224,https://www.whoscored.com/matches/1984224/show/france-ligue-1-2026-2027-angers-paris-fc,Feb 2027,,Angers,Paris FC,614,2832,,,2027-02-20,https://d2zywfiolv4f83.cloudfront.net/img/teams/614.png,https://d2zywfiolv4f83.cloudfront.net/img/teams/2832.png,21,21
74,22,11150,25554,France Ligue 1,2026-2027,1984226,https://www.whoscored.com/matches/1984226/show/france-ligue-1-2026-2027-le-havre-lyon,Feb 2027,,Le Havre,Lyon,217,228,,,2027-02-20,https://d2zywfiolv4f83.cloudfront.net/img/teams/217.png,https://d2zywfiolv4f83.cloudfront.net/img/teams/228.png,21,21
74,22,11150,25554,France Ligue 1,2026-2027,1984227,https://www.whoscored.com/matches/1984227/show/france-ligue-1-2026-2027-lens-troyes,Feb 2027,,Lens,Troyes,309,229,,,2027-02-20,https://d2zywfiolv4f83.cloudfront.net/img/teams/309.png,https://d2zywfiolv4f83.cloudfront.net/img/teams/229.png,21,21
74,22,11150,25554,France Ligue 1,2026-2027,1984228,https://www.whoscored.com/matches/1984228/show/france-ligue-1-2026-2027-lille-lorient,Feb 2027,,Lille,Lorient,607,146,,,2027-02-20,https://d2zywfiolv4f83.cloudfront.net/img/teams/607.png,https://d2zywfiolv4f83.cloudfront.net/img/teams/146.png,21,21
74,22,11150,25554,France Ligue 1,2026-2027,1984229,https://www.whoscored.com/matches/1984229/show/france-ligue-1-2026-2027-monaco-le-mans,Feb 2027,,Monaco,Le Mans,248,611,,,2027-02-20,https://d2zywfiolv4f83.cloudfront.net/img/teams/248.png,https://d2zywfiolv4f83.cloudfront.net/img/teams/611.png,21,21
74,22,11150,25554,France Ligue 1,2026-2027,1984230,https://www.whoscored.com/matches/1984230/show/france-ligue-1-2026-2027-nice-auxerre,Feb 2027,,Nice,Auxerre,613,308,,,2027-02-20,https://d2zywfiolv4f83.cloudfront.net/img/teams/613.png,https://d2zywfiolv4f83.cloudfront.net/img/teams/308.png,21,21
74,22,11150,25554,France Ligue 1,2026-2027,1984231,https://www.whoscored.com/matches/1984231/show/france-ligue-1-2026-2027-paris-saint-germain-brest,Feb 2027,,Paris Saint-Germain,Brest,304,2332,,,2027-02-20,https://d2zywfiolv4f83.cloudfront.net/img/teams/304.png,https://d2zywfiolv4f83.cloudfront.net/img/teams/2332.png,21,21
74,22,11150,25554,France Ligue 1,2026-2027,1984232,https://www.whoscored.com/matches/1984232/show/france-ligue-1-2026-2027-rennes-toulouse,Feb 2027,,Rennes,Toulouse,313,246,,,2027-02-20,https://d2zywfiolv4f83.cloudfront.net/img/teams/313.png,https://d2zywfiolv4f83.cloudfront.net/img/teams/246.png,21,21
74,22,11150,25554,France Ligue 1,2026-2027,1984233,https://www.whoscored.com/matches/1984233/show/france-ligue-1-2026-2027-strasbourg-marseille,Feb 2027,,Strasbourg,Marseille,148,249,,,2027-02-20,https://d2zywfiolv4f83.cloudfront.net/img/teams/148.png,https://d2zywfiolv4f83.cloudfront.net/img/teams/249.png,21,21
74,22,11150,25554,France Ligue 1,2026-2027,1984234,https://www.whoscored.com/matches/1984234/show/france-ligue-1-2026-2027-auxerre-lille,Feb 2027,,Auxerre,Lille,308,607,,,2027-02-27,https://d2zywfiolv4f83.cloudfront.net/img/teams/308.png,https://d2zywfiolv4f83.cloudfront.net/img/teams/607.png,22,22
74,22,11150,25554,France Ligue 1,2026-2027,1984235,https://www.whoscored.com/matches/1984235/show/france-ligue-1-2026-2027-brest-monaco,Feb 2027,,Brest,Monaco,2332,248,,,2027-02-27,https://d2zywfiolv4f83.cloudfront.net/img/teams/2332.png,https://d2zywfiolv4f83.cloudfront.net/img/teams/248.png,22,22
74,22,11150,25554,France Ligue 1,2026-2027,1984236,https://www.whoscored.com/matches/1984236/show/france-ligue-1-2026-2027-le-mans-paris-fc,Feb 2027,,Le Mans,Paris FC,611,2832,,,2027-02-27,https://d2zywfiolv4f83.cloudfront.net/img/teams/611.png,https://d2zywfiolv4f83.cloudfront.net/img/teams/2832.png,22,22
74,22,11150,25554,France Ligue 1,2026-2027,1984237,https://www.whoscored.com/matches/1984237/show/france-ligue-1-2026-2027-lorient-angers,Feb 2027,,Lorient,Angers,146,614,,,2027-02-27,https://d2zywfiolv4f83.cloudfront.net/img/teams/146.png,https://d2zywfiolv4f83.cloudfront.net/img/teams/614.png,22,22
74,22,11150,25554,France Ligue 1,2026-2027,1984238,https://www.whoscored.com/matches/1984238/show/france-ligue-1-2026-2027-lyon-toulouse,Feb 2027,,Lyon,Toulouse,228,246,,,2027-02-27,https://d2zywfiolv4f83.cloudfront.net/img/teams/228.png,https://d2zywfiolv4f83.cloudfront.net/img/teams/246.png,22,22
74,22,11150,25554,France Ligue 1,2026-2027,1984239,https://www.whoscored.com/matches/1984239/show/france-ligue-1-2026-2027-marseille-rennes,Feb 2027,,Marseille,Rennes,249,313,,,2027-02-27,https://d2zywfiolv4f83.cloudfront.net/img/teams/249.png,https://d2zywfiolv4f83.cloudfront.net/img/teams/313.png,22,22
74,22,11150,25554,France Ligue 1,2026-2027,1984240,https://www.whoscored.com/matches/1984240/show/france-ligue-1-2026-2027-strasbourg-le-havre,Feb 2027,,Strasbourg,Le Havre,148,217,,,2027-02-27,https://d2zywfiolv4f83.cloudfront.net/img/teams/148.png,https://d2zywfiolv4f83.cloudfront.net/img/teams/217.png,22,22
74,22,11150,25554,France Ligue 1,2026-2027,1984241,https://www.whoscored.com/matches/1984241/show/france-ligue-1-2026-2027-troyes-nice,Feb 2027,,Troyes,Nice,229,613,,,2027-02-27,https://d2zywfiolv4f83.cloudfront.net/img/teams/229.png,https://d2zywfiolv4f83.cloudfront.net/img/teams/613.png,22,22
74,22,11150,25554,France Ligue 1,2026-2027,1984242,https://www.whoscored.com/matches/1984242/show/france-ligue-1-2026-2027-paris-saint-germain-lens,Feb 2027,,Paris Saint-Germain,Lens,304,309,,,2027-02-28,https://d2zywfiolv4f83.cloudfront.net/img/teams/304.png,https://d2zywfiolv4f83.cloudfront.net/img/teams/309.png,22,22
74,22,11150,25554,France Ligue 1,2026-2027,1984243,https://www.whoscored.com/matches/1984243/show/france-ligue-1-2026-2027-angers-auxerre,Mar 2027,,Angers,Auxerre,614,308,,,2027-03-06,https://d2zywfiolv4f83.cloudfront.net/img/teams/614.png,https://d2zywfiolv4f83.cloudfront.net/img/teams/308.png,23,23
74,22,11150,25554,France Ligue 1,2026-2027,1984245,https://www.whoscored.com/matches/1984245/show/france-ligue-1-2026-2027-le-havre-nice,Mar 2027,,Le Havre,Nice,217,613,,,2027-03-06,https://d2zywfiolv4f83.cloudfront.net/img/teams/217.png,https://d2zywfiolv4f83.cloudfront.net/img/teams/613.png,23,23
74,22,11150,25554,France Ligue 1,2026-2027,1984247,https://www.whoscored.com/matches/1984247/show/france-ligue-1-2026-2027-lens-strasbourg,Mar 2027,,Lens,Strasbourg,309,148,,,2027-03-06,https://d2zywfiolv4f83.cloudfront.net/img/teams/309.png,https://d2zywfiolv4f83.cloudfront.net/img/teams/148.png,23,23
74,22,11150,25554,France Ligue 1,2026-2027,1984249,https://www.whoscored.com/matches/1984249/show/france-ligue-1-2026-2027-lille-marseille,Mar 2027,,Lille,Marseille,607,249,,,2027-03-06,https://d2zywfiolv4f83.cloudfront.net/img/teams/607.png,https://d2zywfiolv4f83.cloudfront.net/img/teams/249.png,23,23
74,22,11150,25554,France Ligue 1,2026-2027,1984250,https://www.whoscored.com/matches/1984250/show/france-ligue-1-2026-2027-monaco-lyon,Mar 2027,,Monaco,Lyon,248,228,,,2027-03-06,https://d2zywfiolv4f83.cloudfront.net/img/teams/248.png,https://d2zywfiolv4f83.cloudfront.net/img/teams/228.png,23,23
74,22,11150,25554,France Ligue 1,2026-2027,1984252,https://www.whoscored.com/matches/1984252/show/france-ligue-1-2026-2027-paris-fc-brest,Mar 2027,,Paris FC,Brest,2832,2332,,,2027-03-06,https://d2zywfiolv4f83.cloudfront.net/img/teams/2832.png,https://d2zywfiolv4f83.cloudfront.net/img/teams/2332.png,23,23
74,22,11150,25554,France Ligue 1,2026-2027,1984253,https://www.whoscored.com/matches/1984253/show/france-ligue-1-2026-2027-rennes-paris-saint-germain,Mar 2027,,Rennes,Paris Saint-Germain,313,304,,,2027-03-06,https://d2zywfiolv4f83.cloudfront.net/img/teams/313.png,https://d2zywfiolv4f83.cloudfront.net/img/teams/304.png,23,23
74,22,11150,25554,France Ligue 1,2026-2027,1984254,https://www.whoscored.com/matches/1984254/show/france-ligue-1-2026-2027-toulouse-le-mans,Mar 2027,,Toulouse,Le Mans,246,611,,,2027-03-06,https://d2zywfiolv4f83.cloudfront.net/img/teams/246.png,https://d2zywfiolv4f83.cloudfront.net/img/teams/611.png,23,23
74,22,11150,25554,France Ligue 1,2026-2027,1984255,https://www.whoscored.com/matches/1984255/show/france-ligue-1-2026-2027-troyes-lorient,Mar 2027,,Troyes,Lorient,229,146,,,2027-03-06,https://d2zywfiolv4f83.cloudfront.net/img/teams/229.png,https://d2zywfiolv4f83.cloudfront.net/img/teams/146.png,23,23
74,22,11150,25554,France Ligue 1,2026-2027,1984256,https://www.whoscored.com/matches/1984256/show/france-ligue-1-2026-2027-auxerre-paris-saint-germain,Mar 2027,,Auxerre,Paris Saint-Germain,308,304,,,2027-03-13,https://d2zywfiolv4f83.cloudfront.net/img/teams/308.png,https://d2zywfiolv4f83.cloudfront.net/img/teams/304.png,24,24
74,22,11150,25554,France Ligue 1,2026-2027,1984257,https://www.whoscored.com/matches/1984257/show/france-ligue-1-2026-2027-brest-lille,Mar 2027,,Brest,Lille,2332,607,,,2027-03-13,https://d2zywfiolv4f83.cloudfront.net/img/teams/2332.png,https://d2zywfiolv4f83.cloudfront.net/img/teams/607.png,24,24
74,22,11150,25554,France Ligue 1,2026-2027,1984258,https://www.whoscored.com/matches/1984258/show/france-ligue-1-2026-2027-le-havre-lens,Mar 2027,,Le Havre,Lens,217,309,,,2027-03-13,https://d2zywfiolv4f83.cloudfront.net/img/teams/217.png,https://d2zywfiolv4f83.cloudfront.net/img/teams/309.png,24,24
74,22,11150,25554,France Ligue 1,2026-2027,1984259,https://www.whoscored.com/matches/1984259/show/france-ligue-1-2026-2027-le-mans-rennes,Mar 2027,,Le Mans,Rennes,611,313,,,2027-03-13,https://d2zywfiolv4f83.cloudfront.net/img/teams/611.png,https://d2zywfiolv4f83.cloudfront.net/img/teams/313.png,24,24
74,22,11150,25554,France Ligue 1,2026-2027,1984260,https://www.whoscored.com/matches/1984260/show/france-ligue-1-2026-2027-lyon-troyes,Mar 2027,,Lyon,Troyes,228,229,,,2027-03-13,https://d2zywfiolv4f83.cloudfront.net/img/teams/228.png,https://d2zywfiolv4f83.cloudfront.net/img/teams/229.png,24,24
74,22,11150,25554,France Ligue 1,2026-2027,1984261,https://www.whoscored.com/matches/1984261/show/france-ligue-1-2026-2027-marseille-monaco,Mar 2027,,Marseille,Monaco,249,248,,,2027-03-13,https://d2zywfiolv4f83.cloudfront.net/img/teams/249.png,https://d2zywfiolv4f83.cloudfront.net/img/teams/248.png,24,24
74,22,11150,25554,France Ligue 1,2026-2027,1984262,https://www.whoscored.com/matches/1984262/show/france-ligue-1-2026-2027-nice-toulouse,Mar 2027,,Nice,Toulouse,613,246,,,2027-03-13,https://d2zywfiolv4f83.cloudfront.net/img/teams/613.png,https://d2zywfiolv4f83.cloudfront.net/img/teams/246.png,24,24
74,22,11150,25554,France Ligue 1,2026-2027,1984263,https://www.whoscored.com/matches/1984263/show/france-ligue-1-2026-2027-paris-fc-lorient,Mar 2027,,Paris FC,Lorient,2832,146,,,2027-03-13,https://d2zywfiolv4f83.cloudfront.net/img/teams/2832.png,https://d2zywfiolv4f83.cloudfront.net/img/teams/146.png,24,24
74,22,11150,25554,France Ligue 1,2026-2027,1984264,https://www.whoscored.com/matches/1984264/show/france-ligue-1-2026-2027-strasbourg-angers,Mar 2027,,Strasbourg,Angers,148,614,,,2027-03-13,https://d2zywfiolv4f83.cloudfront.net/img/teams/148.png,https://d2zywfiolv4f83.cloudfront.net/img/teams/614.png,24,24
74,22,11150,25554,France Ligue 1,2026-2027,1984265,https://www.whoscored.com/matches/1984265/show/france-ligue-1-2026-2027-angers-le-mans,Mar 2027,,Angers,Le Mans,614,611,,,2027-03-20,https://d2zywfiolv4f83.cloudfront.net/img/teams/614.png,https://d2zywfiolv4f83.cloudfront.net/img/teams/611.png,25,25
74,22,11150,25554,France Ligue 1,2026-2027,1984266,https://www.whoscored.com/matches/1984266/show/france-ligue-1-2026-2027-lens-lille,Mar 2027,,Lens,Lille,309,607,,,2027-03-20,https://d2zywfiolv4f83.cloudfront.net/img/teams/309.png,https://d2zywfiolv4f83.cloudfront.net/img/teams/607.png,25,25
74,22,11150,25554,France Ligue 1,2026-2027,1984267,https://www.whoscored.com/matches/1984267/show/france-ligue-1-2026-2027-lorient-nice,Mar 2027,,Lorient,Nice,146,613,,,2027-03-20,https://d2zywfiolv4f83.cloudfront.net/img/teams/146.png,https://d2zywfiolv4f83.cloudfront.net/img/teams/613.png,25,25
74,22,11150,25554,France Ligue 1,2026-2027,1984268,https://www.whoscored.com/matches/1984268/show/france-ligue-1-2026-2027-monaco-le-havre,Mar 2027,,Monaco,Le Havre,248,217,,,2027-03-20,https://d2zywfiolv4f83.cloudfront.net/img/teams/248.png,https://d2zywfiolv4f83.cloudfront.net/img/teams/217.png,25,25
74,22,11150,25554,France Ligue 1,2026-2027,1984269,https://www.whoscored.com/matches/1984269/show/france-ligue-1-2026-2027-paris-saint-germain-strasbourg,Mar 2027,,Paris Saint-Germain,Strasbourg,304,148,,,2027-03-20,https://d2zywfiolv4f83.cloudfront.net/img/teams/304.png,https://d2zywfiolv4f83.cloudfront.net/img/teams/148.png,25,25
74,22,11150,25554,France Ligue 1,2026-2027,1984270,https://www.whoscored.com/matches/1984270/show/france-ligue-1-2026-2027-rennes-paris-fc,Mar 2027,,Rennes,Paris FC,313,2832,,,2027-03-20,https://d2zywfiolv4f83.cloudfront.net/img/teams/313.png,https://d2zywfiolv4f83.cloudfront.net/img/teams/2832.png,25,25
74,22,11150,25554,France Ligue 1,2026-2027,1984271,https://www.whoscored.com/matches/1984271/show/france-ligue-1-2026-2027-toulouse-brest,Mar 2027,,Toulouse,Brest,246,2332,,,2027-03-20,https://d2zywfiolv4f83.cloudfront.net/img/teams/246.png,https://d2zywfiolv4f83.cloudfront.net/img/teams/2332.png,25,25
74,22,11150,25554,France Ligue 1,2026-2027,1984346,https://www.whoscored.com/matches/1984346/show/france-ligue-1-2026-2027-troyes-auxerre,Mar 2027,,Troyes,Auxerre,229,308,,,2027-03-20,https://d2zywfiolv4f83.cloudfront.net/img/teams/229.png,https://d2zywfiolv4f83.cloudfront.net/img/teams/308.png,25,25
74,22,11150,25554,France Ligue 1,2026-2027,1984347,https://www.whoscored.com/matches/1984347/show/france-ligue-1-2026-2027-marseille-lyon,Mar 2027,,Marseille,Lyon,249,228,,,2027-03-21,https://d2zywfiolv4f83.cloudfront.net/img/teams/249.png,https://d2zywfiolv4f83.cloudfront.net/img/teams/228.png,25,25
74,22,11150,25554,France Ligue 1,2026-2027,1984348,https://www.whoscored.com/matches/1984348/show/france-ligue-1-2026-2027-angers-monaco,Apr 2027,,Angers,Monaco,614,248,,,2027-04-03,https://d2zywfiolv4f83.cloudfront.net/img/teams/614.png,https://d2zywfiolv4f83.cloudfront.net/img/teams/248.png,26,26
74,22,11150,25554,France Ligue 1,2026-2027,1984349,https://www.whoscored.com/matches/1984349/show/france-ligue-1-2026-2027-auxerre-lens,Apr 2027,,Auxerre,Lens,308,309,,,2027-04-03,https://d2zywfiolv4f83.cloudfront.net/img/teams/308.png,https://d2zywfiolv4f83.cloudfront.net/img/teams/309.png,26,26
74,22,11150,25554,France Ligue 1,2026-2027,1984350,https://www.whoscored.com/matches/1984350/show/france-ligue-1-2026-2027-brest-lorient,Apr 2027,,Brest,Lorient,2332,146,,,2027-04-03,https://d2zywfiolv4f83.cloudfront.net/img/teams/2332.png,https://d2zywfiolv4f83.cloudfront.net/img/teams/146.png,26,26
74,22,11150,25554,France Ligue 1,2026-2027,1984351,https://www.whoscored.com/matches/1984351/show/france-ligue-1-2026-2027-le-havre-troyes,Apr 2027,,Le Havre,Troyes,217,229,,,2027-04-03,https://d2zywfiolv4f83.cloudfront.net/img/teams/217.png,https://d2zywfiolv4f83.cloudfront.net/img/teams/229.png,26,26
74,22,11150,25554,France Ligue 1,2026-2027,1984352,https://www.whoscored.com/matches/1984352/show/france-ligue-1-2026-2027-le-mans-marseille,Apr 2027,,Le Mans,Marseille,611,249,,,2027-04-03,https://d2zywfiolv4f83.cloudfront.net/img/teams/611.png,https://d2zywfiolv4f83.cloudfront.net/img/teams/249.png,26,26
74,22,11150,25554,France Ligue 1,2026-2027,1984353,https://www.whoscored.com/matches/1984353/show/france-ligue-1-2026-2027-lille-rennes,Apr 2027,,Lille,Rennes,607,313,,,2027-04-03,https://d2zywfiolv4f83.cloudfront.net/img/teams/607.png,https://d2zywfiolv4f83.cloudfront.net/img/teams/313.png,26,26
74,22,11150,25554,France Ligue 1,2026-2027,1984354,https://www.whoscored.com/matches/1984354/show/france-ligue-1-2026-2027-nice-lyon,Apr 2027,,Nice,Lyon,613,228,,,2027-04-03,https://d2zywfiolv4f83.cloudfront.net/img/teams/613.png,https://d2zywfiolv4f83.cloudfront.net/img/teams/228.png,26,26
74,22,11150,25554,France Ligue 1,2026-2027,1984355,https://www.whoscored.com/matches/1984355/show/france-ligue-1-2026-2027-paris-fc-paris-saint-germain,Apr 2027,,Paris FC,Paris Saint-Germain,2832,304,,,2027-04-03,https://d2zywfiolv4f83.cloudfront.net/img/teams/2832.png,https://d2zywfiolv4f83.cloudfront.net/img/teams/304.png,26,26
74,22,11150,25554,France Ligue 1,2026-2027,1984356,https://www.whoscored.com/matches/1984356/show/france-ligue-1-2026-2027-strasbourg-toulouse,Apr 2027,,Strasbourg,Toulouse,148,246,,,2027-04-03,https://d2zywfiolv4f83.cloudfront.net/img/teams/148.png,https://d2zywfiolv4f83.cloudfront.net/img/teams/246.png,26,26
74,22,11150,25554,France Ligue 1,2026-2027,1984357,https://www.whoscored.com/matches/1984357/show/france-ligue-1-2026-2027-le-mans-auxerre,Apr 2027,,Le Mans,Auxerre,611,308,,,2027-04-10,https://d2zywfiolv4f83.cloudfront.net/img/teams/611.png,https://d2zywfiolv4f83.cloudfront.net/img/teams/308.png,27,27
74,22,11150,25554,France Ligue 1,2026-2027,1984358,https://www.whoscored.com/matches/1984358/show/france-ligue-1-2026-2027-lille-toulouse,Apr 2027,,Lille,Toulouse,607,246,,,2027-04-10,https://d2zywfiolv4f83.cloudfront.net/img/teams/607.png,https://d2zywfiolv4f83.cloudfront.net/img/teams/246.png,27,27
74,22,11150,25554,France Ligue 1,2026-2027,1984359,https://www.whoscored.com/matches/1984359/show/france-ligue-1-2026-2027-lorient-lens,Apr 2027,,Lorient,Lens,146,309,,,2027-04-10,https://d2zywfiolv4f83.cloudfront.net/img/teams/146.png,https://d2zywfiolv4f83.cloudfront.net/img/teams/309.png,27,27
74,22,11150,25554,France Ligue 1,2026-2027,1984360,https://www.whoscored.com/matches/1984360/show/france-ligue-1-2026-2027-lyon-strasbourg,Apr 2027,,Lyon,Strasbourg,228,148,,,2027-04-10,https://d2zywfiolv4f83.cloudfront.net/img/teams/228.png,https://d2zywfiolv4f83.cloudfront.net/img/teams/148.png,27,27
74,22,11150,25554,France Ligue 1,2026-2027,1984361,https://www.whoscored.com/matches/1984361/show/france-ligue-1-2026-2027-marseille-brest,Apr 2027,,Marseille,Brest,249,2332,,,2027-04-10,https://d2zywfiolv4f83.cloudfront.net/img/teams/249.png,https://d2zywfiolv4f83.cloudfront.net/img/teams/2332.png,27,27
74,22,11150,25554,France Ligue 1,2026-2027,1984362,https://www.whoscored.com/matches/1984362/show/france-ligue-1-2026-2027-monaco-rennes,Apr 2027,,Monaco,Rennes,248,313,,,2027-04-10,https://d2zywfiolv4f83.cloudfront.net/img/teams/248.png,https://d2zywfiolv4f83.cloudfront.net/img/teams/313.png,27,27
74,22,11150,25554,France Ligue 1,2026-2027,1984363,https://www.whoscored.com/matches/1984363/show/france-ligue-1-2026-2027-nice-paris-fc,Apr 2027,,Nice,Paris FC,613,2832,,,2027-04-10,https://d2zywfiolv4f83.cloudfront.net/img/teams/613.png,https://d2zywfiolv4f83.cloudfront.net/img/teams/2832.png,27,27
74,22,11150,25554,France Ligue 1,2026-2027,1984281,https://www.whoscored.com/matches/1984281/show/france-ligue-1-2026-2027-paris-saint-germain-le-havre,Apr 2027,,Paris Saint-Germain,Le Havre,304,217,,,2027-04-10,https://d2zywfiolv4f83.cloudfront.net/img/teams/304.png,https://d2zywfiolv4f83.cloudfront.net/img/teams/217.png,27,27
74,22,11150,25554,France Ligue 1,2026-2027,1984283,https://www.whoscored.com/matches/1984283/show/france-ligue-1-2026-2027-troyes-angers,Apr 2027,,Troyes,Angers,229,614,,,2027-04-10,https://d2zywfiolv4f83.cloudfront.net/img/teams/229.png,https://d2zywfiolv4f83.cloudfront.net/img/teams/614.png,27,27
74,22,11150,25554,France Ligue 1,2026-2027,1984284,https://www.whoscored.com/matches/1984284/show/france-ligue-1-2026-2027-angers-lyon,Apr 2027,,Angers,Lyon,614,228,,,2027-04-17,https://d2zywfiolv4f83.cloudfront.net/img/teams/614.png,https://d2zywfiolv4f83.cloudfront.net/img/teams/228.png,28,28
74,22,11150,25554,France Ligue 1,2026-2027,1984286,https://www.whoscored.com/matches/1984286/show/france-ligue-1-2026-2027-auxerre-lorient,Apr 2027,,Auxerre,Lorient,308,146,,,2027-04-17,https://d2zywfiolv4f83.cloudfront.net/img/teams/308.png,https://d2zywfiolv4f83.cloudfront.net/img/teams/146.png,28,28
74,22,11150,25554,France Ligue 1,2026-2027,1984288,https://www.whoscored.com/matches/1984288/show/france-ligue-1-2026-2027-brest-le-mans,Apr 2027,,Brest,Le Mans,2332,611,,,2027-04-17,https://d2zywfiolv4f83.cloudfront.net/img/teams/2332.png,https://d2zywfiolv4f83.cloudfront.net/img/teams/611.png,28,28
74,22,11150,25554,France Ligue 1,2026-2027,1984290,https://www.whoscored.com/matches/1984290/show/france-ligue-1-2026-2027-le-havre-marseille,Apr 2027,,Le Havre,Marseille,217,249,,,2027-04-17,https://d2zywfiolv4f83.cloudfront.net/img/teams/217.png,https://d2zywfiolv4f83.cloudfront.net/img/teams/249.png,28,28
74,22,11150,25554,France Ligue 1,2026-2027,1984292,https://www.whoscored.com/matches/1984292/show/france-ligue-1-2026-2027-lens-nice,Apr 2027,,Lens,Nice,309,613,,,2027-04-17,https://d2zywfiolv4f83.cloudfront.net/img/teams/309.png,https://d2zywfiolv4f83.cloudfront.net/img/teams/613.png,28,28
74,22,11150,25554,France Ligue 1,2026-2027,1984294,https://www.whoscored.com/matches/1984294/show/france-ligue-1-2026-2027-monaco-strasbourg,Apr 2027,,Monaco,Strasbourg,248,148,,,2027-04-17,https://d2zywfiolv4f83.cloudfront.net/img/teams/248.png,https://d2zywfiolv4f83.cloudfront.net/img/teams/148.png,28,28
74,22,11150,25554,France Ligue 1,2026-2027,1984296,https://www.whoscored.com/matches/1984296/show/france-ligue-1-2026-2027-paris-saint-germain-lille,Apr 2027,,Paris Saint-Germain,Lille,304,607,,,2027-04-17,https://d2zywfiolv4f83.cloudfront.net/img/teams/304.png,https://d2zywfiolv4f83.cloudfront.net/img/teams/607.png,28,28
74,22,11150,25554,France Ligue 1,2026-2027,1984298,https://www.whoscored.com/matches/1984298/show/france-ligue-1-2026-2027-rennes-troyes,Apr 2027,,Rennes,Troyes,313,229,,,2027-04-17,https://d2zywfiolv4f83.cloudfront.net/img/teams/313.png,https://d2zywfiolv4f83.cloudfront.net/img/teams/229.png,28,28
74,22,11150,25554,France Ligue 1,2026-2027,1984300,https://www.whoscored.com/matches/1984300/show/france-ligue-1-2026-2027-toulouse-paris-fc,Apr 2027,,Toulouse,Paris FC,246,2832,,,2027-04-17,https://d2zywfiolv4f83.cloudfront.net/img/teams/246.png,https://d2zywfiolv4f83.cloudfront.net/img/teams/2832.png,28,28
74,22,11150,25554,France Ligue 1,2026-2027,1984302,https://www.whoscored.com/matches/1984302/show/france-ligue-1-2026-2027-le-mans-le-havre,Apr 2027,,Le Mans,Le Havre,611,217,,,2027-04-24,https://d2zywfiolv4f83.cloudfront.net/img/teams/611.png,https://d2zywfiolv4f83.cloudfront.net/img/teams/217.png,29,29
74,22,11150,25554,France Ligue 1,2026-2027,1984304,https://www.whoscored.com/matches/1984304/show/france-ligue-1-2026-2027-lille-monaco,Apr 2027,,Lille,Monaco,607,248,,,2027-04-24,https://d2zywfiolv4f83.cloudfront.net/img/teams/607.png,https://d2zywfiolv4f83.cloudfront.net/img/teams/248.png,29,29
74,22,11150,25554,France Ligue 1,2026-2027,1984306,https://www.whoscored.com/matches/1984306/show/france-ligue-1-2026-2027-lorient-paris-saint-germain,Apr 2027,,Lorient,Paris Saint-Germain,146,304,,,2027-04-24,https://d2zywfiolv4f83.cloudfront.net/img/teams/146.png,https://d2zywfiolv4f83.cloudfront.net/img/teams/304.png,29,29
74,22,11150,25554,France Ligue 1,2026-2027,1984308,https://www.whoscored.com/matches/1984308/show/france-ligue-1-2026-2027-lyon-brest,Apr 2027,,Lyon,Brest,228,2332,,,2027-04-24,https://d2zywfiolv4f83.cloudfront.net/img/teams/228.png,https://d2zywfiolv4f83.cloudfront.net/img/teams/2332.png,29,29
74,22,11150,25554,France Ligue 1,2026-2027,1984310,https://www.whoscored.com/matches/1984310/show/france-ligue-1-2026-2027-marseille-auxerre,Apr 2027,,Marseille,Auxerre,249,308,,,2027-04-24,https://d2zywfiolv4f83.cloudfront.net/img/teams/249.png,https://d2zywfiolv4f83.cloudfront.net/img/teams/308.png,29,29
74,22,11150,25554,France Ligue 1,2026-2027,1984312,https://www.whoscored.com/matches/1984312/show/france-ligue-1-2026-2027-nice-angers,Apr 2027,,Nice,Angers,613,614,,,2027-04-24,https://d2zywfiolv4f83.cloudfront.net/img/teams/613.png,https://d2zywfiolv4f83.cloudfront.net/img/teams/614.png,29,29
74,22,11150,25554,France Ligue 1,2026-2027,1984314,https://www.whoscored.com/matches/1984314/show/france-ligue-1-2026-2027-paris-fc-lens,Apr 2027,,Paris FC,Lens,2832,309,,,2027-04-24,https://d2zywfiolv4f83.cloudfront.net/img/teams/2832.png,https://d2zywfiolv4f83.cloudfront.net/img/teams/309.png,29,29
74,22,11150,25554,France Ligue 1,2026-2027,1984316,https://www.whoscored.com/matches/1984316/show/france-ligue-1-2026-2027-strasbourg-rennes,Apr 2027,,Strasbourg,Rennes,148,313,,,2027-04-24,https://d2zywfiolv4f83.cloudfront.net/img/teams/148.png,https://d2zywfiolv4f83.cloudfront.net/img/teams/313.png,29,29
74,22,11150,25554,France Ligue 1,2026-2027,1984318,https://www.whoscored.com/matches/1984318/show/france-ligue-1-2026-2027-troyes-toulouse,Apr 2027,,Troyes,Toulouse,229,246,,,2027-04-24,https://d2zywfiolv4f83.cloudfront.net/img/teams/229.png,https://d2zywfiolv4f83.cloudfront.net/img/teams/246.png,29,29
74,22,11150,25554,France Ligue 1,2026-2027,1984320,https://www.whoscored.com/matches/1984320/show/france-ligue-1-2026-2027-auxerre-lyon,May 2027,,Auxerre,Lyon,308,228,,,2027-05-01,https://d2zywfiolv4f83.cloudfront.net/img/teams/308.png,https://d2zywfiolv4f83.cloudfront.net/img/teams/228.png,30,30
74,22,11150,25554,France Ligue 1,2026-2027,1984322,https://www.whoscored.com/matches/1984322/show/france-ligue-1-2026-2027-le-havre-paris-fc,May 2027,,Le Havre,Paris FC,217,2832,,,2027-05-01,https://d2zywfiolv4f83.cloudfront.net/img/teams/217.png,https://d2zywfiolv4f83.cloudfront.net/img/teams/2832.png,30,30
74,22,11150,25554,France Ligue 1,2026-2027,1984324,https://www.whoscored.com/matches/1984324/show/france-ligue-1-2026-2027-lens-le-mans,May 2027,,Lens,Le Mans,309,611,,,2027-05-01,https://d2zywfiolv4f83.cloudfront.net/img/teams/309.png,https://d2zywfiolv4f83.cloudfront.net/img/teams/611.png,30,30
74,22,11150,25554,France Ligue 1,2026-2027,1984326,https://www.whoscored.com/matches/1984326/show/france-ligue-1-2026-2027-monaco-lorient,May 2027,,Monaco,Lorient,248,146,,,2027-05-01,https://d2zywfiolv4f83.cloudfront.net/img/teams/248.png,https://d2zywfiolv4f83.cloudfront.net/img/teams/146.png,30,30
74,22,11150,25554,France Ligue 1,2026-2027,1984328,https://www.whoscored.com/matches/1984328/show/france-ligue-1-2026-2027-paris-saint-germain-angers,May 2027,,Paris Saint-Germain,Angers,304,614,,,2027-05-01,https://d2zywfiolv4f83.cloudfront.net/img/teams/304.png,https://d2zywfiolv4f83.cloudfront.net/img/teams/614.png,30,30
74,22,11150,25554,France Ligue 1,2026-2027,1984330,https://www.whoscored.com/matches/1984330/show/france-ligue-1-2026-2027-rennes-nice,May 2027,,Rennes,Nice,313,613,,,2027-05-01,https://d2zywfiolv4f83.cloudfront.net/img/teams/313.png,https://d2zywfiolv4f83.cloudfront.net/img/teams/613.png,30,30
74,22,11150,25554,France Ligue 1,2026-2027,1984332,https://www.whoscored.com/matches/1984332/show/france-ligue-1-2026-2027-strasbourg-lille,May 2027,,Strasbourg,Lille,148,607,,,2027-05-01,https://d2zywfiolv4f83.cloudfront.net/img/teams/148.png,https://d2zywfiolv4f83.cloudfront.net/img/teams/607.png,30,30
74,22,11150,25554,France Ligue 1,2026-2027,1984334,https://www.whoscored.com/matches/1984334/show/france-ligue-1-2026-2027-toulouse-marseille,May 2027,,Toulouse,Marseille,246,249,,,2027-05-01,https://d2zywfiolv4f83.cloudfront.net/img/teams/246.png,https://d2zywfiolv4f83.cloudfront.net/img/teams/249.png,30,30
74,22,11150,25554,France Ligue 1,2026-2027,1984336,https://www.whoscored.com/matches/1984336/show/france-ligue-1-2026-2027-troyes-brest,May 2027,,Troyes,Brest,229,2332,,,2027-05-01,https://d2zywfiolv4f83.cloudfront.net/img/teams/229.png,https://d2zywfiolv4f83.cloudfront.net/img/teams/2332.png,30,30
74,22,11150,25554,France Ligue 1,2026-2027,1984338,https://www.whoscored.com/matches/1984338/show/france-ligue-1-2026-2027-angers-toulouse,May 2027,,Angers,Toulouse,614,246,,,2027-05-08,https://d2zywfiolv4f83.cloudfront.net/img/teams/614.png,https://d2zywfiolv4f83.cloudfront.net/img/teams/246.png,31,31
74,22,11150,25554,France Ligue 1,2026-2027,1984340,https://www.whoscored.com/matches/1984340/show/france-ligue-1-2026-2027-brest-auxerre,May 2027,,Brest,Auxerre,2332,308,,,2027-05-08,https://d2zywfiolv4f83.cloudfront.net/img/teams/2332.png,https://d2zywfiolv4f83.cloudfront.net/img/teams/308.png,31,31
74,22,11150,25554,France Ligue 1,2026-2027,1984342,https://www.whoscored.com/matches/1984342/show/france-ligue-1-2026-2027-le-mans-troyes,May 2027,,Le Mans,Troyes,611,229,,,2027-05-08,https://d2zywfiolv4f83.cloudfront.net/img/teams/611.png,https://d2zywfiolv4f83.cloudfront.net/img/teams/229.png,31,31
74,22,11150,25554,France Ligue 1,2026-2027,1984344,https://www.whoscored.com/matches/1984344/show/france-ligue-1-2026-2027-lens-monaco,May 2027,,Lens,Monaco,309,248,,,2027-05-08,https://d2zywfiolv4f83.cloudfront.net/img/teams/309.png,https://d2zywfiolv4f83.cloudfront.net/img/teams/248.png,31,31
74,22,11150,25554,France Ligue 1,2026-2027,1984345,https://www.whoscored.com/matches/1984345/show/france-ligue-1-2026-2027-lorient-strasbourg,May 2027,,Lorient,Strasbourg,146,148,,,2027-05-08,https://d2zywfiolv4f83.cloudfront.net/img/teams/146.png,https://d2zywfiolv4f83.cloudfront.net/img/teams/148.png,31,31
74,22,11150,25554,France Ligue 1,2026-2027,1984282,https://www.whoscored.com/matches/1984282/show/france-ligue-1-2026-2027-nice-marseille,May 2027,,Nice,Marseille,613,249,,,2027-05-08,https://d2zywfiolv4f83.cloudfront.net/img/teams/613.png,https://d2zywfiolv4f83.cloudfront.net/img/teams/249.png,31,31
74,22,11150,25554,France Ligue 1,2026-2027,1984285,https://www.whoscored.com/matches/1984285/show/france-ligue-1-2026-2027-paris-fc-lille,May 2027,,Paris FC,Lille,2832,607,,,2027-05-08,https://d2zywfiolv4f83.cloudfront.net/img/teams/2832.png,https://d2zywfiolv4f83.cloudfront.net/img/teams/607.png,31,31
74,22,11150,25554,France Ligue 1,2026-2027,1984287,https://www.whoscored.com/matches/1984287/show/france-ligue-1-2026-2027-rennes-le-havre,May 2027,,Rennes,Le Havre,313,217,,,2027-05-08,https://d2zywfiolv4f83.cloudfront.net/img/teams/313.png,https://d2zywfiolv4f83.cloudfront.net/img/teams/217.png,31,31
74,22,11150,25554,France Ligue 1,2026-2027,1984289,https://www.whoscored.com/matches/1984289/show/france-ligue-1-2026-2027-lyon-paris-saint-germain,May 2027,,Lyon,Paris Saint-Germain,228,304,,,2027-05-09,https://d2zywfiolv4f83.cloudfront.net/img/teams/228.png,https://d2zywfiolv4f83.cloudfront.net/img/teams/304.png,31,31
74,22,11150,25554,France Ligue 1,2026-2027,1984291,https://www.whoscored.com/matches/1984291/show/france-ligue-1-2026-2027-auxerre-rennes,May 2027,,Auxerre,Rennes,308,313,,,2027-05-16,https://d2zywfiolv4f83.cloudfront.net/img/teams/308.png,https://d2zywfiolv4f83.cloudfront.net/img/teams/313.png,32,32
74,22,11150,25554,France Ligue 1,2026-2027,1984293,https://www.whoscored.com/matches/1984293/show/france-ligue-1-2026-2027-brest-le-havre,May 2027,,Brest,Le Havre,2332,217,,,2027-05-16,https://d2zywfiolv4f83.cloudfront.net/img/teams/2332.png,https://d2zywfiolv4f83.cloudfront.net/img/teams/217.png,32,32
74,22,11150,25554,France Ligue 1,2026-2027,1984295,https://www.whoscored.com/matches/1984295/show/france-ligue-1-2026-2027-lille-angers,May 2027,,Lille,Angers,607,614,,,2027-05-16,https://d2zywfiolv4f83.cloudfront.net/img/teams/607.png,https://d2zywfiolv4f83.cloudfront.net/img/teams/614.png,32,32
74,22,11150,25554,France Ligue 1,2026-2027,1984297,https://www.whoscored.com/matches/1984297/show/france-ligue-1-2026-2027-lyon-le-mans,May 2027,,Lyon,Le Mans,228,611,,,2027-05-16,https://d2zywfiolv4f83.cloudfront.net/img/teams/228.png,https://d2zywfiolv4f83.cloudfront.net/img/teams/611.png,32,32
74,22,11150,25554,France Ligue 1,2026-2027,1984299,https://www.whoscored.com/matches/1984299/show/france-ligue-1-2026-2027-marseille-lens,May 2027,,Marseille,Lens,249,309,,,2027-05-16,https://d2zywfiolv4f83.cloudfront.net/img/teams/249.png,https://d2zywfiolv4f83.cloudfront.net/img/teams/309.png,32,32
74,22,11150,25554,France Ligue 1,2026-2027,1984301,https://www.whoscored.com/matches/1984301/show/france-ligue-1-2026-2027-monaco-paris-fc,May 2027,,Monaco,Paris FC,248,2832,,,2027-05-16,https://d2zywfiolv4f83.cloudfront.net/img/teams/248.png,https://d2zywfiolv4f83.cloudfront.net/img/teams/2832.png,32,32
74,22,11150,25554,France Ligue 1,2026-2027,1984303,https://www.whoscored.com/matches/1984303/show/france-ligue-1-2026-2027-paris-saint-germain-nice,May 2027,,Paris Saint-Germain,Nice,304,613,,,2027-05-16,https://d2zywfiolv4f83.cloudfront.net/img/teams/304.png,https://d2zywfiolv4f83.cloudfront.net/img/teams/613.png,32,32
74,22,11150,25554,France Ligue 1,2026-2027,1984305,https://www.whoscored.com/matches/1984305/show/france-ligue-1-2026-2027-strasbourg-troyes,May 2027,,Strasbourg,Troyes,148,229,,,2027-05-16,https://d2zywfiolv4f83.cloudfront.net/img/teams/148.png,https://d2zywfiolv4f83.cloudfront.net/img/teams/229.png,32,32
74,22,11150,25554,France Ligue 1,2026-2027,1984307,https://www.whoscored.com/matches/1984307/show/france-ligue-1-2026-2027-toulouse-lorient,May 2027,,Toulouse,Lorient,246,146,,,2027-05-16,https://d2zywfiolv4f83.cloudfront.net/img/teams/246.png,https://d2zywfiolv4f83.cloudfront.net/img/teams/146.png,32,32
74,22,11150,25554,France Ligue 1,2026-2027,1984309,https://www.whoscored.com/matches/1984309/show/france-ligue-1-2026-2027-angers-brest,May 2027,,Angers,Brest,614,2332,,,2027-05-22,https://d2zywfiolv4f83.cloudfront.net/img/teams/614.png,https://d2zywfiolv4f83.cloudfront.net/img/teams/2332.png,33,33
74,22,11150,25554,France Ligue 1,2026-2027,1984311,https://www.whoscored.com/matches/1984311/show/france-ligue-1-2026-2027-le-havre-lille,May 2027,,Le Havre,Lille,217,607,,,2027-05-22,https://d2zywfiolv4f83.cloudfront.net/img/teams/217.png,https://d2zywfiolv4f83.cloudfront.net/img/teams/607.png,33,33
74,22,11150,25554,France Ligue 1,2026-2027,1984313,https://www.whoscored.com/matches/1984313/show/france-ligue-1-2026-2027-le-mans-strasbourg,May 2027,,Le Mans,Strasbourg,611,148,,,2027-05-22,https://d2zywfiolv4f83.cloudfront.net/img/teams/611.png,https://d2zywfiolv4f83.cloudfront.net/img/teams/148.png,33,33
74,22,11150,25554,France Ligue 1,2026-2027,1984315,https://www.whoscored.com/matches/1984315/show/france-ligue-1-2026-2027-lens-rennes,May 2027,,Lens,Rennes,309,313,,,2027-05-22,https://d2zywfiolv4f83.cloudfront.net/img/teams/309.png,https://d2zywfiolv4f83.cloudfront.net/img/teams/313.png,33,33
74,22,11150,25554,France Ligue 1,2026-2027,1984317,https://www.whoscored.com/matches/1984317/show/france-ligue-1-2026-2027-lorient-lyon,May 2027,,Lorient,Lyon,146,228,,,2027-05-22,https://d2zywfiolv4f83.cloudfront.net/img/teams/146.png,https://d2zywfiolv4f83.cloudfront.net/img/teams/228.png,33,33
74,22,11150,25554,France Ligue 1,2026-2027,1984319,https://www.whoscored.com/matches/1984319/show/france-ligue-1-2026-2027-nice-monaco,May 2027,,Nice,Monaco,613,248,,,2027-05-22,https://d2zywfiolv4f83.cloudfront.net/img/teams/613.png,https://d2zywfiolv4f83.cloudfront.net/img/teams/248.png,33,33
74,22,11150,25554,France Ligue 1,2026-2027,1984325,https://www.whoscored.com/matches/1984325/show/france-ligue-1-2026-2027-troyes-paris-saint-germain,May 2027,,Troyes,Paris Saint-Germain,229,304,,,2027-05-22,https://d2zywfiolv4f83.cloudfront.net/img/teams/229.png,https://d2zywfiolv4f83.cloudfront.net/img/teams/304.png,33,33
74,22,11150,25554,France Ligue 1,2026-2027,1984323,https://www.whoscored.com/matches/1984323/show/france-ligue-1-2026-2027-toulouse-auxerre,May 2027,,Toulouse,Auxerre,246,308,,,2027-05-22,https://d2zywfiolv4f83.cloudfront.net/img/teams/246.png,https://d2zywfiolv4f83.cloudfront.net/img/teams/308.png,33,33
74,22,11150,25554,France Ligue 1,2026-2027,1984321,https://www.whoscored.com/matches/1984321/show/france-ligue-1-2026-2027-paris-fc-marseille,May 2027,,Paris FC,Marseille,2832,249,,,2027-05-22,https://d2zywfiolv4f83.cloudfront.net/img/teams/2832.png,https://d2zywfiolv4f83.cloudfront.net/img/teams/249.png,33,33
74,22,11150,25554,France Ligue 1,2026-2027,1984327,https://www.whoscored.com/matches/1984327/show/france-ligue-1-2026-2027-auxerre-le-havre,May 2027,,Auxerre,Le Havre,308,217,,,2027-05-29,https://d2zywfiolv4f83.cloudfront.net/img/teams/308.png,https://d2zywfiolv4f83.cloudfront.net/img/teams/217.png,34,34
74,22,11150,25554,France Ligue 1,2026-2027,1984335,https://www.whoscored.com/matches/1984335/show/france-ligue-1-2026-2027-marseille-lorient,May 2027,,Marseille,Lorient,249,146,,,2027-05-29,https://d2zywfiolv4f83.cloudfront.net/img/teams/249.png,https://d2zywfiolv4f83.cloudfront.net/img/teams/146.png,34,34
74,22,11150,25554,France Ligue 1,2026-2027,1984333,https://www.whoscored.com/matches/1984333/show/france-ligue-1-2026-2027-lyon-paris-fc,May 2027,,Lyon,Paris FC,228,2832,,,2027-05-29,https://d2zywfiolv4f83.cloudfront.net/img/teams/228.png,https://d2zywfiolv4f83.cloudfront.net/img/teams/2832.png,34,34
74,22,11150,25554,France Ligue 1,2026-2027,1984331,https://www.whoscored.com/matches/1984331/show/france-ligue-1-2026-2027-lille-le-mans,May 2027,,Lille,Le Mans,607,611,,,2027-05-29,https://d2zywfiolv4f83.cloudfront.net/img/teams/607.png,https://d2zywfiolv4f83.cloudfront.net/img/teams/611.png,34,34
74,22,11150,25554,France Ligue 1,2026-2027,1984329,https://www.whoscored.com/matches/1984329/show/france-ligue-1-2026-2027-brest-lens,May 2027,,Brest,Lens,2332,309,,,2027-05-29,https://d2zywfiolv4f83.cloudfront.net/img/teams/2332.png,https://d2zywfiolv4f83.cloudfront.net/img/teams/309.png,34,34
74,22,11150,25554,France Ligue 1,2026-2027,1984343,https://www.whoscored.com/matches/1984343/show/france-ligue-1-2026-2027-strasbourg-nice,May 2027,,Strasbourg,Nice,148,613,,,2027-05-29,https://d2zywfiolv4f83.cloudfront.net/img/teams/148.png,https://d2zywfiolv4f83.cloudfront.net/img/teams/613.png,34,34
74,22,11150,25554,France Ligue 1,2026-2027,1984341,https://www.whoscored.com/matches/1984341/show/france-ligue-1-2026-2027-rennes-angers,May 2027,,Rennes,Angers,313,614,,,2027-05-29,https://d2zywfiolv4f83.cloudfront.net/img/teams/313.png,https://d2zywfiolv4f83.cloudfront.net/img/teams/614.png,34,34
74,22,11150,25554,France Ligue 1,2026-2027,1984339,https://www.whoscored.com/matches/1984339/show/france-ligue-1-2026-2027-paris-saint-germain-toulouse,May 2027,,Paris Saint-Germain,Toulouse,304,246,,,2027-05-29,https://d2zywfiolv4f83.cloudfront.net/img/teams/304.png,https://d2zywfiolv4f83.cloudfront.net/img/teams/246.png,34,34
74,22,11150,25554,France Ligue 1,2026-2027,1984337,https://www.whoscored.com/matches/1984337/show/france-ligue-1-2026-2027-monaco-troyes,May 2027,,Monaco,Troyes,248,229,,,2027-05-29,https://d2zywfiolv4f83.cloudfront.net/img/teams/248.png,https://d2zywfiolv4f83.cloudfront.net/img/teams/229.png,34,34
